id,userId,challengeId,attempts,isLocked,updatedAt
a352e893-30e0-4f17-8fea-53f2feb49291,01964126-a6d0-41df-a2c6-de8ea0fc85b5,01964126-a6d0-41df-a2c6-de8ea0fc85b5-2-1,0,f,2026-04-16 20:29:20.951
7e0511fa-10ba-4631-b571-f7c70698f6cd,bd9fe427-4678-478f-8e1f-df368291d737,bd9fe427-4678-478f-8e1f-df368291d737-2-2,0,f,2026-04-17 03:20:46.953
7ade1bfb-65f0-4c4a-94ad-5b44e76cea0b,18cf4c3b-7af3-46c0-9727-e496dab0ff31,18cf4c3b-7af3-46c0-9727-e496dab0ff31-2-1,3,t,2026-04-17 05:24:12.708
c6afa366-0300-4be9-9e0d-229b0201dbd5,8411cec8-59d6-47e8-b74b-b5523e06d9b2,8411cec8-59d6-47e8-b74b-b5523e06d9b2-2-1,0,f,2026-04-17 07:43:10.86
269ccb57-6064-49a1-a24e-2db16b565ceb,bf87387d-942c-419b-82ae-53d332793dde,bf87387d-942c-419b-82ae-53d332793dde-2-0,1,f,2026-04-17 05:00:52.008
28f5bb16-4ce1-4648-bbe4-441d2ebe90c3,7254ea81-947c-4281-8c87-20180ade7d10,7254ea81-947c-4281-8c87-20180ade7d10-2-6,3,t,2026-04-17 05:22:13.855
de4a8c62-cb2f-40aa-a08b-cf77804b01ca,8292e6da-da36-4c69-bb20-c9b6f9c2c3ee,8292e6da-da36-4c69-bb20-c9b6f9c2c3ee-2-0,3,t,2026-04-17 05:04:37.416
4ec2ae19-1fb1-4569-bc32-a777f2cea384,2b3ef407-4db1-4f33-af04-71e0b6c9841f,2b3ef407-4db1-4f33-af04-71e0b6c9841f-2-27,4,t,2026-04-17 05:18:54.653
0fdaa5d7-79ee-4030-90e9-92411bf4d62b,8292e6da-da36-4c69-bb20-c9b6f9c2c3ee,8292e6da-da36-4c69-bb20-c9b6f9c2c3ee-2-1,3,t,2026-04-17 05:09:21.99
8c785b23-4594-4587-9f80-82f7ee29c1b6,6d0d2ccc-0a0d-4ec6-882b-7f79393a6aed,6d0d2ccc-0a0d-4ec6-882b-7f79393a6aed-2-5,0,f,2026-04-17 05:24:24.795
88fbbcdd-fb77-4121-af1c-7b57ed412ad7,39b7d720-b00f-4db5-acdc-fe6a28594394,39b7d720-b00f-4db5-acdc-fe6a28594394-2-0,3,t,2026-04-17 05:12:49.746
92bd5bf3-2916-44da-95af-68d472ad07ea,2b3ef407-4db1-4f33-af04-71e0b6c9841f,2b3ef407-4db1-4f33-af04-71e0b6c9841f-2-0,3,t,2026-04-17 05:13:24.45
61462e4c-68a5-4b2c-8b05-070c6c7d19d0,2b3ef407-4db1-4f33-af04-71e0b6c9841f,2b3ef407-4db1-4f33-af04-71e0b6c9841f-2-28,3,t,2026-04-17 05:22:30.389
932ecdc6-0818-4e36-ba9e-33ba217a1194,2b3ef407-4db1-4f33-af04-71e0b6c9841f,2b3ef407-4db1-4f33-af04-71e0b6c9841f-2-5,3,t,2026-04-17 05:14:13.962
4496b010-a3ca-4025-8cbf-ca79e04a796d,2b3ef407-4db1-4f33-af04-71e0b6c9841f,2b3ef407-4db1-4f33-af04-71e0b6c9841f-2-20,3,t,2026-04-17 05:19:48.354
179b2575-5f52-4b7f-aeff-a6d5910507da,2b3ef407-4db1-4f33-af04-71e0b6c9841f,2b3ef407-4db1-4f33-af04-71e0b6c9841f-2-6,3,t,2026-04-17 05:15:13.84
9b02087b-f6da-4010-950d-61aaaf64ba66,3aca3a95-3944-46d4-8994-95584b423788,3aca3a95-3944-46d4-8994-95584b423788-2-1,3,t,2026-04-17 05:17:21.418
626512c5-a812-4aaa-a7bb-8ceebd37178e,7254ea81-947c-4281-8c87-20180ade7d10,7254ea81-947c-4281-8c87-20180ade7d10-2-4,3,t,2026-04-17 05:20:07.546
cc5b6780-00d4-43ab-9f8c-df800e5f463f,2b3ef407-4db1-4f33-af04-71e0b6c9841f,2b3ef407-4db1-4f33-af04-71e0b6c9841f-2-4,3,t,2026-04-17 05:17:32.437
22ca737b-7efd-40ba-a0da-88e3e0e4b145,7254ea81-947c-4281-8c87-20180ade7d10,7254ea81-947c-4281-8c87-20180ade7d10-2-1,0,f,2026-04-17 05:17:46.945
6e70c083-dfdb-4bbd-8b9b-425716ce00b1,758d4512-2d75-4443-b903-0ede8435f62b,758d4512-2d75-4443-b903-0ede8435f62b-2-2,0,f,2026-04-17 05:23:27.416
9600f457-5d09-4c23-b310-cd0631cc1a69,c621f240-1818-4eb4-95a0-149598a46ccc,c621f240-1818-4eb4-95a0-149598a46ccc-2-2,0,f,2026-04-17 05:23:28.775
eecadb2a-cb77-4b99-a54f-0ce623f363be,0155c993-e159-4a3b-8cb4-1106b449a124,0155c993-e159-4a3b-8cb4-1106b449a124-2-0,0,f,2026-04-17 06:04:18.246
ab3cd815-49f3-4b79-a730-9debec8bd67f,6d0d2ccc-0a0d-4ec6-882b-7f79393a6aed,6d0d2ccc-0a0d-4ec6-882b-7f79393a6aed-2-2,0,f,2026-04-17 05:20:32.598
82c43c56-f31c-45e9-aaa6-7f613d8b3490,3aca3a95-3944-46d4-8994-95584b423788,3aca3a95-3944-46d4-8994-95584b423788-2-2,3,t,2026-04-17 05:20:52.948
d0fd29e5-164c-4717-9a8c-fa951e33cfcf,7254ea81-947c-4281-8c87-20180ade7d10,7254ea81-947c-4281-8c87-20180ade7d10-2-10,0,f,2026-04-17 05:24:37.837
bcf81525-f5dc-4b85-928c-3672974ed26f,3aca3a95-3944-46d4-8994-95584b423788,3aca3a95-3944-46d4-8994-95584b423788-2-3,0,f,2026-04-17 05:23:54.524
2e3ff93b-75e0-4815-a70f-25609a57af04,2b3ef407-4db1-4f33-af04-71e0b6c9841f,2b3ef407-4db1-4f33-af04-71e0b6c9841f-2-29,3,t,2026-04-17 05:23:57.018
fc1bc4a0-8047-482a-b9f7-6b98c843e679,c911db06-64b2-4c1c-8bba-608ca0ea47b9,c911db06-64b2-4c1c-8bba-608ca0ea47b9-2-1,3,t,2026-04-17 05:27:57.314
05929533-552a-4414-8342-5bbc8649a201,3c63949e-a037-42b9-87b9-5861735dc3ea,3c63949e-a037-42b9-87b9-5861735dc3ea-2-0,3,t,2026-04-17 05:25:09.76
e7e4b019-99ed-469e-bbde-c4ef5e7f8bd1,ca4cf04e-6d5e-459a-bf1c-b353e87e7b4a,ca4cf04e-6d5e-459a-bf1c-b353e87e7b4a-2-1,4,t,2026-04-17 05:25:11.197
50198ea1-a355-4f71-8270-13ce3230e1f6,89f3807f-dd13-4895-9f42-61aab40f51ef,89f3807f-dd13-4895-9f42-61aab40f51ef-2-1,0,f,2026-04-17 05:25:14.777
ee22a7ed-96c1-4225-ae86-0d3123679b85,6d0d2ccc-0a0d-4ec6-882b-7f79393a6aed,6d0d2ccc-0a0d-4ec6-882b-7f79393a6aed-2-6,3,t,2026-04-17 05:26:04.793
804ebb3e-1286-47d5-ae86-fb6cc44c1b72,8292e6da-da36-4c69-bb20-c9b6f9c2c3ee,8292e6da-da36-4c69-bb20-c9b6f9c2c3ee-2-2,3,t,2026-04-17 05:36:02.573
15c4367d-e8c0-4f83-96e0-855f39de78e6,6c9af11c-864f-4cc7-9e05-bd732e00764f,6c9af11c-864f-4cc7-9e05-bd732e00764f-2-0,3,t,2026-04-17 05:26:21.975
223aee67-08f9-4d0a-8e49-a954c1e5544c,4d2752ef-b567-4dae-9204-7690e7a23d90,4d2752ef-b567-4dae-9204-7690e7a23d90-2-0,3,t,2026-04-17 05:25:59.742
2d11ad27-310c-4d0a-b8c9-d31a4f9a260e,f88312f6-fe65-4b39-806e-6c8511f826f6,f88312f6-fe65-4b39-806e-6c8511f826f6-2-2,3,t,2026-04-17 05:29:07.15
e6caba28-f64c-4d85-8ce9-5636e77ecfd2,758d4512-2d75-4443-b903-0ede8435f62b,758d4512-2d75-4443-b903-0ede8435f62b-2-4,3,t,2026-04-17 05:26:03.031
b3bf5471-ac33-4d76-9ac6-92e9ecffd6fa,2b3ef407-4db1-4f33-af04-71e0b6c9841f,2b3ef407-4db1-4f33-af04-71e0b6c9841f-2-30,3,t,2026-04-17 05:26:56.993
cdfe64b6-8390-441b-8f0e-c399ea5edde2,3aca3a95-3944-46d4-8994-95584b423788,3aca3a95-3944-46d4-8994-95584b423788-2-4,3,t,2026-04-17 05:28:06.169
e7d0d006-a9b7-48d6-81d9-f009721c4181,a2542ae3-6418-4acc-b582-c612706dd9c6,a2542ae3-6418-4acc-b582-c612706dd9c6-2-1,3,t,2026-04-17 05:27:40.263
6410f818-a070-49b2-b572-4664d4928b94,18cf4c3b-7af3-46c0-9727-e496dab0ff31,18cf4c3b-7af3-46c0-9727-e496dab0ff31-2-2,0,f,2026-04-17 05:27:16.996
e6cf7c70-a156-4a24-96e1-4b3662709ad3,7254ea81-947c-4281-8c87-20180ade7d10,7254ea81-947c-4281-8c87-20180ade7d10-2-13,3,t,2026-04-17 05:28:16.195
f1f346f7-3c45-46c8-8479-c03e6e96e41e,758d4512-2d75-4443-b903-0ede8435f62b,758d4512-2d75-4443-b903-0ede8435f62b-2-5,0,f,2026-04-17 05:27:39.145
cb53be27-5e79-476e-b242-fb7c3281c5fb,3e558d2f-935d-4406-811a-651dc69cd6d0,3e558d2f-935d-4406-811a-651dc69cd6d0-2-1,0,f,2026-04-17 05:27:55.697
3bbcb6ef-5115-4b2e-a6dd-8b751c7dab36,8945559a-2ee7-494a-a731-9ac05c4dad8f,8945559a-2ee7-494a-a731-9ac05c4dad8f-2-0,0,f,2026-04-17 05:54:28.24
0dc0929b-9e2a-48e9-be74-7196743976db,2b4d89f5-ef05-41f0-a8c2-1ae2c2738ce4,2b4d89f5-ef05-41f0-a8c2-1ae2c2738ce4-2-2,3,t,2026-04-17 06:18:41.039
5aed3707-7d44-4612-94a2-b53873f1177f,8945559a-2ee7-494a-a731-9ac05c4dad8f,8945559a-2ee7-494a-a731-9ac05c4dad8f-2-6,2,f,2026-04-17 05:29:54.204
4038acc5-8075-4b76-b8a7-f1589722bd86,89f3807f-dd13-4895-9f42-61aab40f51ef,89f3807f-dd13-4895-9f42-61aab40f51ef-2-2,3,t,2026-04-17 05:27:32.033
91f92aa6-4a28-42e3-a16c-60391a4c3b5a,6c9af11c-864f-4cc7-9e05-bd732e00764f,6c9af11c-864f-4cc7-9e05-bd732e00764f-2-1,0,f,2026-04-17 05:31:49.939
d4526064-6d2a-46f7-ac82-fcab00ff71c9,3e558d2f-935d-4406-811a-651dc69cd6d0,3e558d2f-935d-4406-811a-651dc69cd6d0-2-4,3,t,2026-04-17 05:30:03.15
851df3ff-9ba8-4f01-be9a-6cc3e5855d43,0869a06e-cb17-4a50-a684-d9035dbf8e1d,0869a06e-cb17-4a50-a684-d9035dbf8e1d-2-1,3,t,2026-04-17 05:31:27.251
ac82a6bb-642f-46aa-985e-a34b04180728,758d4512-2d75-4443-b903-0ede8435f62b,758d4512-2d75-4443-b903-0ede8435f62b-2-6,3,t,2026-04-17 05:28:10.121
9f2a2558-d016-4500-acea-84716fcfc482,a2542ae3-6418-4acc-b582-c612706dd9c6,a2542ae3-6418-4acc-b582-c612706dd9c6-2-0,3,t,2026-04-17 05:30:21.175
7245c519-c022-4f4a-9cac-de51bcc90d11,ca4cf04e-6d5e-459a-bf1c-b353e87e7b4a,ca4cf04e-6d5e-459a-bf1c-b353e87e7b4a-2-5,3,t,2026-04-17 05:28:23.062
ebf7ef61-ed50-47f0-92a9-72f52291dfb7,c911db06-64b2-4c1c-8bba-608ca0ea47b9,c911db06-64b2-4c1c-8bba-608ca0ea47b9-2-3,3,t,2026-04-17 05:32:30.793
814e82d9-1de2-4e66-a2d0-aa383157b564,c911db06-64b2-4c1c-8bba-608ca0ea47b9,c911db06-64b2-4c1c-8bba-608ca0ea47b9-2-4,3,t,2026-04-17 05:31:28.235
c0ee9d53-1654-400c-81c6-13354e2cdaa4,3c63949e-a037-42b9-87b9-5861735dc3ea,3c63949e-a037-42b9-87b9-5861735dc3ea-2-2,3,t,2026-04-17 05:28:41.753
0505cc6b-23a5-43ad-ba63-e94f97d9b029,89f3807f-dd13-4895-9f42-61aab40f51ef,89f3807f-dd13-4895-9f42-61aab40f51ef-2-6,3,t,2026-04-17 05:31:54.789
9a96c838-6ac9-449d-840f-f9e98e2aa812,e8fbe795-ef25-4d0c-98c0-be35fffe6b50,e8fbe795-ef25-4d0c-98c0-be35fffe6b50-2-0,3,t,2026-04-17 05:30:34.239
30df8d25-e21e-4a14-bfbd-e3c2ecc7c1e3,18cf4c3b-7af3-46c0-9727-e496dab0ff31,18cf4c3b-7af3-46c0-9727-e496dab0ff31-2-3,3,t,2026-04-17 05:29:31.562
a6febed0-2e76-4aad-8e7b-40404bd2eb27,7254ea81-947c-4281-8c87-20180ade7d10,7254ea81-947c-4281-8c87-20180ade7d10-2-14,0,f,2026-04-17 05:29:37.944
428b4dfc-285b-4fef-a8b6-ab2969d8a145,e32afdb9-b0f9-4c8a-ba12-0fd31b85549e,e32afdb9-b0f9-4c8a-ba12-0fd31b85549e-2-0,3,t,2026-04-17 05:29:38.875
99054aa3-4755-4d51-b7fb-7ff4d6f7da61,6d0d2ccc-0a0d-4ec6-882b-7f79393a6aed,6d0d2ccc-0a0d-4ec6-882b-7f79393a6aed-2-13,3,t,2026-04-17 05:29:43.313
991e2365-92d9-4d30-a540-fb3657f93088,2b3ef407-4db1-4f33-af04-71e0b6c9841f,2b3ef407-4db1-4f33-af04-71e0b6c9841f-2-2,3,t,2026-04-17 05:31:31.921
e9be5aab-3678-4d9d-bbd6-a4d717852b3e,c621f240-1818-4eb4-95a0-149598a46ccc,c621f240-1818-4eb4-95a0-149598a46ccc-2-6,3,t,2026-04-17 05:30:51.681
383cc697-6bda-406f-9cd5-dd0c883848ab,ca4cf04e-6d5e-459a-bf1c-b353e87e7b4a,ca4cf04e-6d5e-459a-bf1c-b353e87e7b4a-2-6,3,t,2026-04-17 05:29:53.517
4036f026-1f70-4952-b779-b6b6b695ec90,3e558d2f-935d-4406-811a-651dc69cd6d0,3e558d2f-935d-4406-811a-651dc69cd6d0-2-6,3,t,2026-04-17 05:31:36.084
779dab0a-0575-47b1-ae4a-139b87946105,a2542ae3-6418-4acc-b582-c612706dd9c6,a2542ae3-6418-4acc-b582-c612706dd9c6-2-2,3,t,2026-04-17 05:31:06.064
298978be-9b2b-4112-8064-12c3b3f3b71e,ca4cf04e-6d5e-459a-bf1c-b353e87e7b4a,ca4cf04e-6d5e-459a-bf1c-b353e87e7b4a-2-2,3,t,2026-04-17 05:31:23.787
f868a884-d6b4-4795-9b4b-5d688954b233,1356a969-626a-495b-99a4-6f5c43d70c15,1356a969-626a-495b-99a4-6f5c43d70c15-2-4,0,f,2026-04-17 05:32:12.349
ba54dcb4-5a33-416a-835a-0d3007bbaa23,8a75a075-a148-4c61-aa92-b475c2c819c4,8a75a075-a148-4c61-aa92-b475c2c819c4-2-6,4,t,2026-04-17 05:38:00.259
dbe38b4d-5413-4643-9222-0204e099b4c7,4d2752ef-b567-4dae-9204-7690e7a23d90,4d2752ef-b567-4dae-9204-7690e7a23d90-2-2,0,f,2026-04-17 05:38:59.815
0d2e8322-8ab7-4b3c-8c08-4d47f925d0ff,c911db06-64b2-4c1c-8bba-608ca0ea47b9,c911db06-64b2-4c1c-8bba-608ca0ea47b9-2-2,3,t,2026-04-17 05:31:43.417
76af98a8-7399-40dd-9119-e114905ff90f,ca4cf04e-6d5e-459a-bf1c-b353e87e7b4a,ca4cf04e-6d5e-459a-bf1c-b353e87e7b4a-2-4,3,t,2026-04-17 05:31:47.745
4ff2dcb7-40a2-422c-8daf-4bac13b0d8e0,758d4512-2d75-4443-b903-0ede8435f62b,758d4512-2d75-4443-b903-0ede8435f62b-2-7,3,t,2026-04-17 05:33:14.325
c6f26b8d-8cbd-4e3a-8b9e-dfd7f3700126,ca4cf04e-6d5e-459a-bf1c-b353e87e7b4a,ca4cf04e-6d5e-459a-bf1c-b353e87e7b4a-2-0,0,f,2026-04-17 05:32:27.93
096b68a0-43a8-41e4-8a4a-2e83531b023f,7254ea81-947c-4281-8c87-20180ade7d10,7254ea81-947c-4281-8c87-20180ade7d10-2-19,0,f,2026-04-17 05:33:02.238
4493bf4d-60e1-48c2-9963-db5d2a71dd06,2b3ef407-4db1-4f33-af04-71e0b6c9841f,2b3ef407-4db1-4f33-af04-71e0b6c9841f-2-3,0,f,2026-04-17 06:04:10.653
3f822d99-e4bb-4842-8031-046dab4067ba,a2542ae3-6418-4acc-b582-c612706dd9c6,a2542ae3-6418-4acc-b582-c612706dd9c6-2-4,0,f,2026-04-17 05:33:12.642
ca2d5a5d-7808-4471-9c40-0c5012b68db5,c911db06-64b2-4c1c-8bba-608ca0ea47b9,c911db06-64b2-4c1c-8bba-608ca0ea47b9-2-5,2,f,2026-04-17 05:33:14.527
f8e55b52-3384-484b-8349-1260c339e0e1,1356a969-626a-495b-99a4-6f5c43d70c15,1356a969-626a-495b-99a4-6f5c43d70c15-2-6,3,t,2026-04-17 06:05:50.988
5bb577ef-e977-4da6-b461-4dc7365f6e37,e8fbe795-ef25-4d0c-98c0-be35fffe6b50,e8fbe795-ef25-4d0c-98c0-be35fffe6b50-2-4,3,t,2026-04-17 05:48:04.281
32bba1c5-d35b-493e-a90a-cebb57cd3721,89f3807f-dd13-4895-9f42-61aab40f51ef,89f3807f-dd13-4895-9f42-61aab40f51ef-2-7,3,t,2026-04-17 05:33:21.81
2a181a3b-f5aa-4b78-8b1d-cec655781e82,e32afdb9-b0f9-4c8a-ba12-0fd31b85549e,e32afdb9-b0f9-4c8a-ba12-0fd31b85549e-2-1,2,f,2026-04-17 05:33:30.615
f7cef515-4537-4783-af49-67368f1e0137,18cf4c3b-7af3-46c0-9727-e496dab0ff31,18cf4c3b-7af3-46c0-9727-e496dab0ff31-2-6,3,t,2026-04-17 05:40:59.422
42e7d0eb-86fb-4a1d-b4dc-cd6957d239b2,3e558d2f-935d-4406-811a-651dc69cd6d0,3e558d2f-935d-4406-811a-651dc69cd6d0-2-8,0,f,2026-04-17 05:33:38.044
d88df54a-3204-4c9f-8676-07e329177bd6,8945559a-2ee7-494a-a731-9ac05c4dad8f,8945559a-2ee7-494a-a731-9ac05c4dad8f-2-9,3,t,2026-04-17 06:07:41.882
45d94234-8e0a-4183-9ff9-68deedea65ff,3876e3c3-2a12-42c0-adff-4fd8d449b392,3876e3c3-2a12-42c0-adff-4fd8d449b392-2-0,2,f,2026-04-17 05:33:46.354
f7a42544-304e-455d-9a22-bc52a9da8a90,6c9af11c-864f-4cc7-9e05-bd732e00764f,6c9af11c-864f-4cc7-9e05-bd732e00764f-2-2,3,t,2026-04-17 05:34:56.459
7ed9202f-a418-4139-9d5d-e9706873b05a,dd06df73-9413-4079-a02a-bf2ca8cc7548,dd06df73-9413-4079-a02a-bf2ca8cc7548-2-2,3,t,2026-04-17 05:38:02.448
9ae5c2f2-e108-4dc5-bb4c-0639087224fe,7254ea81-947c-4281-8c87-20180ade7d10,7254ea81-947c-4281-8c87-20180ade7d10-2-21,0,f,2026-04-17 05:34:46.107
e965afa0-d389-4e08-9089-4d1e75f939e6,0869a06e-cb17-4a50-a684-d9035dbf8e1d,0869a06e-cb17-4a50-a684-d9035dbf8e1d-2-2,0,f,2026-04-17 05:41:50.426
8bab56a2-98e3-4e60-9036-9967688b8adf,a2542ae3-6418-4acc-b582-c612706dd9c6,a2542ae3-6418-4acc-b582-c612706dd9c6-2-3,0,f,2026-04-17 05:36:37.713
3205a559-a626-4203-9159-68211a57c32f,f235b933-cb0a-42c0-8b77-c8bc8b19b4ac,f235b933-cb0a-42c0-8b77-c8bc8b19b4ac-2-1,3,t,2026-04-17 05:34:34.108
defb2a48-2946-48f5-9a97-575657ad5cf4,8feab4a3-20e4-48ff-b9ea-a9cc612ef8cc,8feab4a3-20e4-48ff-b9ea-a9cc612ef8cc-2-5,0,f,2026-04-17 06:13:10.182
00e94d28-9097-44e2-9fe3-72a3d956d29d,3c63949e-a037-42b9-87b9-5861735dc3ea,3c63949e-a037-42b9-87b9-5861735dc3ea-2-6,3,t,2026-04-17 05:34:45.785
2bcebd04-16f0-49f8-b051-7406d1117a88,8feab4a3-20e4-48ff-b9ea-a9cc612ef8cc,8feab4a3-20e4-48ff-b9ea-a9cc612ef8cc-2-4,3,t,2026-04-17 06:10:59.662
7f6d9b65-e1e0-49a7-b96e-d0d54dff0c00,256d4acd-1891-4ae4-a35f-20468f225bea,256d4acd-1891-4ae4-a35f-20468f225bea-2-16,3,t,2026-04-17 06:00:10.078
7aa2c034-fa4e-4044-bea0-dcd5146dee61,17b83f64-278e-4ff9-b656-d45937dd4fc4,17b83f64-278e-4ff9-b656-d45937dd4fc4-2-0,3,t,2026-04-17 05:34:56.675
d989710a-bd5c-410d-b09a-32cf11a24cd7,89f3807f-dd13-4895-9f42-61aab40f51ef,89f3807f-dd13-4895-9f42-61aab40f51ef-2-33,4,t,2026-04-17 06:07:14.844
5ea78d3a-3b2c-47cf-8285-7b7692f1d4ef,8945559a-2ee7-494a-a731-9ac05c4dad8f,8945559a-2ee7-494a-a731-9ac05c4dad8f-2-25,1,f,2026-04-17 06:00:32.854
f8812a69-0f99-4c48-8ba1-94d3bfe77692,89f3807f-dd13-4895-9f42-61aab40f51ef,89f3807f-dd13-4895-9f42-61aab40f51ef-2-8,3,t,2026-04-17 05:35:10.615
7b83e2f8-dc14-4075-b1c4-a4d722db93d2,8d19d3c4-6471-44d6-8d83-1551d7c0517c,8d19d3c4-6471-44d6-8d83-1551d7c0517c-2-1,0,f,2026-04-17 06:00:38.225
2d05ed38-e000-413e-a830-083a93746530,3aca3a95-3944-46d4-8994-95584b423788,3aca3a95-3944-46d4-8994-95584b423788-2-6,3,t,2026-04-17 05:36:53.51
386dc2d0-89a2-41b8-8d93-8b4166e52b9d,3876e3c3-2a12-42c0-adff-4fd8d449b392,3876e3c3-2a12-42c0-adff-4fd8d449b392-2-18,3,t,2026-04-17 06:03:19.257
f11f6210-bf91-4df2-b4fc-8f77857aa42c,0869a06e-cb17-4a50-a684-d9035dbf8e1d,0869a06e-cb17-4a50-a684-d9035dbf8e1d-2-18,0,f,2026-04-17 06:03:39.083
3cd29c72-b9de-412a-a925-6301bcd029c2,82a0a7ec-c490-4171-9873-36d8cee8c75a,82a0a7ec-c490-4171-9873-36d8cee8c75a-2-0,3,t,2026-04-17 05:37:28.022
d9b93d1e-c350-40b0-b820-35ef96e5ed37,a2542ae3-6418-4acc-b582-c612706dd9c6,a2542ae3-6418-4acc-b582-c612706dd9c6-2-6,3,t,2026-04-17 05:37:53.114
e8f68b7e-f027-4b71-8f06-a260d5dc85d9,2b3ef407-4db1-4f33-af04-71e0b6c9841f,2b3ef407-4db1-4f33-af04-71e0b6c9841f-2-8,0,f,2026-04-17 06:04:44.28
55fd4ca9-b25b-4731-a65c-1dd94665d17b,256d4acd-1891-4ae4-a35f-20468f225bea,256d4acd-1891-4ae4-a35f-20468f225bea-2-17,3,t,2026-04-17 06:01:06.359
1651cf80-6967-4a42-80d6-2ceb7a399ec4,d52e7e29-850a-492d-bf99-f316b04c7710,d52e7e29-850a-492d-bf99-f316b04c7710-2-8,3,t,2026-04-17 06:01:20.641
b978a7ad-0e74-4e79-b9ff-eef90b32db4f,3aca3a95-3944-46d4-8994-95584b423788,3aca3a95-3944-46d4-8994-95584b423788-2-17,0,f,2026-04-17 06:01:26.4
46375e19-d511-42ed-b356-a065ac6d919f,8a75a075-a148-4c61-aa92-b475c2c819c4,8a75a075-a148-4c61-aa92-b475c2c819c4-2-21,3,t,2026-04-17 06:04:48.269
6b8bcaf0-b507-40f4-b9f9-d4630e8ebd37,3620ee77-307c-4613-b980-473ec2a7993c,3620ee77-307c-4613-b980-473ec2a7993c-2-4,1,f,2026-04-17 06:07:39.021
5e7dee92-67ab-420e-b37d-9fdc0dd7dd8f,bf03ae65-a3e8-464a-80ef-12d8d6863c89,bf03ae65-a3e8-464a-80ef-12d8d6863c89-2-0,0,f,2026-04-17 06:07:48.861
fb5e7334-a631-4b4a-9905-a450d99da412,14f5e49b-d78a-4b35-93a4-c14dd523a2cb,14f5e49b-d78a-4b35-93a4-c14dd523a2cb-2-2,3,t,2026-04-17 06:05:48.309
16076c48-d799-40e2-b2eb-4e49a41806d7,c9aa0ac1-2be7-4242-bdb9-cbdcd2e304b9,c9aa0ac1-2be7-4242-bdb9-cbdcd2e304b9-2-41,0,f,2026-04-17 06:08:56.687
4069fd9b-8fd0-4706-b934-f07ea556ed9a,ec80cbaf-df31-4e85-92d6-a2e9d0d8fd08,ec80cbaf-df31-4e85-92d6-a2e9d0d8fd08-2-4,3,t,2026-04-17 06:05:55.102
fdf64edd-93d3-4c2e-8902-74baee9b9d0d,ae668d44-242b-4610-ae27-26399a5f64bd,ae668d44-242b-4610-ae27-26399a5f64bd-2-137,0,f,2026-04-17 06:11:23.932
0fe50457-33d8-44c6-9aac-b0af2c0183f8,2dfc2387-7569-4634-9242-27891971a9f0,2dfc2387-7569-4634-9242-27891971a9f0-2-0,3,t,2026-04-17 06:06:23.691
8c97adf1-9bc7-45b4-905c-20c2ebcca213,17476afe-7fbd-4f5a-8266-b5d92173f7ef,17476afe-7fbd-4f5a-8266-b5d92173f7ef-2-5,3,t,2026-04-17 06:06:23.777
f2b47012-ed3d-45f7-aeac-f2b51a64e195,d5d92b86-bd62-49ed-97b8-875e72052450,d5d92b86-bd62-49ed-97b8-875e72052450-2-6,3,t,2026-04-17 06:11:28.025
a684c98a-3dbd-4434-b851-3d93690c449d,89f3807f-dd13-4895-9f42-61aab40f51ef,89f3807f-dd13-4895-9f42-61aab40f51ef-2-35,0,f,2026-04-17 06:11:35.682
44f5132f-0711-4d32-a034-1937f9abe843,3c63949e-a037-42b9-87b9-5861735dc3ea,3c63949e-a037-42b9-87b9-5861735dc3ea-2-36,4,t,2026-04-17 06:09:04.1
ebbdde0b-9279-4977-af56-7f331fc7fd82,3620ee77-307c-4613-b980-473ec2a7993c,3620ee77-307c-4613-b980-473ec2a7993c-2-6,2,f,2026-04-17 06:10:49.219
07516863-657c-44cd-82a6-40a9fa3c5222,a49cd068-ca2f-48f7-8170-1ff449ea4fd6,a49cd068-ca2f-48f7-8170-1ff449ea4fd6-2-4,3,t,2026-04-17 06:14:07.051
430ea3da-568f-4a4e-abe1-13e30ce9d135,f18dfe31-9680-4f29-aba5-7726a2b296bf,f18dfe31-9680-4f29-aba5-7726a2b296bf-2-3,3,t,2026-04-17 06:12:13.325
328cbcc2-2886-4af7-90c5-db92fb60e841,2dfc2387-7569-4634-9242-27891971a9f0,2dfc2387-7569-4634-9242-27891971a9f0-2-6,3,t,2026-04-17 06:13:40.227
c9951105-4cac-4a35-ac43-7672a3fc53cd,5873ab9a-f10e-4a81-8745-0ca3b678dfb4,5873ab9a-f10e-4a81-8745-0ca3b678dfb4-2-50,0,f,2026-04-17 06:12:36.022
016e3173-aeae-4572-b98b-de93a3ac4e55,8d1d649d-097a-4464-9bcd-a5d62957395a,8d1d649d-097a-4464-9bcd-a5d62957395a-2-20,3,t,2026-04-17 06:13:51.539
a53e692f-e439-451b-a851-c5b82f09a26d,b85831fc-729d-438e-ad48-2c5b42a4b482,b85831fc-729d-438e-ad48-2c5b42a4b482-2-2,3,t,2026-04-17 06:13:48.877
7bb84eca-ae5e-483a-8d1d-8dcac630732c,a2542ae3-6418-4acc-b582-c612706dd9c6,a2542ae3-6418-4acc-b582-c612706dd9c6-2-39,3,t,2026-04-17 06:14:52.281
84013cf1-1d5c-4408-84b9-644d63a6f25f,18f92e5f-fecc-4dd4-8ee7-2e07fa3c333c,18f92e5f-fecc-4dd4-8ee7-2e07fa3c333c-2-14,3,t,2026-04-17 06:15:10.891
ea9e92f1-6d54-42f4-abf0-e424427aa761,9a180759-f7be-4da8-b739-b40688b5853b,9a180759-f7be-4da8-b739-b40688b5853b-2-2,3,t,2026-04-17 06:16:17.999
212bc155-7c6a-42a6-8b9c-4c26681d9f01,7254ea81-947c-4281-8c87-20180ade7d10,7254ea81-947c-4281-8c87-20180ade7d10-2-123,0,f,2026-04-17 06:15:23.645
46e0c7b2-e333-4a9f-86a3-f757f5a1d1dd,e922a8ae-0187-4f08-8063-c13bf64596d5,e922a8ae-0187-4f08-8063-c13bf64596d5-2-21,0,f,2026-04-17 06:15:52.325
d8722be9-c289-4bc0-98fb-1567521c3f5f,26dad967-6886-4305-b385-3400cde5a964,26dad967-6886-4305-b385-3400cde5a964-2-3,1,f,2026-04-17 06:16:02.822
969b6cbd-bd71-43b5-877b-9fc0f19788d5,5e8526ad-950e-42b8-a620-127c9d3a8e1f,5e8526ad-950e-42b8-a620-127c9d3a8e1f-2-0,1,f,2026-04-17 06:16:18.518
98203ae7-f89c-424f-87a0-2399c0298137,256d4acd-1891-4ae4-a35f-20468f225bea,256d4acd-1891-4ae4-a35f-20468f225bea-2-33,3,t,2026-04-17 06:17:46.179
7517d5c6-e28f-4f8f-9168-20a36ccf1d3c,15ef0388-6643-4e15-aae0-5bff9c5c6687,15ef0388-6643-4e15-aae0-5bff9c5c6687-2-0,0,f,2026-04-17 06:59:07.738
99114da3-950d-4006-9749-6f47b9d9262d,3e558d2f-935d-4406-811a-651dc69cd6d0,3e558d2f-935d-4406-811a-651dc69cd6d0-2-13,3,t,2026-04-17 05:38:19.08
aa1c8784-c6da-4634-ad06-ff22ed253936,3e558d2f-935d-4406-811a-651dc69cd6d0,3e558d2f-935d-4406-811a-651dc69cd6d0-2-10,3,t,2026-04-17 05:35:16.189
204a34f5-4eb9-4971-a0bc-0357d0a3bfa1,c621f240-1818-4eb4-95a0-149598a46ccc,c621f240-1818-4eb4-95a0-149598a46ccc-2-11,0,f,2026-04-17 05:39:29.67
a45c63f5-ad54-4de1-afec-e9ed10391261,3af64616-321f-4bb3-ae52-5d26e4882017,3af64616-321f-4bb3-ae52-5d26e4882017-2-0,3,t,2026-04-17 05:38:21.963
e77be84d-07be-4992-a68c-0713ea27cd2a,3c63949e-a037-42b9-87b9-5861735dc3ea,3c63949e-a037-42b9-87b9-5861735dc3ea-2-7,3,t,2026-04-17 05:35:30.652
6c6904b5-1d88-4abc-8477-52ae740b9c27,6d0d2ccc-0a0d-4ec6-882b-7f79393a6aed,6d0d2ccc-0a0d-4ec6-882b-7f79393a6aed-2-10,4,t,2026-04-17 05:36:23.871
1a248da4-f01e-4e58-ba40-9f526496b873,7254ea81-947c-4281-8c87-20180ade7d10,7254ea81-947c-4281-8c87-20180ade7d10-2-23,2,f,2026-04-17 05:36:53.627
57346a81-9b97-4a0b-a31e-57094df18efd,6d0d2ccc-0a0d-4ec6-882b-7f79393a6aed,6d0d2ccc-0a0d-4ec6-882b-7f79393a6aed-2-1,1,f,2026-04-17 05:37:18.523
1834ffc2-8838-45c3-8645-d0a0b23e19cd,0869a06e-cb17-4a50-a684-d9035dbf8e1d,0869a06e-cb17-4a50-a684-d9035dbf8e1d-2-3,3,t,2026-04-17 05:41:28.8
23c230b8-5810-42f9-a078-107ac8b9191a,26dad967-6886-4305-b385-3400cde5a964,26dad967-6886-4305-b385-3400cde5a964-2-0,3,t,2026-04-17 05:41:27.225
f086b074-041b-407b-9180-b574b7a489a5,7810aaf2-8dd8-4d53-9477-5442f1103233,7810aaf2-8dd8-4d53-9477-5442f1103233-2-1,3,t,2026-04-17 05:37:29.437
61e39646-ba51-4a10-8625-f7218e80f74b,17b83f64-278e-4ff9-b656-d45937dd4fc4,17b83f64-278e-4ff9-b656-d45937dd4fc4-2-2,3,t,2026-04-17 05:38:30.164
9dc46500-e241-441c-aec0-06fae73b381d,2b3ef407-4db1-4f33-af04-71e0b6c9841f,2b3ef407-4db1-4f33-af04-71e0b6c9841f-2-18,3,t,2026-04-17 05:41:29.325
16fe61cb-d1ab-4f40-abeb-940c27e8253e,f235b933-cb0a-42c0-8b77-c8bc8b19b4ac,f235b933-cb0a-42c0-8b77-c8bc8b19b4ac-2-2,3,t,2026-04-17 05:37:35.186
9ba0fd65-e186-4b32-bcfd-97dfcc65110a,3876e3c3-2a12-42c0-adff-4fd8d449b392,3876e3c3-2a12-42c0-adff-4fd8d449b392-2-1,3,t,2026-04-17 05:37:43.182
183ad9ca-e709-49e8-88b5-ac5138d9dff5,8a75a075-a148-4c61-aa92-b475c2c819c4,8a75a075-a148-4c61-aa92-b475c2c819c4-2-7,0,f,2026-04-17 05:39:48.226
e0eb925b-3134-448a-a0fd-02a5886a3820,4d2752ef-b567-4dae-9204-7690e7a23d90,4d2752ef-b567-4dae-9204-7690e7a23d90-2-1,0,f,2026-04-17 05:38:43.701
32a473df-313f-4768-b176-5bdd479530ed,a2542ae3-6418-4acc-b582-c612706dd9c6,a2542ae3-6418-4acc-b582-c612706dd9c6-2-7,3,t,2026-04-17 05:40:43.382
46b135a5-e1fb-45ee-8095-94c00e3f16d0,7cec589b-5fc8-4f64-9cda-395495399298,7cec589b-5fc8-4f64-9cda-395495399298-2-0,0,f,2026-04-17 06:09:13.269
65e9b093-bb9e-4ae9-a2fb-2916ae10c7f9,2b3ef407-4db1-4f33-af04-71e0b6c9841f,2b3ef407-4db1-4f33-af04-71e0b6c9841f-2-9,3,t,2026-04-17 05:39:02.223
0bdd8010-c040-49db-abd3-10c08ae73a7b,f88312f6-fe65-4b39-806e-6c8511f826f6,f88312f6-fe65-4b39-806e-6c8511f826f6-2-8,2,f,2026-04-17 05:39:05.206
9e88c7c3-5c9a-40f4-b403-40d014541592,1356a969-626a-495b-99a4-6f5c43d70c15,1356a969-626a-495b-99a4-6f5c43d70c15-2-7,0,f,2026-04-17 05:39:07.167
cce3d70f-a401-47a4-94dc-a3a1a262be76,43b58b90-a814-4efd-8874-a8c662e6b307,43b58b90-a814-4efd-8874-a8c662e6b307-2-1,3,t,2026-04-17 05:39:57.278
d43e4ad3-a0d2-489b-9d1f-cfcc4823d4ba,1356a969-626a-495b-99a4-6f5c43d70c15,1356a969-626a-495b-99a4-6f5c43d70c15-2-9,0,f,2026-04-17 05:40:08.198
02aae5f7-30dd-4e20-a0a4-5487bd01f044,3876e3c3-2a12-42c0-adff-4fd8d449b392,3876e3c3-2a12-42c0-adff-4fd8d449b392-2-3,3,t,2026-04-17 05:40:10.688
6e46f6c3-510b-46e6-9099-373f5e6fa82b,89f3807f-dd13-4895-9f42-61aab40f51ef,89f3807f-dd13-4895-9f42-61aab40f51ef-2-11,3,t,2026-04-17 05:44:07.962
f646352a-a470-4fb8-965f-e20d2e7c87be,8945559a-2ee7-494a-a731-9ac05c4dad8f,8945559a-2ee7-494a-a731-9ac05c4dad8f-2-44,0,f,2026-04-17 05:40:54.467
312ea7fb-97c8-46b1-8e82-016b9065933d,3e558d2f-935d-4406-811a-651dc69cd6d0,3e558d2f-935d-4406-811a-651dc69cd6d0-2-17,3,t,2026-04-17 05:40:19.189
c37c223c-b66b-446d-99b5-076994f257cd,17b83f64-278e-4ff9-b656-d45937dd4fc4,17b83f64-278e-4ff9-b656-d45937dd4fc4-2-1,0,f,2026-04-17 05:40:19.88
02190eda-7f73-4821-8c2b-8934555962ae,2b4d89f5-ef05-41f0-a8c2-1ae2c2738ce4,2b4d89f5-ef05-41f0-a8c2-1ae2c2738ce4-2-0,3,t,2026-04-17 05:40:47.666
7c4cd22c-4b61-4e9d-a571-d676bd5dfdce,8d1d649d-097a-4464-9bcd-a5d62957395a,8d1d649d-097a-4464-9bcd-a5d62957395a-2-1,3,t,2026-04-17 05:40:21.839
c76d12a6-7d35-4a00-ab4b-904418a4105b,7810aaf2-8dd8-4d53-9477-5442f1103233,7810aaf2-8dd8-4d53-9477-5442f1103233-2-0,3,t,2026-04-17 05:40:32.961
990f7094-fb81-40c9-9011-cd5f8ea137c9,3af64616-321f-4bb3-ae52-5d26e4882017,3af64616-321f-4bb3-ae52-5d26e4882017-2-1,3,t,2026-04-17 05:40:46.409
06c77376-d838-4cf0-8745-b0f792dabdd1,59941341-9846-4321-8821-f0eaa8f5e1d2,59941341-9846-4321-8821-f0eaa8f5e1d2-2-1,3,t,2026-04-17 05:43:56.106
2db28769-62d5-4482-8b99-ee8afcf91bc2,6c9af11c-864f-4cc7-9e05-bd732e00764f,6c9af11c-864f-4cc7-9e05-bd732e00764f-2-6,3,t,2026-04-17 05:44:29.395
d5089800-3453-47f2-b15b-24135392ac88,3876e3c3-2a12-42c0-adff-4fd8d449b392,3876e3c3-2a12-42c0-adff-4fd8d449b392-2-4,0,f,2026-04-17 05:41:10.843
7be4891e-5ee6-4056-800c-b06a3f18a211,e8fbe795-ef25-4d0c-98c0-be35fffe6b50,e8fbe795-ef25-4d0c-98c0-be35fffe6b50-2-1,3,t,2026-04-17 05:41:12.855
caf82584-908a-4c01-b350-0c2dc974862d,256d4acd-1891-4ae4-a35f-20468f225bea,256d4acd-1891-4ae4-a35f-20468f225bea-2-2,0,f,2026-04-17 05:45:43.918
c9dafd09-ad86-497e-a952-105417e4718a,8a75a075-a148-4c61-aa92-b475c2c819c4,8a75a075-a148-4c61-aa92-b475c2c819c4-2-8,0,f,2026-04-17 05:41:15.286
eb106dc6-1b2f-453a-b59b-6fbec51a91a4,256d4acd-1891-4ae4-a35f-20468f225bea,256d4acd-1891-4ae4-a35f-20468f225bea-2-0,0,f,2026-04-17 05:45:09.909
90e25731-4107-490e-a4c9-02c0e4ef1c94,2b4d89f5-ef05-41f0-a8c2-1ae2c2738ce4,2b4d89f5-ef05-41f0-a8c2-1ae2c2738ce4-2-3,0,f,2026-04-17 06:19:01.862
db227e31-208e-440a-a780-364cdd1db00b,256d4acd-1891-4ae4-a35f-20468f225bea,256d4acd-1891-4ae4-a35f-20468f225bea-2-1,0,f,2026-04-17 05:45:17.518
0587a9c8-84fb-4a97-a9da-b6f84778f7a8,f235b933-cb0a-42c0-8b77-c8bc8b19b4ac,f235b933-cb0a-42c0-8b77-c8bc8b19b4ac-2-4,0,f,2026-04-17 06:18:40.971
8655e0d1-664a-42a8-9e98-79d0dd3793bd,a051447d-a025-45c9-9651-5db3e0ed1ca1,a051447d-a025-45c9-9651-5db3e0ed1ca1-2-1,0,f,2026-04-17 05:43:19.511
13f68645-2daa-4721-8ca7-fc958b212423,8d1d649d-097a-4464-9bcd-a5d62957395a,8d1d649d-097a-4464-9bcd-a5d62957395a-2-2,0,f,2026-04-17 05:44:57.865
c2084ddd-cb66-4428-81e2-32d282b54847,3620ee77-307c-4613-b980-473ec2a7993c,3620ee77-307c-4613-b980-473ec2a7993c-2-2,0,f,2026-04-17 05:44:48.395
1038b032-ad02-4b1e-bf38-5d149615a05b,8292e6da-da36-4c69-bb20-c9b6f9c2c3ee,8292e6da-da36-4c69-bb20-c9b6f9c2c3ee-2-3,0,f,2026-04-17 05:47:58.832
c27fdcc0-e12c-4b37-a557-41ad71548da8,526f66f7-fc87-40b8-bdfa-8387b8452d16,526f66f7-fc87-40b8-bdfa-8387b8452d16-2-2,1,f,2026-04-17 05:41:46.489
883411fd-fb45-47f7-af21-a96d262996d8,3e558d2f-935d-4406-811a-651dc69cd6d0,3e558d2f-935d-4406-811a-651dc69cd6d0-2-19,0,f,2026-04-17 05:42:02.002
a1731f90-751c-4563-9fcd-08c6469a0fc6,89f3807f-dd13-4895-9f42-61aab40f51ef,89f3807f-dd13-4895-9f42-61aab40f51ef-2-21,3,t,2026-04-17 06:00:06.035
f7415454-d36d-42a7-8de9-9f0564769068,17476afe-7fbd-4f5a-8266-b5d92173f7ef,17476afe-7fbd-4f5a-8266-b5d92173f7ef-2-1,0,f,2026-04-17 06:00:41.35
4db7151c-d30d-4a63-8edb-a0bfafb1033e,f3322c05-95af-46a3-9829-40332a2135a6,f3322c05-95af-46a3-9829-40332a2135a6-2-0,3,t,2026-04-17 06:07:23.538
a3db26e9-02bd-4d40-b739-e04b36e23f23,cbda3b01-8d5c-4bca-ae8c-9eef22d085da,cbda3b01-8d5c-4bca-ae8c-9eef22d085da-2-0,3,t,2026-04-17 06:01:23.368
1b002803-8591-45e3-9290-7b0e9b5c9e2f,758d4512-2d75-4443-b903-0ede8435f62b,758d4512-2d75-4443-b903-0ede8435f62b-2-18,3,t,2026-04-17 06:01:28.276
ce15a698-e95a-4af5-85ab-d3063834affe,0182159a-8a5a-4562-b230-ec4bd8e2cfc9,0182159a-8a5a-4562-b230-ec4bd8e2cfc9-2-120,2,f,2026-04-17 06:02:49.06
1a7db314-3e18-440c-892d-30b7cf025816,f88312f6-fe65-4b39-806e-6c8511f826f6,f88312f6-fe65-4b39-806e-6c8511f826f6-2-61,5,t,2026-04-17 06:03:22.407
f5bc27ee-f00e-417f-abad-8176a2b711a2,6c9af11c-864f-4cc7-9e05-bd732e00764f,6c9af11c-864f-4cc7-9e05-bd732e00764f-2-13,0,f,2026-04-17 06:07:46.224
095a0ca2-1756-4577-9059-ed4433608565,26c39532-d5d1-4f2b-b4b1-be92e391b5d3,26c39532-d5d1-4f2b-b4b1-be92e391b5d3-2-1,3,t,2026-04-17 06:11:48.481
984a1624-38cd-48f5-8e59-81a701d45459,43b58b90-a814-4efd-8874-a8c662e6b307,43b58b90-a814-4efd-8874-a8c662e6b307-2-102,3,t,2026-04-17 06:04:01.032
2ad16a4d-d682-4b30-b866-593d07756083,3e558d2f-935d-4406-811a-651dc69cd6d0,3e558d2f-935d-4406-811a-651dc69cd6d0-2-100,5,t,2026-04-17 06:10:00.559
03d27829-8f17-4bd4-a693-1d5aefaadc85,7254ea81-947c-4281-8c87-20180ade7d10,7254ea81-947c-4281-8c87-20180ade7d10-2-105,3,t,2026-04-17 06:04:32.351
28817069-bf4d-457d-931a-66ffbbf84d52,2b8e121d-6660-4971-b514-d55a5ff3b6bc,2b8e121d-6660-4971-b514-d55a5ff3b6bc-2-2,3,t,2026-04-17 06:08:06.172
c8e40f83-30e1-4874-ba6b-8f2784bc94a1,8d1d649d-097a-4464-9bcd-a5d62957395a,8d1d649d-097a-4464-9bcd-a5d62957395a-2-14,3,t,2026-04-17 06:04:42.528
38c16bed-677f-466c-933d-8f9ab2f2148a,b85831fc-729d-438e-ad48-2c5b42a4b482,b85831fc-729d-438e-ad48-2c5b42a4b482-2-1,3,t,2026-04-17 06:04:57.885
44e6497c-05cc-49d8-a7cd-1cd4d05c0b59,1daaac2e-a8cd-417f-8c9f-827df7a64dcf,1daaac2e-a8cd-417f-8c9f-827df7a64dcf-2-0,3,t,2026-04-17 06:05:16.681
e39dbb41-b3e3-41b1-a2a3-c20767c5adc1,82a0a7ec-c490-4171-9873-36d8cee8c75a,82a0a7ec-c490-4171-9873-36d8cee8c75a-2-5,0,f,2026-04-17 06:05:21.581
babb5eee-fe81-4f69-9b5f-05b8fb23cdeb,17476afe-7fbd-4f5a-8266-b5d92173f7ef,17476afe-7fbd-4f5a-8266-b5d92173f7ef-2-7,3,t,2026-04-17 06:08:39.633
15e39547-5253-4f0b-9ca1-bf8fcfc0a718,0182159a-8a5a-4562-b230-ec4bd8e2cfc9,0182159a-8a5a-4562-b230-ec4bd8e2cfc9-2-31,3,t,2026-04-17 06:05:33.636
5f955839-4b38-4871-83e5-f16f52da2c61,a2542ae3-6418-4acc-b582-c612706dd9c6,a2542ae3-6418-4acc-b582-c612706dd9c6-2-21,3,t,2026-04-17 06:05:51.765
f90fa27c-d902-45ff-9edd-702d7040867f,7810aaf2-8dd8-4d53-9477-5442f1103233,7810aaf2-8dd8-4d53-9477-5442f1103233-2-21,5,t,2026-04-17 06:08:56.837
95cdc161-0992-49b6-b36d-8a3af9525e9b,00e05954-4303-4f5e-a0ba-efdcebe2e0fb,00e05954-4303-4f5e-a0ba-efdcebe2e0fb-2-8,0,f,2026-04-17 06:14:15.824
ad270cd3-aa79-4549-9324-c7c8a617f83c,38087dff-7339-42ef-9ba8-dcc9eb36963a,38087dff-7339-42ef-9ba8-dcc9eb36963a-2-3,3,t,2026-04-17 06:11:15.089
d9385861-f97b-4313-a944-a17ff5197096,f88312f6-fe65-4b39-806e-6c8511f826f6,f88312f6-fe65-4b39-806e-6c8511f826f6-2-146,3,t,2026-04-17 06:09:06.181
dc92bed4-33b8-413f-9fa7-d200c21c0197,2b4d89f5-ef05-41f0-a8c2-1ae2c2738ce4,2b4d89f5-ef05-41f0-a8c2-1ae2c2738ce4-2-4,3,t,2026-04-17 06:12:16.923
bbfb7664-5022-4fec-bc61-c5c38f3f4fd5,17b83f64-278e-4ff9-b656-d45937dd4fc4,17b83f64-278e-4ff9-b656-d45937dd4fc4-2-24,3,t,2026-04-17 06:11:18.051
ca55307c-62de-4a3f-ba55-fea5a67354d0,4bc0bc61-6cda-4aae-954d-4d7ed465c815,4bc0bc61-6cda-4aae-954d-4d7ed465c815-2-3,3,t,2026-04-17 06:11:19.663
8fd2ed1d-3e87-43a8-a3f3-85754a1e8c64,7cec589b-5fc8-4f64-9cda-395495399298,7cec589b-5fc8-4f64-9cda-395495399298-2-13,3,t,2026-04-17 06:11:20.589
4aa3ae05-87f9-40d1-86e8-72bd7a4aeb38,a308d64e-a683-48c5-b2a8-601ec2450e19,a308d64e-a683-48c5-b2a8-601ec2450e19-2-0,0,f,2026-04-17 06:11:26.209
f36de902-d64c-4660-8ba3-a1ac11f06826,3c63949e-a037-42b9-87b9-5861735dc3ea,3c63949e-a037-42b9-87b9-5861735dc3ea-2-26,3,t,2026-04-17 06:14:55.576
9b35409e-f388-402e-b3b4-c3cde5998b60,40f6d192-39a7-46f7-af4a-ec30fe9cb5c8,40f6d192-39a7-46f7-af4a-ec30fe9cb5c8-2-0,3,t,2026-04-17 06:13:02.693
5cd55213-244d-4182-b985-2ec2cb581e43,3620ee77-307c-4613-b980-473ec2a7993c,3620ee77-307c-4613-b980-473ec2a7993c-2-11,0,f,2026-04-17 06:13:21.801
b3d371b9-a836-403a-89f1-98cbe2b5e213,00e05954-4303-4f5e-a0ba-efdcebe2e0fb,00e05954-4303-4f5e-a0ba-efdcebe2e0fb-2-9,3,t,2026-04-17 06:14:46.627
c8ec0926-1ed8-4057-99d7-f575247203c1,a2542ae3-6418-4acc-b582-c612706dd9c6,a2542ae3-6418-4acc-b582-c612706dd9c6-2-34,7,t,2026-04-17 06:13:35.155
b76f296a-2e92-45a2-9c3c-13954f9c8b80,a49cd068-ca2f-48f7-8170-1ff449ea4fd6,a49cd068-ca2f-48f7-8170-1ff449ea4fd6-2-6,3,t,2026-04-17 06:15:35.018
a854f206-5d08-436f-b97c-097fe0e9b58f,9a180759-f7be-4da8-b739-b40688b5853b,9a180759-f7be-4da8-b739-b40688b5853b-2-1,3,t,2026-04-17 06:14:00.715
3112bee4-7b79-437f-8651-b2f9dcca68c2,3ae02e13-c575-4d19-8f56-26cf29c42768,3ae02e13-c575-4d19-8f56-26cf29c42768-2-4,3,t,2026-04-17 06:15:33.336
0df75ee6-56e8-438c-935b-02eec43aa648,225cdc74-4a73-45df-96ce-c26fb678a98c,225cdc74-4a73-45df-96ce-c26fb678a98c-2-15,3,t,2026-04-17 06:15:13.871
d2e37b09-13db-4228-987b-aae2157792b4,18cf4c3b-7af3-46c0-9727-e496dab0ff31,18cf4c3b-7af3-46c0-9727-e496dab0ff31-2-25,1,f,2026-04-17 06:16:04.666
151107bd-756f-46b0-b535-de099fcb49f2,d52e7e29-850a-492d-bf99-f316b04c7710,d52e7e29-850a-492d-bf99-f316b04c7710-2-40,1,f,2026-04-17 06:16:11.561
3c7d0bd5-0ebe-4881-862d-0b14c49a7d01,c45c5cf7-dcb8-4e2c-bad6-300befa8e399,c45c5cf7-dcb8-4e2c-bad6-300befa8e399-2-1,3,t,2026-04-17 06:16:52.253
fe73c468-c199-4671-b2e7-407efddf8494,b5c18032-e3ff-46d4-bdb3-a46fc1e56c63,b5c18032-e3ff-46d4-bdb3-a46fc1e56c63-2-5,0,f,2026-04-17 06:16:41.889
e7684d3e-53ee-4d1c-8358-0c1a082734cc,e8fbe795-ef25-4d0c-98c0-be35fffe6b50,e8fbe795-ef25-4d0c-98c0-be35fffe6b50-2-102,3,t,2026-04-17 06:17:18.068
6c84c7bb-9e14-45b1-b4d6-9e4c46270234,94e0a1ce-4e5c-42f7-ac8b-81fe5a73d092,94e0a1ce-4e5c-42f7-ac8b-81fe5a73d092-2-2,1,f,2026-04-17 06:17:19.312
05d5d248-3a92-4ff1-ab60-17f675ffb177,1a0a64a3-96c3-4742-9f52-9678da1921fd,1a0a64a3-96c3-4742-9f52-9678da1921fd-2-7,3,t,2026-04-17 06:18:39.561
e1c9b12d-8110-4f64-9f2c-bc62cdc2caaa,41381924-e27e-4530-9a9c-d8e32f9c1f21,41381924-e27e-4530-9a9c-d8e32f9c1f21-2-1,0,f,2026-04-17 05:41:42.13
bde33fba-b956-4ec4-9cac-92918894c767,a051447d-a025-45c9-9651-5db3e0ed1ca1,a051447d-a025-45c9-9651-5db3e0ed1ca1-2-7,1,f,2026-04-17 05:59:13.336
6cc3edf8-01e8-44a1-a3f0-654bd0ae55e8,9083c549-095d-4e81-9dfb-394c712ae770,9083c549-095d-4e81-9dfb-394c712ae770-2-0,3,t,2026-04-17 05:42:34.501
ce0773dd-d521-47b6-9f80-ccdbab59514b,6d0d2ccc-0a0d-4ec6-882b-7f79393a6aed,6d0d2ccc-0a0d-4ec6-882b-7f79393a6aed-2-102,2,f,2026-04-17 06:00:04.718
0275d4ca-fa3f-45be-918b-6dcf16c8a08e,225cdc74-4a73-45df-96ce-c26fb678a98c,225cdc74-4a73-45df-96ce-c26fb678a98c-2-4,3,t,2026-04-17 06:05:14.228
2d50d0bf-03f9-47d1-b500-c3991e44c1da,a49cd068-ca2f-48f7-8170-1ff449ea4fd6,a49cd068-ca2f-48f7-8170-1ff449ea4fd6-2-1,0,f,2026-04-17 06:05:58.878
95560c83-0b18-44cb-a406-99aebb7b42bf,3e558d2f-935d-4406-811a-651dc69cd6d0,3e558d2f-935d-4406-811a-651dc69cd6d0-2-59,4,t,2026-04-17 06:00:16
e381f56a-61de-45a6-afeb-9ffb97ff9baa,17476afe-7fbd-4f5a-8266-b5d92173f7ef,17476afe-7fbd-4f5a-8266-b5d92173f7ef-2-3,3,t,2026-04-17 06:03:36.737
2fd441a8-a9ed-4c63-a6b5-d619402456f3,2b3ef407-4db1-4f33-af04-71e0b6c9841f,2b3ef407-4db1-4f33-af04-71e0b6c9841f-2-149,0,f,2026-04-17 06:01:04.824
0136afb3-7f07-4009-a1a5-e8e5893abdd1,ab13ef04-58e1-4218-8444-e601f4f26e84,ab13ef04-58e1-4218-8444-e601f4f26e84-2-10,3,t,2026-04-17 06:01:34.157
048419b1-45d5-419b-a0ce-086b3c70cdc0,3620ee77-307c-4613-b980-473ec2a7993c,3620ee77-307c-4613-b980-473ec2a7993c-2-102,1,f,2026-04-17 06:02:50.062
30084f20-5cb1-4abe-b35b-5d87e088ec70,d57b3905-c415-4356-a4ec-1838dd74e7ea,d57b3905-c415-4356-a4ec-1838dd74e7ea-2-6,2,f,2026-04-17 06:09:04.504
f304124f-50a1-4b9d-8c59-fd2dffa773de,ec80cbaf-df31-4e85-92d6-a2e9d0d8fd08,ec80cbaf-df31-4e85-92d6-a2e9d0d8fd08-2-5,3,t,2026-04-17 06:06:38.498
9dda2db3-5aef-4596-a008-ccfbf9ac29a5,89f3807f-dd13-4895-9f42-61aab40f51ef,89f3807f-dd13-4895-9f42-61aab40f51ef-2-32,5,t,2026-04-17 06:04:05.746
971ea32a-76a7-401d-9baf-91d2dcb3c3af,cd7c2c47-113b-42da-bcc7-0ec4fb4e2618,cd7c2c47-113b-42da-bcc7-0ec4fb4e2618-2-2,3,t,2026-04-17 06:04:13.359
683eae8b-9bef-48f9-a4d3-6874306da30b,3aca3a95-3944-46d4-8994-95584b423788,3aca3a95-3944-46d4-8994-95584b423788-2-19,0,f,2026-04-17 06:04:23.524
9981a808-0b90-45a4-b372-dde576abc095,cbe0ad90-34bb-416d-a095-e7a77d7a439e,cbe0ad90-34bb-416d-a095-e7a77d7a439e-2-120,2,f,2026-04-17 06:04:26.868
5f0d131d-d57a-44a7-bb34-627bfb466a6a,0869a06e-cb17-4a50-a684-d9035dbf8e1d,0869a06e-cb17-4a50-a684-d9035dbf8e1d-2-23,0,f,2026-04-17 06:08:22.822
a7c708b2-73ef-411f-8119-f0671d8e3cd0,17476afe-7fbd-4f5a-8266-b5d92173f7ef,17476afe-7fbd-4f5a-8266-b5d92173f7ef-2-4,3,t,2026-04-17 06:04:57.397
72c185cc-01e9-4258-b8df-6f68990bf057,6e3d1f5e-26fe-4e3d-a8af-c39583f2fce2,6e3d1f5e-26fe-4e3d-a8af-c39583f2fce2-2-1,3,t,2026-04-17 06:05:01.882
bec4122d-30b2-4341-b61c-6328780f3bed,1cd91501-a12a-4a2d-ad0a-223a4c5e5f44,1cd91501-a12a-4a2d-ad0a-223a4c5e5f44-2-2,3,t,2026-04-17 06:05:04.891
371e198e-da63-4f5f-9328-ba4b33600292,eb91535a-7a49-4274-ae12-72b9d659701a,eb91535a-7a49-4274-ae12-72b9d659701a-2-13,3,t,2026-04-17 06:05:06.222
17234a50-c406-4318-b16d-5c5a052af6ae,c9aa0ac1-2be7-4242-bdb9-cbdcd2e304b9,c9aa0ac1-2be7-4242-bdb9-cbdcd2e304b9-2-42,0,f,2026-04-17 06:09:49.856
8835c658-7cc1-49b4-bdf4-7cd5846ab4ea,cbda3b01-8d5c-4bca-ae8c-9eef22d085da,cbda3b01-8d5c-4bca-ae8c-9eef22d085da-2-4,3,t,2026-04-17 06:09:14.495
55966bae-71bd-4488-a572-e4bf21bed55b,3aca3a95-3944-46d4-8994-95584b423788,3aca3a95-3944-46d4-8994-95584b423788-2-22,3,t,2026-04-17 06:08:37.756
2c640068-f1da-4b3f-b188-1e2eb4836f57,e0429249-d96d-48e2-ad56-cc8198adb3fb,e0429249-d96d-48e2-ad56-cc8198adb3fb-2-10,0,f,2026-04-17 06:09:19.356
2d40c443-f8af-4595-995e-0a376b388b6f,17b83f64-278e-4ff9-b656-d45937dd4fc4,17b83f64-278e-4ff9-b656-d45937dd4fc4-2-22,3,t,2026-04-17 06:08:43.289
070453ff-b820-4b1c-b82e-565bdd8aa503,e6c53b0a-9366-4c09-b785-b8c47ae36ae6,e6c53b0a-9366-4c09-b785-b8c47ae36ae6-2-9,3,t,2026-04-17 06:08:50.374
d0e18f82-0125-4d02-8d5d-6a77fd336a59,b4e8a7c0-f877-4ff9-8f3c-4ff0a4f6f6c1,b4e8a7c0-f877-4ff9-8f3c-4ff0a4f6f6c1-2-20,3,t,2026-04-17 06:14:28.544
7d2d5f7a-c4b6-42e3-a772-7828b5f2a990,7aedc9bb-497f-432b-9fd8-9bc9d3a00dce,7aedc9bb-497f-432b-9fd8-9bc9d3a00dce-2-0,0,f,2026-04-17 06:09:38.052
d5911f06-3115-4e5f-99bf-c01a821c64fb,2c0f5ae2-6cd8-4af1-aac1-2c0d756c3f64,2c0f5ae2-6cd8-4af1-aac1-2c0d756c3f64-2-14,3,t,2026-04-17 06:10:31.672
ea9be5d7-94a2-4c8f-8eb9-a5fc4b9e3b62,d52e7e29-850a-492d-bf99-f316b04c7710,d52e7e29-850a-492d-bf99-f316b04c7710-2-6,3,t,2026-04-17 06:10:37.976
7b84285a-f74c-4407-802d-131bf382a2d0,9083c549-095d-4e81-9dfb-394c712ae770,9083c549-095d-4e81-9dfb-394c712ae770-2-37,0,f,2026-04-17 06:10:09.373
aa299bd7-9484-4021-aaa2-81a2a8903406,225cdc74-4a73-45df-96ce-c26fb678a98c,225cdc74-4a73-45df-96ce-c26fb678a98c-2-7,3,t,2026-04-17 06:10:04.276
bb85f72e-9f9e-479f-aedd-28d6a85e0efd,bf03ae65-a3e8-464a-80ef-12d8d6863c89,bf03ae65-a3e8-464a-80ef-12d8d6863c89-2-3,0,f,2026-04-17 06:10:15.477
a1bedc56-03e5-4faa-8eb2-8f3a31b3f5c3,3c63949e-a037-42b9-87b9-5861735dc3ea,3c63949e-a037-42b9-87b9-5861735dc3ea-2-40,4,t,2026-04-17 06:10:27.503
5fdfb04b-87a3-49d2-9792-9347a498115d,ec80cbaf-df31-4e85-92d6-a2e9d0d8fd08,ec80cbaf-df31-4e85-92d6-a2e9d0d8fd08-2-10,3,t,2026-04-17 06:10:17.806
d1175b15-eda3-4747-b3ec-578ba84b7ea2,ab13ef04-58e1-4218-8444-e601f4f26e84,ab13ef04-58e1-4218-8444-e601f4f26e84-2-21,3,t,2026-04-17 06:10:27.435
c1d16f18-99fa-4913-9411-3046f2cac211,225cdc74-4a73-45df-96ce-c26fb678a98c,225cdc74-4a73-45df-96ce-c26fb678a98c-2-9,3,t,2026-04-17 06:10:54.377
ead46408-5c42-402d-8ad0-585719b9a674,a6273f2e-938e-47c9-9e0b-0b191fe04bbc,a6273f2e-938e-47c9-9e0b-0b191fe04bbc-2-1,3,t,2026-04-17 06:15:40.552
70e5b251-ab33-408a-9ca7-8b94a3fac771,e6c53b0a-9366-4c09-b785-b8c47ae36ae6,e6c53b0a-9366-4c09-b785-b8c47ae36ae6-2-11,3,t,2026-04-17 06:11:05.937
1c3ea825-19d9-4761-9a1b-15cea4dec632,17476afe-7fbd-4f5a-8266-b5d92173f7ef,17476afe-7fbd-4f5a-8266-b5d92173f7ef-2-9,3,t,2026-04-17 06:11:26.124
cfde7734-2d34-4b50-a1c4-f6ffb2ea48e9,cbda3b01-8d5c-4bca-ae8c-9eef22d085da,cbda3b01-8d5c-4bca-ae8c-9eef22d085da-2-5,3,t,2026-04-17 06:12:08.741
fdc9287b-259d-4886-8af9-ac5645e787f7,5663fefd-383e-49e3-bcd7-1f674cd95c7d,5663fefd-383e-49e3-bcd7-1f674cd95c7d-2-6,3,t,2026-04-17 06:12:47.851
5cae7b51-b28e-4a58-b63b-ba24e6ca6925,94e0a1ce-4e5c-42f7-ac8b-81fe5a73d092,94e0a1ce-4e5c-42f7-ac8b-81fe5a73d092-2-1,3,t,2026-04-17 06:15:39.563
1f1d8f08-be9b-4720-b709-ff3b5619b720,b5c18032-e3ff-46d4-bdb3-a46fc1e56c63,b5c18032-e3ff-46d4-bdb3-a46fc1e56c63-2-4,3,t,2026-04-17 06:39:23.008
17699f79-73e2-4291-86d7-82b44ad4040e,4d3f423a-c600-42d2-86f0-0de47d3456dc,4d3f423a-c600-42d2-86f0-0de47d3456dc-2-2,0,f,2026-04-17 06:43:33.32
4a10946d-3a6d-4f87-9248-928aca1b2569,3aca3a95-3944-46d4-8994-95584b423788,3aca3a95-3944-46d4-8994-95584b423788-2-7,0,f,2026-04-17 05:41:58.156
6bc0bd0a-4926-4908-806f-beed565c43bc,82a0a7ec-c490-4171-9873-36d8cee8c75a,82a0a7ec-c490-4171-9873-36d8cee8c75a-2-1,1,f,2026-04-17 05:42:19.006
2000375f-63d1-4664-bd8b-ccec0ab88215,eb91535a-7a49-4274-ae12-72b9d659701a,eb91535a-7a49-4274-ae12-72b9d659701a-2-4,3,t,2026-04-17 05:45:56.891
9397153a-caca-4b8b-b71f-b2fb8921e063,18f92e5f-fecc-4dd4-8ee7-2e07fa3c333c,18f92e5f-fecc-4dd4-8ee7-2e07fa3c333c-2-0,0,f,2026-04-17 05:44:18.784
9fd41a8e-b8fb-4bff-83f9-53b0979d883e,3e558d2f-935d-4406-811a-651dc69cd6d0,3e558d2f-935d-4406-811a-651dc69cd6d0-2-21,3,t,2026-04-17 05:42:48.538
b1d7393f-af3e-487a-9578-3581733a2c54,7cec589b-5fc8-4f64-9cda-395495399298,7cec589b-5fc8-4f64-9cda-395495399298-2-1,3,t,2026-04-17 05:43:13.435
609441f7-f03c-4112-a0b2-e104d1c0cde0,1356a969-626a-495b-99a4-6f5c43d70c15,1356a969-626a-495b-99a4-6f5c43d70c15-2-12,0,f,2026-04-17 05:43:24.452
b2198865-8cf3-4462-b4a2-1e55810bc984,3876e3c3-2a12-42c0-adff-4fd8d449b392,3876e3c3-2a12-42c0-adff-4fd8d449b392-2-6,3,t,2026-04-17 05:43:26.503
eb036762-f1d0-4715-be0b-7e1d6975ab6b,43b58b90-a814-4efd-8874-a8c662e6b307,43b58b90-a814-4efd-8874-a8c662e6b307-2-4,0,f,2026-04-17 05:43:30.664
7071e2dd-a00e-4e15-b670-89fef357b312,256d4acd-1891-4ae4-a35f-20468f225bea,256d4acd-1891-4ae4-a35f-20468f225bea-2-4,3,t,2026-04-17 05:43:37.912
8c411567-8dbf-4db2-9bd6-46b1595fd011,9083c549-095d-4e81-9dfb-394c712ae770,9083c549-095d-4e81-9dfb-394c712ae770-2-1,3,t,2026-04-17 05:47:03.253
a334a361-2fb7-4715-8a21-b7c00c5909e8,a2542ae3-6418-4acc-b582-c612706dd9c6,a2542ae3-6418-4acc-b582-c612706dd9c6-2-9,0,f,2026-04-17 05:43:53.066
eae6ab49-6e24-463d-8c95-b42870f0e7e6,7254ea81-947c-4281-8c87-20180ade7d10,7254ea81-947c-4281-8c87-20180ade7d10-2-37,0,f,2026-04-17 05:43:57.891
643e1d86-72f7-49ba-96bd-d5e21b631987,dd06df73-9413-4079-a02a-bf2ca8cc7548,dd06df73-9413-4079-a02a-bf2ca8cc7548-2-6,3,t,2026-04-17 05:47:22.808
91d2d190-fa7e-4656-81da-43f03a23fb20,6d0d2ccc-0a0d-4ec6-882b-7f79393a6aed,6d0d2ccc-0a0d-4ec6-882b-7f79393a6aed-2-20,3,t,2026-04-17 05:45:31.482
596ec9a0-ab8f-4902-b40c-111c613dc3b3,0869a06e-cb17-4a50-a684-d9035dbf8e1d,0869a06e-cb17-4a50-a684-d9035dbf8e1d-2-6,3,t,2026-04-17 05:44:36.562
477abbae-29e7-41b4-afe7-821a7a21ea1e,7254ea81-947c-4281-8c87-20180ade7d10,7254ea81-947c-4281-8c87-20180ade7d10-2-38,0,f,2026-04-17 05:44:41.92
d2afd06f-9511-4baf-8319-ed5bbc8f79b0,43b58b90-a814-4efd-8874-a8c662e6b307,43b58b90-a814-4efd-8874-a8c662e6b307-2-3,3,t,2026-04-17 05:46:48.116
c04e46d1-4a60-4630-9941-ce41789d5e18,cbe0ad90-34bb-416d-a095-e7a77d7a439e,cbe0ad90-34bb-416d-a095-e7a77d7a439e-2-0,2,f,2026-04-17 05:44:49.992
2b7d5100-5d57-4bd0-8381-9113d810ce65,2b3ef407-4db1-4f33-af04-71e0b6c9841f,2b3ef407-4db1-4f33-af04-71e0b6c9841f-2-21,3,t,2026-04-17 05:44:57.498
024c6f37-aa48-4d67-8c24-51e4c9ad950c,3e558d2f-935d-4406-811a-651dc69cd6d0,3e558d2f-935d-4406-811a-651dc69cd6d0-2-23,3,t,2026-04-17 05:44:52.853
04960287-f3f2-4217-8d18-0a067843957e,7cec589b-5fc8-4f64-9cda-395495399298,7cec589b-5fc8-4f64-9cda-395495399298-2-2,3,t,2026-04-17 05:47:23.992
fd80b565-d4d7-432c-9ab9-2c740f520212,43b58b90-a814-4efd-8874-a8c662e6b307,43b58b90-a814-4efd-8874-a8c662e6b307-2-5,3,t,2026-04-17 05:45:02.511
f450a497-c789-40c7-b9fe-88fd95c93ed8,a5f0dbbf-8f52-4dba-8cfe-f9380f1dd904,a5f0dbbf-8f52-4dba-8cfe-f9380f1dd904-2-25,3,t,2026-04-17 08:28:05.884
8323d432-1912-4195-a245-78e7cc24a5a1,3af64616-321f-4bb3-ae52-5d26e4882017,3af64616-321f-4bb3-ae52-5d26e4882017-2-2,0,f,2026-04-17 05:45:03.681
9d7d6c3d-919d-4c7c-b3ce-bfa4e82cc644,3aca3a95-3944-46d4-8994-95584b423788,3aca3a95-3944-46d4-8994-95584b423788-2-10,0,f,2026-04-17 05:45:17.962
54d48d16-707d-41a2-8d44-36c43000fc85,f235b933-cb0a-42c0-8b77-c8bc8b19b4ac,f235b933-cb0a-42c0-8b77-c8bc8b19b4ac-2-6,3,t,2026-04-17 05:46:01.277
65ccd1cb-3f47-4fcf-8a3c-88bd7b32dc30,3d28097a-8ca1-4c1c-a5da-f112d629a3ee,3d28097a-8ca1-4c1c-a5da-f112d629a3ee-2-0,3,t,2026-04-17 05:45:35.551
a6596d7d-e6e0-4e84-8f12-adf505e2e139,17b83f64-278e-4ff9-b656-d45937dd4fc4,17b83f64-278e-4ff9-b656-d45937dd4fc4-2-4,3,t,2026-04-17 05:45:35.537
daf1058e-46cb-4ba7-ad40-6075ea8140c7,758d4512-2d75-4443-b903-0ede8435f62b,758d4512-2d75-4443-b903-0ede8435f62b-2-13,3,t,2026-04-17 05:45:52.134
fa391c79-7054-45dc-a2c2-4c00d4f0c8af,7810aaf2-8dd8-4d53-9477-5442f1103233,7810aaf2-8dd8-4d53-9477-5442f1103233-2-4,3,t,2026-04-17 05:46:35.997
31f3b690-7b04-4e77-a0b4-c0f4f9bc1400,f88312f6-fe65-4b39-806e-6c8511f826f6,f88312f6-fe65-4b39-806e-6c8511f826f6-2-7,3,t,2026-04-17 05:45:54.96
2c19143c-c155-4df8-a12e-6eb04b617fcd,eb91535a-7a49-4274-ae12-72b9d659701a,eb91535a-7a49-4274-ae12-72b9d659701a-2-5,0,f,2026-04-17 05:47:52.169
a0f96365-64bb-4c0f-90aa-22713ca2586c,89f3807f-dd13-4895-9f42-61aab40f51ef,89f3807f-dd13-4895-9f42-61aab40f51ef-2-12,3,t,2026-04-17 05:46:38.732
22adaf13-9bfb-49c0-9b45-55e4a1dbea29,1356a969-626a-495b-99a4-6f5c43d70c15,1356a969-626a-495b-99a4-6f5c43d70c15-2-13,3,t,2026-04-17 05:46:14.655
da2b299c-708f-4f52-8bcb-5c1ea484fee4,a7ea9885-a0e9-429d-a123-86fd1d284936,a7ea9885-a0e9-429d-a123-86fd1d284936-2-42,0,f,2026-04-17 05:46:27.241
47223e65-7fdd-41c5-a9f1-7909811e2031,5873ab9a-f10e-4a81-8745-0ca3b678dfb4,5873ab9a-f10e-4a81-8745-0ca3b678dfb4-2-0,3,t,2026-04-17 05:46:35.376
2d7a2ba5-b7eb-469c-a660-ba18aba26817,18f92e5f-fecc-4dd4-8ee7-2e07fa3c333c,18f92e5f-fecc-4dd4-8ee7-2e07fa3c333c-2-1,3,t,2026-04-17 05:47:39
b935388a-c39b-42d3-aac7-505c7c23d190,17b83f64-278e-4ff9-b656-d45937dd4fc4,17b83f64-278e-4ff9-b656-d45937dd4fc4-2-6,3,t,2026-04-17 05:47:26.878
69f82e29-66e0-4f01-a6ee-0d2e591bbf9c,c64b9907-39f1-49ff-9180-676cd2ef091e,c64b9907-39f1-49ff-9180-676cd2ef091e-2-0,0,f,2026-04-17 05:52:01.865
fb29c5f3-c269-43ec-b9ea-fd4233a46494,256d4acd-1891-4ae4-a35f-20468f225bea,256d4acd-1891-4ae4-a35f-20468f225bea-2-5,0,f,2026-04-17 05:46:47.173
ab8c5dd8-ff0c-4cc4-9d96-df0f18b023e6,26dad967-6886-4305-b385-3400cde5a964,26dad967-6886-4305-b385-3400cde5a964-2-1,3,t,2026-04-17 05:46:52.932
f4376718-24dc-4d12-9e15-fc307f53d9fb,e922a8ae-0187-4f08-8063-c13bf64596d5,e922a8ae-0187-4f08-8063-c13bf64596d5-2-2,0,f,2026-04-17 05:48:57.626
5024114a-74b6-42a3-a8f7-8b83015d6547,c621f240-1818-4eb4-95a0-149598a46ccc,c621f240-1818-4eb4-95a0-149598a46ccc-2-13,0,f,2026-04-17 05:48:03.646
dc89b0f6-0a94-44a6-af26-a68640035c26,8a75a075-a148-4c61-aa92-b475c2c819c4,8a75a075-a148-4c61-aa92-b475c2c819c4-2-11,0,f,2026-04-17 05:47:20.877
5484938f-416e-4170-b63c-1a0235f4a8d3,a2542ae3-6418-4acc-b582-c612706dd9c6,a2542ae3-6418-4acc-b582-c612706dd9c6-2-11,0,f,2026-04-17 05:47:57.185
de085eae-559b-45c9-ba36-c8466adab2a8,25496d33-4ff4-4289-8b2a-938186aff52c,25496d33-4ff4-4289-8b2a-938186aff52c-2-1,4,t,2026-04-17 05:50:43.028
6ce557b1-9563-4bbf-943d-8d79aac5c1b3,526f66f7-fc87-40b8-bdfa-8387b8452d16,526f66f7-fc87-40b8-bdfa-8387b8452d16-2-5,0,f,2026-04-17 06:17:12.969
ace6f0a0-42e3-4847-990e-eef678998208,7810aaf2-8dd8-4d53-9477-5442f1103233,7810aaf2-8dd8-4d53-9477-5442f1103233-2-5,0,f,2026-04-17 05:59:18.107
3d6e57f1-c541-4826-a0a3-13e61aa1a3b8,59941341-9846-4321-8821-f0eaa8f5e1d2,59941341-9846-4321-8821-f0eaa8f5e1d2-2-3,0,f,2026-04-17 05:47:09.098
28614244-6e13-4501-806e-e8d526d36a7d,cbe0ad90-34bb-416d-a095-e7a77d7a439e,cbe0ad90-34bb-416d-a095-e7a77d7a439e-2-29,0,f,2026-04-17 05:47:17.466
32b32e0b-53f6-442a-a70a-72a3b2b9da82,9083c549-095d-4e81-9dfb-394c712ae770,9083c549-095d-4e81-9dfb-394c712ae770-2-2,0,f,2026-04-17 05:49:37.151
88d765f9-4cb8-4b3f-9881-9015284fc993,3620ee77-307c-4613-b980-473ec2a7993c,3620ee77-307c-4613-b980-473ec2a7993c-2-47,0,f,2026-04-17 05:47:23.79
25649536-edc5-46ae-8dc6-f163c78c13e7,2b3ef407-4db1-4f33-af04-71e0b6c9841f,2b3ef407-4db1-4f33-af04-71e0b6c9841f-2-23,3,t,2026-04-17 05:48:09.622
bccce414-6139-4e14-9c9f-826394d53617,3c63949e-a037-42b9-87b9-5861735dc3ea,3c63949e-a037-42b9-87b9-5861735dc3ea-2-12,3,t,2026-04-17 05:47:25.788
58a5e08f-0189-4ae2-9abe-cf48a8fd45ae,cbe0ad90-34bb-416d-a095-e7a77d7a439e,cbe0ad90-34bb-416d-a095-e7a77d7a439e-2-32,1,f,2026-04-17 05:48:09.784
91833a83-7d8a-499d-8ee8-af7b6996c022,0869a06e-cb17-4a50-a684-d9035dbf8e1d,0869a06e-cb17-4a50-a684-d9035dbf8e1d-2-5,0,f,2026-04-17 05:52:26.462
aa00d47e-7d24-48aa-b8e2-0aa2994923d7,3af64616-321f-4bb3-ae52-5d26e4882017,3af64616-321f-4bb3-ae52-5d26e4882017-2-3,3,t,2026-04-17 05:50:03.505
7c149f3a-5001-4f2d-b691-82be2dbc188a,3d28097a-8ca1-4c1c-a5da-f112d629a3ee,3d28097a-8ca1-4c1c-a5da-f112d629a3ee-2-1,3,t,2026-04-17 05:47:40.347
08b2cf96-853e-409a-b042-11aa319a71fa,256d4acd-1891-4ae4-a35f-20468f225bea,256d4acd-1891-4ae4-a35f-20468f225bea-2-6,3,t,2026-04-17 05:47:42.061
e344ac9e-49a8-40cd-b821-ebca763db205,c64b9907-39f1-49ff-9180-676cd2ef091e,c64b9907-39f1-49ff-9180-676cd2ef091e-2-2,3,t,2026-04-17 05:52:49.634
d5632235-4563-4680-a471-6214f8ed5528,8d1d649d-097a-4464-9bcd-a5d62957395a,8d1d649d-097a-4464-9bcd-a5d62957395a-2-4,3,t,2026-04-17 05:47:57.239
dc813018-50f0-4898-a2c1-d9a76858b096,256d4acd-1891-4ae4-a35f-20468f225bea,256d4acd-1891-4ae4-a35f-20468f225bea-2-7,3,t,2026-04-17 05:49:23.333
906b3415-783e-4078-9528-1194a7392fa2,41381924-e27e-4530-9a9c-d8e32f9c1f21,41381924-e27e-4530-9a9c-d8e32f9c1f21-2-37,0,f,2026-04-17 05:47:58.258
7eb792aa-9231-473b-9057-78e0d050e935,5873ab9a-f10e-4a81-8745-0ca3b678dfb4,5873ab9a-f10e-4a81-8745-0ca3b678dfb4-2-1,3,t,2026-04-17 05:47:58.308
b7303e47-a894-428e-a691-2508200ae71f,43b58b90-a814-4efd-8874-a8c662e6b307,43b58b90-a814-4efd-8874-a8c662e6b307-2-6,3,t,2026-04-17 05:48:54.306
29e3c482-aeed-4c14-a284-fff2b4dabe9c,f235b933-cb0a-42c0-8b77-c8bc8b19b4ac,f235b933-cb0a-42c0-8b77-c8bc8b19b4ac-2-7,3,t,2026-04-17 05:51:31.116
4a444944-ab40-4a62-a966-07f04f71c1d9,6c9af11c-864f-4cc7-9e05-bd732e00764f,6c9af11c-864f-4cc7-9e05-bd732e00764f-2-7,3,t,2026-04-17 05:49:57.975
b83646de-3ec1-434f-9082-c6f3b47c157a,3620ee77-307c-4613-b980-473ec2a7993c,3620ee77-307c-4613-b980-473ec2a7993c-2-51,0,f,2026-04-17 05:49:09.344
1bf1c0da-28a2-4119-8dfa-046996f1f683,c9aa0ac1-2be7-4242-bdb9-cbdcd2e304b9,c9aa0ac1-2be7-4242-bdb9-cbdcd2e304b9-2-6,1,f,2026-04-17 05:49:09.607
f9ff032c-1b41-4cea-9cd5-65e28d8120b9,17b83f64-278e-4ff9-b656-d45937dd4fc4,17b83f64-278e-4ff9-b656-d45937dd4fc4-2-7,3,t,2026-04-17 06:02:46.347
d62fd35b-6af5-4246-9139-d899039c68f2,a2542ae3-6418-4acc-b582-c612706dd9c6,a2542ae3-6418-4acc-b582-c612706dd9c6-2-12,3,t,2026-04-17 05:51:54.7
9a4cb39e-0f5e-4268-98bc-49688da6bd66,2b3ef407-4db1-4f33-af04-71e0b6c9841f,2b3ef407-4db1-4f33-af04-71e0b6c9841f-2-25,3,t,2026-04-17 05:50:05.055
a7656327-b9cb-4b51-8af0-fd25eab911fc,3c63949e-a037-42b9-87b9-5861735dc3ea,3c63949e-a037-42b9-87b9-5861735dc3ea-2-14,3,t,2026-04-17 05:49:28.889
733d4ed7-65f2-474e-b934-282a57e7a0b6,d52e7e29-850a-492d-bf99-f316b04c7710,d52e7e29-850a-492d-bf99-f316b04c7710-2-0,3,t,2026-04-17 05:50:17.835
7aa33da8-c45f-47be-8080-6fbbc13b7c80,3d28097a-8ca1-4c1c-a5da-f112d629a3ee,3d28097a-8ca1-4c1c-a5da-f112d629a3ee-2-2,3,t,2026-04-17 05:49:41.695
65382a5b-58a4-4ed0-b7f5-c3064a8d1777,18cf4c3b-7af3-46c0-9727-e496dab0ff31,18cf4c3b-7af3-46c0-9727-e496dab0ff31-2-10,3,t,2026-04-17 05:51:13.276
5e35061b-2718-4f73-9b51-27a86c1b6217,8a75a075-a148-4c61-aa92-b475c2c819c4,8a75a075-a148-4c61-aa92-b475c2c819c4-2-13,0,f,2026-04-17 05:49:44.608
52046fd6-ed0b-4414-a5f8-8e338ec3fbc5,3c63949e-a037-42b9-87b9-5861735dc3ea,3c63949e-a037-42b9-87b9-5861735dc3ea-2-16,3,t,2026-04-17 05:50:27.902
d93b7076-9e52-42f8-9aba-6051350e4128,59941341-9846-4321-8821-f0eaa8f5e1d2,59941341-9846-4321-8821-f0eaa8f5e1d2-2-6,3,t,2026-04-17 05:49:50.861
7d43b94f-ea69-45fb-9945-89b60f2c7235,526f66f7-fc87-40b8-bdfa-8387b8452d16,526f66f7-fc87-40b8-bdfa-8387b8452d16-2-4,3,t,2026-04-17 05:50:01.486
ed3072be-44bd-4333-9438-074a4092cec5,0869a06e-cb17-4a50-a684-d9035dbf8e1d,0869a06e-cb17-4a50-a684-d9035dbf8e1d-2-10,3,t,2026-04-17 05:50:38.371
55c83174-3a97-49f6-95fd-205b0b16d882,7810aaf2-8dd8-4d53-9477-5442f1103233,7810aaf2-8dd8-4d53-9477-5442f1103233-2-6,3,t,2026-04-17 05:50:52.866
410fbd8a-e521-4c7d-a936-55befe8df371,f88312f6-fe65-4b39-806e-6c8511f826f6,f88312f6-fe65-4b39-806e-6c8511f826f6-2-48,4,t,2026-04-17 05:50:06.738
96f22798-50f9-436c-aaed-69c604e55536,3876e3c3-2a12-42c0-adff-4fd8d449b392,3876e3c3-2a12-42c0-adff-4fd8d449b392-2-9,3,t,2026-04-17 05:52:19.788
0e248538-0fd0-4d3e-8c66-a5533756f358,6d0d2ccc-0a0d-4ec6-882b-7f79393a6aed,6d0d2ccc-0a0d-4ec6-882b-7f79393a6aed-2-57,0,f,2026-04-17 06:14:32.789
6d47b385-fc9f-40d7-95ea-fbb502faa564,3620ee77-307c-4613-b980-473ec2a7993c,3620ee77-307c-4613-b980-473ec2a7993c-2-54,0,f,2026-04-17 05:50:30.325
30f2f81a-61dc-4f0c-99de-0d1a38edd285,4d2752ef-b567-4dae-9204-7690e7a23d90,4d2752ef-b567-4dae-9204-7690e7a23d90-2-6,2,f,2026-04-17 05:50:36.231
fb4326f6-0d18-4737-9a46-4ee85586d8e5,c9aa0ac1-2be7-4242-bdb9-cbdcd2e304b9,c9aa0ac1-2be7-4242-bdb9-cbdcd2e304b9-2-0,0,f,2026-04-17 05:50:54.81
e5e5d2b6-8fe9-4812-a3eb-c8e04a81e370,256d4acd-1891-4ae4-a35f-20468f225bea,256d4acd-1891-4ae4-a35f-20468f225bea-2-8,0,f,2026-04-17 05:51:04.077
cb05b86b-bec1-40f6-a1fd-f70a070fd0e3,8945559a-2ee7-494a-a731-9ac05c4dad8f,8945559a-2ee7-494a-a731-9ac05c4dad8f-2-87,3,t,2026-04-17 05:51:30.474
e63763dc-bf01-4f17-93bc-508f5b665b48,f60012f6-9851-4e55-985a-ec6175dd404c,f60012f6-9851-4e55-985a-ec6175dd404c-2-0,2,f,2026-04-17 05:54:15.431
1853cf7e-022a-43ff-9738-5e7ba6b480f3,8292e6da-da36-4c69-bb20-c9b6f9c2c3ee,8292e6da-da36-4c69-bb20-c9b6f9c2c3ee-2-5,3,t,2026-04-17 05:58:05.934
7ca47308-fab7-4a7b-bd27-a510684f0b69,4d2752ef-b567-4dae-9204-7690e7a23d90,4d2752ef-b567-4dae-9204-7690e7a23d90-2-9,3,t,2026-04-17 05:57:56.96
863d4160-40d4-43a0-bd2d-1231a68d2dbc,1cd91501-a12a-4a2d-ad0a-223a4c5e5f44,1cd91501-a12a-4a2d-ad0a-223a4c5e5f44-2-1,0,f,2026-04-17 06:06:34.979
eaa97d4e-bab8-4a9d-beb9-5abac714c819,9fbae194-6ae8-4f9d-82b8-efe60c2de378,9fbae194-6ae8-4f9d-82b8-efe60c2de378-2-32,0,f,2026-04-17 06:11:55.252
ea0bb6fe-5910-44e7-85f7-0bb821371bc8,1545b7f2-2a7b-4355-b97c-111a6091093e,1545b7f2-2a7b-4355-b97c-111a6091093e-2-2,3,t,2026-04-17 06:08:16.143
ab4dac83-d5d3-4972-ba40-d950a3ba0fd4,2c0f5ae2-6cd8-4af1-aac1-2c0d756c3f64,2c0f5ae2-6cd8-4af1-aac1-2c0d756c3f64-2-6,3,t,2026-04-17 06:00:15.234
0f4c3836-5ff0-422f-a03d-0540f1e739d2,2b4d89f5-ef05-41f0-a8c2-1ae2c2738ce4,2b4d89f5-ef05-41f0-a8c2-1ae2c2738ce4-2-26,3,t,2026-04-17 06:03:04.21
faced091-a283-43ad-a2ab-a2420eba4f09,89f3807f-dd13-4895-9f42-61aab40f51ef,89f3807f-dd13-4895-9f42-61aab40f51ef-2-22,3,t,2026-04-17 06:00:32.883
5a5cfe5f-ff27-44c3-a7f3-9806348a0bff,1356a969-626a-495b-99a4-6f5c43d70c15,1356a969-626a-495b-99a4-6f5c43d70c15-2-19,0,f,2026-04-17 06:03:29.756
7b376efc-0685-4635-b638-2198870268d6,7cec589b-5fc8-4f64-9cda-395495399298,7cec589b-5fc8-4f64-9cda-395495399298-2-9,0,f,2026-04-17 06:03:52.846
d87947af-fd08-451e-a3dc-4035f88ea999,f235b933-cb0a-42c0-8b77-c8bc8b19b4ac,f235b933-cb0a-42c0-8b77-c8bc8b19b4ac-2-18,3,t,2026-04-17 06:03:54.316
b8e4d1cc-1812-4e56-b285-a3935a7efd37,43b58b90-a814-4efd-8874-a8c662e6b307,43b58b90-a814-4efd-8874-a8c662e6b307-2-69,0,f,2026-04-17 06:12:31.593
6068384b-1c67-4040-b154-21981ad68aef,c64b9907-39f1-49ff-9180-676cd2ef091e,c64b9907-39f1-49ff-9180-676cd2ef091e-2-6,3,t,2026-04-17 06:08:30.912
0093039f-a7d6-4b08-baea-d54b2e98d0eb,bf03ae65-a3e8-464a-80ef-12d8d6863c89,bf03ae65-a3e8-464a-80ef-12d8d6863c89-2-1,3,t,2026-04-17 06:08:36.56
928fa361-7a11-46d5-970f-03d88d529d88,3c63949e-a037-42b9-87b9-5861735dc3ea,3c63949e-a037-42b9-87b9-5861735dc3ea-2-28,4,t,2026-04-17 06:04:27.468
09c9c159-052d-41bd-ae49-c5cd9fddf463,256d4acd-1891-4ae4-a35f-20468f225bea,256d4acd-1891-4ae4-a35f-20468f225bea-2-32,3,t,2026-04-17 06:15:37.45
00db8c1f-79bd-4748-a9a0-4a8c60400ba6,e8fbe795-ef25-4d0c-98c0-be35fffe6b50,e8fbe795-ef25-4d0c-98c0-be35fffe6b50-2-3,2,f,2026-04-17 06:05:26.935
55157121-9f32-4bef-9481-e54fe4498a55,aa5b0880-4be5-4046-8abd-4dc20479813a,aa5b0880-4be5-4046-8abd-4dc20479813a-2-0,3,t,2026-04-17 06:05:31.086
e6659c28-877e-4fae-8eb7-e9f044cdf940,ee5ab438-fa9f-43ce-88bf-1ad79d6fda42,ee5ab438-fa9f-43ce-88bf-1ad79d6fda42-2-0,0,f,2026-04-17 06:09:00.951
c3c9c6e4-1b5c-4729-8722-15faf3a06263,8feab4a3-20e4-48ff-b9ea-a9cc612ef8cc,8feab4a3-20e4-48ff-b9ea-a9cc612ef8cc-2-2,3,t,2026-04-17 06:06:35.679
ad0ef632-2e1d-46bc-980d-8d46be480cc6,eb91535a-7a49-4274-ae12-72b9d659701a,eb91535a-7a49-4274-ae12-72b9d659701a-2-21,3,t,2026-04-17 06:14:33.669
455cc481-7f3f-4a6c-95c4-36f541a03e81,e922a8ae-0187-4f08-8063-c13bf64596d5,e922a8ae-0187-4f08-8063-c13bf64596d5-2-13,3,t,2026-04-17 06:09:00.928
128b0926-24e6-4bf2-b16d-416bb7640d4f,3e558d2f-935d-4406-811a-651dc69cd6d0,3e558d2f-935d-4406-811a-651dc69cd6d0-2-77,3,t,2026-04-17 06:07:36.283
24ca0909-8c65-465b-b606-a5c893caee14,43b58b90-a814-4efd-8874-a8c662e6b307,43b58b90-a814-4efd-8874-a8c662e6b307-2-61,0,f,2026-04-17 09:13:56.022
5ed7817b-c966-4e31-888f-9bd8c469f2b4,adcdac03-fd4a-40b5-9eec-3f2d9ff6cef0,adcdac03-fd4a-40b5-9eec-3f2d9ff6cef0-2-32,0,f,2026-04-17 06:09:08.552
da389e39-d786-42eb-976d-f60c48e9e7db,ec80cbaf-df31-4e85-92d6-a2e9d0d8fd08,ec80cbaf-df31-4e85-92d6-a2e9d0d8fd08-2-9,3,t,2026-04-17 06:08:04.123
e38a94cb-a4f6-4ad1-813c-2111c8f6ef2d,3876e3c3-2a12-42c0-adff-4fd8d449b392,3876e3c3-2a12-42c0-adff-4fd8d449b392-2-26,3,t,2026-04-17 06:13:15.485
2901405b-aac2-40fa-bce4-77e90f139197,c9aa0ac1-2be7-4242-bdb9-cbdcd2e304b9,c9aa0ac1-2be7-4242-bdb9-cbdcd2e304b9-2-43,0,f,2026-04-17 06:10:20.199
acdc8da6-242b-48e8-a959-ae6ce4dc4657,256d4acd-1891-4ae4-a35f-20468f225bea,256d4acd-1891-4ae4-a35f-20468f225bea-2-27,3,t,2026-04-17 06:13:22.377
717bce7d-4683-4f33-aa3d-c1469138d252,7810aaf2-8dd8-4d53-9477-5442f1103233,7810aaf2-8dd8-4d53-9477-5442f1103233-2-22,3,t,2026-04-17 06:11:02.29
3e7a7dfa-59d0-4f87-b1b2-0cbce0e3e425,abe25cb7-cd1a-468c-b012-83d3b6052f26,abe25cb7-cd1a-468c-b012-83d3b6052f26-2-0,0,f,2026-04-17 06:11:49.911
180c406a-78d1-4544-9ae3-a71649129517,bbf30bbe-45d5-4dec-b2b3-f903b2d10658,bbf30bbe-45d5-4dec-b2b3-f903b2d10658-2-77,0,f,2026-04-17 08:28:08.885
844ac919-96eb-4045-abfc-d323ee4cb0ef,3fc1d6d8-f233-4747-9d30-d71bc86ce051,3fc1d6d8-f233-4747-9d30-d71bc86ce051-2-2,1,f,2026-04-17 06:16:05.173
63814aee-b282-4c79-b5e0-d58bb844fdae,7cec589b-5fc8-4f64-9cda-395495399298,7cec589b-5fc8-4f64-9cda-395495399298-2-14,3,t,2026-04-17 06:14:10.576
82fceca6-94d2-4a3c-a1e1-b3df6bf416e4,3620ee77-307c-4613-b980-473ec2a7993c,3620ee77-307c-4613-b980-473ec2a7993c-2-12,0,f,2026-04-17 06:14:30.073
a82884f9-5cc6-4e27-9748-e8fdef45984a,3c63949e-a037-42b9-87b9-5861735dc3ea,3c63949e-a037-42b9-87b9-5861735dc3ea-2-37,6,t,2026-04-17 06:14:43.985
157ccc59-7e8d-47cf-bcaf-be0e04edab1b,25496d33-4ff4-4289-8b2a-938186aff52c,25496d33-4ff4-4289-8b2a-938186aff52c-2-21,3,t,2026-04-17 06:18:36.075
2e00ae8d-4e09-4920-826b-e981f0ddd09b,7928bd8f-719e-4964-a213-83ad1c372dd8,7928bd8f-719e-4964-a213-83ad1c372dd8-2-2,3,t,2026-04-17 06:16:34.305
323f9bd4-b352-40af-96b5-bb98d8852d8c,306784ba-a4aa-4dd4-a0a6-5b439490c046,306784ba-a4aa-4dd4-a0a6-5b439490c046-2-9,3,t,2026-04-17 06:16:55.868
b56b5dce-82af-41a7-841e-ace9ac4df34d,3c63949e-a037-42b9-87b9-5861735dc3ea,3c63949e-a037-42b9-87b9-5861735dc3ea-2-39,0,f,2026-04-17 06:17:03.881
8b5cd85a-1dc0-44d1-ad6b-91e265e26e83,3ae02e13-c575-4d19-8f56-26cf29c42768,3ae02e13-c575-4d19-8f56-26cf29c42768-2-5,0,f,2026-04-17 06:17:06.291
1281fc61-d1aa-4b83-8300-d1891853b35f,8945559a-2ee7-494a-a731-9ac05c4dad8f,8945559a-2ee7-494a-a731-9ac05c4dad8f-2-106,2,f,2026-04-17 06:17:06.475
d78d5d0a-a739-4037-8cf7-24b5438853f5,15ef0388-6643-4e15-aae0-5bff9c5c6687,15ef0388-6643-4e15-aae0-5bff9c5c6687-2-5,3,t,2026-04-17 06:17:15.64
0cb2af2e-10fa-431d-b811-46cff10ff2af,adcdac03-fd4a-40b5-9eec-3f2d9ff6cef0,adcdac03-fd4a-40b5-9eec-3f2d9ff6cef0-2-9,1,f,2026-04-17 06:17:16.911
07a5fd97-4ba2-4b2e-a195-be2cb63b1dbc,cbda3b01-8d5c-4bca-ae8c-9eef22d085da,cbda3b01-8d5c-4bca-ae8c-9eef22d085da-2-6,1,f,2026-04-17 06:17:20.886
fc7b0963-4ef4-4059-880a-f064b17c9ea8,e7c59bf7-cc28-469f-af2e-1033af751ce0,e7c59bf7-cc28-469f-af2e-1033af751ce0-2-6,2,f,2026-04-17 06:17:39.472
227e038b-aa2c-4bf6-8e38-cbc3db8bdffc,eb91535a-7a49-4274-ae12-72b9d659701a,eb91535a-7a49-4274-ae12-72b9d659701a-2-25,3,t,2026-04-17 06:18:13.274
86b022f6-4598-4af7-8131-bb1c1545d5bb,b5c18032-e3ff-46d4-bdb3-a46fc1e56c63,b5c18032-e3ff-46d4-bdb3-a46fc1e56c63-2-6,3,t,2026-04-17 06:46:16.644
af45e2ad-b7d9-4862-919f-3a40f524f27a,ac71a408-3d15-487c-9d18-7a32874fc650,ac71a408-3d15-487c-9d18-7a32874fc650-2-4,0,f,2026-04-17 06:19:08.674
f3f2e627-7636-4b4f-bca7-00feda282376,309a79fd-a921-42f0-a876-2dc1c27919af,309a79fd-a921-42f0-a876-2dc1c27919af-2-2,0,f,2026-04-17 06:38:43.285
dd0bc3a0-2dd4-46f5-93e6-227fcdd45977,a051447d-a025-45c9-9651-5db3e0ed1ca1,a051447d-a025-45c9-9651-5db3e0ed1ca1-2-6,1,f,2026-04-17 05:50:20.239
b9d39bd1-393b-45c8-b7f5-f1c4b997b342,4868945e-d1c2-4895-946c-d603709e8edf,4868945e-d1c2-4895-946c-d603709e8edf-2-11,0,f,2026-04-17 06:18:01.548
e414201f-9d8d-4bb1-8e88-18271015a0f1,41381924-e27e-4530-9a9c-d8e32f9c1f21,41381924-e27e-4530-9a9c-d8e32f9c1f21-2-58,0,f,2026-04-17 06:00:32.626
1911ed76-55ab-4733-b1e3-13e14b338268,eb91535a-7a49-4274-ae12-72b9d659701a,eb91535a-7a49-4274-ae12-72b9d659701a-2-11,0,f,2026-04-17 06:01:19.88
2e4581a3-4d7c-4926-8d68-d36aad280406,25496d33-4ff4-4289-8b2a-938186aff52c,25496d33-4ff4-4289-8b2a-938186aff52c-2-6,3,t,2026-04-17 06:03:19.541
6b881468-a5ba-4f1a-b18c-7de0894e9554,2b3ef407-4db1-4f33-af04-71e0b6c9841f,2b3ef407-4db1-4f33-af04-71e0b6c9841f-2-148,3,t,2026-04-17 06:02:12.455
78094ee7-3282-4c7a-bd55-2061957255a6,bd28d0ed-c914-4e53-b477-a5a3808a3e8d,bd28d0ed-c914-4e53-b477-a5a3808a3e8d-2-3,0,f,2026-04-17 06:02:47.025
b9cd8ade-f77d-4fbd-9366-4b9de2933d2d,3876e3c3-2a12-42c0-adff-4fd8d449b392,3876e3c3-2a12-42c0-adff-4fd8d449b392-2-24,3,t,2026-04-17 06:09:50.911
d99dcd77-7241-4bd9-8f62-041ab0d08f74,256d4acd-1891-4ae4-a35f-20468f225bea,256d4acd-1891-4ae4-a35f-20468f225bea-2-19,3,t,2026-04-17 06:04:12.165
0227268b-d04e-4d81-9617-d4e95260b07e,4d2752ef-b567-4dae-9204-7690e7a23d90,4d2752ef-b567-4dae-9204-7690e7a23d90-2-21,0,f,2026-04-17 06:10:08.994
c12d4e3a-4832-4802-a85b-74e997caec3d,5873ab9a-f10e-4a81-8745-0ca3b678dfb4,5873ab9a-f10e-4a81-8745-0ca3b678dfb4-2-47,0,f,2026-04-17 06:10:19.597
dca11249-8141-4f83-9f1e-13c0a945b1ad,4d2752ef-b567-4dae-9204-7690e7a23d90,4d2752ef-b567-4dae-9204-7690e7a23d90-2-27,4,t,2026-04-17 06:04:30.553
493796e8-93e9-4d23-b054-06676f4bd43b,2b8e121d-6660-4971-b514-d55a5ff3b6bc,2b8e121d-6660-4971-b514-d55a5ff3b6bc-2-0,3,t,2026-04-17 06:05:32.176
4f1a2f96-95ba-430c-98ae-184cc193fdfb,3e558d2f-935d-4406-811a-651dc69cd6d0,3e558d2f-935d-4406-811a-651dc69cd6d0-2-102,3,t,2026-04-17 06:11:06.428
8940a378-0e34-429a-8891-1479fbd9685d,f18dfe31-9680-4f29-aba5-7726a2b296bf,f18dfe31-9680-4f29-aba5-7726a2b296bf-2-1,3,t,2026-04-17 06:06:25.03
fe07adeb-1941-47e4-9e10-1d27ca24f7be,7254ea81-947c-4281-8c87-20180ade7d10,7254ea81-947c-4281-8c87-20180ade7d10-2-106,0,f,2026-04-17 06:06:56.173
544e6666-c4b5-412f-b95b-9412bd7ce322,8a75a075-a148-4c61-aa92-b475c2c819c4,8a75a075-a148-4c61-aa92-b475c2c819c4-2-32,0,f,2026-04-17 06:16:16.733
5316be97-75cc-4cbf-b325-95e6b70721d9,a6273f2e-938e-47c9-9e0b-0b191fe04bbc,a6273f2e-938e-47c9-9e0b-0b191fe04bbc-2-0,3,t,2026-04-17 06:07:55.397
16ca46ef-d68c-460d-baf0-a4d0241a4e50,bd28d0ed-c914-4e53-b477-a5a3808a3e8d,bd28d0ed-c914-4e53-b477-a5a3808a3e8d-2-10,3,t,2026-04-17 06:14:49.065
eb0c6b3d-746a-4f80-875c-0795cb0bbd94,15ef0388-6643-4e15-aae0-5bff9c5c6687,15ef0388-6643-4e15-aae0-5bff9c5c6687-2-1,3,t,2026-04-17 06:11:08.056
6462250d-15e8-41b9-a8fe-0341d89faead,4868945e-d1c2-4895-946c-d603709e8edf,4868945e-d1c2-4895-946c-d603709e8edf-2-3,3,t,2026-04-17 06:08:09.052
820984f0-24d2-4edd-bdf1-5c33e77ee813,f3322c05-95af-46a3-9829-40332a2135a6,f3322c05-95af-46a3-9829-40332a2135a6-2-5,3,t,2026-04-17 06:17:04.967
3426a0bf-1931-4685-8472-950d5a6042f5,1daaac2e-a8cd-417f-8c9f-827df7a64dcf,1daaac2e-a8cd-417f-8c9f-827df7a64dcf-2-2,3,t,2026-04-17 06:09:04.913
2a330e4c-5a9a-463f-a9ca-0198f2ffecda,15ef0388-6643-4e15-aae0-5bff9c5c6687,15ef0388-6643-4e15-aae0-5bff9c5c6687-2-2,3,t,2026-04-17 06:11:54.407
ccdbc1af-998c-49d6-b160-eaa2421f91c6,89f3807f-dd13-4895-9f42-61aab40f51ef,89f3807f-dd13-4895-9f42-61aab40f51ef-2-34,3,t,2026-04-17 06:09:15.124
c73bece7-bd2e-4c94-b958-cdfb22034ca3,17b83f64-278e-4ff9-b656-d45937dd4fc4,17b83f64-278e-4ff9-b656-d45937dd4fc4-2-28,0,f,2026-04-17 06:14:59.713
c93b72e0-db8b-4b2b-9193-8807824930af,3876e3c3-2a12-42c0-adff-4fd8d449b392,3876e3c3-2a12-42c0-adff-4fd8d449b392-2-25,3,t,2026-04-17 06:12:33.028
2255b2bc-c9aa-484a-a40f-e08422548080,2c0f5ae2-6cd8-4af1-aac1-2c0d756c3f64,2c0f5ae2-6cd8-4af1-aac1-2c0d756c3f64-2-20,0,f,2026-04-17 06:15:22.708
5c97eb08-ad4f-449f-b2e2-42594559d641,8945559a-2ee7-494a-a731-9ac05c4dad8f,8945559a-2ee7-494a-a731-9ac05c4dad8f-2-61,0,f,2026-04-17 06:15:29.644
32692f31-a4bc-4135-abd8-f217a8735719,a1de7324-fce1-4e29-af3e-9fad6f7c9cf6,a1de7324-fce1-4e29-af3e-9fad6f7c9cf6-2-0,1,f,2026-04-17 06:15:31.552
fc2facc9-5e39-4eb5-bf05-2f6789d01ebb,bf03ae65-a3e8-464a-80ef-12d8d6863c89,bf03ae65-a3e8-464a-80ef-12d8d6863c89-2-6,3,t,2026-04-17 06:15:59.648
78123f68-acb9-4217-a920-b041d4785b5a,9083c549-095d-4e81-9dfb-394c712ae770,9083c549-095d-4e81-9dfb-394c712ae770-2-47,0,f,2026-04-17 06:16:04.058
2e428428-b235-4913-bdc0-0800df0b7b80,bebf3401-3417-48f1-a3cb-dbaf147cb297,bebf3401-3417-48f1-a3cb-dbaf147cb297-2-42,0,f,2026-04-17 06:16:08.14
c6af3bfe-4bd3-4f8e-b8c2-f3cf5ae442f8,8f893900-33b1-466b-aa6a-a878ab337074,8f893900-33b1-466b-aa6a-a878ab337074-2-5,0,f,2026-04-17 06:17:05.939
9a8b9e57-bfb5-482d-b5a8-d4aed64b044a,2c0f5ae2-6cd8-4af1-aac1-2c0d756c3f64,2c0f5ae2-6cd8-4af1-aac1-2c0d756c3f64-2-22,3,t,2026-04-17 06:16:41.862
82b8c1f0-bd07-4ca5-9b5a-54f4b6663110,3c63949e-a037-42b9-87b9-5861735dc3ea,3c63949e-a037-42b9-87b9-5861735dc3ea-2-33,3,t,2026-04-17 06:16:15.409
5cbac821-266c-4ee5-b03b-94c3a8df2a40,00e05954-4303-4f5e-a0ba-efdcebe2e0fb,00e05954-4303-4f5e-a0ba-efdcebe2e0fb-2-40,0,f,2026-04-17 06:16:42.911
e90f0550-c096-4a36-b903-03dc843092ac,6c9af11c-864f-4cc7-9e05-bd732e00764f,6c9af11c-864f-4cc7-9e05-bd732e00764f-2-15,0,f,2026-04-17 06:16:49.601
bf4726a8-5d9d-455c-91b9-ef2689024908,9083c549-095d-4e81-9dfb-394c712ae770,9083c549-095d-4e81-9dfb-394c712ae770-2-48,3,t,2026-04-17 06:17:08.418
2b81b107-121b-4a90-8277-37191e4dedce,f235b933-cb0a-42c0-8b77-c8bc8b19b4ac,f235b933-cb0a-42c0-8b77-c8bc8b19b4ac-2-5,0,f,2026-04-17 06:17:11.163
b5f6ac20-1155-4dfc-ba79-ce97aee8ce82,9a180759-f7be-4da8-b739-b40688b5853b,9a180759-f7be-4da8-b739-b40688b5853b-2-3,3,t,2026-04-17 06:17:28.726
8786087d-9bc4-4590-b794-2d9d65f7bfc7,1cd91501-a12a-4a2d-ad0a-223a4c5e5f44,1cd91501-a12a-4a2d-ad0a-223a4c5e5f44-2-13,3,t,2026-04-17 06:17:13.58
483eb6a5-92af-409e-8127-214ba4f4eb7c,2b6b5f05-2f37-4d80-a478-b16e450f3358,2b6b5f05-2f37-4d80-a478-b16e450f3358-2-6,3,t,2026-04-17 06:18:34.236
e720ce0c-d455-4004-a67a-fa3cf1a7d01b,a7ea9885-a0e9-429d-a123-86fd1d284936,a7ea9885-a0e9-429d-a123-86fd1d284936-2-1,0,f,2026-04-17 06:17:27.826
dc6b2dfc-01b0-4495-b517-c01926d06039,6e3d1f5e-26fe-4e3d-a8af-c39583f2fce2,6e3d1f5e-26fe-4e3d-a8af-c39583f2fce2-2-3,3,t,2026-04-17 06:19:18.897
d6580981-a2a9-4817-bc01-283910c1a8c6,f18dfe31-9680-4f29-aba5-7726a2b296bf,f18dfe31-9680-4f29-aba5-7726a2b296bf-2-4,0,f,2026-04-17 06:18:40.98
f732ac57-543d-4cc1-8bc5-74c327373958,ac71a408-3d15-487c-9d18-7a32874fc650,ac71a408-3d15-487c-9d18-7a32874fc650-2-2,0,f,2026-04-17 06:18:03.391
4e8613cb-ca1f-4721-9774-76f703dbb43a,e922a8ae-0187-4f08-8063-c13bf64596d5,e922a8ae-0187-4f08-8063-c13bf64596d5-2-4,0,f,2026-04-17 05:51:37.616
8a74d1f4-5286-43df-ae02-dc295c941fd9,4868945e-d1c2-4895-946c-d603709e8edf,4868945e-d1c2-4895-946c-d603709e8edf-2-0,0,f,2026-04-17 05:56:40.264
88178931-9cbc-43a7-9376-5b98764d031b,3e558d2f-935d-4406-811a-651dc69cd6d0,3e558d2f-935d-4406-811a-651dc69cd6d0-2-67,0,f,2026-04-17 06:03:37.476
87d10eca-2f53-460b-8fea-323ab94f3027,17b83f64-278e-4ff9-b656-d45937dd4fc4,17b83f64-278e-4ff9-b656-d45937dd4fc4-2-16,3,t,2026-04-17 05:59:54.759
62bbe9d9-6617-4f6e-b48b-78bd9a410e6c,7254ea81-947c-4281-8c87-20180ade7d10,7254ea81-947c-4281-8c87-20180ade7d10-2-104,0,f,2026-04-17 06:00:41.278
89e8e075-a26b-4495-9b71-2120a8ffb335,1545b7f2-2a7b-4355-b97c-111a6091093e,1545b7f2-2a7b-4355-b97c-111a6091093e-2-1,0,f,2026-04-17 06:05:10.191
1d097a1f-0771-47f9-b46a-e6685b7d8982,1356a969-626a-495b-99a4-6f5c43d70c15,1356a969-626a-495b-99a4-6f5c43d70c15-2-18,3,t,2026-04-17 06:01:28.081
0e6be77d-6f79-4632-91c4-7fd895af940d,17b83f64-278e-4ff9-b656-d45937dd4fc4,17b83f64-278e-4ff9-b656-d45937dd4fc4-2-19,0,f,2026-04-17 06:01:37.664
38b95285-504d-4d15-aeb2-4393f1909c2b,39b7d720-b00f-4db5-acdc-fe6a28594394,39b7d720-b00f-4db5-acdc-fe6a28594394-2-3,3,t,2026-04-17 06:11:27.515
b8a1ead2-2eed-48f0-a99c-8e8db6303c7d,3ed999a7-456c-4e7b-a70d-fc069e338889,3ed999a7-456c-4e7b-a70d-fc069e338889-2-0,3,t,2026-04-17 06:02:01.388
73ac3706-1f30-45ef-9777-cefa880b1434,465b53f9-b239-4c49-a637-22b4d423e4b1,465b53f9-b239-4c49-a637-22b4d423e4b1-2-0,1,f,2026-04-17 06:05:42.513
d66e345d-fba3-4714-9e8b-2039b2f63334,3c63949e-a037-42b9-87b9-5861735dc3ea,3c63949e-a037-42b9-87b9-5861735dc3ea-2-24,3,t,2026-04-17 06:02:56.578
30db6bc1-4107-4502-a18e-f124059f6684,f235b933-cb0a-42c0-8b77-c8bc8b19b4ac,f235b933-cb0a-42c0-8b77-c8bc8b19b4ac-2-14,3,t,2026-04-17 06:11:28.844
36932d70-f24d-46bd-bdd5-8733ffb16adf,43b58b90-a814-4efd-8874-a8c662e6b307,43b58b90-a814-4efd-8874-a8c662e6b307-2-145,3,t,2026-04-17 06:08:06.854
94f343ed-f8df-417d-983d-0ca796821ab6,18cf4c3b-7af3-46c0-9727-e496dab0ff31,18cf4c3b-7af3-46c0-9727-e496dab0ff31-2-20,3,t,2026-04-17 06:05:56.448
9704231c-e330-4c2f-9f25-148f0ab06fa3,cbda3b01-8d5c-4bca-ae8c-9eef22d085da,cbda3b01-8d5c-4bca-ae8c-9eef22d085da-2-3,3,t,2026-04-17 06:08:09.589
8329d898-2f2e-4f18-9654-0b54dd509432,e8fbe795-ef25-4d0c-98c0-be35fffe6b50,e8fbe795-ef25-4d0c-98c0-be35fffe6b50-2-37,3,t,2026-04-17 06:14:02.651
f973b5c8-ee76-4b09-ae76-20a231a04488,4d3f423a-c600-42d2-86f0-0de47d3456dc,4d3f423a-c600-42d2-86f0-0de47d3456dc-2-0,3,t,2026-04-17 06:06:02.573
1b61a57d-a5b2-4862-afd3-b46128f13526,7cec589b-5fc8-4f64-9cda-395495399298,7cec589b-5fc8-4f64-9cda-395495399298-2-12,3,t,2026-04-17 06:08:29.015
bdd9954f-209b-468f-9ab3-742a202894c8,256d4acd-1891-4ae4-a35f-20468f225bea,256d4acd-1891-4ae4-a35f-20468f225bea-2-21,3,t,2026-04-17 06:06:07.743
5b60e9c6-a3ed-4cd4-b046-787bb1256caf,3876e3c3-2a12-42c0-adff-4fd8d449b392,3876e3c3-2a12-42c0-adff-4fd8d449b392-2-27,4,t,2026-04-17 06:14:13.991
93941ee9-ebe1-4b56-ad2c-b1ca3118dcb0,25496d33-4ff4-4289-8b2a-938186aff52c,25496d33-4ff4-4289-8b2a-938186aff52c-2-9,3,t,2026-04-17 06:08:30.338
06d8ccc1-a525-4f7d-acaf-81ed8ec4b77a,2b6b5f05-2f37-4d80-a478-b16e450f3358,2b6b5f05-2f37-4d80-a478-b16e450f3358-2-0,3,t,2026-04-17 06:06:13.813
1d2fe32e-b799-4192-9f46-e98166d900d3,225cdc74-4a73-45df-96ce-c26fb678a98c,225cdc74-4a73-45df-96ce-c26fb678a98c-2-11,3,t,2026-04-17 06:11:37.891
c3514b6c-dd21-49eb-9c0a-ab1860752f99,5873ab9a-f10e-4a81-8745-0ca3b678dfb4,5873ab9a-f10e-4a81-8745-0ca3b678dfb4-2-42,0,f,2026-04-17 06:08:54.671
0e1d5747-3281-434c-b79e-4c42c4d1726c,38087dff-7339-42ef-9ba8-dcc9eb36963a,38087dff-7339-42ef-9ba8-dcc9eb36963a-2-0,3,t,2026-04-17 06:07:08.234
15c857ac-4a92-4ca8-b1ce-ddea57e6cc39,3f0a381a-a20d-48fc-b091-06633e64919d,3f0a381a-a20d-48fc-b091-06633e64919d-2-2,0,f,2026-04-17 06:12:27.723
5f1c3b4a-acc8-443c-a0a1-f109d46a78a7,306784ba-a4aa-4dd4-a0a6-5b439490c046,306784ba-a4aa-4dd4-a0a6-5b439490c046-2-6,3,t,2026-04-17 06:08:03.939
df040db6-0d5c-4639-93fc-399888452399,e6c53b0a-9366-4c09-b785-b8c47ae36ae6,e6c53b0a-9366-4c09-b785-b8c47ae36ae6-2-13,3,t,2026-04-17 06:14:03.624
b7055b9c-6514-47ef-8420-a670bb0e5406,a2542ae3-6418-4acc-b582-c612706dd9c6,a2542ae3-6418-4acc-b582-c612706dd9c6-2-33,4,t,2026-04-17 06:13:24.404
970e36ef-8b50-482b-b80d-f500afa57d29,bd28d0ed-c914-4e53-b477-a5a3808a3e8d,bd28d0ed-c914-4e53-b477-a5a3808a3e8d-2-6,3,t,2026-04-17 06:09:52.181
3c28fae4-5687-4249-bd23-932d1823a626,0869a06e-cb17-4a50-a684-d9035dbf8e1d,0869a06e-cb17-4a50-a684-d9035dbf8e1d-2-27,0,f,2026-04-17 06:11:00.26
6e500e2c-f4ab-4207-8626-c4d1c1e105ef,17b83f64-278e-4ff9-b656-d45937dd4fc4,17b83f64-278e-4ff9-b656-d45937dd4fc4-2-25,3,t,2026-04-17 06:12:37.867
f70d4619-d267-4833-9b11-dfe2f14e2b42,8945559a-2ee7-494a-a731-9ac05c4dad8f,8945559a-2ee7-494a-a731-9ac05c4dad8f-2-60,0,f,2026-04-17 06:14:38.588
62f8e0a8-d691-45fc-949a-4103290eeaf4,2b6b5f05-2f37-4d80-a478-b16e450f3358,2b6b5f05-2f37-4d80-a478-b16e450f3358-2-4,3,t,2026-04-17 06:13:00.154
dfd74db5-7e7f-4436-acfe-3e6dfceed2de,225cdc74-4a73-45df-96ce-c26fb678a98c,225cdc74-4a73-45df-96ce-c26fb678a98c-2-13,3,t,2026-04-17 06:13:53.313
73dad510-6f83-4cf5-a772-511e11d143aa,25496d33-4ff4-4289-8b2a-938186aff52c,25496d33-4ff4-4289-8b2a-938186aff52c-2-11,3,t,2026-04-17 06:14:21.746
45e7ca54-df5a-4822-bad4-c5dad09862f2,68b684ba-2da5-4ed2-ac06-111b78a23568,68b684ba-2da5-4ed2-ac06-111b78a23568-2-1,2,f,2026-04-17 06:15:37.067
f6a8928c-0a27-4799-8057-70d221b9e7e0,e0429249-d96d-48e2-ad56-cc8198adb3fb,e0429249-d96d-48e2-ad56-cc8198adb3fb-2-14,0,f,2026-04-17 06:15:32.005
a8ba78e0-9881-443a-b61c-0cdea1bb131b,17b83f64-278e-4ff9-b656-d45937dd4fc4,17b83f64-278e-4ff9-b656-d45937dd4fc4-2-29,6,t,2026-04-17 06:15:27.718
d1a30638-49d8-4300-bc47-ea60a859d2bb,89f3807f-dd13-4895-9f42-61aab40f51ef,89f3807f-dd13-4895-9f42-61aab40f51ef-2-43,0,f,2026-04-17 06:15:44.923
0426f95f-13e7-4e72-80aa-aea3215eb345,eb91535a-7a49-4274-ae12-72b9d659701a,eb91535a-7a49-4274-ae12-72b9d659701a-2-23,3,t,2026-04-17 06:16:08.635
ed8a9e40-74f7-47a8-af95-25c205ad70a9,17b83f64-278e-4ff9-b656-d45937dd4fc4,17b83f64-278e-4ff9-b656-d45937dd4fc4-2-32,0,f,2026-04-17 06:16:35.975
387409f6-9b8c-4101-95a2-18605e91b1c6,b4e8a7c0-f877-4ff9-8f3c-4ff0a4f6f6c1,b4e8a7c0-f877-4ff9-8f3c-4ff0a4f6f6c1-2-21,2,f,2026-04-17 06:16:42.904
af3b4e99-7c6b-498b-b846-9dda82eac013,adcdac03-fd4a-40b5-9eec-3f2d9ff6cef0,adcdac03-fd4a-40b5-9eec-3f2d9ff6cef0-2-36,0,f,2026-04-17 06:41:25.259
a8de7aff-a41e-457c-82a5-3e914e2b7fb5,8945559a-2ee7-494a-a731-9ac05c4dad8f,8945559a-2ee7-494a-a731-9ac05c4dad8f-2-67,3,t,2026-04-17 09:19:53.407
cf8836fc-3eb2-4b3b-ac56-c32c67fd7ea4,273c5a32-3806-4ebf-bedd-56ad0f50c61d,273c5a32-3806-4ebf-bedd-56ad0f50c61d-2-64,0,f,2026-04-17 09:20:47.683
2a0d970a-2fda-4ab9-aabf-096b2b0f0f59,89f3807f-dd13-4895-9f42-61aab40f51ef,89f3807f-dd13-4895-9f42-61aab40f51ef-2-14,3,t,2026-04-17 05:50:23.305
fb60c245-644d-40da-b733-be44fa262c00,306784ba-a4aa-4dd4-a0a6-5b439490c046,306784ba-a4aa-4dd4-a0a6-5b439490c046-2-2,3,t,2026-04-17 05:50:26.076
a5d3cf54-2649-4fe8-8e61-bb25f81e0a85,6c9af11c-864f-4cc7-9e05-bd732e00764f,6c9af11c-864f-4cc7-9e05-bd732e00764f-2-12,0,f,2026-04-17 06:03:24.656
5277f147-1f93-4926-b5a6-96d46a1c504d,5873ab9a-f10e-4a81-8745-0ca3b678dfb4,5873ab9a-f10e-4a81-8745-0ca3b678dfb4-2-30,0,f,2026-04-17 05:52:13.709
11cdc74d-b9d2-482a-8518-b0ead4e95bc7,3aca3a95-3944-46d4-8994-95584b423788,3aca3a95-3944-46d4-8994-95584b423788-2-12,3,t,2026-04-17 05:52:38.344
2f28faba-abdb-4fa2-b6e1-1e37ee715e17,3c63949e-a037-42b9-87b9-5861735dc3ea,3c63949e-a037-42b9-87b9-5861735dc3ea-2-22,3,t,2026-04-17 06:00:25.119
8e278e31-ff49-4ba1-99c2-95d6f9e7d27b,3e558d2f-935d-4406-811a-651dc69cd6d0,3e558d2f-935d-4406-811a-651dc69cd6d0-2-70,0,f,2026-04-17 06:04:40.371
11a7db20-5dd0-436d-9290-dded79f06358,f88312f6-fe65-4b39-806e-6c8511f826f6,f88312f6-fe65-4b39-806e-6c8511f826f6-2-58,4,t,2026-04-17 06:01:23.431
b6ca13a4-8f86-4498-adb8-db9cbb025b7a,8d1d649d-097a-4464-9bcd-a5d62957395a,8d1d649d-097a-4464-9bcd-a5d62957395a-2-13,3,t,2026-04-17 06:01:47.796
15d0ad66-21fb-4d1d-9155-1c90a0da370e,a2542ae3-6418-4acc-b582-c612706dd9c6,a2542ae3-6418-4acc-b582-c612706dd9c6-2-18,0,f,2026-04-17 06:01:51.49
5bc28ec9-70e2-4725-80b7-bb9d4efaf822,e922a8ae-0187-4f08-8063-c13bf64596d5,e922a8ae-0187-4f08-8063-c13bf64596d5-2-19,3,t,2026-04-17 06:14:33.458
5f43bf66-0895-4251-b9b8-545b9512f64a,9083c549-095d-4e81-9dfb-394c712ae770,9083c549-095d-4e81-9dfb-394c712ae770-2-26,3,t,2026-04-17 06:04:54.412
79dac9d5-5183-4c9e-8b9d-005120a57977,7810aaf2-8dd8-4d53-9477-5442f1103233,7810aaf2-8dd8-4d53-9477-5442f1103233-2-7,3,t,2026-04-17 06:02:25.197
ecb8e03c-38c7-45dd-bce7-720471101420,0869a06e-cb17-4a50-a684-d9035dbf8e1d,0869a06e-cb17-4a50-a684-d9035dbf8e1d-2-20,0,f,2026-04-17 06:05:15.904
cf242129-b8f7-4787-b6b6-32fd44c443fc,3d28097a-8ca1-4c1c-a5da-f112d629a3ee,3d28097a-8ca1-4c1c-a5da-f112d629a3ee-2-9,3,t,2026-04-17 06:02:30.933
dc0f3a0a-e83f-41b6-967f-c129042f7064,3e558d2f-935d-4406-811a-651dc69cd6d0,3e558d2f-935d-4406-811a-651dc69cd6d0-2-95,4,t,2026-04-17 06:09:34.333
830d51bb-63b5-4259-a2e7-ab3b987b8bfb,3620ee77-307c-4613-b980-473ec2a7993c,3620ee77-307c-4613-b980-473ec2a7993c-2-5,0,f,2026-04-17 06:09:40.762
90723341-2d8d-44c4-82c5-cdbb3307025b,3c63949e-a037-42b9-87b9-5861735dc3ea,3c63949e-a037-42b9-87b9-5861735dc3ea-2-29,4,t,2026-04-17 06:06:01.234
df9a796f-5bf6-45c9-8ffb-fc90918423d4,4868945e-d1c2-4895-946c-d603709e8edf,4868945e-d1c2-4895-946c-d603709e8edf-2-6,3,t,2026-04-17 06:11:51.59
8814aaac-c499-4a32-91a3-091fb1c055c9,3d28097a-8ca1-4c1c-a5da-f112d629a3ee,3d28097a-8ca1-4c1c-a5da-f112d629a3ee-2-16,3,t,2026-04-17 06:09:43.72
b5befdb9-c7d6-4e99-8dd6-2417860652b6,cbda3b01-8d5c-4bca-ae8c-9eef22d085da,cbda3b01-8d5c-4bca-ae8c-9eef22d085da-2-2,3,t,2026-04-17 06:06:43.408
c0e8d813-b196-4fb1-9e88-541c1ec69a55,4bc0bc61-6cda-4aae-954d-4d7ed465c815,4bc0bc61-6cda-4aae-954d-4d7ed465c815-2-2,1,f,2026-04-17 06:09:55.633
6e9553a3-f852-41fa-aab2-b783ce88aa91,a051447d-a025-45c9-9651-5db3e0ed1ca1,a051447d-a025-45c9-9651-5db3e0ed1ca1-2-18,1,f,2026-04-17 06:07:34.367
5bb5cb76-06f4-40ce-a537-529280a13b83,ab13ef04-58e1-4218-8444-e601f4f26e84,ab13ef04-58e1-4218-8444-e601f4f26e84-2-20,3,t,2026-04-17 06:08:32.726
467b69eb-c503-445d-a41f-9241697dece3,a308d64e-a683-48c5-b2a8-601ec2450e19,a308d64e-a683-48c5-b2a8-601ec2450e19-2-2,3,t,2026-04-17 06:13:01.114
c966a6e6-4295-4140-8c68-784a3517ac15,8d1d649d-097a-4464-9bcd-a5d62957395a,8d1d649d-097a-4464-9bcd-a5d62957395a-2-18,3,t,2026-04-17 06:12:24.11
ed4fea4a-8448-4ef6-8807-c693279ef32c,306784ba-a4aa-4dd4-a0a6-5b439490c046,306784ba-a4aa-4dd4-a0a6-5b439490c046-2-5,3,t,2026-04-17 06:09:22.665
f6254e0e-a470-4973-b638-7b33cd0dbd91,5873ab9a-f10e-4a81-8745-0ca3b678dfb4,5873ab9a-f10e-4a81-8745-0ca3b678dfb4-2-49,4,t,2026-04-17 06:11:25.899
e2e35884-312e-489f-9096-30bf6dc5ffd6,775f8a37-2858-42fe-a253-5336a9183bd9,775f8a37-2858-42fe-a253-5336a9183bd9-2-1,3,t,2026-04-17 06:10:27.512
bfcb7ddc-a493-4b98-97bc-a16504979ca0,e8fbe795-ef25-4d0c-98c0-be35fffe6b50,e8fbe795-ef25-4d0c-98c0-be35fffe6b50-2-22,1,f,2026-04-17 06:15:00.789
55d060ef-f1e8-411c-8b8c-c585cfe5407a,e6b9d16d-81d1-4234-9037-0cfdf9bcb5ff,e6b9d16d-81d1-4234-9037-0cfdf9bcb5ff-2-1,2,f,2026-04-17 06:11:28.532
a7721e41-6836-4f4c-b06f-4a7b9e2a0911,b85831fc-729d-438e-ad48-2c5b42a4b482,b85831fc-729d-438e-ad48-2c5b42a4b482-2-3,3,t,2026-04-17 06:10:30.936
0c9bb925-2867-4712-961a-0ab51118c122,e8fbe795-ef25-4d0c-98c0-be35fffe6b50,e8fbe795-ef25-4d0c-98c0-be35fffe6b50-2-12,1,f,2026-04-17 06:11:39.516
259678bd-434b-4303-bf84-d0115c67c4b1,4d2752ef-b567-4dae-9204-7690e7a23d90,4d2752ef-b567-4dae-9204-7690e7a23d90-2-22,0,f,2026-04-17 06:11:40.672
3df922bb-2e99-467a-b177-16eed8f634c1,7254ea81-947c-4281-8c87-20180ade7d10,7254ea81-947c-4281-8c87-20180ade7d10-2-120,3,t,2026-04-17 06:14:23.467
b9b29993-27d3-453f-a933-8f0fb5829330,5873ab9a-f10e-4a81-8745-0ca3b678dfb4,5873ab9a-f10e-4a81-8745-0ca3b678dfb4-2-48,0,f,2026-04-17 06:11:50.799
b190a523-c687-4751-a7a7-aa4b0febc715,ec80cbaf-df31-4e85-92d6-a2e9d0d8fd08,ec80cbaf-df31-4e85-92d6-a2e9d0d8fd08-2-11,3,t,2026-04-17 06:13:51.973
46423f20-9993-40b9-8000-fbf20deda1f9,3e558d2f-935d-4406-811a-651dc69cd6d0,3e558d2f-935d-4406-811a-651dc69cd6d0-2-110,4,t,2026-04-17 06:14:35.958
9badd089-ae74-4d11-85d7-e220f35a2114,17476afe-7fbd-4f5a-8266-b5d92173f7ef,17476afe-7fbd-4f5a-8266-b5d92173f7ef-2-10,3,t,2026-04-17 06:12:48.053
b932fbb5-134b-4bb6-ae0e-e938a5f192bd,8a75a075-a148-4c61-aa92-b475c2c819c4,8a75a075-a148-4c61-aa92-b475c2c819c4-2-26,0,f,2026-04-17 06:14:11.837
1139ad51-1419-4d43-8b7a-2cf6998eb638,225cdc74-4a73-45df-96ce-c26fb678a98c,225cdc74-4a73-45df-96ce-c26fb678a98c-2-14,3,t,2026-04-17 06:14:33.875
fae36d50-1235-4a3f-8dee-4ba4b255b3d1,25496d33-4ff4-4289-8b2a-938186aff52c,25496d33-4ff4-4289-8b2a-938186aff52c-2-20,3,t,2026-04-17 06:15:29.655
f22ed264-8161-4703-982d-9f41741e9bc1,ec80cbaf-df31-4e85-92d6-a2e9d0d8fd08,ec80cbaf-df31-4e85-92d6-a2e9d0d8fd08-2-40,5,t,2026-04-17 06:15:37.57
76bc6d6e-91e1-4ee2-ac48-abf2e932e69c,a308d64e-a683-48c5-b2a8-601ec2450e19,a308d64e-a683-48c5-b2a8-601ec2450e19-2-6,2,f,2026-04-17 06:17:20.165
726e1c69-d24d-45f1-bc17-bc5131e036ed,fb712d44-ab94-48e2-8548-1144205eb581,fb712d44-ab94-48e2-8548-1144205eb581-2-2,3,t,2026-04-17 09:06:52.563
dba9a591-3bc9-4180-a0e3-702c87177f52,89f3807f-dd13-4895-9f42-61aab40f51ef,89f3807f-dd13-4895-9f42-61aab40f51ef-2-48,0,f,2026-04-17 06:18:00.168
f10e13b1-a223-4470-a40f-c2e6059b6f82,7cec589b-5fc8-4f64-9cda-395495399298,7cec589b-5fc8-4f64-9cda-395495399298-2-16,3,t,2026-04-17 06:18:21.999
1d109c71-6f6d-43e0-bfe9-3523ecdc708f,17b83f64-278e-4ff9-b656-d45937dd4fc4,17b83f64-278e-4ff9-b656-d45937dd4fc4-2-9,3,t,2026-04-17 05:50:56.785
e77c009a-5c61-41fc-b51d-ac25ecc49cbd,8a75a075-a148-4c61-aa92-b475c2c819c4,8a75a075-a148-4c61-aa92-b475c2c819c4-2-24,1,f,2026-04-17 06:09:55.609
94fe22d2-8012-4c54-8aa3-dc9bea55bf09,17b83f64-278e-4ff9-b656-d45937dd4fc4,17b83f64-278e-4ff9-b656-d45937dd4fc4-2-17,3,t,2026-04-17 06:00:34.738
6d79108d-288a-475f-ad28-6370fe9b3aa4,8d1d649d-097a-4464-9bcd-a5d62957395a,8d1d649d-097a-4464-9bcd-a5d62957395a-2-6,3,t,2026-04-17 05:52:34.393
ba955476-16eb-4d21-9915-714bb4d719aa,4868945e-d1c2-4895-946c-d603709e8edf,4868945e-d1c2-4895-946c-d603709e8edf-2-1,3,t,2026-04-17 06:04:17.631
89b420e3-79c0-4139-8ca7-b0c2b166b249,17b83f64-278e-4ff9-b656-d45937dd4fc4,17b83f64-278e-4ff9-b656-d45937dd4fc4-2-20,3,t,2026-04-17 06:02:09.12
2ad0c77c-9f0b-45f4-9f2c-7c80b1441b5b,17476afe-7fbd-4f5a-8266-b5d92173f7ef,17476afe-7fbd-4f5a-8266-b5d92173f7ef-2-2,3,t,2026-04-17 06:02:38.574
360348e6-1231-4c74-ac3e-ca8751f7552a,8feab4a3-20e4-48ff-b9ea-a9cc612ef8cc,8feab4a3-20e4-48ff-b9ea-a9cc612ef8cc-2-1,3,t,2026-04-17 06:02:41.942
5bea2612-91a3-43fe-887e-d6bb9ec7751d,d57b3905-c415-4356-a4ec-1838dd74e7ea,d57b3905-c415-4356-a4ec-1838dd74e7ea-2-19,3,t,2026-04-17 06:04:57.526
c2ac318a-c121-400a-931b-53516a81fe50,89f3807f-dd13-4895-9f42-61aab40f51ef,89f3807f-dd13-4895-9f42-61aab40f51ef-2-30,0,f,2026-04-17 06:05:12.044
3ddd1ece-feb2-4b3c-9284-0398376af8af,c64b9907-39f1-49ff-9180-676cd2ef091e,c64b9907-39f1-49ff-9180-676cd2ef091e-2-7,3,t,2026-04-17 06:12:54.136
2ff50eda-6ee7-4800-8f51-9717f0857ef7,c64b9907-39f1-49ff-9180-676cd2ef091e,c64b9907-39f1-49ff-9180-676cd2ef091e-2-5,3,t,2026-04-17 06:05:27.283
a58139d2-92e4-43fe-a6d2-a5cdfc9cebde,eb91535a-7a49-4274-ae12-72b9d659701a,eb91535a-7a49-4274-ae12-72b9d659701a-2-20,3,t,2026-04-17 06:12:54.463
e08f987e-1fa0-4d33-970d-38b6791f482d,3e558d2f-935d-4406-811a-651dc69cd6d0,3e558d2f-935d-4406-811a-651dc69cd6d0-2-73,4,t,2026-04-17 06:05:51.367
89f5328f-4e99-4310-a2e1-45d92e4d03c2,adcdac03-fd4a-40b5-9eec-3f2d9ff6cef0,adcdac03-fd4a-40b5-9eec-3f2d9ff6cef0-2-20,1,f,2026-04-17 06:06:49.2
85863e91-1691-4fd6-90a5-042d3623797c,f88312f6-fe65-4b39-806e-6c8511f826f6,f88312f6-fe65-4b39-806e-6c8511f826f6-2-147,3,t,2026-04-17 06:11:15.279
970f467f-61e7-4946-bd8c-e20bdf702f23,3e558d2f-935d-4406-811a-651dc69cd6d0,3e558d2f-935d-4406-811a-651dc69cd6d0-2-103,3,t,2026-04-17 06:13:00.551
c346b57f-877b-4925-afcc-ade462709ec5,f3322c05-95af-46a3-9829-40332a2135a6,f3322c05-95af-46a3-9829-40332a2135a6-2-1,3,t,2026-04-17 06:11:22.593
c29987b9-c898-42b8-86f8-6ac14594b9bc,1daaac2e-a8cd-417f-8c9f-827df7a64dcf,1daaac2e-a8cd-417f-8c9f-827df7a64dcf-2-1,3,t,2026-04-17 06:07:26.736
0dbe347e-02de-4bb5-84d9-f507dba98d14,5663fefd-383e-49e3-bcd7-1f674cd95c7d,5663fefd-383e-49e3-bcd7-1f674cd95c7d-2-5,3,t,2026-04-17 06:07:41.228
06631c3e-1db6-4df1-a10c-4f50eed8b526,27c9b426-bbfa-4f74-b733-37e4e75d3e10,27c9b426-bbfa-4f74-b733-37e4e75d3e10-2-1,3,t,2026-04-17 06:08:12.253
15b46841-d266-41e7-af32-7178bd166b87,e922a8ae-0187-4f08-8063-c13bf64596d5,e922a8ae-0187-4f08-8063-c13bf64596d5-2-20,3,t,2026-04-17 06:15:18.434
1e7ab5f5-8ffa-4665-b3c5-f3ece1aa821a,a2542ae3-6418-4acc-b582-c612706dd9c6,a2542ae3-6418-4acc-b582-c612706dd9c6-2-23,3,t,2026-04-17 06:09:26.565
7b177c07-f210-46b1-b048-c15eee9501a8,225cdc74-4a73-45df-96ce-c26fb678a98c,225cdc74-4a73-45df-96ce-c26fb678a98c-2-10,3,t,2026-04-17 06:11:25.65
fd57ca84-ffaf-46d5-9880-febf0b2ed25a,cbe0ad90-34bb-416d-a095-e7a77d7a439e,cbe0ad90-34bb-416d-a095-e7a77d7a439e-2-148,0,f,2026-04-17 06:11:41.987
b6bae97f-50db-4169-8d07-ede12a0beb98,2b8e121d-6660-4971-b514-d55a5ff3b6bc,2b8e121d-6660-4971-b514-d55a5ff3b6bc-2-4,3,t,2026-04-17 06:13:34.887
5130dc3d-6098-4557-8052-891594f7a27b,38087dff-7339-42ef-9ba8-dcc9eb36963a,38087dff-7339-42ef-9ba8-dcc9eb36963a-2-4,0,f,2026-04-17 06:12:31.576
414acb93-8ce4-4ba7-acab-41f9349962db,e8fbe795-ef25-4d0c-98c0-be35fffe6b50,e8fbe795-ef25-4d0c-98c0-be35fffe6b50-2-6,2,f,2026-04-17 06:12:49.763
08c2c0f8-85cf-4c43-8a4f-1b5c4ed6d1ce,8d19d3c4-6471-44d6-8d83-1551d7c0517c,8d19d3c4-6471-44d6-8d83-1551d7c0517c-2-5,0,f,2026-04-17 06:13:43.335
e5825064-bda6-4dcd-9eb1-df18fcb8182b,d810aa8b-2e6d-4258-97cb-1872d911e916,d810aa8b-2e6d-4258-97cb-1872d911e916-2-5,3,t,2026-04-17 06:13:06.205
b8443b31-cf0c-46eb-b097-d69a849bcaea,cd7c2c47-113b-42da-bcc7-0ec4fb4e2618,cd7c2c47-113b-42da-bcc7-0ec4fb4e2618-2-4,0,f,2026-04-17 06:13:08.044
603b0222-ead5-4a65-b679-85b1e0c32b71,cd7c2c47-113b-42da-bcc7-0ec4fb4e2618,cd7c2c47-113b-42da-bcc7-0ec4fb4e2618-2-5,0,f,2026-04-17 06:13:47.86
0b1a1c68-41a6-4d6b-8955-ba17842d895c,3ae02e13-c575-4d19-8f56-26cf29c42768,3ae02e13-c575-4d19-8f56-26cf29c42768-2-3,3,t,2026-04-17 06:13:29.816
718d23ba-5aaa-4ad0-a719-fb49a7ce6335,82a0a7ec-c490-4171-9873-36d8cee8c75a,82a0a7ec-c490-4171-9873-36d8cee8c75a-2-6,3,t,2026-04-17 06:14:18.381
98e29159-ddb4-4731-bd7d-125b415d1d58,8feab4a3-20e4-48ff-b9ea-a9cc612ef8cc,8feab4a3-20e4-48ff-b9ea-a9cc612ef8cc-2-6,3,t,2026-04-17 06:15:40.813
156ed95a-e8db-4ef6-8b72-0a1e1da72bc8,6c9af11c-864f-4cc7-9e05-bd732e00764f,6c9af11c-864f-4cc7-9e05-bd732e00764f-2-14,0,f,2026-04-17 06:15:08.636
a3c3c051-7119-42ca-a616-31d65f0c0821,3f0a381a-a20d-48fc-b091-06633e64919d,3f0a381a-a20d-48fc-b091-06633e64919d-2-4,3,t,2026-04-17 07:16:55.073
917f01b4-167c-4fd8-941d-ded631631b41,ec80cbaf-df31-4e85-92d6-a2e9d0d8fd08,ec80cbaf-df31-4e85-92d6-a2e9d0d8fd08-2-12,3,t,2026-04-17 06:15:07.992
560adf38-2ffb-4d5a-8251-741e236a4523,2b4d89f5-ef05-41f0-a8c2-1ae2c2738ce4,2b4d89f5-ef05-41f0-a8c2-1ae2c2738ce4-2-31,1,f,2026-04-17 06:15:41.888
c2be0681-12c0-439a-8275-3457326c1b3d,4868945e-d1c2-4895-946c-d603709e8edf,4868945e-d1c2-4895-946c-d603709e8edf-2-10,3,t,2026-04-17 06:16:21.754
b8df4396-16f5-47b5-96fe-00c9ef6b07ab,3c63949e-a037-42b9-87b9-5861735dc3ea,3c63949e-a037-42b9-87b9-5861735dc3ea-2-32,5,t,2026-04-17 06:16:01.223
193d1270-186d-4093-8fa0-1bc54dbf40d5,4d2752ef-b567-4dae-9204-7690e7a23d90,4d2752ef-b567-4dae-9204-7690e7a23d90-2-14,1,f,2026-04-17 06:15:59.205
616d6dca-6b04-4da7-a2c8-8d75451e8300,f235b933-cb0a-42c0-8b77-c8bc8b19b4ac,f235b933-cb0a-42c0-8b77-c8bc8b19b4ac-2-3,0,f,2026-04-17 06:16:15.768
33c83b6d-a3cb-4b69-9513-11135c7b4acc,3fc1d6d8-f233-4747-9d30-d71bc86ce051,3fc1d6d8-f233-4747-9d30-d71bc86ce051-2-6,2,f,2026-04-17 06:18:21.968
892a890a-96d4-496a-9675-ac3c4e538560,14f5e49b-d78a-4b35-93a4-c14dd523a2cb,14f5e49b-d78a-4b35-93a4-c14dd523a2cb-2-6,3,t,2026-04-17 06:18:29.389
6c21465e-d4b6-4fb0-b164-d74301d3b5a3,bd28d0ed-c914-4e53-b477-a5a3808a3e8d,bd28d0ed-c914-4e53-b477-a5a3808a3e8d-2-14,3,t,2026-04-17 06:17:12.611
263219a2-b510-4a93-9576-7d15e1514336,225cdc74-4a73-45df-96ce-c26fb678a98c,225cdc74-4a73-45df-96ce-c26fb678a98c-2-16,3,t,2026-04-17 06:17:17.405
5f0fe388-fb49-4de5-9733-7509176312e5,3620ee77-307c-4613-b980-473ec2a7993c,3620ee77-307c-4613-b980-473ec2a7993c-2-55,0,f,2026-04-17 05:50:49.9
69bbc7a3-e089-4f3f-b975-fcc015ae0c04,5873ab9a-f10e-4a81-8745-0ca3b678dfb4,5873ab9a-f10e-4a81-8745-0ca3b678dfb4-2-31,3,t,2026-04-17 05:50:56.686
5cf3e85f-4d49-43f2-9a97-120100d6ca7c,6d0d2ccc-0a0d-4ec6-882b-7f79393a6aed,6d0d2ccc-0a0d-4ec6-882b-7f79393a6aed-2-45,0,f,2026-04-17 06:00:53.227
c8bdff20-d0c0-4a9c-bcd1-966d04334513,306784ba-a4aa-4dd4-a0a6-5b439490c046,306784ba-a4aa-4dd4-a0a6-5b439490c046-2-0,3,t,2026-04-17 05:51:10.099
161aa0cd-cd5f-4588-ba3b-3a50fa35617b,18f92e5f-fecc-4dd4-8ee7-2e07fa3c333c,18f92e5f-fecc-4dd4-8ee7-2e07fa3c333c-2-13,3,t,2026-04-17 06:02:59.777
52f80869-f811-40a5-ae66-19b57dcdeb2d,2b6b5f05-2f37-4d80-a478-b16e450f3358,2b6b5f05-2f37-4d80-a478-b16e450f3358-2-1,3,t,2026-04-17 06:13:06.599
9c110ef4-ac24-4a90-a9ca-d1c7da1405b7,256d4acd-1891-4ae4-a35f-20468f225bea,256d4acd-1891-4ae4-a35f-20468f225bea-2-18,3,t,2026-04-17 06:03:20.852
73c99fe4-2826-448f-90de-87deedb34254,e8fbe795-ef25-4d0c-98c0-be35fffe6b50,e8fbe795-ef25-4d0c-98c0-be35fffe6b50-2-5,3,t,2026-04-17 06:02:14.508
f3a8636a-bdee-439d-8a00-e311e7a0713f,c64b9907-39f1-49ff-9180-676cd2ef091e,c64b9907-39f1-49ff-9180-676cd2ef091e-2-4,0,f,2026-04-17 06:02:32.442
fe5d3910-fc86-46d9-bb54-427e9c7d230f,3e558d2f-935d-4406-811a-651dc69cd6d0,3e558d2f-935d-4406-811a-651dc69cd6d0-2-84,5,t,2026-04-17 06:08:37.485
a967c930-99d8-4e34-a9e5-b1b98a615ee4,9083c549-095d-4e81-9dfb-394c712ae770,9083c549-095d-4e81-9dfb-394c712ae770-2-24,0,f,2026-04-17 06:03:50.532
f6b8f91d-af18-41a4-ba25-5af0c049be36,1356a969-626a-495b-99a4-6f5c43d70c15,1356a969-626a-495b-99a4-6f5c43d70c15-2-20,3,t,2026-04-17 06:04:19.649
9baee422-3a7a-405c-a536-d9f07c34b781,3aca3a95-3944-46d4-8994-95584b423788,3aca3a95-3944-46d4-8994-95584b423788-2-32,4,t,2026-04-17 06:11:22.378
ed792cfb-0099-4571-a04d-4d17cb895156,e8fbe795-ef25-4d0c-98c0-be35fffe6b50,e8fbe795-ef25-4d0c-98c0-be35fffe6b50-2-20,2,f,2026-04-17 06:13:08.151
5389e919-f38a-47d6-aa8f-54e910ee1be2,f88312f6-fe65-4b39-806e-6c8511f826f6,f88312f6-fe65-4b39-806e-6c8511f826f6-2-87,4,t,2026-04-17 06:04:54.82
799f1346-418a-461d-bab1-49312d9e1631,00e05954-4303-4f5e-a0ba-efdcebe2e0fb,00e05954-4303-4f5e-a0ba-efdcebe2e0fb-2-1,0,f,2026-04-17 06:06:10.722
cddfa8b5-035e-4dda-afa1-ef11272bf72a,526f66f7-fc87-40b8-bdfa-8387b8452d16,526f66f7-fc87-40b8-bdfa-8387b8452d16-2-0,0,f,2026-04-17 06:09:55.814
025c7b08-0827-484b-a75e-95a2ccf9a2a4,adcdac03-fd4a-40b5-9eec-3f2d9ff6cef0,adcdac03-fd4a-40b5-9eec-3f2d9ff6cef0-2-33,3,t,2026-04-17 06:09:56.983
8029ce3b-f619-4e7d-b301-12f82862cfee,ec80cbaf-df31-4e85-92d6-a2e9d0d8fd08,ec80cbaf-df31-4e85-92d6-a2e9d0d8fd08-2-7,3,t,2026-04-17 06:07:06.982
b45817d1-29a8-45d0-b127-f1f8c9b829af,00e05954-4303-4f5e-a0ba-efdcebe2e0fb,00e05954-4303-4f5e-a0ba-efdcebe2e0fb-2-6,3,t,2026-04-17 06:12:01.638
23552afe-d1ca-4a6c-a2ca-3ac1edf40c98,17b83f64-278e-4ff9-b656-d45937dd4fc4,17b83f64-278e-4ff9-b656-d45937dd4fc4-2-23,3,t,2026-04-17 06:09:59.351
2dd384c7-d3c5-4082-aaf5-461ca8cf07ae,9a180759-f7be-4da8-b739-b40688b5853b,9a180759-f7be-4da8-b739-b40688b5853b-2-0,0,f,2026-04-17 06:10:07.474
897588e4-d117-40b8-8480-013029f096bc,256d4acd-1891-4ae4-a35f-20468f225bea,256d4acd-1891-4ae4-a35f-20468f225bea-2-22,3,t,2026-04-17 06:08:23.995
9156fc38-b7dc-4d7e-be0d-99f94cf85426,2c0f5ae2-6cd8-4af1-aac1-2c0d756c3f64,2c0f5ae2-6cd8-4af1-aac1-2c0d756c3f64-2-13,3,t,2026-04-17 06:08:32.516
7d9f658f-0230-4c4e-beab-b43555fa9fe6,1cd91501-a12a-4a2d-ad0a-223a4c5e5f44,1cd91501-a12a-4a2d-ad0a-223a4c5e5f44-2-12,0,f,2026-04-17 06:14:58.009
b0fa7d7f-16ce-4ebe-9acc-2d510871931f,7810aaf2-8dd8-4d53-9477-5442f1103233,7810aaf2-8dd8-4d53-9477-5442f1103233-2-23,4,t,2026-04-17 06:14:57.919
99a5290c-18ff-4e66-be44-908d1c89200c,225cdc74-4a73-45df-96ce-c26fb678a98c,225cdc74-4a73-45df-96ce-c26fb678a98c-2-8,3,t,2026-04-17 06:10:35.456
0dfd2f96-c52b-4482-a9c0-a6306bfd827c,3aca3a95-3944-46d4-8994-95584b423788,3aca3a95-3944-46d4-8994-95584b423788-2-33,4,t,2026-04-17 06:12:38.6
03cfc61d-539c-4ad1-8eb9-4b79fccbf766,256d4acd-1891-4ae4-a35f-20468f225bea,256d4acd-1891-4ae4-a35f-20468f225bea-2-26,3,t,2026-04-17 06:11:11.722
f498f83c-6463-4f12-bb31-493e0304f7ba,9083c549-095d-4e81-9dfb-394c712ae770,9083c549-095d-4e81-9dfb-394c712ae770-2-41,0,f,2026-04-17 06:13:00.473
2e0b862b-3784-4d13-af90-42cbcb8e3d08,5873ab9a-f10e-4a81-8745-0ca3b678dfb4,5873ab9a-f10e-4a81-8745-0ca3b678dfb4-2-52,3,t,2026-04-17 06:14:22.768
52de560e-5a8c-449e-bb9e-91a147b7d3f9,89f3807f-dd13-4895-9f42-61aab40f51ef,89f3807f-dd13-4895-9f42-61aab40f51ef-2-38,3,t,2026-04-17 06:13:54.202
191b532e-3f1d-4a3b-8431-060496eb234d,43b58b90-a814-4efd-8874-a8c662e6b307,43b58b90-a814-4efd-8874-a8c662e6b307-2-74,0,f,2026-04-17 06:14:37.838
83516047-952f-4b8d-a262-a3b79fabe4eb,4bc0bc61-6cda-4aae-954d-4d7ed465c815,4bc0bc61-6cda-4aae-954d-4d7ed465c815-2-4,3,t,2026-04-17 06:13:55.813
26234c14-b412-4e41-80c9-f59432e28613,de3ff6b8-3451-42be-abc6-cf91f7ffe348,de3ff6b8-3451-42be-abc6-cf91f7ffe348-2-0,0,f,2026-04-17 06:13:57.291
b03fe280-52a9-4b4e-befa-9ab89b7d00b1,cd7c2c47-113b-42da-bcc7-0ec4fb4e2618,cd7c2c47-113b-42da-bcc7-0ec4fb4e2618-2-6,3,t,2026-04-17 06:16:21.458
0d1ed2cf-6bbd-4fbc-b365-4a63af63192c,2c0f5ae2-6cd8-4af1-aac1-2c0d756c3f64,2c0f5ae2-6cd8-4af1-aac1-2c0d756c3f64-2-21,3,t,2026-04-17 06:16:27.481
b752e21c-0cb9-4dfb-ba67-a70b27ed5d77,1daaac2e-a8cd-417f-8c9f-827df7a64dcf,1daaac2e-a8cd-417f-8c9f-827df7a64dcf-2-3,3,t,2026-04-17 06:15:39.298
f739e7ed-c501-4c42-be31-16833a7710b3,1a0a64a3-96c3-4742-9f52-9678da1921fd,1a0a64a3-96c3-4742-9f52-9678da1921fd-2-6,3,t,2026-04-17 06:15:35.11
9cfb3535-609b-4b30-afb1-b334dd3983c2,b85831fc-729d-438e-ad48-2c5b42a4b482,b85831fc-729d-438e-ad48-2c5b42a4b482-2-4,3,t,2026-04-17 09:18:47.14
a70a3c16-2e90-473f-a00a-fd7daf2be8af,3c63949e-a037-42b9-87b9-5861735dc3ea,3c63949e-a037-42b9-87b9-5861735dc3ea-2-38,4,t,2026-04-17 06:15:38.181
c86c18f1-4646-4bbe-af92-019087fb0798,ec80cbaf-df31-4e85-92d6-a2e9d0d8fd08,ec80cbaf-df31-4e85-92d6-a2e9d0d8fd08-2-41,2,f,2026-04-17 06:16:13.026
bf385a2f-0e15-4c3c-bae7-8e663d826673,b5c18032-e3ff-46d4-bdb3-a46fc1e56c63,b5c18032-e3ff-46d4-bdb3-a46fc1e56c63-2-3,0,f,2026-04-17 06:41:27.713
5ff66ea2-41f2-4e90-a6c0-b9fe809575a4,309a79fd-a921-42f0-a876-2dc1c27919af,309a79fd-a921-42f0-a876-2dc1c27919af-2-5,3,t,2026-04-17 06:17:17.208
17f70510-61d7-44a5-af70-d89c55c816a9,17476afe-7fbd-4f5a-8266-b5d92173f7ef,17476afe-7fbd-4f5a-8266-b5d92173f7ef-2-12,3,t,2026-04-17 06:17:15.093
f1dcf383-aa09-4cd4-9344-26a3a1cf317b,c64b9907-39f1-49ff-9180-676cd2ef091e,c64b9907-39f1-49ff-9180-676cd2ef091e-2-8,3,t,2026-04-17 06:17:09.149
5d1d26f6-1b4c-4fed-98c5-571677f0eb82,e922a8ae-0187-4f08-8063-c13bf64596d5,e922a8ae-0187-4f08-8063-c13bf64596d5-2-23,0,f,2026-04-17 06:17:26.973
8216081e-1bdc-4264-94cf-6c8d9ef7c962,18f92e5f-fecc-4dd4-8ee7-2e07fa3c333c,18f92e5f-fecc-4dd4-8ee7-2e07fa3c333c-2-6,3,t,2026-04-17 05:54:59.337
4ef84295-7979-49cd-a2bc-daf5d31bc9c9,dd06df73-9413-4079-a02a-bf2ca8cc7548,dd06df73-9413-4079-a02a-bf2ca8cc7548-2-7,3,t,2026-04-17 05:51:03.972
aa08afc7-011b-4e33-b3cc-b4a4bca37798,c621f240-1818-4eb4-95a0-149598a46ccc,c621f240-1818-4eb4-95a0-149598a46ccc-2-16,3,t,2026-04-17 05:52:31.805
f93707af-7ef6-4a66-a4a2-f146cb4f7fb5,43b58b90-a814-4efd-8874-a8c662e6b307,43b58b90-a814-4efd-8874-a8c662e6b307-2-40,3,t,2026-04-17 05:51:33.49
22d5232a-a24e-46a1-b66e-b1fc493eb22d,306784ba-a4aa-4dd4-a0a6-5b439490c046,306784ba-a4aa-4dd4-a0a6-5b439490c046-2-1,3,t,2026-04-17 05:51:34.654
32fbadfc-25f1-488f-8c64-6191439e48f7,2b3ef407-4db1-4f33-af04-71e0b6c9841f,2b3ef407-4db1-4f33-af04-71e0b6c9841f-2-24,3,t,2026-04-17 05:51:34.774
ce168fa4-0eec-42b1-ac5e-abcd15739ef8,3c63949e-a037-42b9-87b9-5861735dc3ea,3c63949e-a037-42b9-87b9-5861735dc3ea-2-17,3,t,2026-04-17 05:51:38.423
bb6fd078-6579-42c1-9192-7a5c0fd56f42,e6c53b0a-9366-4c09-b785-b8c47ae36ae6,e6c53b0a-9366-4c09-b785-b8c47ae36ae6-2-1,3,t,2026-04-17 05:51:39.04
f3bd9344-89d0-436e-a0aa-699b00be2f60,3c63949e-a037-42b9-87b9-5861735dc3ea,3c63949e-a037-42b9-87b9-5861735dc3ea-2-18,3,t,2026-04-17 05:52:15.543
6dc0e48c-c2cf-4b56-a830-bbb62992f934,758d4512-2d75-4443-b903-0ede8435f62b,758d4512-2d75-4443-b903-0ede8435f62b-2-16,3,t,2026-04-17 05:51:39.337
4d8afff2-4374-489c-977e-64e023eb83b8,225cdc74-4a73-45df-96ce-c26fb678a98c,225cdc74-4a73-45df-96ce-c26fb678a98c-2-0,3,t,2026-04-17 05:51:41.671
13c1d9cf-28f9-465d-91cd-d842d125c2c9,256d4acd-1891-4ae4-a35f-20468f225bea,256d4acd-1891-4ae4-a35f-20468f225bea-2-12,3,t,2026-04-17 05:55:05.645
3bc3bd8c-0dcf-48b7-8120-80361dca4ed6,ae668d44-242b-4610-ae27-26399a5f64bd,ae668d44-242b-4610-ae27-26399a5f64bd-2-34,0,f,2026-04-17 05:52:43.256
24d2ac5a-2c23-4eca-acda-4828ee0eda90,3e558d2f-935d-4406-811a-651dc69cd6d0,3e558d2f-935d-4406-811a-651dc69cd6d0-2-37,3,t,2026-04-17 05:51:51.763
48567bd5-250f-4e69-9bb0-54e7c42698c5,4bc0bc61-6cda-4aae-954d-4d7ed465c815,4bc0bc61-6cda-4aae-954d-4d7ed465c815-2-0,0,f,2026-04-17 06:08:11.196
63f8bd2d-bcb0-4468-a2f7-1f4c6644df7d,2b3ef407-4db1-4f33-af04-71e0b6c9841f,2b3ef407-4db1-4f33-af04-71e0b6c9841f-2-26,3,t,2026-04-17 05:52:21.244
774dfb25-4a14-49c6-9c50-76c2f4e9707f,3c63949e-a037-42b9-87b9-5861735dc3ea,3c63949e-a037-42b9-87b9-5861735dc3ea-2-19,3,t,2026-04-17 05:53:42.027
6f83c5c6-399c-4238-a0b7-353fb9f9f3fd,256d4acd-1891-4ae4-a35f-20468f225bea,256d4acd-1891-4ae4-a35f-20468f225bea-2-9,3,t,2026-04-17 05:52:24.641
f2393605-4f57-4a67-a7af-de1cd0ac7c35,89f3807f-dd13-4895-9f42-61aab40f51ef,89f3807f-dd13-4895-9f42-61aab40f51ef-2-16,3,t,2026-04-17 05:53:42.969
96333909-ed2f-42af-87c1-60d30f9a2056,1356a969-626a-495b-99a4-6f5c43d70c15,1356a969-626a-495b-99a4-6f5c43d70c15-2-16,3,t,2026-04-17 05:53:17.423
3bc1adef-1886-46d2-b2f0-30e9ae7c1bb0,c9aa0ac1-2be7-4242-bdb9-cbdcd2e304b9,c9aa0ac1-2be7-4242-bdb9-cbdcd2e304b9-2-1,0,f,2026-04-17 05:53:13.816
d176c476-88a8-4a71-a188-99bf0156c88b,17b83f64-278e-4ff9-b656-d45937dd4fc4,17b83f64-278e-4ff9-b656-d45937dd4fc4-2-10,3,t,2026-04-17 05:52:48.342
8c28084f-032e-4873-9dd5-4e84475419d6,7cec589b-5fc8-4f64-9cda-395495399298,7cec589b-5fc8-4f64-9cda-395495399298-2-4,0,f,2026-04-17 05:52:51.313
14f3ec91-49ac-4664-8456-93bc55ed9f38,9083c549-095d-4e81-9dfb-394c712ae770,9083c549-095d-4e81-9dfb-394c712ae770-2-6,3,t,2026-04-17 05:52:52.643
59a5ba37-37e4-4cc4-894a-29985b58b349,a2542ae3-6418-4acc-b582-c612706dd9c6,a2542ae3-6418-4acc-b582-c612706dd9c6-2-13,3,t,2026-04-17 05:54:40.005
b1164985-70f1-4ad3-9752-2c6c3b9ad560,5663fefd-383e-49e3-bcd7-1f674cd95c7d,5663fefd-383e-49e3-bcd7-1f674cd95c7d-2-0,3,t,2026-04-17 05:53:17.86
f5d8c5dc-9be0-4b17-b42c-ed90a88da727,c621f240-1818-4eb4-95a0-149598a46ccc,c621f240-1818-4eb4-95a0-149598a46ccc-2-17,0,f,2026-04-17 05:54:21.487
b8d7a4c1-f0a4-4ac0-94d0-7734eda7451f,7cec589b-5fc8-4f64-9cda-395495399298,7cec589b-5fc8-4f64-9cda-395495399298-2-5,3,t,2026-04-17 05:53:34.316
008315e2-efdc-4fa9-a1ff-f89b36fee319,3e558d2f-935d-4406-811a-651dc69cd6d0,3e558d2f-935d-4406-811a-651dc69cd6d0-2-41,3,t,2026-04-17 05:53:21.634
bf43a3f4-5ba8-4659-ba77-40c820e6c217,8d1d649d-097a-4464-9bcd-a5d62957395a,8d1d649d-097a-4464-9bcd-a5d62957395a-2-7,0,f,2026-04-17 05:53:35.442
04c9bcba-6e74-4b8f-acac-375faffef3fe,eb91535a-7a49-4274-ae12-72b9d659701a,eb91535a-7a49-4274-ae12-72b9d659701a-2-6,3,t,2026-04-17 05:53:36.167
4c412217-2c62-49fd-a920-53950a98dd1a,256d4acd-1891-4ae4-a35f-20468f225bea,256d4acd-1891-4ae4-a35f-20468f225bea-2-11,3,t,2026-04-17 05:54:03.871
c5871a41-f100-4362-9151-f2e3a980bb46,e922a8ae-0187-4f08-8063-c13bf64596d5,e922a8ae-0187-4f08-8063-c13bf64596d5-2-6,3,t,2026-04-17 05:53:41.044
07c869d5-1a21-4da4-96f9-f12a2aff0281,7cec589b-5fc8-4f64-9cda-395495399298,7cec589b-5fc8-4f64-9cda-395495399298-2-6,3,t,2026-04-17 05:54:21.011
ba4ebd10-788d-41ec-a916-310951702bb9,5873ab9a-f10e-4a81-8745-0ca3b678dfb4,5873ab9a-f10e-4a81-8745-0ca3b678dfb4-2-67,3,t,2026-04-17 05:53:45.77
57b4ccdc-d870-4664-b01d-9346772bd1d6,3e558d2f-935d-4406-811a-651dc69cd6d0,3e558d2f-935d-4406-811a-651dc69cd6d0-2-42,0,f,2026-04-17 05:54:00.583
882bc612-1d1c-4ab1-9192-9e988658069b,f235b933-cb0a-42c0-8b77-c8bc8b19b4ac,f235b933-cb0a-42c0-8b77-c8bc8b19b4ac-2-12,3,t,2026-04-17 05:54:47.842
3f24e1d2-f44c-408d-8839-f5cd72d034c4,c64b9907-39f1-49ff-9180-676cd2ef091e,c64b9907-39f1-49ff-9180-676cd2ef091e-2-3,3,t,2026-04-17 05:57:04.926
80434495-7266-4b1e-a00d-240a1c681724,225cdc74-4a73-45df-96ce-c26fb678a98c,225cdc74-4a73-45df-96ce-c26fb678a98c-2-1,3,t,2026-04-17 05:59:10.056
d823162d-142d-4eaa-9551-455bd59fd341,d52e7e29-850a-492d-bf99-f316b04c7710,d52e7e29-850a-492d-bf99-f316b04c7710-2-1,0,f,2026-04-17 05:54:06.074
c9494b05-b8d2-4147-a5a1-4cbcab4409c1,7810aaf2-8dd8-4d53-9477-5442f1103233,7810aaf2-8dd8-4d53-9477-5442f1103233-2-2,3,t,2026-04-17 05:54:13.471
fc847b1d-0823-448c-bcf4-0aac8d6e1c7d,ab13ef04-58e1-4218-8444-e601f4f26e84,ab13ef04-58e1-4218-8444-e601f4f26e84-2-1,0,f,2026-04-17 05:54:44.686
3ec1a217-ebc0-4640-aa4e-e93b73e50400,0182159a-8a5a-4562-b230-ec4bd8e2cfc9,0182159a-8a5a-4562-b230-ec4bd8e2cfc9-2-0,0,f,2026-04-17 06:08:34.338
84b8d4c8-c21d-4c21-8ae7-661ddc4b6919,adcdac03-fd4a-40b5-9eec-3f2d9ff6cef0,adcdac03-fd4a-40b5-9eec-3f2d9ff6cef0-2-31,0,f,2026-04-17 06:42:46.204
1ba71fb1-5ffb-46ae-baa5-cfa380c647a2,8feab4a3-20e4-48ff-b9ea-a9cc612ef8cc,8feab4a3-20e4-48ff-b9ea-a9cc612ef8cc-2-0,3,t,2026-04-17 05:57:22.301
6de2bcb0-2756-49b7-bd8b-4a1049097784,26dad967-6886-4305-b385-3400cde5a964,26dad967-6886-4305-b385-3400cde5a964-2-2,3,t,2026-04-17 05:58:35.702
0450c07b-00e2-4a05-b645-dbbd2266f3d2,27c9b426-bbfa-4f74-b733-37e4e75d3e10,27c9b426-bbfa-4f74-b733-37e4e75d3e10-2-0,0,f,2026-04-17 05:58:14.484
964423b0-7da2-4be7-b825-3cf600c49a2b,4d2752ef-b567-4dae-9204-7690e7a23d90,4d2752ef-b567-4dae-9204-7690e7a23d90-2-7,3,t,2026-04-17 05:54:13.366
5633bb1d-b72f-49bb-a4f6-e93fdf98c960,2b3ef407-4db1-4f33-af04-71e0b6c9841f,2b3ef407-4db1-4f33-af04-71e0b6c9841f-2-103,3,t,2026-04-17 05:54:35.604
1cfad4e5-6e12-4243-80c0-1afae35c9a09,ae668d44-242b-4610-ae27-26399a5f64bd,ae668d44-242b-4610-ae27-26399a5f64bd-2-40,0,f,2026-04-17 05:54:57.65
ed9bb564-1a8e-4a46-885e-8f7b7f301cf7,bebf3401-3417-48f1-a3cb-dbaf147cb297,bebf3401-3417-48f1-a3cb-dbaf147cb297-2-32,3,t,2026-04-17 06:06:54.61
f6cad313-9376-414f-b0d9-850effea1b76,5873ab9a-f10e-4a81-8745-0ca3b678dfb4,5873ab9a-f10e-4a81-8745-0ca3b678dfb4-2-69,3,t,2026-04-17 05:55:04.548
3764129c-70d2-4961-9fd1-56f18a1874ad,e6c53b0a-9366-4c09-b785-b8c47ae36ae6,e6c53b0a-9366-4c09-b785-b8c47ae36ae6-2-6,3,t,2026-04-17 06:00:28.317
85c45ee2-6866-429c-93eb-0692d72fc7cc,39b7d720-b00f-4db5-acdc-fe6a28594394,39b7d720-b00f-4db5-acdc-fe6a28594394-2-1,3,t,2026-04-17 05:56:06.632
f6072338-f317-487e-9c7b-bf511af64167,3876e3c3-2a12-42c0-adff-4fd8d449b392,3876e3c3-2a12-42c0-adff-4fd8d449b392-2-12,0,f,2026-04-17 05:56:16.587
2a5c8629-c7d6-4691-98ce-ed2d8271b732,a051447d-a025-45c9-9651-5db3e0ed1ca1,a051447d-a025-45c9-9651-5db3e0ed1ca1-2-9,1,f,2026-04-17 06:01:51.892
f70a0c79-926b-41f4-9830-d01140992ef5,25496d33-4ff4-4289-8b2a-938186aff52c,25496d33-4ff4-4289-8b2a-938186aff52c-2-3,3,t,2026-04-17 05:57:06.548
3bd9767e-accd-456e-9f87-310dd229dca6,d5d92b86-bd62-49ed-97b8-875e72052450,d5d92b86-bd62-49ed-97b8-875e72052450-2-3,3,t,2026-04-17 06:03:55.602
196bdbb2-11c8-466f-89b8-a3643721d677,d5d92b86-bd62-49ed-97b8-875e72052450,d5d92b86-bd62-49ed-97b8-875e72052450-2-1,3,t,2026-04-17 05:57:37.941
5f5cf153-07c9-4431-8073-4775a0b25bc6,0182159a-8a5a-4562-b230-ec4bd8e2cfc9,0182159a-8a5a-4562-b230-ec4bd8e2cfc9-2-3,1,f,2026-04-17 06:11:18.988
7aad7e28-2b5d-4bf2-be7f-feb3d288f3e5,5663fefd-383e-49e3-bcd7-1f674cd95c7d,5663fefd-383e-49e3-bcd7-1f674cd95c7d-2-1,3,t,2026-04-17 05:58:32.073
c0c36c17-32ca-41de-a1fd-55918e9083e1,cbda3b01-8d5c-4bca-ae8c-9eef22d085da,cbda3b01-8d5c-4bca-ae8c-9eef22d085da-2-1,3,t,2026-04-17 06:01:58.171
83d83ef3-3092-4b76-9e46-e6db32c52316,0155c993-e159-4a3b-8cb4-1106b449a124,0155c993-e159-4a3b-8cb4-1106b449a124-2-1,3,t,2026-04-17 06:07:22.103
1e5af641-3e4a-417f-a2fc-eb44967ff218,256d4acd-1891-4ae4-a35f-20468f225bea,256d4acd-1891-4ae4-a35f-20468f225bea-2-25,3,t,2026-04-17 06:10:10.178
d9044730-e983-4db0-a76f-c789af337f04,c9aa0ac1-2be7-4242-bdb9-cbdcd2e304b9,c9aa0ac1-2be7-4242-bdb9-cbdcd2e304b9-2-37,0,f,2026-04-17 06:02:53.143
b8eeeb9d-ff95-4ea4-8c0a-00409d391a0e,4d3f423a-c600-42d2-86f0-0de47d3456dc,4d3f423a-c600-42d2-86f0-0de47d3456dc-2-1,0,f,2026-04-17 06:59:45.242
0a94ee51-65a7-4e23-9345-327999d1f6b7,e0429249-d96d-48e2-ad56-cc8198adb3fb,e0429249-d96d-48e2-ad56-cc8198adb3fb-2-6,3,t,2026-04-17 06:04:00.232
38fb8251-d6c4-42a4-b0ec-3e8a4832c561,225cdc74-4a73-45df-96ce-c26fb678a98c,225cdc74-4a73-45df-96ce-c26fb678a98c-2-5,3,t,2026-04-17 06:05:22.058
304f4c19-5bfc-44d6-8d88-29eca955ad55,e922a8ae-0187-4f08-8063-c13bf64596d5,e922a8ae-0187-4f08-8063-c13bf64596d5-2-14,3,t,2026-04-17 06:10:30.868
2167f9b1-e88e-491d-ab66-77fdb4074878,a2542ae3-6418-4acc-b582-c612706dd9c6,a2542ae3-6418-4acc-b582-c612706dd9c6-2-22,3,t,2026-04-17 06:08:16.304
d73e867a-f458-4814-9fe8-add4db7c6d2d,f18dfe31-9680-4f29-aba5-7726a2b296bf,f18dfe31-9680-4f29-aba5-7726a2b296bf-2-0,3,t,2026-04-17 06:05:38.638
59918fab-85c5-4f23-9fb2-92642dc59630,2b3ef407-4db1-4f33-af04-71e0b6c9841f,2b3ef407-4db1-4f33-af04-71e0b6c9841f-2-12,3,t,2026-04-17 06:06:03.125
a0aed83c-a3fc-46f2-a7a9-f2539816be1d,256d4acd-1891-4ae4-a35f-20468f225bea,256d4acd-1891-4ae4-a35f-20468f225bea-2-24,0,f,2026-04-17 06:09:22.394
909b8f57-7350-4e45-8755-579ce072a522,8d19d3c4-6471-44d6-8d83-1551d7c0517c,8d19d3c4-6471-44d6-8d83-1551d7c0517c-2-2,3,t,2026-04-17 06:06:40.62
16ee0caf-8ae6-4888-adf6-b8487e763c0f,4bc0bc61-6cda-4aae-954d-4d7ed465c815,4bc0bc61-6cda-4aae-954d-4d7ed465c815-2-1,3,t,2026-04-17 06:09:22.846
59e275e4-c71e-4246-ba25-9f72164d75bd,526f66f7-fc87-40b8-bdfa-8387b8452d16,526f66f7-fc87-40b8-bdfa-8387b8452d16-2-13,1,f,2026-04-17 06:10:58.673
2f1ed021-5d7c-4dce-83fa-88e8e8f845b2,25496d33-4ff4-4289-8b2a-938186aff52c,25496d33-4ff4-4289-8b2a-938186aff52c-2-12,3,t,2026-04-17 06:12:43.226
d1b346c4-d96b-410e-aebb-2e68b1fd889f,225cdc74-4a73-45df-96ce-c26fb678a98c,225cdc74-4a73-45df-96ce-c26fb678a98c-2-6,3,t,2026-04-17 06:09:53.989
634be730-6d54-4d90-af0c-fc45a02ae8af,adcdac03-fd4a-40b5-9eec-3f2d9ff6cef0,adcdac03-fd4a-40b5-9eec-3f2d9ff6cef0-2-34,4,t,2026-04-17 06:11:01.493
4c4ad82b-d0b0-4243-8d93-dbd1f907b399,3c63949e-a037-42b9-87b9-5861735dc3ea,3c63949e-a037-42b9-87b9-5861735dc3ea-2-41,5,t,2026-04-17 06:11:33.206
7d8994a5-df4b-4d0f-86f8-f6b994f9886a,a49cd068-ca2f-48f7-8170-1ff449ea4fd6,a49cd068-ca2f-48f7-8170-1ff449ea4fd6-2-2,3,t,2026-04-17 06:11:11.465
421c6ee0-65dc-4e92-a854-f1c09fcd08be,2dfc2387-7569-4634-9242-27891971a9f0,2dfc2387-7569-4634-9242-27891971a9f0-2-2,3,t,2026-04-17 06:11:42.906
688c1d7d-2601-4e61-9128-c12cdde746bc,e8fbe795-ef25-4d0c-98c0-be35fffe6b50,e8fbe795-ef25-4d0c-98c0-be35fffe6b50-2-10,3,t,2026-04-17 06:12:42.226
ea0205b0-becf-4973-94c1-c4cb0ceb84a8,17b83f64-278e-4ff9-b656-d45937dd4fc4,17b83f64-278e-4ff9-b656-d45937dd4fc4-2-26,3,t,2026-04-17 06:13:14.535
1e190662-cc71-44bb-8557-164fc19c22ef,1a0a64a3-96c3-4742-9f52-9678da1921fd,1a0a64a3-96c3-4742-9f52-9678da1921fd-2-5,0,f,2026-04-17 06:13:16.855
a79632a8-ebae-408e-9928-ccab77fd5e39,e8fbe795-ef25-4d0c-98c0-be35fffe6b50,e8fbe795-ef25-4d0c-98c0-be35fffe6b50-2-19,1,f,2026-04-17 06:13:21.247
fe9e6da7-0d33-4c89-adaa-418184480c56,2b8e121d-6660-4971-b514-d55a5ff3b6bc,2b8e121d-6660-4971-b514-d55a5ff3b6bc-2-3,3,t,2026-04-17 06:13:25.204
e95d7d75-eb23-46a6-997c-899141640d6e,43b58b90-a814-4efd-8874-a8c662e6b307,43b58b90-a814-4efd-8874-a8c662e6b307-2-71,0,f,2026-04-17 06:13:27.158
dbf37d16-073b-4353-bfe0-5a3bf20a0a3b,15ef0388-6643-4e15-aae0-5bff9c5c6687,15ef0388-6643-4e15-aae0-5bff9c5c6687-2-4,0,f,2026-04-17 06:13:35.963
dee7bc5e-1e9d-4e96-950e-9a3025b7e73a,b85831fc-729d-438e-ad48-2c5b42a4b482,b85831fc-729d-438e-ad48-2c5b42a4b482-2-0,0,f,2026-04-17 09:04:41.119
f54b3ee7-445b-4af3-87c2-364df8f58696,2c738779-8e62-4a41-ab0a-4fa9585c961c,2c738779-8e62-4a41-ab0a-4fa9585c961c-2-0,3,t,2026-04-17 06:48:09.822
a6436a9d-5c00-4dbf-9565-2baf326b249f,17476afe-7fbd-4f5a-8266-b5d92173f7ef,17476afe-7fbd-4f5a-8266-b5d92173f7ef-2-11,3,t,2026-04-17 06:15:29.908
9762dcb5-787c-43e5-8e5a-39c623408822,8f893900-33b1-466b-aa6a-a878ab337074,8f893900-33b1-466b-aa6a-a878ab337074-2-17,0,f,2026-04-17 06:14:55.456
2a25b324-39de-4cab-878a-f164435acbdf,2b6b5f05-2f37-4d80-a478-b16e450f3358,2b6b5f05-2f37-4d80-a478-b16e450f3358-2-2,3,t,2026-04-17 06:15:36.514
4d66d499-a1d9-4767-9795-e245a3641fe5,3c63949e-a037-42b9-87b9-5861735dc3ea,3c63949e-a037-42b9-87b9-5861735dc3ea-2-20,3,t,2026-04-17 05:55:40.936
487c637e-dfca-4bec-8b0b-beb0264e4079,3d28097a-8ca1-4c1c-a5da-f112d629a3ee,3d28097a-8ca1-4c1c-a5da-f112d629a3ee-2-6,3,t,2026-04-17 05:54:58.494
dfd670d3-c1e1-4eea-8307-d871eb0466c0,89f3807f-dd13-4895-9f42-61aab40f51ef,89f3807f-dd13-4895-9f42-61aab40f51ef-2-17,3,t,2026-04-17 05:55:10.713
b410bdd7-1020-4697-a0dc-4a497883358a,273c5a32-3806-4ebf-bedd-56ad0f50c61d,273c5a32-3806-4ebf-bedd-56ad0f50c61d-2-50,0,f,2026-04-17 06:43:29.25
96573316-4e8b-4c05-a31f-7eeee00e1d46,1356a969-626a-495b-99a4-6f5c43d70c15,1356a969-626a-495b-99a4-6f5c43d70c15-2-17,0,f,2026-04-17 05:58:58.67
10e79116-6aba-4988-b3b4-b9bc61903a2b,59941341-9846-4321-8821-f0eaa8f5e1d2,59941341-9846-4321-8821-f0eaa8f5e1d2-2-10,3,t,2026-04-17 05:55:19.831
f75e0e87-42e4-4da9-bdfa-0498f8f48026,3e558d2f-935d-4406-811a-651dc69cd6d0,3e558d2f-935d-4406-811a-651dc69cd6d0-2-47,3,t,2026-04-17 05:55:21.699
b2e3d445-4fb9-4ada-b96d-e6f3e98b50ea,d52e7e29-850a-492d-bf99-f316b04c7710,d52e7e29-850a-492d-bf99-f316b04c7710-2-2,3,t,2026-04-17 05:58:01.021
347ed505-ad4c-48f2-b87b-d4b39c5fa275,ab13ef04-58e1-4218-8444-e601f4f26e84,ab13ef04-58e1-4218-8444-e601f4f26e84-2-2,0,f,2026-04-17 05:55:27.166
01c2ad49-67ca-4783-a454-94b6a7414a48,1cd91501-a12a-4a2d-ad0a-223a4c5e5f44,1cd91501-a12a-4a2d-ad0a-223a4c5e5f44-2-5,0,f,2026-04-17 05:55:28.127
f4b05997-6773-4a35-b0d2-697713c70c8b,256d4acd-1891-4ae4-a35f-20468f225bea,256d4acd-1891-4ae4-a35f-20468f225bea-2-13,3,t,2026-04-17 05:56:20.881
75a0126f-f528-48df-8725-66746bbec1c3,273c5a32-3806-4ebf-bedd-56ad0f50c61d,273c5a32-3806-4ebf-bedd-56ad0f50c61d-2-49,0,f,2026-04-17 06:19:04.703
09ff6bba-f6f3-4283-8eb2-8fd980c9a99e,f88312f6-fe65-4b39-806e-6c8511f826f6,f88312f6-fe65-4b39-806e-6c8511f826f6-2-49,0,f,2026-04-17 05:55:34.831
b0b43641-59fc-4685-8db3-b5642dbb48d1,f44a21be-caea-4540-9d00-dd02a870f154,f44a21be-caea-4540-9d00-dd02a870f154-2-19,3,t,2026-04-17 08:28:15.891
694a0dc4-21f8-410e-b485-3dfb3b457fd0,c9aa0ac1-2be7-4242-bdb9-cbdcd2e304b9,c9aa0ac1-2be7-4242-bdb9-cbdcd2e304b9-2-27,0,f,2026-04-17 05:55:52.133
3437ec34-992c-4afc-8dbf-e14ef06d9c3d,0869a06e-cb17-4a50-a684-d9035dbf8e1d,0869a06e-cb17-4a50-a684-d9035dbf8e1d-2-13,3,t,2026-04-17 05:58:08.02
b729c281-a508-4d44-8a00-8bf77425da04,17b83f64-278e-4ff9-b656-d45937dd4fc4,17b83f64-278e-4ff9-b656-d45937dd4fc4-2-12,3,t,2026-04-17 05:56:47.791
8f8ccf8b-d8fa-4426-b75f-29e617a3c07f,89f3807f-dd13-4895-9f42-61aab40f51ef,89f3807f-dd13-4895-9f42-61aab40f51ef-2-18,3,t,2026-04-17 05:55:39.99
aa92b9f8-b4b1-45d7-8775-e8fa3e139306,d57b3905-c415-4356-a4ec-1838dd74e7ea,d57b3905-c415-4356-a4ec-1838dd74e7ea-2-2,3,t,2026-04-17 05:56:45.614
221f96f8-8d6e-4a0d-888a-4bcbb8258ab2,2b3ef407-4db1-4f33-af04-71e0b6c9841f,2b3ef407-4db1-4f33-af04-71e0b6c9841f-2-119,0,f,2026-04-17 05:55:57.382
91370c3c-fc76-4dae-9204-c3249163202b,9083c549-095d-4e81-9dfb-394c712ae770,9083c549-095d-4e81-9dfb-394c712ae770-2-13,3,t,2026-04-17 05:56:58.284
a4ae84c0-d312-452f-9fff-da91be08ef32,b5c18032-e3ff-46d4-bdb3-a46fc1e56c63,b5c18032-e3ff-46d4-bdb3-a46fc1e56c63-2-0,0,f,2026-04-17 06:42:57.688
2a9c6095-1566-492a-bcc8-5d3051353989,5873ab9a-f10e-4a81-8745-0ca3b678dfb4,5873ab9a-f10e-4a81-8745-0ca3b678dfb4-2-71,3,t,2026-04-17 06:02:24.203
85aafb24-b0d5-47a5-91a9-ea2f31ae549b,f235b933-cb0a-42c0-8b77-c8bc8b19b4ac,f235b933-cb0a-42c0-8b77-c8bc8b19b4ac-2-8,3,t,2026-04-17 06:05:23.394
d2e64f8f-e7a6-4c67-8377-9e764fe93d41,3aca3a95-3944-46d4-8994-95584b423788,3aca3a95-3944-46d4-8994-95584b423788-2-15,0,f,2026-04-17 05:56:18.303
d28ed85d-cd33-4063-b365-dcda1c14b73c,3e558d2f-935d-4406-811a-651dc69cd6d0,3e558d2f-935d-4406-811a-651dc69cd6d0-2-48,3,t,2026-04-17 05:56:24.4
5771782a-4178-4f4c-8391-b5a0b93a3279,b4e8a7c0-f877-4ff9-8f3c-4ff0a4f6f6c1,b4e8a7c0-f877-4ff9-8f3c-4ff0a4f6f6c1-2-0,3,t,2026-04-17 05:56:44.901
a9620d30-b801-41a2-91e6-8c72abf2867d,bd28d0ed-c914-4e53-b477-a5a3808a3e8d,bd28d0ed-c914-4e53-b477-a5a3808a3e8d-2-0,0,f,2026-04-17 05:56:28.268
b629115d-b005-4ba9-93df-477d68a3fec9,cd7c2c47-113b-42da-bcc7-0ec4fb4e2618,cd7c2c47-113b-42da-bcc7-0ec4fb4e2618-2-0,3,t,2026-04-17 05:56:29.79
d2b12ce7-9b37-4de3-87e4-18ea07ee261d,89f3807f-dd13-4895-9f42-61aab40f51ef,89f3807f-dd13-4895-9f42-61aab40f51ef-2-19,3,t,2026-04-17 05:56:36.021
77bde209-8789-4508-b0eb-8aedfe468cd3,a051447d-a025-45c9-9651-5db3e0ed1ca1,a051447d-a025-45c9-9651-5db3e0ed1ca1-2-14,1,f,2026-04-17 05:56:37.291
7550bb70-a6d5-4322-969f-a29a9b66512d,e8fbe795-ef25-4d0c-98c0-be35fffe6b50,e8fbe795-ef25-4d0c-98c0-be35fffe6b50-2-2,3,t,2026-04-17 05:56:37.776
92d41d0f-d2b7-49fe-aec5-2491c309f9a4,e0429249-d96d-48e2-ad56-cc8198adb3fb,e0429249-d96d-48e2-ad56-cc8198adb3fb-2-1,3,t,2026-04-17 05:57:43.518
df717943-bc32-404d-bfbf-749b2def48c5,8d1d649d-097a-4464-9bcd-a5d62957395a,8d1d649d-097a-4464-9bcd-a5d62957395a-2-10,3,t,2026-04-17 05:57:09.94
c48e5f3d-9b87-48bb-b0c4-6301f925aaa0,3d28097a-8ca1-4c1c-a5da-f112d629a3ee,3d28097a-8ca1-4c1c-a5da-f112d629a3ee-2-7,3,t,2026-04-17 05:56:54.774
80aea23e-2fe7-4111-bb2d-381b5af8b50b,306784ba-a4aa-4dd4-a0a6-5b439490c046,306784ba-a4aa-4dd4-a0a6-5b439490c046-2-3,3,t,2026-04-17 05:56:58.039
a6b8cc19-852c-4335-bb4d-8d1c46b00c40,18cf4c3b-7af3-46c0-9727-e496dab0ff31,18cf4c3b-7af3-46c0-9727-e496dab0ff31-2-13,0,f,2026-04-17 05:56:57.59
ec97d081-54d2-4d6d-af99-0005aa92f717,ae668d44-242b-4610-ae27-26399a5f64bd,ae668d44-242b-4610-ae27-26399a5f64bd-2-49,0,f,2026-04-17 05:57:21.747
55e87eb1-1cb3-44ec-8e35-eda90bfb733b,f88312f6-fe65-4b39-806e-6c8511f826f6,f88312f6-fe65-4b39-806e-6c8511f826f6-2-52,0,f,2026-04-17 05:57:05.896
3f2d01d5-05a5-4f9f-b6e4-3775ca64db37,2b3ef407-4db1-4f33-af04-71e0b6c9841f,2b3ef407-4db1-4f33-af04-71e0b6c9841f-2-120,3,t,2026-04-17 05:57:22.104
8ac1d1be-09e0-48fb-aba8-a93ef6221d31,256d4acd-1891-4ae4-a35f-20468f225bea,256d4acd-1891-4ae4-a35f-20468f225bea-2-14,0,f,2026-04-17 05:57:09.514
d391f4c4-2f5a-47e8-a9fc-b4ed0ec27ba7,7810aaf2-8dd8-4d53-9477-5442f1103233,7810aaf2-8dd8-4d53-9477-5442f1103233-2-18,4,t,2026-04-17 05:57:13.87
2756c9b9-81fc-42c3-af8f-dc6e11a34cf8,6c9af11c-864f-4cc7-9e05-bd732e00764f,6c9af11c-864f-4cc7-9e05-bd732e00764f-2-9,0,f,2026-04-17 05:57:16.643
6af4c759-2970-42e2-a684-d6cbc2f42fa9,3af64616-321f-4bb3-ae52-5d26e4882017,3af64616-321f-4bb3-ae52-5d26e4882017-2-5,0,f,2026-04-17 06:04:57.874
9d05e4ae-9975-47bb-aa36-ff106e59dcaa,2c0f5ae2-6cd8-4af1-aac1-2c0d756c3f64,2c0f5ae2-6cd8-4af1-aac1-2c0d756c3f64-2-3,3,t,2026-04-17 05:57:35.033
5f9cee71-a77a-4861-b2f6-c0261ac9d559,6e3d1f5e-26fe-4e3d-a8af-c39583f2fce2,6e3d1f5e-26fe-4e3d-a8af-c39583f2fce2-2-0,0,f,2026-04-17 05:57:47.695
a1365581-ff94-4aea-af3d-eb307ac02410,22306e0a-2c6b-4d7b-a097-3caa87ead621,22306e0a-2c6b-4d7b-a097-3caa87ead621-2-0,0,f,2026-04-17 06:10:10.64
c2999d11-637d-495b-90a2-cc49afdb5f60,273c5a32-3806-4ebf-bedd-56ad0f50c61d,273c5a32-3806-4ebf-bedd-56ad0f50c61d-2-51,0,f,2026-04-17 06:43:56.797
8b7b273d-071f-45c7-afbf-4fe4633153be,ab13ef04-58e1-4218-8444-e601f4f26e84,ab13ef04-58e1-4218-8444-e601f4f26e84-2-5,0,f,2026-04-17 05:57:00.222
53becb27-fe15-4751-841e-20f17ef1b9ee,25496d33-4ff4-4289-8b2a-938186aff52c,25496d33-4ff4-4289-8b2a-938186aff52c-2-2,0,f,2026-04-17 05:58:59.067
7acb293c-3611-44ff-b494-5a66cffcf56c,8a75a075-a148-4c61-aa92-b475c2c819c4,8a75a075-a148-4c61-aa92-b475c2c819c4-2-18,0,f,2026-04-17 05:59:39.697
91d4f538-41a6-4242-a29c-c68b2a74668b,eb91535a-7a49-4274-ae12-72b9d659701a,eb91535a-7a49-4274-ae12-72b9d659701a-2-10,3,t,2026-04-17 05:59:39.731
35fc46b9-f7d5-4346-ac9c-713991c31e84,1a0a64a3-96c3-4742-9f52-9678da1921fd,1a0a64a3-96c3-4742-9f52-9678da1921fd-2-1,3,t,2026-04-17 06:02:38.73
bdfe6e28-4a2b-4c0b-bdc0-1597c1a477bb,59941341-9846-4321-8821-f0eaa8f5e1d2,59941341-9846-4321-8821-f0eaa8f5e1d2-2-13,3,t,2026-04-17 05:57:37.984
d5f68590-ae3d-4566-9234-399bb3fb4a92,3c63949e-a037-42b9-87b9-5861735dc3ea,3c63949e-a037-42b9-87b9-5861735dc3ea-2-21,3,t,2026-04-17 05:58:34.046
3b89abcd-1e24-45ca-b96f-87207c781f70,89f3807f-dd13-4895-9f42-61aab40f51ef,89f3807f-dd13-4895-9f42-61aab40f51ef-2-20,3,t,2026-04-17 05:57:42.367
5f7ee532-4f3f-4afc-9ec5-7e9bb0c7c2d1,3d28097a-8ca1-4c1c-a5da-f112d629a3ee,3d28097a-8ca1-4c1c-a5da-f112d629a3ee-2-8,3,t,2026-04-17 05:58:35.349
ff82c836-4614-4f6a-af22-43c226cd993b,a2542ae3-6418-4acc-b582-c612706dd9c6,a2542ae3-6418-4acc-b582-c612706dd9c6-2-16,3,t,2026-04-17 05:57:55.896
6fb1fa0a-15b7-4af5-ab4b-a45a3803c9b3,18cf4c3b-7af3-46c0-9727-e496dab0ff31,18cf4c3b-7af3-46c0-9727-e496dab0ff31-2-14,3,t,2026-04-17 05:59:13.481
5a540a04-233b-489f-8ac0-efc4abc10183,17476afe-7fbd-4f5a-8266-b5d92173f7ef,17476afe-7fbd-4f5a-8266-b5d92173f7ef-2-0,3,t,2026-04-17 05:59:47.342
b4b1d4bc-2aa3-46bd-8574-3ce8c06d973c,3876e3c3-2a12-42c0-adff-4fd8d449b392,3876e3c3-2a12-42c0-adff-4fd8d449b392-2-13,3,t,2026-04-17 05:58:06.472
5faab11e-6cbd-4e07-a148-82dcffb63352,3e558d2f-935d-4406-811a-651dc69cd6d0,3e558d2f-935d-4406-811a-651dc69cd6d0-2-51,0,f,2026-04-17 05:58:06.969
1224ef9b-c009-42e8-a397-53d3e8870b67,7254ea81-947c-4281-8c87-20180ade7d10,7254ea81-947c-4281-8c87-20180ade7d10-2-102,0,f,2026-04-17 05:58:20.163
1e0f0459-9038-4379-abf7-bf056b8fafc2,256d4acd-1891-4ae4-a35f-20468f225bea,256d4acd-1891-4ae4-a35f-20468f225bea-2-15,3,t,2026-04-17 05:58:39.451
d311d6d6-d875-4d05-ad85-f422786c3271,0182159a-8a5a-4562-b230-ec4bd8e2cfc9,0182159a-8a5a-4562-b230-ec4bd8e2cfc9-2-27,3,t,2026-04-17 05:59:20.31
4a55c343-0125-4333-b6dc-e50609ee2793,758d4512-2d75-4443-b903-0ede8435f62b,758d4512-2d75-4443-b903-0ede8435f62b-2-17,3,t,2026-04-17 05:58:24.12
a2d126ff-9623-403a-8a6d-23c1dd9d22f5,3876e3c3-2a12-42c0-adff-4fd8d449b392,3876e3c3-2a12-42c0-adff-4fd8d449b392-2-15,0,f,2026-04-17 06:01:10.285
39e7740c-ca91-4a9b-8af9-bfea1720c381,1cd91501-a12a-4a2d-ad0a-223a4c5e5f44,1cd91501-a12a-4a2d-ad0a-223a4c5e5f44-2-7,3,t,2026-04-17 05:58:42.89
179bc06f-f544-45c5-a30c-8c91c19017f4,ab13ef04-58e1-4218-8444-e601f4f26e84,ab13ef04-58e1-4218-8444-e601f4f26e84-2-6,3,t,2026-04-17 05:58:45.523
52bd92e9-342f-4ef8-9d3a-9f2017f45712,18f92e5f-fecc-4dd4-8ee7-2e07fa3c333c,18f92e5f-fecc-4dd4-8ee7-2e07fa3c333c-2-10,3,t,2026-04-17 05:59:28.971
b616f347-f75a-4e6c-8fa7-1cf383346f62,526f66f7-fc87-40b8-bdfa-8387b8452d16,526f66f7-fc87-40b8-bdfa-8387b8452d16-2-7,3,t,2026-04-17 05:58:48.602
2bb13ac2-9893-4aa6-a7c0-a393db17e9ba,4bc0bc61-6cda-4aae-954d-4d7ed465c815,4bc0bc61-6cda-4aae-954d-4d7ed465c815-2-28,2,f,2026-04-17 05:58:53.801
15a29e81-eb9f-436f-9f9b-37b8a0de2555,59941341-9846-4321-8821-f0eaa8f5e1d2,59941341-9846-4321-8821-f0eaa8f5e1d2-2-14,3,t,2026-04-17 06:01:19.807
a12a4331-9430-44f9-a0fc-aff1637f8f0c,3aca3a95-3944-46d4-8994-95584b423788,3aca3a95-3944-46d4-8994-95584b423788-2-16,3,t,2026-04-17 05:59:35.559
37bccde3-d27a-4f07-b524-99b7ac24bae5,e7c59bf7-cc28-469f-af2e-1033af751ce0,e7c59bf7-cc28-469f-af2e-1033af751ce0-2-1,0,f,2026-04-17 06:01:33.412
4651f5ce-bd54-4ef1-a4a1-9cb965385394,0869a06e-cb17-4a50-a684-d9035dbf8e1d,0869a06e-cb17-4a50-a684-d9035dbf8e1d-2-14,3,t,2026-04-17 05:59:36.259
0c642c5f-d80a-439f-a304-dd7b3a2c93df,a2542ae3-6418-4acc-b582-c612706dd9c6,a2542ae3-6418-4acc-b582-c612706dd9c6-2-17,0,f,2026-04-17 05:59:37.862
400b295f-2156-441d-aee7-a1a33e979c2d,cbe0ad90-34bb-416d-a095-e7a77d7a439e,cbe0ad90-34bb-416d-a095-e7a77d7a439e-2-112,4,t,2026-04-17 06:03:13.6
b2602487-5272-48a9-a5c5-79e90ad336b9,225cdc74-4a73-45df-96ce-c26fb678a98c,225cdc74-4a73-45df-96ce-c26fb678a98c-2-3,3,t,2026-04-17 06:03:58.19
4aec71e3-b0e0-41c7-9e06-852ff246e76e,225cdc74-4a73-45df-96ce-c26fb678a98c,225cdc74-4a73-45df-96ce-c26fb678a98c-2-2,3,t,2026-04-17 06:02:33.106
1b7693a4-3636-49d8-b489-a2cb99758b05,2c0f5ae2-6cd8-4af1-aac1-2c0d756c3f64,2c0f5ae2-6cd8-4af1-aac1-2c0d756c3f64-2-8,0,f,2026-04-17 06:04:57.883
e1390507-89f4-4ff9-a2bf-f1ff4dcbaac2,3d28097a-8ca1-4c1c-a5da-f112d629a3ee,3d28097a-8ca1-4c1c-a5da-f112d629a3ee-2-11,3,t,2026-04-17 06:05:05.467
9c83e893-9bf8-416d-ac45-283a337f840d,0869a06e-cb17-4a50-a684-d9035dbf8e1d,0869a06e-cb17-4a50-a684-d9035dbf8e1d-2-21,0,f,2026-04-17 06:06:16.637
e3537ae0-782a-4fad-9404-340a716a0d22,3aca3a95-3944-46d4-8994-95584b423788,3aca3a95-3944-46d4-8994-95584b423788-2-21,3,t,2026-04-17 06:06:34.709
bbf448d9-19e2-4095-a5d0-d3755c6d4602,14f5e49b-d78a-4b35-93a4-c14dd523a2cb,14f5e49b-d78a-4b35-93a4-c14dd523a2cb-2-3,3,t,2026-04-17 06:07:08.479
af316fc8-c539-437d-a5dc-5863e3c1b49b,1a0a64a3-96c3-4742-9f52-9678da1921fd,1a0a64a3-96c3-4742-9f52-9678da1921fd-2-2,3,t,2026-04-17 06:07:19.389
f70287fd-1adc-4889-bcb2-ee61e9bf07b3,2b3ef407-4db1-4f33-af04-71e0b6c9841f,2b3ef407-4db1-4f33-af04-71e0b6c9841f-2-16,2,f,2026-04-17 06:07:30.045
3abd1db8-8458-49b9-87d9-b0f4ef00ea62,bf03ae65-a3e8-464a-80ef-12d8d6863c89,bf03ae65-a3e8-464a-80ef-12d8d6863c89-2-2,3,t,2026-04-17 06:09:27.007
14d23795-30c3-489d-afd2-01d94234f3cd,1cd91501-a12a-4a2d-ad0a-223a4c5e5f44,1cd91501-a12a-4a2d-ad0a-223a4c5e5f44-2-6,3,t,2026-04-17 06:07:35.141
7e82ba0a-ef7b-425a-8c13-b49037045ca8,dd06df73-9413-4079-a02a-bf2ca8cc7548,dd06df73-9413-4079-a02a-bf2ca8cc7548-2-13,0,f,2026-04-17 06:07:46.853
236dab07-9df7-4659-96b1-32f45884eb58,bd28d0ed-c914-4e53-b477-a5a3808a3e8d,bd28d0ed-c914-4e53-b477-a5a3808a3e8d-2-5,3,t,2026-04-17 06:08:14.523
7bdec0f9-a74c-4b83-9ca4-69e97644c82d,18cf4c3b-7af3-46c0-9727-e496dab0ff31,18cf4c3b-7af3-46c0-9727-e496dab0ff31-2-21,3,t,2026-04-17 06:09:27.541
47f4ab4f-2068-4a86-acef-6b28df382886,57e26e34-d7ba-4710-ac2e-0c19d7901d33,57e26e34-d7ba-4710-ac2e-0c19d7901d33-2-1,3,t,2026-04-17 06:10:06.122
e41f39dc-2036-4fcf-8f05-36a107c3e85f,bf03ae65-a3e8-464a-80ef-12d8d6863c89,bf03ae65-a3e8-464a-80ef-12d8d6863c89-2-4,0,f,2026-04-17 06:12:09.3
bc562d43-fd6d-4d57-ae8c-67832d0bca86,3ed999a7-456c-4e7b-a70d-fc069e338889,3ed999a7-456c-4e7b-a70d-fc069e338889-2-1,3,t,2026-04-17 06:14:15.744
0e51b6f1-94a0-4ea2-b78d-121a752a190a,7cec589b-5fc8-4f64-9cda-395495399298,7cec589b-5fc8-4f64-9cda-395495399298-2-7,3,t,2026-04-17 05:57:18.604
6927af96-f991-4d43-883e-2ce37134b033,17b83f64-278e-4ff9-b656-d45937dd4fc4,17b83f64-278e-4ff9-b656-d45937dd4fc4-2-21,3,t,2026-04-17 06:06:49.35
e6230694-4aaa-4f30-8b38-9c1cbd520265,7254ea81-947c-4281-8c87-20180ade7d10,7254ea81-947c-4281-8c87-20180ade7d10-2-103,3,t,2026-04-17 05:58:58.146
066f0d7b-4072-479f-a7a5-efabf3db3b10,1a0a64a3-96c3-4742-9f52-9678da1921fd,1a0a64a3-96c3-4742-9f52-9678da1921fd-2-0,3,t,2026-04-17 05:57:34.33
c42ef8a6-0a30-4f45-a488-793465dc3b97,38087dff-7339-42ef-9ba8-dcc9eb36963a,38087dff-7339-42ef-9ba8-dcc9eb36963a-2-2,3,t,2026-04-17 06:03:04.623
bb059eb6-a4ec-4b88-84c4-19fdd3a5cc5b,2b3ef407-4db1-4f33-af04-71e0b6c9841f,2b3ef407-4db1-4f33-af04-71e0b6c9841f-2-146,3,t,2026-04-17 05:59:03.961
4b4a3f60-6d81-4ef6-88ea-d6267f96e6b9,17b83f64-278e-4ff9-b656-d45937dd4fc4,17b83f64-278e-4ff9-b656-d45937dd4fc4-2-14,3,t,2026-04-17 05:58:25.388
af70aeb0-61a3-4217-be51-603ed1c6726f,8945559a-2ee7-494a-a731-9ac05c4dad8f,8945559a-2ee7-494a-a731-9ac05c4dad8f-2-1,2,f,2026-04-17 05:58:28.141
2620306a-3d74-44e6-be95-8c37bdc50c9e,14f5e49b-d78a-4b35-93a4-c14dd523a2cb,14f5e49b-d78a-4b35-93a4-c14dd523a2cb-2-0,3,t,2026-04-17 06:03:25.163
e1b488df-f29a-4bf9-8f3c-6c721f2a3714,f235b933-cb0a-42c0-8b77-c8bc8b19b4ac,f235b933-cb0a-42c0-8b77-c8bc8b19b4ac-2-19,3,t,2026-04-17 05:58:49.807
720b01eb-bce2-4a57-90a9-b57cc9e7da04,38087dff-7339-42ef-9ba8-dcc9eb36963a,38087dff-7339-42ef-9ba8-dcc9eb36963a-2-1,3,t,2026-04-17 05:59:19.864
29a386b9-50dc-40c0-8755-7ab1ddd054cb,ae668d44-242b-4610-ae27-26399a5f64bd,ae668d44-242b-4610-ae27-26399a5f64bd-2-52,3,t,2026-04-17 05:58:50.235
201e4d27-6815-4b79-b87b-19a59b18987d,ab13ef04-58e1-4218-8444-e601f4f26e84,ab13ef04-58e1-4218-8444-e601f4f26e84-2-14,3,t,2026-04-17 06:04:20.43
9f7d28aa-6941-48a2-b357-1688ee20496d,775f8a37-2858-42fe-a253-5336a9183bd9,775f8a37-2858-42fe-a253-5336a9183bd9-2-0,3,t,2026-04-17 06:09:48.986
ba21c688-d117-4741-a665-c85b34efdf3b,39b7d720-b00f-4db5-acdc-fe6a28594394,39b7d720-b00f-4db5-acdc-fe6a28594394-2-2,3,t,2026-04-17 05:59:20.535
843deafd-6386-4bd9-9432-f23dc31de18b,ec80cbaf-df31-4e85-92d6-a2e9d0d8fd08,ec80cbaf-df31-4e85-92d6-a2e9d0d8fd08-2-8,3,t,2026-04-17 06:07:53.011
0dbb102b-99eb-4894-addf-3f5e63f30f1d,3876e3c3-2a12-42c0-adff-4fd8d449b392,3876e3c3-2a12-42c0-adff-4fd8d449b392-2-14,3,t,2026-04-17 06:00:07.1
e9eb357b-36bd-4a7b-b2f4-dbb69fac204e,ec80cbaf-df31-4e85-92d6-a2e9d0d8fd08,ec80cbaf-df31-4e85-92d6-a2e9d0d8fd08-2-2,3,t,2026-04-17 06:05:09.964
0c6993f1-bab9-4325-bef5-b8923ac2444a,c621f240-1818-4eb4-95a0-149598a46ccc,c621f240-1818-4eb4-95a0-149598a46ccc-2-20,3,t,2026-04-17 06:00:11.982
4698da7d-52ff-4ea2-b241-26cfe910df97,3c63949e-a037-42b9-87b9-5861735dc3ea,3c63949e-a037-42b9-87b9-5861735dc3ea-2-30,4,t,2026-04-17 06:06:54.028
69bc7c29-8397-4298-b27c-bbc3f6702bc6,cd7c2c47-113b-42da-bcc7-0ec4fb4e2618,cd7c2c47-113b-42da-bcc7-0ec4fb4e2618-2-1,3,t,2026-04-17 06:00:55.231
166d73c0-6e0d-4001-a835-09c8a46ddbef,cd7c2c47-113b-42da-bcc7-0ec4fb4e2618,cd7c2c47-113b-42da-bcc7-0ec4fb4e2618-2-3,3,t,2026-04-17 06:07:21.108
232cc968-0107-487b-9adc-eef6acdffae7,526f66f7-fc87-40b8-bdfa-8387b8452d16,526f66f7-fc87-40b8-bdfa-8387b8452d16-2-8,0,f,2026-04-17 06:02:51.238
f861b432-5da0-48f2-948d-6136a6d7c0d0,256d4acd-1891-4ae4-a35f-20468f225bea,256d4acd-1891-4ae4-a35f-20468f225bea-2-20,3,t,2026-04-17 06:05:18.608
a286485d-7c61-4b91-a752-6810de6b234e,9fbae194-6ae8-4f9d-82b8-efe60c2de378,9fbae194-6ae8-4f9d-82b8-efe60c2de378-2-20,2,f,2026-04-17 06:05:57.673
f49f1be3-b413-460e-8124-fbfd39ac60d6,eb91535a-7a49-4274-ae12-72b9d659701a,eb91535a-7a49-4274-ae12-72b9d659701a-2-14,3,t,2026-04-17 06:09:26.992
8dfe3c98-e1a7-4e09-9727-8f7b6f88815b,ec80cbaf-df31-4e85-92d6-a2e9d0d8fd08,ec80cbaf-df31-4e85-92d6-a2e9d0d8fd08-2-6,3,t,2026-04-17 06:06:55.203
2b8b6452-05b0-435a-af1f-f1f70191c8a4,c9aa0ac1-2be7-4242-bdb9-cbdcd2e304b9,c9aa0ac1-2be7-4242-bdb9-cbdcd2e304b9-2-33,0,f,2026-04-17 06:07:02.027
595e5386-1350-4cad-b27a-da28f7b61230,5873ab9a-f10e-4a81-8745-0ca3b678dfb4,5873ab9a-f10e-4a81-8745-0ca3b678dfb4-2-62,3,t,2026-04-17 06:07:30.103
ee31c0b6-084b-498a-9afa-17d1d855fbba,f235b933-cb0a-42c0-8b77-c8bc8b19b4ac,f235b933-cb0a-42c0-8b77-c8bc8b19b4ac-2-13,3,t,2026-04-17 06:07:02.724
1189be53-6763-4d69-b300-de80e2968e14,2b4d89f5-ef05-41f0-a8c2-1ae2c2738ce4,2b4d89f5-ef05-41f0-a8c2-1ae2c2738ce4-2-20,1,f,2026-04-17 06:07:05.991
dbd02a63-8ff5-4913-8c40-449df3515fd4,3c63949e-a037-42b9-87b9-5861735dc3ea,3c63949e-a037-42b9-87b9-5861735dc3ea-2-31,5,t,2026-04-17 06:07:37.997
b583547b-1143-4a48-b86e-f48b5cf083e1,17476afe-7fbd-4f5a-8266-b5d92173f7ef,17476afe-7fbd-4f5a-8266-b5d92173f7ef-2-6,3,t,2026-04-17 06:07:30.313
c079db0e-b11d-47b9-b055-a9d1462105c0,00e05954-4303-4f5e-a0ba-efdcebe2e0fb,00e05954-4303-4f5e-a0ba-efdcebe2e0fb-2-3,3,t,2026-04-17 06:08:02.082
217bca40-5860-4136-9a9b-524bbea70996,f18dfe31-9680-4f29-aba5-7726a2b296bf,f18dfe31-9680-4f29-aba5-7726a2b296bf-2-2,3,t,2026-04-17 06:07:49.089
322c98b7-1fed-4f10-8b80-d5b3b5ffa316,8d1d649d-097a-4464-9bcd-a5d62957395a,8d1d649d-097a-4464-9bcd-a5d62957395a-2-16,3,t,2026-04-17 06:08:11.923
a89ff7bd-6f86-447a-b7b4-5d9871fa21a2,7928bd8f-719e-4964-a213-83ad1c372dd8,7928bd8f-719e-4964-a213-83ad1c372dd8-2-0,3,t,2026-04-17 06:11:03.046
05bb5afb-c95b-42c7-b052-1c2048d0e3b3,e8fbe795-ef25-4d0c-98c0-be35fffe6b50,e8fbe795-ef25-4d0c-98c0-be35fffe6b50-2-17,2,f,2026-04-17 06:10:03.417
c933fd03-0eb3-45d0-b777-83a43f93e64a,1a0a64a3-96c3-4742-9f52-9678da1921fd,1a0a64a3-96c3-4742-9f52-9678da1921fd-2-4,3,t,2026-04-17 06:11:40.642
69dee2b0-8f0b-401e-af3b-b296dc3f9fda,2b4d89f5-ef05-41f0-a8c2-1ae2c2738ce4,2b4d89f5-ef05-41f0-a8c2-1ae2c2738ce4-2-1,3,t,2026-04-17 06:10:20.397
108d632a-fa43-4e1a-a006-ac6cd3c17426,e7c59bf7-cc28-469f-af2e-1033af751ce0,e7c59bf7-cc28-469f-af2e-1033af751ce0-2-2,3,t,2026-04-17 06:10:47.5
04a17410-2520-43db-ae67-adde7dcfebd0,a2542ae3-6418-4acc-b582-c612706dd9c6,a2542ae3-6418-4acc-b582-c612706dd9c6-2-32,6,t,2026-04-17 06:11:52.239
1e2ab9e2-b542-412e-9556-7c1cb94f43e8,306784ba-a4aa-4dd4-a0a6-5b439490c046,306784ba-a4aa-4dd4-a0a6-5b439490c046-2-7,0,f,2026-04-17 06:12:18.765
ae8df14f-ef08-4354-99a8-0a63e95199af,1545b7f2-2a7b-4355-b97c-111a6091093e,1545b7f2-2a7b-4355-b97c-111a6091093e-2-3,3,t,2026-04-17 06:12:40.054
f210e31a-820f-499b-bc4e-186d5f655f4a,3ae02e13-c575-4d19-8f56-26cf29c42768,3ae02e13-c575-4d19-8f56-26cf29c42768-2-2,3,t,2026-04-17 06:12:36.756
99684320-e61c-4d90-a764-d4c466960143,5873ab9a-f10e-4a81-8745-0ca3b678dfb4,5873ab9a-f10e-4a81-8745-0ca3b678dfb4-2-51,3,t,2026-04-17 06:13:31.994
26f6c2ee-1f7b-4fa6-9db9-88c49809ec63,a5f0dbbf-8f52-4dba-8cfe-f9380f1dd904,a5f0dbbf-8f52-4dba-8cfe-f9380f1dd904-2-28,5,t,2026-04-17 08:28:16.323
6101686b-8a79-444e-849d-dfaaa271a3b1,17b83f64-278e-4ff9-b656-d45937dd4fc4,17b83f64-278e-4ff9-b656-d45937dd4fc4-2-34,3,t,2026-04-17 06:17:43.186
cacb89ae-0713-45d8-bc75-a0781665cb08,2b8e121d-6660-4971-b514-d55a5ff3b6bc,2b8e121d-6660-4971-b514-d55a5ff3b6bc-2-6,3,t,2026-04-17 09:03:50.236
744da8d4-5b32-4f41-b8f6-79a66781b240,3af64616-321f-4bb3-ae52-5d26e4882017,3af64616-321f-4bb3-ae52-5d26e4882017-2-6,3,t,2026-04-17 07:17:37.819
351ca3a6-8a99-461b-8f12-454f65bb7088,e2dabc7c-955e-44b7-b230-97640bea013e,e2dabc7c-955e-44b7-b230-97640bea013e-2-0,0,f,2026-04-17 08:40:01.106
6244cd2d-d35a-4db7-9274-4cf85f36fd45,c15fa367-a67a-439c-aa44-3d5413987a82,c15fa367-a67a-439c-aa44-3d5413987a82-2-80,0,f,2026-04-17 08:48:33.369
ca851725-ed25-4e9b-ab77-9122aa947da5,dadd1552-0329-4a3d-9283-c7e9fc178963,dadd1552-0329-4a3d-9283-c7e9fc178963-2-0,3,t,2026-04-17 08:28:26.872
824bc441-50d4-40c3-8396-eb1e9330a41c,1e4d7928-481a-4e8d-ad61-a9ffbbaa5374,1e4d7928-481a-4e8d-ad61-a9ffbbaa5374-2-6,3,t,2026-04-17 08:40:13.419
0e14cddb-6ffb-47b7-8438-c6022a4b9cc5,0f87f5ca-90be-407a-a6fe-4bdea6c80f5a,0f87f5ca-90be-407a-a6fe-4bdea6c80f5a-2-8,0,f,2026-04-17 08:48:33.598
e6b673c3-a4fb-452b-ae27-c5c302147c00,e5281933-cab1-4a55-98f0-8ebee5451ee5,e5281933-cab1-4a55-98f0-8ebee5451ee5-2-50,3,t,2026-04-17 08:28:39.678
23360be2-c3cd-4595-8db2-752f6cb3b52f,33a61d52-3347-4686-871d-f0eee1598765,33a61d52-3347-4686-871d-f0eee1598765-2-12,2,f,2026-04-17 08:28:45.388
d321482e-7044-45ea-848e-1fca65054e18,1319181f-6f3c-435a-b43f-0f1c9db34303,1319181f-6f3c-435a-b43f-0f1c9db34303-2-53,0,f,2026-04-17 08:40:28.723
be9ae8b2-988f-4012-9b4a-c6d9f049d3e9,8417893f-8741-4c11-99cf-a7f3f4111358,8417893f-8741-4c11-99cf-a7f3f4111358-2-8,3,t,2026-04-17 08:28:48.388
77cfa993-255a-425d-8347-276c0a4850ce,869341ac-0069-4fc0-8633-3c9aee4b1ea5,869341ac-0069-4fc0-8633-3c9aee4b1ea5-2-9,3,t,2026-04-17 08:40:32.49
4aeb8520-733d-412e-b59b-f739cfe01b13,2d6b6626-038e-45ac-b337-005acf831731,2d6b6626-038e-45ac-b337-005acf831731-2-8,0,f,2026-04-17 08:50:18.751
f77329fb-a2b6-486c-9cbd-a7002b454498,ba4fc8de-42f0-49e4-9f0a-1d8fbe4e7c38,ba4fc8de-42f0-49e4-9f0a-1d8fbe4e7c38-2-21,3,t,2026-04-17 08:28:52.078
caf96c26-b509-45b1-b810-f13b687aae27,c696162d-add8-4d23-812d-b07e7b17d6a6,c696162d-add8-4d23-812d-b07e7b17d6a6-2-14,3,t,2026-04-17 08:54:57.608
2f25fce2-111c-446d-b97a-ee97ab767e5d,2b834e56-49d1-4cf2-b41d-df797dd4d34f,2b834e56-49d1-4cf2-b41d-df797dd4d34f-2-13,3,t,2026-04-17 08:42:00.705
fb4051f6-ac4f-41ef-b5b1-3e94aad86cfe,fad6dba6-af87-465e-b625-c5818010936b,fad6dba6-af87-465e-b625-c5818010936b-2-2,3,t,2026-04-17 08:29:25.263
96c4104d-6180-4314-a939-febe38d3cec1,f2c67931-ab51-4f09-a434-df3cc4d0f3c9,f2c67931-ab51-4f09-a434-df3cc4d0f3c9-2-2,0,f,2026-04-17 08:43:05.527
b3a146a7-d910-4583-8b74-1d2f37c3315b,4e36fdd4-88f8-4814-9d01-be775e6bc0dc,4e36fdd4-88f8-4814-9d01-be775e6bc0dc-2-6,1,f,2026-04-17 08:39:25.73
1c6e42ec-3228-4c0a-8b9c-42428a8ada05,c15fa367-a67a-439c-aa44-3d5413987a82,c15fa367-a67a-439c-aa44-3d5413987a82-2-93,0,f,2026-04-17 08:52:58.245
6dcce2ef-2edf-453f-914b-df6f585d37ff,70cc4a4d-99eb-4423-8c03-9ed6f07ac880,70cc4a4d-99eb-4423-8c03-9ed6f07ac880-2-52,3,t,2026-04-17 08:39:31.53
4eae0c67-c4bf-4f00-b6fc-93fa228a6114,517abf64-f692-41a3-aa57-199f17b7150a,517abf64-f692-41a3-aa57-199f17b7150a-2-6,3,t,2026-04-17 08:46:05.193
b1d0b950-5632-4dc7-baef-1e6f002c39a0,3de4071d-6ac3-4ee3-a5c2-9b21e67ff4b5,3de4071d-6ac3-4ee3-a5c2-9b21e67ff4b5-2-6,3,t,2026-04-17 08:39:56.199
eae398a3-7ae6-4c7d-8ea2-bf5bae14fcfc,33743ba9-3388-48aa-9d68-4a022f127a6e,33743ba9-3388-48aa-9d68-4a022f127a6e-2-37,0,f,2026-04-17 08:48:07.188
706d63c4-b1e2-4e6f-b8b8-f105e3496ed4,1319181f-6f3c-435a-b43f-0f1c9db34303,1319181f-6f3c-435a-b43f-0f1c9db34303-2-83,0,f,2026-04-17 08:48:12.389
0e794aa6-4fac-4458-a21f-ad8d2dbcf900,a8b4b170-9e9a-4433-a6d9-4d26d1f4d697,a8b4b170-9e9a-4433-a6d9-4d26d1f4d697-2-36,0,f,2026-04-17 08:48:20.18
2765d805-1d45-4306-8f3d-84f4c7355072,038ba9c9-05c2-44a3-9f33-21941d6b13d3,038ba9c9-05c2-44a3-9f33-21941d6b13d3-2-4,3,t,2026-04-17 08:53:04.57
79a87d6c-8343-4481-9b61-244a4fa763eb,1d7d8a6d-b644-489f-8c94-3b8fe34d9c9a,1d7d8a6d-b644-489f-8c94-3b8fe34d9c9a-2-17,3,t,2026-04-17 08:53:35.284
5734ac0a-2f6f-41e5-a1ed-4efd0d8fce05,d39050bd-ce5c-4719-ae39-d694ab777186,d39050bd-ce5c-4719-ae39-d694ab777186-2-2,3,t,2026-04-17 08:53:11.013
9d7dc7b4-4fd0-44f7-93f1-32bc8f3701d6,b4b098bd-438e-49a9-ad66-57cfc51fd272,b4b098bd-438e-49a9-ad66-57cfc51fd272-2-23,3,t,2026-04-17 09:02:55.153
7d9f6f44-9ae0-4f79-9348-680e0f14a223,996b54c6-df4b-42e0-b36a-0b183de8fa03,996b54c6-df4b-42e0-b36a-0b183de8fa03-2-2,3,t,2026-04-17 08:53:31.172
42786ec7-4f32-4c19-aed3-637a4123eb56,835fa953-1c2f-45a5-a661-9679158bc35a,835fa953-1c2f-45a5-a661-9679158bc35a-2-6,2,f,2026-04-17 08:53:57.452
a2b42890-e8a6-49fc-ad95-3e3ffb47da0e,853a8dae-65c1-4c3b-aa1a-3d082cc81d82,853a8dae-65c1-4c3b-aa1a-3d082cc81d82-2-2,1,f,2026-04-17 08:53:44.513
2f4f42f2-bf5b-45d4-8d29-bfa39a9aec1f,5c1c1b08-ad4f-4952-840e-cc58de5aee40,5c1c1b08-ad4f-4952-840e-cc58de5aee40-2-46,0,f,2026-04-17 09:07:13.956
8e6900b0-ed56-46f2-a3c5-250ffb8a8713,1cb8fb30-5d58-42e9-aeb9-e6d3478e7295,1cb8fb30-5d58-42e9-aeb9-e6d3478e7295-2-8,3,t,2026-04-17 08:55:25.472
f1ed254f-a40a-4e77-8a95-977f800644d5,ad2ea128-38e3-4ed1-a9e9-612e79f000bd,ad2ea128-38e3-4ed1-a9e9-612e79f000bd-2-13,3,t,2026-04-17 08:54:00.223
3a10536d-7664-48df-84d0-0c290e317c19,1d17fe91-ffce-4ba1-bd26-f4cbc4c03ab5,1d17fe91-ffce-4ba1-bd26-f4cbc4c03ab5-2-14,3,t,2026-04-17 08:53:59.666
b63d9c48-8422-493f-81fd-1476482644bf,4cf7f052-1d34-4442-9347-3eab9ed2fd67,4cf7f052-1d34-4442-9347-3eab9ed2fd67-2-8,0,f,2026-04-17 08:54:02.231
0a4233da-5339-452f-8241-9775d3e9810f,67020039-958b-47ea-92fb-8440e69e788d,67020039-958b-47ea-92fb-8440e69e788d-2-25,3,t,2026-04-17 08:54:17.577
84c961a7-16d2-49dd-a57e-d8eae0127c80,4d064b59-db6f-4c00-a7bd-dd47165afed8,4d064b59-db6f-4c00-a7bd-dd47165afed8-2-15,0,f,2026-04-17 08:55:53.769
0b16cbbf-fa33-48de-ae16-e4e853db0bec,a093824f-0569-46ef-9823-4bbccdd6aa41,a093824f-0569-46ef-9823-4bbccdd6aa41-2-9,2,f,2026-04-17 08:56:20.76
edad84b8-2d82-484f-8e0a-a786e895513d,86cf59e4-e80e-41c6-9b0e-7c0b184ab0fc,86cf59e4-e80e-41c6-9b0e-7c0b184ab0fc-2-12,3,t,2026-04-17 08:56:25.829
91cd2aba-d670-41f3-99a3-c048793618a9,7b350d11-7774-4d4f-9b2d-3721b7c4c72d,7b350d11-7774-4d4f-9b2d-3721b7c4c72d-2-4,3,t,2026-04-17 08:56:26.705
56ada096-0577-487b-b30d-3fa24cef1880,c15fa367-a67a-439c-aa44-3d5413987a82,c15fa367-a67a-439c-aa44-3d5413987a82-2-102,3,t,2026-04-17 08:57:23.304
7f829389-d069-4380-b770-97f2aef337dd,b8ebf3ec-b6c7-4648-a49a-af83302cab8c,b8ebf3ec-b6c7-4648-a49a-af83302cab8c-2-38,0,f,2026-04-17 08:56:53.227
6ee5966f-4e7f-41a8-9194-cff496727935,e3a08443-dd2c-43bf-894d-e428f9cdb716,e3a08443-dd2c-43bf-894d-e428f9cdb716-2-20,0,f,2026-04-17 08:59:55.048
537a65b1-48f4-4928-8d9a-c205ef7c3720,5acfcb89-71a4-4847-b5ba-b747c0f0c58a,5acfcb89-71a4-4847-b5ba-b747c0f0c58a-2-1,3,t,2026-04-17 08:41:59.421
d9d60fd5-5f04-42bb-812a-fba1c19497f2,3c63949e-a037-42b9-87b9-5861735dc3ea,3c63949e-a037-42b9-87b9-5861735dc3ea-2-34,5,t,2026-04-17 06:17:27.157
281e9203-8f8c-4a5b-9463-f5dfb99bdb35,12f07921-83d4-4029-b9f0-0897b7c4abe9,12f07921-83d4-4029-b9f0-0897b7c4abe9-2-13,3,t,2026-04-17 08:28:53.145
e17882cd-d88f-49de-949d-fc54644e4f4f,3c63949e-a037-42b9-87b9-5861735dc3ea,3c63949e-a037-42b9-87b9-5861735dc3ea-2-25,3,t,2026-04-17 06:17:40.841
9e68060f-e56a-4fba-8985-7f4b50f5e27c,3e558d2f-935d-4406-811a-651dc69cd6d0,3e558d2f-935d-4406-811a-651dc69cd6d0-2-113,0,f,2026-04-17 06:18:12.905
a2492440-e95c-45d6-9dd3-ac83aace0359,2b834e56-49d1-4cf2-b41d-df797dd4d34f,2b834e56-49d1-4cf2-b41d-df797dd4d34f-2-6,3,t,2026-04-17 08:30:44.711
769be5f1-90da-402d-9bd0-7fe5d663507b,a5f0dbbf-8f52-4dba-8cfe-f9380f1dd904,a5f0dbbf-8f52-4dba-8cfe-f9380f1dd904-2-29,6,t,2026-04-17 08:28:25.056
20aeacdb-94c1-432b-8891-92152a17398a,0f87f5ca-90be-407a-a6fe-4bdea6c80f5a,0f87f5ca-90be-407a-a6fe-4bdea6c80f5a-2-2,0,f,2026-04-17 08:31:38.573
76f83f06-ed6c-4b83-9ff7-0181c552f47f,a8b4b170-9e9a-4433-a6d9-4d26d1f4d697,a8b4b170-9e9a-4433-a6d9-4d26d1f4d697-2-11,3,t,2026-04-17 08:29:01.366
8fdf7ec1-ed24-4d42-9f1d-9e7c86fdec2c,a5f0dbbf-8f52-4dba-8cfe-f9380f1dd904,a5f0dbbf-8f52-4dba-8cfe-f9380f1dd904-2-40,3,t,2026-04-17 08:28:35.587
7f02a704-0ab4-47a6-ba20-96ad2e36813d,116fbde3-d81a-4d0a-a537-39fa3a78dffd,116fbde3-d81a-4d0a-a537-39fa3a78dffd-2-10,2,f,2026-04-17 08:48:55.266
ab1ccbf4-daaa-4fb7-8193-5e082f51ba43,6c16aba8-4cc7-4d11-8121-3178a8de1659,6c16aba8-4cc7-4d11-8121-3178a8de1659-2-18,0,f,2026-04-17 08:35:47.289
1fe8cfb1-9369-4beb-8002-60de17cf5015,6706dc6d-2366-466b-a5d2-030aa1c7af67,6706dc6d-2366-466b-a5d2-030aa1c7af67-2-0,0,f,2026-04-17 08:36:32.091
0f74f315-f295-4445-aac2-d87744d4552a,038ba9c9-05c2-44a3-9f33-21941d6b13d3,038ba9c9-05c2-44a3-9f33-21941d6b13d3-2-42,3,t,2026-04-17 08:29:02.814
bdaaf8fe-1409-4015-904e-9a36d6e9b4bd,c15c0884-27c8-4e33-9f94-d15539014060,c15c0884-27c8-4e33-9f94-d15539014060-2-3,0,f,2026-04-17 08:29:05.053
3c48f2c4-8016-4b5c-a2be-1c109115fbbe,dcc976be-efb6-42e4-8847-7d244359e554,dcc976be-efb6-42e4-8847-7d244359e554-2-34,0,f,2026-04-17 08:29:21.058
29c31d27-8b4a-4141-8aff-539e75449b29,a5f0dbbf-8f52-4dba-8cfe-f9380f1dd904,a5f0dbbf-8f52-4dba-8cfe-f9380f1dd904-2-41,7,t,2026-04-17 08:28:43.914
10797bff-ac7f-4794-8aff-71356d596c85,6f338d94-781d-476d-beb8-d7e612e1eb54,6f338d94-781d-476d-beb8-d7e612e1eb54-2-10,0,f,2026-04-17 08:29:23.195
b7d80252-fe65-43f4-ad3e-a366b979a464,06e481bf-ddf2-4c37-a992-b0442fe3a25a,06e481bf-ddf2-4c37-a992-b0442fe3a25a-2-35,0,f,2026-04-17 08:29:25.099
55b1a19f-bc15-401b-9892-3019e3809cbd,14f5e49b-d78a-4b35-93a4-c14dd523a2cb,14f5e49b-d78a-4b35-93a4-c14dd523a2cb-2-16,3,t,2026-04-17 09:11:22.755
8f65215d-557d-4a96-b1c3-278c01767cea,24eac769-6cb5-45be-a147-81584b0c3661,24eac769-6cb5-45be-a147-81584b0c3661-2-28,3,t,2026-04-17 08:29:43.555
1fcb58df-45ac-4afb-8773-2e7418ab3f9f,a5f0dbbf-8f52-4dba-8cfe-f9380f1dd904,a5f0dbbf-8f52-4dba-8cfe-f9380f1dd904-2-42,6,t,2026-04-17 08:28:52.432
a114e2fb-4b8b-4e26-a62b-b52c1939f78d,70cc4a4d-99eb-4423-8c03-9ed6f07ac880,70cc4a4d-99eb-4423-8c03-9ed6f07ac880-2-102,3,t,2026-04-17 08:40:02.186
fcba3aab-f1a0-44ce-909c-d70afbf91088,517abf64-f692-41a3-aa57-199f17b7150a,517abf64-f692-41a3-aa57-199f17b7150a-2-2,3,t,2026-04-17 08:29:48.103
431ecf3a-432b-43f1-9282-4b99189f870e,8509b13c-e904-4623-a1cb-239c24e9ec41,8509b13c-e904-4623-a1cb-239c24e9ec41-2-10,3,t,2026-04-17 08:29:59.805
abdea556-5468-45ae-b602-9a3aa67d8040,289fc8f4-4e54-45ee-8816-dd99f02cd6bb,289fc8f4-4e54-45ee-8816-dd99f02cd6bb-2-3,3,t,2026-04-17 08:30:04.07
5a8ac9db-3b93-4f9e-b7c5-bcb0c4500e0a,22306e0a-2c6b-4d7b-a097-3caa87ead621,22306e0a-2c6b-4d7b-a097-3caa87ead621-2-13,0,f,2026-04-17 08:49:06.902
3f9f752b-6e9f-4ef0-935f-2b21cd2ef31e,f0ab63a2-2e97-4a4a-ace4-8715bb448f47,f0ab63a2-2e97-4a4a-ace4-8715bb448f47-2-3,3,t,2026-04-17 08:50:37.42
325b77bf-8884-4a50-b44e-10cdaefadc0d,e5281933-cab1-4a55-98f0-8ebee5451ee5,e5281933-cab1-4a55-98f0-8ebee5451ee5-2-76,0,f,2026-04-17 08:40:36.984
dba5537b-8ba9-4ec6-b5f3-2bb0d8e1b58a,e34b9241-22a9-4da5-a69b-90c53ec1b42a,e34b9241-22a9-4da5-a69b-90c53ec1b42a-2-3,3,t,2026-04-17 08:43:02.599
db9e6269-c510-4eeb-be20-5fd45addfc60,bdfbbf0a-e44e-4f66-a792-297d42655f85,bdfbbf0a-e44e-4f66-a792-297d42655f85-2-67,3,t,2026-04-17 08:40:40.46
88319443-0b71-4dea-887b-74e1f61a77f8,33743ba9-3388-48aa-9d68-4a022f127a6e,33743ba9-3388-48aa-9d68-4a022f127a6e-2-18,2,f,2026-04-17 09:05:46.564
4072f06c-8fb5-4071-aad4-572314b69d51,869341ac-0069-4fc0-8633-3c9aee4b1ea5,869341ac-0069-4fc0-8633-3c9aee4b1ea5-2-21,3,t,2026-04-17 08:48:52.24
4f77efc1-0ea4-403f-8ffc-31213c65c281,e34b9241-22a9-4da5-a69b-90c53ec1b42a,e34b9241-22a9-4da5-a69b-90c53ec1b42a-2-5,3,t,2026-04-17 08:48:28.306
fd5019a2-25bb-41fb-9c56-4a8de8808fa0,f7e88f42-b0d4-4999-8a5c-e50064ed0ee5,f7e88f42-b0d4-4999-8a5c-e50064ed0ee5-2-2,1,f,2026-04-17 08:48:51.292
228c137c-f863-4a17-8daa-ffe853320b23,1319181f-6f3c-435a-b43f-0f1c9db34303,1319181f-6f3c-435a-b43f-0f1c9db34303-2-86,5,t,2026-04-17 08:48:52.635
c1b9919e-0c38-4433-921e-c79481482166,03c72251-350d-4306-90e8-29fb2e7d9820,03c72251-350d-4306-90e8-29fb2e7d9820-2-16,3,t,2026-04-17 08:49:38.896
68feb04c-4ba2-4480-bdeb-a94f7b1fe96e,0daea515-b946-4a2b-aab3-6ab6d96c0be9,0daea515-b946-4a2b-aab3-6ab6d96c0be9-2-9,3,t,2026-04-17 08:50:35.523
df1a832e-da80-44e9-a255-59465f43d87c,7e1289eb-5ee1-4695-aab3-647721240979,7e1289eb-5ee1-4695-aab3-647721240979-2-41,5,t,2026-04-17 08:49:41.569
589a9c28-d138-4b40-b03e-4fd515d5f826,e3a08443-dd2c-43bf-894d-e428f9cdb716,e3a08443-dd2c-43bf-894d-e428f9cdb716-2-16,3,t,2026-04-17 08:50:31.628
683617d5-d081-4f9f-a503-2312a1d67afb,d34cebeb-d6e2-4f6e-bf65-cc118d4e996e,d34cebeb-d6e2-4f6e-bf65-cc118d4e996e-2-20,3,t,2026-04-17 08:50:07.215
a3ef55b2-f3c6-4bbd-a59c-39561e35c161,4f7c2ed7-83a1-4fa7-ac08-c7c3640fd0b2,4f7c2ed7-83a1-4fa7-ac08-c7c3640fd0b2-2-8,3,t,2026-04-17 08:50:00.799
5d68c8c1-adc3-4016-81a8-4a7a57a7dd23,359f8bb4-be81-4ca6-97ff-580bc13be414,359f8bb4-be81-4ca6-97ff-580bc13be414-2-10,3,t,2026-04-17 08:50:28.83
17902507-49ff-403a-b784-de933350de99,663a5248-8bbc-45e7-8507-40b07a25cdbb,663a5248-8bbc-45e7-8507-40b07a25cdbb-2-13,3,t,2026-04-17 08:50:01.157
ddea6ac0-b34e-4d21-b3d9-f93a82491fca,9a55e2ae-caea-48c8-8437-7fa6d560c28d,9a55e2ae-caea-48c8-8437-7fa6d560c28d-2-4,0,f,2026-04-17 08:50:18.086
a556d366-9a10-4209-961f-005209d8951b,0dac11b6-9631-4184-a1c8-fb09702135e9,0dac11b6-9631-4184-a1c8-fb09702135e9-2-1,4,t,2026-04-17 08:54:16.301
e86e5d57-7de7-4cc6-a454-d1b41cd078f1,a037f741-a910-48c8-9024-37930d7b2190,a037f741-a910-48c8-9024-37930d7b2190-2-33,3,t,2026-04-17 09:27:26.242
be6457ca-b8f5-418b-aa1c-366374500a12,8feab4a3-20e4-48ff-b9ea-a9cc612ef8cc,8feab4a3-20e4-48ff-b9ea-a9cc612ef8cc-2-7,3,t,2026-04-17 06:18:31.009
a8cf6584-0a6b-4bbc-bd87-895a1fee8342,e3a08443-dd2c-43bf-894d-e428f9cdb716,e3a08443-dd2c-43bf-894d-e428f9cdb716-2-3,0,f,2026-04-17 08:30:22.396
3054cc8d-55f4-4b82-8ec7-39d3ec0f1905,33743ba9-3388-48aa-9d68-4a022f127a6e,33743ba9-3388-48aa-9d68-4a022f127a6e-2-5,0,f,2026-04-17 09:01:45.109
915713f1-2a80-470b-bb81-41ca5b000298,a5f0dbbf-8f52-4dba-8cfe-f9380f1dd904,a5f0dbbf-8f52-4dba-8cfe-f9380f1dd904-2-43,6,t,2026-04-17 08:29:03.331
bfc7eac0-012e-4578-a317-6404431cbc88,a5f0dbbf-8f52-4dba-8cfe-f9380f1dd904,a5f0dbbf-8f52-4dba-8cfe-f9380f1dd904-2-54,6,t,2026-04-17 08:29:40.594
a16f8d21-c605-40a7-84b2-ce23eefd60aa,359f8bb4-be81-4ca6-97ff-580bc13be414,359f8bb4-be81-4ca6-97ff-580bc13be414-2-2,3,t,2026-04-17 08:30:26.951
5405d377-1664-4fce-8007-a32bda9a3407,9a5dd319-7f52-44e3-a8e5-41dea86e80db,9a5dd319-7f52-44e3-a8e5-41dea86e80db-2-11,0,f,2026-04-17 08:29:40.824
4611bfa7-f221-44fe-87bc-6e6db9ed6099,a5f0dbbf-8f52-4dba-8cfe-f9380f1dd904,a5f0dbbf-8f52-4dba-8cfe-f9380f1dd904-2-46,5,t,2026-04-17 08:29:11.232
37218c13-9c99-45c0-aabc-3728c15d9064,869341ac-0069-4fc0-8633-3c9aee4b1ea5,869341ac-0069-4fc0-8633-3c9aee4b1ea5-2-3,3,t,2026-04-17 08:32:59.641
c46e1a7e-13f8-47a8-9f38-f2df65dbbb45,36ee50db-b493-43dc-b9d7-51cc4f4916e0,36ee50db-b493-43dc-b9d7-51cc4f4916e0-2-3,3,t,2026-04-17 08:29:40.982
afac0bd4-baf8-48ee-8bbd-d69087d26769,f44a21be-caea-4540-9d00-dd02a870f154,f44a21be-caea-4540-9d00-dd02a870f154-2-22,3,t,2026-04-17 08:29:15.937
9814f137-433e-4e71-8f74-118c2e539b35,a5f0dbbf-8f52-4dba-8cfe-f9380f1dd904,a5f0dbbf-8f52-4dba-8cfe-f9380f1dd904-2-44,5,t,2026-04-17 08:29:20.603
b836e158-f64d-45ac-b7c4-28cb666a8f1f,dafa66ec-d66e-4e78-81c0-18163c4768c9,dafa66ec-d66e-4e78-81c0-18163c4768c9-2-25,3,t,2026-04-17 08:29:26.907
4161b7a2-4b4c-41c7-ad6a-97c2f33159cd,e5281933-cab1-4a55-98f0-8ebee5451ee5,e5281933-cab1-4a55-98f0-8ebee5451ee5-2-51,0,f,2026-04-17 08:30:32.601
0c228108-c752-4324-8c96-190698df24e2,f44a21be-caea-4540-9d00-dd02a870f154,f44a21be-caea-4540-9d00-dd02a870f154-2-24,3,t,2026-04-17 08:29:47.281
f2f4a356-b001-4d02-ab5f-67edab50ce39,dafa66ec-d66e-4e78-81c0-18163c4768c9,dafa66ec-d66e-4e78-81c0-18163c4768c9-2-26,3,t,2026-04-17 08:29:33.173
8f3f3021-e0f4-4cc9-8b38-1d4cc591e58c,86cf59e4-e80e-41c6-9b0e-7c0b184ab0fc,86cf59e4-e80e-41c6-9b0e-7c0b184ab0fc-2-0,3,t,2026-04-17 08:30:35.244
2ff10326-aeb7-4adb-9cd8-e8144f756726,12b01164-8204-4162-a8d5-1c7128b05523,12b01164-8204-4162-a8d5-1c7128b05523-2-3,0,f,2026-04-17 08:33:11.543
7e1b56e2-67dd-4348-a5fa-6ad044445b3c,dafa66ec-d66e-4e78-81c0-18163c4768c9,dafa66ec-d66e-4e78-81c0-18163c4768c9-2-27,1,f,2026-04-17 08:29:49.119
4e1b9af5-3f22-4ea4-9e7c-1bf5d96a2234,a093824f-0569-46ef-9823-4bbccdd6aa41,a093824f-0569-46ef-9823-4bbccdd6aa41-2-1,0,f,2026-04-17 08:39:57.165
30c0ab88-ba43-4556-88b6-d7af22622b23,c61c19e1-d60a-4f35-a113-97ee86c81071,c61c19e1-d60a-4f35-a113-97ee86c81071-2-16,3,t,2026-04-17 08:31:44.442
fc94d8a9-17f1-4e19-a588-1d6637a82daf,f44a21be-caea-4540-9d00-dd02a870f154,f44a21be-caea-4540-9d00-dd02a870f154-2-26,3,t,2026-04-17 08:29:58.461
b69d0a69-7cdb-4008-9b63-d7ceaae8895b,9b8668b1-041a-4193-94b7-e689aa591474,9b8668b1-041a-4193-94b7-e689aa591474-2-13,2,f,2026-04-17 08:33:28.158
6ba1c4ac-3c99-4f12-99e2-0d436e4ee7bb,c696162d-add8-4d23-812d-b07e7b17d6a6,c696162d-add8-4d23-812d-b07e7b17d6a6-2-6,3,t,2026-04-17 08:30:04.46
5bc0a288-7f58-42d3-bc96-b5db96c1dadb,5ca8cf18-027c-47da-a94d-85108ccc3503,5ca8cf18-027c-47da-a94d-85108ccc3503-2-2,3,t,2026-04-17 08:32:00.681
913d4b00-0d0b-4c74-aa0d-169f1850c970,33743ba9-3388-48aa-9d68-4a022f127a6e,33743ba9-3388-48aa-9d68-4a022f127a6e-2-6,3,t,2026-04-17 08:31:20.305
61cb8a6c-eee4-4cd6-9d8b-1e7dcc86d778,963fec59-78ac-420b-9d9e-84e6bae46cd0,963fec59-78ac-420b-9d9e-84e6bae46cd0-2-2,3,t,2026-04-17 08:31:01.336
3166393f-1b19-48b3-9c6f-f0a0fe522423,e691efa7-d7b7-493d-9a07-64415b0953da,e691efa7-d7b7-493d-9a07-64415b0953da-2-18,3,t,2026-04-17 08:31:01.557
2d7f1d92-b407-4e61-ab7f-9964915e32ad,d3f2605e-dc00-465c-a66a-1fe00bae1bc8,d3f2605e-dc00-465c-a66a-1fe00bae1bc8-2-13,0,f,2026-04-17 08:34:08.337
726848f0-dd5e-430e-9024-ede285f84c55,c7a78f51-0646-4f94-a39a-e0b803b8fff7,c7a78f51-0646-4f94-a39a-e0b803b8fff7-2-1,3,t,2026-04-17 08:31:45.612
1d874551-88f3-470a-bff2-a555450f2835,3de4071d-6ac3-4ee3-a5c2-9b21e67ff4b5,3de4071d-6ac3-4ee3-a5c2-9b21e67ff4b5-2-3,0,f,2026-04-17 08:31:46.868
d7b8fdd0-a3a8-4267-a068-4d07d49bff4e,1319181f-6f3c-435a-b43f-0f1c9db34303,1319181f-6f3c-435a-b43f-0f1c9db34303-2-27,5,t,2026-04-17 08:31:41.54
364b84f2-5e5f-4e07-a8ef-2cdc3f2d7594,a8b4b170-9e9a-4433-a6d9-4d26d1f4d697,a8b4b170-9e9a-4433-a6d9-4d26d1f4d697-2-13,3,t,2026-04-17 08:31:43.582
ff8cade4-38cc-4878-9d9a-838f8336629a,517abf64-f692-41a3-aa57-199f17b7150a,517abf64-f692-41a3-aa57-199f17b7150a-2-4,3,t,2026-04-17 08:42:29.586
6f62e668-5738-4096-a258-a210a9aa6494,e810366e-1e77-47e9-878d-baae7e38ecfa,e810366e-1e77-47e9-878d-baae7e38ecfa-2-1,3,t,2026-04-17 08:32:15.9
f84be619-4fc4-45c4-979f-938e8f858662,06e481bf-ddf2-4c37-a992-b0442fe3a25a,06e481bf-ddf2-4c37-a992-b0442fe3a25a-2-38,0,f,2026-04-17 08:32:24.201
48d14575-63f0-48fb-a6ad-e24d2ac3db66,c152cba1-4efe-43be-b5e5-27d69079d29e,c152cba1-4efe-43be-b5e5-27d69079d29e-2-16,3,t,2026-04-17 08:34:41.942
99df1c9e-209a-44de-8d56-62cc6fe7ea22,2157b182-d26f-4929-9ea0-d14b0461db32,2157b182-d26f-4929-9ea0-d14b0461db32-2-0,2,f,2026-04-17 08:37:33.232
e3e73413-1e4f-407d-b914-faa6a85b2930,074627b4-02d5-4c95-a3ac-5fa0b7a8583c,074627b4-02d5-4c95-a3ac-5fa0b7a8583c-2-3,3,t,2026-04-17 08:40:23.494
f88daa1e-dd63-417e-90c9-81f5db609189,a8b4b170-9e9a-4433-a6d9-4d26d1f4d697,a8b4b170-9e9a-4433-a6d9-4d26d1f4d697-2-26,0,f,2026-04-17 08:40:57.6
d03c0324-e72e-4e51-a0c2-548b601a6c57,2f2975e7-43f5-486f-8219-e1715b4ee539,2f2975e7-43f5-486f-8219-e1715b4ee539-2-1,0,f,2026-04-17 08:40:56.35
d8ca4cb7-ca3d-4176-a527-0bee578dbaea,9651adcc-6e22-42a6-b506-4924d2dbf61b,9651adcc-6e22-42a6-b506-4924d2dbf61b-2-3,3,t,2026-04-17 08:41:32.783
49cfbd6e-4508-4c19-98b5-3437f7f2022f,1e4d7928-481a-4e8d-ad61-a9ffbbaa5374,1e4d7928-481a-4e8d-ad61-a9ffbbaa5374-2-7,3,t,2026-04-17 08:42:23.932
6e2629a2-53c1-4a8a-bcab-0164039dd668,67020039-958b-47ea-92fb-8440e69e788d,67020039-958b-47ea-92fb-8440e69e788d-2-18,3,t,2026-04-17 08:42:28.077
a7faaebf-f1e4-4178-9e3f-b0f3d8280bff,b36faffd-430e-4c0c-ac9a-4dba748e85a8,b36faffd-430e-4c0c-ac9a-4dba748e85a8-2-1,3,t,2026-04-17 08:43:09.261
0664e006-ef8a-44a1-8edb-e5e1bc4af70a,37d9e26e-10fd-435d-b337-a843a3c2e7e8,37d9e26e-10fd-435d-b337-a843a3c2e7e8-2-1,0,f,2026-04-17 08:50:22.665
53095d10-d31d-4db5-b09e-33f2570bf401,27a69e03-7147-4f1d-8331-650a51e441e2,27a69e03-7147-4f1d-8331-650a51e441e2-2-43,0,f,2026-04-17 08:52:23.125
aa4a7af5-c297-44e7-8194-150416e71995,e0429249-d96d-48e2-ad56-cc8198adb3fb,e0429249-d96d-48e2-ad56-cc8198adb3fb-2-16,3,t,2026-04-17 06:19:13.569
46e46177-de9e-4f8d-bb5a-6c60e4942d03,f44a21be-caea-4540-9d00-dd02a870f154,f44a21be-caea-4540-9d00-dd02a870f154-2-20,3,t,2026-04-17 08:29:03.354
5a4e60f3-3a20-4b70-a333-d0b39ded4ddc,9ebb7038-11ab-438f-baef-23aff65325cb,9ebb7038-11ab-438f-baef-23aff65325cb-2-0,0,f,2026-04-17 08:38:02.267
93fc31da-1468-4c3e-a89b-e0c25ea2a89c,ba4fc8de-42f0-49e4-9f0a-1d8fbe4e7c38,ba4fc8de-42f0-49e4-9f0a-1d8fbe4e7c38-2-22,3,t,2026-04-17 08:29:05.29
135c70c6-b00f-4c4d-95ff-7ac909d933b2,f44a21be-caea-4540-9d00-dd02a870f154,f44a21be-caea-4540-9d00-dd02a870f154-2-21,3,t,2026-04-17 08:29:09.814
9f3556e4-459f-4a78-b424-df421590ded5,24eac769-6cb5-45be-a147-81584b0c3661,24eac769-6cb5-45be-a147-81584b0c3661-2-31,3,t,2026-04-17 08:31:56.26
01dfd535-520a-4eb2-a2a9-1b9736311582,bb853852-9b60-4bd7-88a3-63012845d3c9,bb853852-9b60-4bd7-88a3-63012845d3c9-2-0,0,f,2026-04-17 08:38:04.412
efbcf606-9ef9-473b-ae17-9fd932dd0ce0,6c16aba8-4cc7-4d11-8121-3178a8de1659,6c16aba8-4cc7-4d11-8121-3178a8de1659-2-20,3,t,2026-04-17 08:31:06.243
36775c62-5935-4925-b228-59426c5dfeae,a5f0dbbf-8f52-4dba-8cfe-f9380f1dd904,a5f0dbbf-8f52-4dba-8cfe-f9380f1dd904-2-45,6,t,2026-04-17 08:29:28.728
f163573f-eae4-438b-8ebd-25ce11ee122e,86cf59e4-e80e-41c6-9b0e-7c0b184ab0fc,86cf59e4-e80e-41c6-9b0e-7c0b184ab0fc-2-1,3,t,2026-04-17 08:31:57.668
cb7b01a9-3f83-4f7c-ba55-ce4c5b96b2ca,8417893f-8741-4c11-99cf-a7f3f4111358,8417893f-8741-4c11-99cf-a7f3f4111358-2-14,3,t,2026-04-17 08:29:36.297
0be23db0-305e-471b-b6ac-b20e2ba776df,10210c31-b852-44a3-a0d2-dc76f7728bc9,10210c31-b852-44a3-a0d2-dc76f7728bc9-2-20,1,f,2026-04-17 08:40:59.225
45fa5754-faf6-4d85-b980-de4bd2fcd9b3,3ba4307f-c0ed-4239-bbda-f35ba419d93a,3ba4307f-c0ed-4239-bbda-f35ba419d93a-2-1,3,t,2026-04-17 08:38:05.953
2a262984-0c31-4848-865e-324a4f947a5e,70cc4a4d-99eb-4423-8c03-9ed6f07ac880,70cc4a4d-99eb-4423-8c03-9ed6f07ac880-2-11,3,t,2026-04-17 08:29:58.552
491d3ec9-c7b0-453b-965c-4f88eec94350,b8ebf3ec-b6c7-4648-a49a-af83302cab8c,b8ebf3ec-b6c7-4648-a49a-af83302cab8c-2-86,4,t,2026-04-17 08:31:17.346
b39625a0-9f41-4a2f-9119-a938b787a5be,a5f0dbbf-8f52-4dba-8cfe-f9380f1dd904,a5f0dbbf-8f52-4dba-8cfe-f9380f1dd904-2-47,4,t,2026-04-17 08:30:13.305
a8ecda42-23c2-41d9-b732-35ba620aa11c,8417893f-8741-4c11-99cf-a7f3f4111358,8417893f-8741-4c11-99cf-a7f3f4111358-2-20,3,t,2026-04-17 08:30:20.014
946e027b-d4c2-4c29-a8f2-89e38e010098,bdfbbf0a-e44e-4f66-a792-297d42655f85,bdfbbf0a-e44e-4f66-a792-297d42655f85-2-48,0,f,2026-04-17 08:30:34.45
02a733df-a8e7-4cf4-9401-51d1e2852416,8509b13c-e904-4623-a1cb-239c24e9ec41,8509b13c-e904-4623-a1cb-239c24e9ec41-2-17,3,t,2026-04-17 08:30:35.314
1b53f2ea-3922-45f8-8aff-db15e6fa0bee,9a5dd319-7f52-44e3-a8e5-41dea86e80db,9a5dd319-7f52-44e3-a8e5-41dea86e80db-2-12,3,t,2026-04-17 08:31:34.826
0bf0a762-3eb5-4f11-8982-f0a4f4ab2066,d6c40f95-78a4-41ff-99ca-92ada2fa7a25,d6c40f95-78a4-41ff-99ca-92ada2fa7a25-2-6,3,t,2026-04-17 08:32:20.855
0dda74fd-ac26-4bf3-8b3c-f2d65435880b,f44a21be-caea-4540-9d00-dd02a870f154,f44a21be-caea-4540-9d00-dd02a870f154-2-27,3,t,2026-04-17 08:31:36.519
f40bff20-0793-41b2-8a64-9aff3066454c,fa756c53-780a-4bf9-8913-0c4c9e277df3,fa756c53-780a-4bf9-8913-0c4c9e277df3-2-6,3,t,2026-04-17 08:40:45.361
e048eea6-18a8-4cfb-b864-dab470cc17b1,e3a08443-dd2c-43bf-894d-e428f9cdb716,e3a08443-dd2c-43bf-894d-e428f9cdb716-2-4,3,t,2026-04-17 08:32:40.063
8986d6f7-a290-4a29-8899-4a9acbd68e39,12f07921-83d4-4029-b9f0-0897b7c4abe9,12f07921-83d4-4029-b9f0-0897b7c4abe9-2-17,3,t,2026-04-17 08:31:45.815
2519e253-7425-4afc-8070-07e38365a562,99591e75-8017-4d97-aa79-183d057cde08,99591e75-8017-4d97-aa79-183d057cde08-2-51,5,t,2026-04-17 08:41:16.646
8eac19db-a17d-4f7b-a703-f296c5114ee3,e5281933-cab1-4a55-98f0-8ebee5451ee5,e5281933-cab1-4a55-98f0-8ebee5451ee5-2-52,0,f,2026-04-17 08:32:54.588
3ad143eb-71cf-4f17-8467-b373de368b51,985ae1b0-6dbe-493b-a5bc-20516e53dbbe,985ae1b0-6dbe-493b-a5bc-20516e53dbbe-2-19,3,t,2026-04-17 08:33:08.594
a1dbb42d-6a54-4a3e-bfe6-c3c1d8a4d3db,5ca8cf18-027c-47da-a94d-85108ccc3503,5ca8cf18-027c-47da-a94d-85108ccc3503-2-5,3,t,2026-04-17 08:56:58.896
c47997a2-a332-49b1-a0af-964d976350fe,dadd1552-0329-4a3d-9283-c7e9fc178963,dadd1552-0329-4a3d-9283-c7e9fc178963-2-1,3,t,2026-04-17 08:33:33.343
0240f7ac-1ac6-4aa2-8666-ed00b090c867,12f07921-83d4-4029-b9f0-0897b7c4abe9,12f07921-83d4-4029-b9f0-0897b7c4abe9-2-23,3,t,2026-04-17 08:40:49.309
198c59ba-470f-4254-a6c4-26b93058fbcb,663a5248-8bbc-45e7-8507-40b07a25cdbb,663a5248-8bbc-45e7-8507-40b07a25cdbb-2-9,2,f,2026-04-17 08:40:54.281
e311a289-5b3b-4602-a437-3105bdc0e2ec,e3a08443-dd2c-43bf-894d-e428f9cdb716,e3a08443-dd2c-43bf-894d-e428f9cdb716-2-10,3,t,2026-04-17 08:42:10.914
7f2e662c-8a94-48d6-b639-f6e1ab96d6ec,116fbde3-d81a-4d0a-a537-39fa3a78dffd,116fbde3-d81a-4d0a-a537-39fa3a78dffd-2-6,2,f,2026-04-17 08:41:15.11
bda24c5f-014c-447c-b166-98a8b5f9a549,1319181f-6f3c-435a-b43f-0f1c9db34303,1319181f-6f3c-435a-b43f-0f1c9db34303-2-56,0,f,2026-04-17 08:41:18.693
3a8bae65-312a-44f6-abfa-d11fd80b5f00,869341ac-0069-4fc0-8633-3c9aee4b1ea5,869341ac-0069-4fc0-8633-3c9aee4b1ea5-2-10,3,t,2026-04-17 08:41:54.493
65814e7c-0f15-4749-8b35-39e1b7337be9,7e427b2a-9406-4473-a854-547395a4f8df,7e427b2a-9406-4473-a854-547395a4f8df-2-1,3,t,2026-04-17 08:41:22.832
73b6dde3-70a2-4dbe-b29e-f16cbf045d99,12f07921-83d4-4029-b9f0-0897b7c4abe9,12f07921-83d4-4029-b9f0-0897b7c4abe9-2-25,3,t,2026-04-17 08:41:27.776
690d9fb2-9581-4971-af4c-b971cf79c4d7,316d0ef9-3596-406f-974d-3d3bb82172a1,316d0ef9-3596-406f-974d-3d3bb82172a1-2-4,0,f,2026-04-17 08:41:29.164
426908a8-19ea-4875-a4d3-fdee8d7142e8,3ed8fc13-d8f6-4f15-a66d-be11fce71626,3ed8fc13-d8f6-4f15-a66d-be11fce71626-2-2,3,t,2026-04-17 08:42:13.078
888d4df8-4136-4d25-8a37-6207eea97a36,b4b098bd-438e-49a9-ad66-57cfc51fd272,b4b098bd-438e-49a9-ad66-57cfc51fd272-2-10,3,t,2026-04-17 08:42:04.459
4a332977-d237-4553-b061-620975aaaf6b,517abf64-f692-41a3-aa57-199f17b7150a,517abf64-f692-41a3-aa57-199f17b7150a-2-7,3,t,2026-04-17 08:42:03.134
c60ec920-fbf0-4355-8ec9-4a78c8961d7d,074627b4-02d5-4c95-a3ac-5fa0b7a8583c,074627b4-02d5-4c95-a3ac-5fa0b7a8583c-2-4,3,t,2026-04-17 08:41:58.598
6006b211-878f-4520-88d5-cd54584c0fbb,12b01164-8204-4162-a8d5-1c7128b05523,12b01164-8204-4162-a8d5-1c7128b05523-2-10,3,t,2026-04-17 08:42:41.878
309cdde5-a2af-463a-be62-0b66920f294d,37d9e26e-10fd-435d-b337-a843a3c2e7e8,37d9e26e-10fd-435d-b337-a843a3c2e7e8-2-12,0,f,2026-04-17 08:42:43.448
8540075a-cef5-4cc6-9ef1-f2c6f1f41f1f,e2dabc7c-955e-44b7-b230-97640bea013e,e2dabc7c-955e-44b7-b230-97640bea013e-2-1,0,f,2026-04-17 08:43:08.482
ac067782-b5b1-41cd-96c6-2debb3f55f93,b4c5c04b-ee8f-4aba-95d4-0b2ca4146623,b4c5c04b-ee8f-4aba-95d4-0b2ca4146623-2-10,0,f,2026-04-17 08:46:57.59
195ca510-64ba-4586-b58a-473d6894022c,ef207197-162b-4243-a3b4-3fa7b6c10ced,ef207197-162b-4243-a3b4-3fa7b6c10ced-2-3,2,f,2026-04-17 06:17:38.011
34108cb2-9dd0-408e-9013-bfe379b42095,a308d64e-a683-48c5-b2a8-601ec2450e19,a308d64e-a683-48c5-b2a8-601ec2450e19-2-4,0,f,2026-04-17 06:17:55.745
2ee85a5f-db76-4208-898a-5ba03c59293a,f7e88f42-b0d4-4999-8a5c-e50064ed0ee5,f7e88f42-b0d4-4999-8a5c-e50064ed0ee5-2-19,3,t,2026-04-17 08:48:29.517
53285ae0-6afd-4569-814e-66a293121884,c909bd23-7897-4dea-8402-2cca7a3df7c6,c909bd23-7897-4dea-8402-2cca7a3df7c6-2-1,3,t,2026-04-17 08:41:18.711
4991c2f5-91a4-4dea-9938-76ddd733699f,f44a21be-caea-4540-9d00-dd02a870f154,f44a21be-caea-4540-9d00-dd02a870f154-2-25,3,t,2026-04-17 08:29:53.44
5fcc6986-cc16-40e1-afe3-b39ece47df2d,9a9af92a-7c5d-49ec-953f-9f230f9c3bc5,9a9af92a-7c5d-49ec-953f-9f230f9c3bc5-2-19,0,f,2026-04-17 08:41:21.313
273d4fcd-6866-405f-a131-338491130a56,ee1ddb42-de6a-49f7-aa87-acabfa831b8c,ee1ddb42-de6a-49f7-aa87-acabfa831b8c-2-149,1,f,2026-04-17 08:41:37.926
c335c364-5275-4d17-8da1-258df3babcc3,7e2c84b1-7c4e-4e3e-8d0e-a398718e8b2f,7e2c84b1-7c4e-4e3e-8d0e-a398718e8b2f-2-0,3,t,2026-04-17 08:30:23.569
33d8eed7-3c22-4d57-a0f9-f0bd3aeafdab,4d064b59-db6f-4c00-a7bd-dd47165afed8,4d064b59-db6f-4c00-a7bd-dd47165afed8-2-6,3,t,2026-04-17 08:42:33.03
be35309e-37de-4f36-bf46-08e798e6b0e4,a5f0dbbf-8f52-4dba-8cfe-f9380f1dd904,a5f0dbbf-8f52-4dba-8cfe-f9380f1dd904-2-58,3,t,2026-04-17 08:30:26.475
a9d9d9ae-d9c1-4af0-a855-98581ce5c1c5,359f8bb4-be81-4ca6-97ff-580bc13be414,359f8bb4-be81-4ca6-97ff-580bc13be414-2-8,3,t,2026-04-17 08:41:42.11
41035ffa-3e6f-4ed1-8cfb-387bb4a1ca16,12f07921-83d4-4029-b9f0-0897b7c4abe9,12f07921-83d4-4029-b9f0-0897b7c4abe9-2-12,3,t,2026-04-17 08:30:34.322
a75f4f20-863e-4294-b093-2c9014bc9807,06e481bf-ddf2-4c37-a992-b0442fe3a25a,06e481bf-ddf2-4c37-a992-b0442fe3a25a-2-36,0,f,2026-04-17 08:30:43.059
610f8c82-e0c7-4728-991e-48587883b471,2d6b6626-038e-45ac-b337-005acf831731,2d6b6626-038e-45ac-b337-005acf831731-2-2,1,f,2026-04-17 08:30:44.887
2c856e07-9f87-4e10-90cd-5c4e6d413f92,5efac7b6-2605-4f18-9a35-2a71e7d6bdc0,5efac7b6-2605-4f18-9a35-2a71e7d6bdc0-2-10,3,t,2026-04-17 08:30:46.032
64dbd955-9c55-4cc1-a4b2-c1097b36ab57,1d17fe91-ffce-4ba1-bd26-f4cbc4c03ab5,1d17fe91-ffce-4ba1-bd26-f4cbc4c03ab5-2-0,3,t,2026-04-17 08:31:01.591
4f2ed375-0671-403d-b9e4-b4461817f717,663a5248-8bbc-45e7-8507-40b07a25cdbb,663a5248-8bbc-45e7-8507-40b07a25cdbb-2-2,2,f,2026-04-17 08:31:48.484
4192dd94-374a-401e-95cf-d0ff39db7425,46592f64-4847-4dd0-b9d4-9a8736d9b75e,46592f64-4847-4dd0-b9d4-9a8736d9b75e-2-9,3,t,2026-04-17 08:42:37.954
006fb963-d95f-4b26-8c63-af4d7a7d5ee1,c15fa367-a67a-439c-aa44-3d5413987a82,c15fa367-a67a-439c-aa44-3d5413987a82-2-39,3,t,2026-04-17 08:32:19.376
a7015a92-6d6a-4eb9-adf6-4b04ed55acce,33743ba9-3388-48aa-9d68-4a022f127a6e,33743ba9-3388-48aa-9d68-4a022f127a6e-2-20,0,f,2026-04-17 08:42:47.023
0131fc38-b5d5-4986-be1a-eeb93e9d8ae0,cfcb0c94-546d-4aea-b51f-6523e622e10f,cfcb0c94-546d-4aea-b51f-6523e622e10f-2-7,3,t,2026-04-17 08:42:03.633
e0d81353-15f4-4a91-a45e-87aaed57d26e,c152cba1-4efe-43be-b5e5-27d69079d29e,c152cba1-4efe-43be-b5e5-27d69079d29e-2-18,3,t,2026-04-17 08:43:24.804
64f49b69-f511-452e-b83f-371263a54522,03c72251-350d-4306-90e8-29fb2e7d9820,03c72251-350d-4306-90e8-29fb2e7d9820-2-8,3,t,2026-04-17 08:48:38.895
12e9f8fc-2823-4c6f-8f57-98b404c0aaed,1d7d8a6d-b644-489f-8c94-3b8fe34d9c9a,1d7d8a6d-b644-489f-8c94-3b8fe34d9c9a-2-6,3,t,2026-04-17 08:42:07.461
dd355c83-e0a6-48da-903b-388543db9440,4f7c2ed7-83a1-4fa7-ac08-c7c3640fd0b2,4f7c2ed7-83a1-4fa7-ac08-c7c3640fd0b2-2-3,3,t,2026-04-17 08:42:18.22
886f3968-7375-4f05-b13f-cd7254075734,9a9af92a-7c5d-49ec-953f-9f230f9c3bc5,9a9af92a-7c5d-49ec-953f-9f230f9c3bc5-2-20,3,t,2026-04-17 08:42:23.817
f9c1a9a4-a6d0-4769-9ded-a9fcf4f0a8ba,c696162d-add8-4d23-812d-b07e7b17d6a6,c696162d-add8-4d23-812d-b07e7b17d6a6-2-13,3,t,2026-04-17 08:46:30.186
f6a5e7a0-692f-45da-9eaf-6049d1752346,33a61d52-3347-4686-871d-f0eee1598765,33a61d52-3347-4686-871d-f0eee1598765-2-18,0,f,2026-04-17 08:46:33.088
1650f425-d3be-4461-b594-0f23ffbe6c34,46592f64-4847-4dd0-b9d4-9a8736d9b75e,46592f64-4847-4dd0-b9d4-9a8736d9b75e-2-12,3,t,2026-04-17 08:49:38.676
4e12113a-8a24-4fbb-876c-36a131a6030a,86cf59e4-e80e-41c6-9b0e-7c0b184ab0fc,86cf59e4-e80e-41c6-9b0e-7c0b184ab0fc-2-7,0,f,2026-04-17 08:49:05.519
98001f5a-86d7-4987-86d1-b2468b60e0f3,70cc4a4d-99eb-4423-8c03-9ed6f07ac880,70cc4a4d-99eb-4423-8c03-9ed6f07ac880-2-33,3,t,2026-04-17 08:48:50.684
796d2bc7-a458-4134-a7ca-d1dcd30e7f3e,b19ce3ea-90c7-4c5f-b1fd-2bbef2efb0a4,b19ce3ea-90c7-4c5f-b1fd-2bbef2efb0a4-2-7,2,f,2026-04-17 08:49:09.403
0b0c5b98-2227-40ac-a0e7-9387723d7d6b,1cb8fb30-5d58-42e9-aeb9-e6d3478e7295,1cb8fb30-5d58-42e9-aeb9-e6d3478e7295-2-6,3,t,2026-04-17 08:49:15.83
7bcfb0f3-f642-4f3a-a2dc-2719f8b6a370,2157b182-d26f-4929-9ea0-d14b0461db32,2157b182-d26f-4929-9ea0-d14b0461db32-2-32,3,t,2026-04-17 08:49:10.851
80a22f30-3ce3-4f50-93b8-187cd0ebe2e5,2b834e56-49d1-4cf2-b41d-df797dd4d34f,2b834e56-49d1-4cf2-b41d-df797dd4d34f-2-18,0,f,2026-04-17 08:49:19.612
05042314-bf31-4899-a336-9a42168c879a,21d53331-bf7e-4a4a-8242-daa5236fc398,21d53331-bf7e-4a4a-8242-daa5236fc398-2-1,3,t,2026-04-17 08:50:05.396
720193e4-8db4-4248-8baa-e7ce64d097cb,2f2975e7-43f5-486f-8219-e1715b4ee539,2f2975e7-43f5-486f-8219-e1715b4ee539-2-10,3,t,2026-04-17 08:49:31.473
03a16f9b-1711-4265-9e52-55879ed52d79,cfc602b7-76c8-40fe-8a3f-0227e7ae7f9d,cfc602b7-76c8-40fe-8a3f-0227e7ae7f9d-2-5,3,t,2026-04-17 09:20:23.132
5259f8fe-278d-4d27-93a5-65d50d29bc21,ad2ea128-38e3-4ed1-a9e9-612e79f000bd,ad2ea128-38e3-4ed1-a9e9-612e79f000bd-2-6,3,t,2026-04-17 08:49:54.336
9b89f6dc-ad0d-4dae-8148-8a56219b8da2,b36faffd-430e-4c0c-ac9a-4dba748e85a8,b36faffd-430e-4c0c-ac9a-4dba748e85a8-2-4,3,t,2026-04-17 08:50:20.55
68e2a0d6-9a63-401a-8623-52eae2f9c57b,869341ac-0069-4fc0-8633-3c9aee4b1ea5,869341ac-0069-4fc0-8633-3c9aee4b1ea5-2-20,0,f,2026-04-17 08:49:57.487
a0b5b2e4-f64a-4abb-821e-5bd8e3d9bb8e,3ed8fc13-d8f6-4f15-a66d-be11fce71626,3ed8fc13-d8f6-4f15-a66d-be11fce71626-2-84,3,t,2026-04-17 08:50:01.16
6ea70710-1c7e-4103-a459-ccb31b65db03,1d7d8a6d-b644-489f-8c94-3b8fe34d9c9a,1d7d8a6d-b644-489f-8c94-3b8fe34d9c9a-2-13,3,t,2026-04-17 08:50:01.223
c578f240-401b-46a5-b494-5366918b5239,33a61d52-3347-4686-871d-f0eee1598765,33a61d52-3347-4686-871d-f0eee1598765-2-21,2,f,2026-04-17 08:50:00.991
b27bd2a8-5ee0-4fb8-9144-abba54208096,57fd170e-8fcf-425e-aafb-34331dbe4494,57fd170e-8fcf-425e-aafb-34331dbe4494-2-1,3,t,2026-04-17 08:50:10.801
74918344-3e95-4f9f-aafa-ac747588fa32,37d9e26e-10fd-435d-b337-a843a3c2e7e8,37d9e26e-10fd-435d-b337-a843a3c2e7e8-2-16,3,t,2026-04-17 08:55:39.81
73deccfd-ba92-4660-8ae2-2630babd07f2,5acfcb89-71a4-4847-b5ba-b747c0f0c58a,5acfcb89-71a4-4847-b5ba-b747c0f0c58a-2-5,0,f,2026-04-17 08:53:15.731
af1ef811-54f4-4f5d-b492-76bf2560a345,f499e6e9-1ef7-4fce-b385-25fb1fc992f6,f499e6e9-1ef7-4fce-b385-25fb1fc992f6-2-6,3,t,2026-04-17 08:56:21.579
1e5231dc-8f24-426a-867c-ecdb4539d26e,7928bd8f-719e-4964-a213-83ad1c372dd8,7928bd8f-719e-4964-a213-83ad1c372dd8-2-4,3,t,2026-04-17 06:17:40.294
a92cc9ee-2bdd-477e-90d5-33fbdaec3733,14f5e49b-d78a-4b35-93a4-c14dd523a2cb,14f5e49b-d78a-4b35-93a4-c14dd523a2cb-2-14,3,t,2026-04-17 08:44:30.914
1b457ea7-71b3-40a8-bc72-f63a18ef5370,68b684ba-2da5-4ed2-ac06-111b78a23568,68b684ba-2da5-4ed2-ac06-111b78a23568-2-4,3,t,2026-04-17 06:17:57.401
8efd505f-ffd5-4861-a593-0d3699d7b723,517abf64-f692-41a3-aa57-199f17b7150a,517abf64-f692-41a3-aa57-199f17b7150a-2-10,2,f,2026-04-17 08:49:34.099
a9ec6fb6-a86e-4d66-a95a-017913604bf1,359f8bb4-be81-4ca6-97ff-580bc13be414,359f8bb4-be81-4ca6-97ff-580bc13be414-2-4,3,t,2026-04-17 08:32:56.052
dbdfb9cf-0b81-47c3-ab17-cc956111ecf6,4cf7f052-1d34-4442-9347-3eab9ed2fd67,4cf7f052-1d34-4442-9347-3eab9ed2fd67-2-10,3,t,2026-04-17 08:52:55.843
937c1345-1cae-4a44-93d4-f8842b23f0ea,70cc4a4d-99eb-4423-8c03-9ed6f07ac880,70cc4a4d-99eb-4423-8c03-9ed6f07ac880-2-126,3,t,2026-04-17 08:43:08.022
adf51800-7829-4c50-b4f9-3ac463163c60,8e56a4a5-a012-4d03-a49b-1fbbca1953f7,8e56a4a5-a012-4d03-a49b-1fbbca1953f7-2-1,3,t,2026-04-17 08:44:32.496
2dd759ee-e864-4f61-9bdd-6a6d3de51f94,e691efa7-d7b7-493d-9a07-64415b0953da,e691efa7-d7b7-493d-9a07-64415b0953da-2-19,3,t,2026-04-17 08:34:21.292
a87d4698-ab1a-4b77-8d8d-1fccc710b362,b4b098bd-438e-49a9-ad66-57cfc51fd272,b4b098bd-438e-49a9-ad66-57cfc51fd272-2-20,3,t,2026-04-17 08:50:56.355
0c6a66d3-3e01-412b-a464-e76907e39798,41de605a-5ab7-4bbb-8c2a-28deb3c57f39,41de605a-5ab7-4bbb-8c2a-28deb3c57f39-2-21,3,t,2026-04-17 08:34:49.292
cc00cb45-4fd3-4e07-90b6-14a8e4552f34,289fc8f4-4e54-45ee-8816-dd99f02cd6bb,289fc8f4-4e54-45ee-8816-dd99f02cd6bb-2-9,3,t,2026-04-17 08:46:09.897
23c7925a-e320-477b-93e0-51de73e5f1cc,70cc4a4d-99eb-4423-8c03-9ed6f07ac880,70cc4a4d-99eb-4423-8c03-9ed6f07ac880-2-146,3,t,2026-04-17 08:41:36.838
47444de5-6839-44ff-9199-bfa073cf1bea,3ed8fc13-d8f6-4f15-a66d-be11fce71626,3ed8fc13-d8f6-4f15-a66d-be11fce71626-2-6,3,t,2026-04-17 08:43:30.753
395dce5d-94ef-4fd4-9c86-262de69d0d58,60f514c4-c7b7-498a-ac4d-72eb6ecb7de4,60f514c4-c7b7-498a-ac4d-72eb6ecb7de4-2-3,3,t,2026-04-17 08:49:45.348
b4d191e6-eeb8-4af6-866c-87db2b91613e,5efac7b6-2605-4f18-9a35-2a71e7d6bdc0,5efac7b6-2605-4f18-9a35-2a71e7d6bdc0-2-14,3,t,2026-04-17 08:41:59.18
1c0a4157-aeaf-44b5-9be9-0dd881abdfa3,116fbde3-d81a-4d0a-a537-39fa3a78dffd,116fbde3-d81a-4d0a-a537-39fa3a78dffd-2-7,2,f,2026-04-17 08:42:56.369
e97727c4-9beb-4403-b837-95468710fd4a,37609e0d-8088-41d9-89bb-cdd5b35b65e0,37609e0d-8088-41d9-89bb-cdd5b35b65e0-2-3,0,f,2026-04-17 08:46:43.535
7680325a-bbd5-4ae7-b9d1-4ef5cc9aa409,316d0ef9-3596-406f-974d-3d3bb82172a1,316d0ef9-3596-406f-974d-3d3bb82172a1-2-6,3,t,2026-04-17 08:43:37.029
a6b65b02-67c2-465b-b49c-2163d11d3da1,cfcb0c94-546d-4aea-b51f-6523e622e10f,cfcb0c94-546d-4aea-b51f-6523e622e10f-2-8,3,t,2026-04-17 08:43:04.046
4f383466-f0f4-4d36-87df-354cb0748f3f,ae512a82-7989-4fb2-87f7-abece7160322,ae512a82-7989-4fb2-87f7-abece7160322-2-1,2,f,2026-04-17 08:43:49.501
44553f5c-2b7e-4e04-8349-381809a2e5f5,37d9e26e-10fd-435d-b337-a843a3c2e7e8,37d9e26e-10fd-435d-b337-a843a3c2e7e8-2-13,0,f,2026-04-17 08:43:56.721
73e9fbc1-1098-43a0-8e91-9092659ef0f2,9fad1346-db17-4e69-9f23-78eebc0077db,9fad1346-db17-4e69-9f23-78eebc0077db-2-6,3,t,2026-04-17 08:57:10.787
185e53f0-647d-4c1a-bd98-203a68e190ee,4cf7f052-1d34-4442-9347-3eab9ed2fd67,4cf7f052-1d34-4442-9347-3eab9ed2fd67-2-1,3,t,2026-04-17 08:44:00.027
2d2998a7-3500-42c4-a067-416d9bf2be07,c15c0884-27c8-4e33-9f94-d15539014060,c15c0884-27c8-4e33-9f94-d15539014060-2-11,0,f,2026-04-17 08:44:11.917
aa856ad6-2074-49a5-a5a4-85cbd0554690,7e2c84b1-7c4e-4e3e-8d0e-a398718e8b2f,7e2c84b1-7c4e-4e3e-8d0e-a398718e8b2f-2-1,3,t,2026-04-17 08:58:43.427
94c22d16-ee7a-4ac1-a274-8fc1ed227f61,2d6b6626-038e-45ac-b337-005acf831731,2d6b6626-038e-45ac-b337-005acf831731-2-6,3,t,2026-04-17 08:44:13.985
c98be775-bc91-499c-b510-9723a93fc456,12b01164-8204-4162-a8d5-1c7128b05523,12b01164-8204-4162-a8d5-1c7128b05523-2-18,0,f,2026-04-17 08:50:07.328
9f56434a-6ff2-49f5-8f49-5ce386c2d340,21d53331-bf7e-4a4a-8242-daa5236fc398,21d53331-bf7e-4a4a-8242-daa5236fc398-2-6,3,t,2026-04-17 08:54:34.167
419defd3-36eb-4c08-ac89-49dfec5f5e9c,4cf7f052-1d34-4442-9347-3eab9ed2fd67,4cf7f052-1d34-4442-9347-3eab9ed2fd67-2-4,0,f,2026-04-17 08:49:25.212
2928b85a-1e76-488a-b3e0-98b715e69dbd,853a8dae-65c1-4c3b-aa1a-3d082cc81d82,853a8dae-65c1-4c3b-aa1a-3d082cc81d82-2-1,3,t,2026-04-17 08:51:06.084
6b3aec9d-5c6b-43af-a745-7c403b9e13f8,cfcb0c94-546d-4aea-b51f-6523e622e10f,cfcb0c94-546d-4aea-b51f-6523e622e10f-2-11,3,t,2026-04-17 08:50:25.9
7c100951-a58f-4b60-a72b-11e158bb84ac,d39050bd-ce5c-4719-ae39-d694ab777186,d39050bd-ce5c-4719-ae39-d694ab777186-2-1,3,t,2026-04-17 08:52:57.127
cad902b7-cbd4-4ad4-9c18-2521b3f4103a,0ef56b5f-5e3d-4ad0-9d83-24e11c5c2e26,0ef56b5f-5e3d-4ad0-9d83-24e11c5c2e26-2-3,0,f,2026-04-17 08:50:46.958
4273bf9f-0ff4-47ee-9ea3-dd146d987d27,2e13985a-37c2-46b1-a116-d696630cc868,2e13985a-37c2-46b1-a116-d696630cc868-2-6,2,f,2026-04-17 08:52:57.435
33aee2b1-7022-4baf-91f0-ffd04e6e7bf2,c152cba1-4efe-43be-b5e5-27d69079d29e,c152cba1-4efe-43be-b5e5-27d69079d29e-2-20,3,t,2026-04-17 08:51:08.037
5cf80774-3d5c-452d-99aa-e31f7293f9ab,8d0012d2-7ad0-45c3-9775-88525b65c5a6,8d0012d2-7ad0-45c3-9775-88525b65c5a6-2-0,3,t,2026-04-17 08:52:51.461
326f887b-b39a-41c5-8912-e611924049a4,5ca8cf18-027c-47da-a94d-85108ccc3503,5ca8cf18-027c-47da-a94d-85108ccc3503-2-8,3,t,2026-04-17 08:53:43.943
ed7e3cd5-7e97-41e0-a155-7541fc1ab940,0daea515-b946-4a2b-aab3-6ab6d96c0be9,0daea515-b946-4a2b-aab3-6ab6d96c0be9-2-4,3,t,2026-04-17 08:54:02.835
8ac5c1a8-d33c-4f82-a902-013791095f5e,2d6b6626-038e-45ac-b337-005acf831731,2d6b6626-038e-45ac-b337-005acf831731-2-9,1,f,2026-04-17 08:53:48.239
2dc0750a-8cb2-4e58-b12b-669d861b8db8,074627b4-02d5-4c95-a3ac-5fa0b7a8583c,074627b4-02d5-4c95-a3ac-5fa0b7a8583c-2-9,2,f,2026-04-17 08:53:50.723
3bdd30df-1a86-4d32-b28d-c0df1f8d3383,5c4e6825-9393-45a5-82f2-bbfa1789b3c1,5c4e6825-9393-45a5-82f2-bbfa1789b3c1-2-21,1,f,2026-04-17 09:20:24.639
13c216d6-f8cb-4e2f-a3e2-eb2ed57c163d,60f514c4-c7b7-498a-ac4d-72eb6ecb7de4,60f514c4-c7b7-498a-ac4d-72eb6ecb7de4-2-6,3,t,2026-04-17 08:54:21.754
93148b6b-4df6-43dc-b2d4-983eb908de82,a093824f-0569-46ef-9823-4bbccdd6aa41,a093824f-0569-46ef-9823-4bbccdd6aa41-2-7,2,f,2026-04-17 08:54:28.722
fdce2753-a585-4bcf-aff8-e478ab68b047,0daea515-b946-4a2b-aab3-6ab6d96c0be9,0daea515-b946-4a2b-aab3-6ab6d96c0be9-2-10,3,t,2026-04-17 08:56:56.327
536f4f5e-6ac0-4439-aa4a-299f5d2502fe,e34b9241-22a9-4da5-a69b-90c53ec1b42a,e34b9241-22a9-4da5-a69b-90c53ec1b42a-2-8,0,f,2026-04-17 08:57:17.484
a59a7347-b77a-4893-a476-dae10dbf453d,3ed8fc13-d8f6-4f15-a66d-be11fce71626,3ed8fc13-d8f6-4f15-a66d-be11fce71626-2-86,0,f,2026-04-17 09:05:23.355
2e58b040-aaf5-4fd0-8be8-ab39cda84790,43b58b90-a814-4efd-8874-a8c662e6b307,43b58b90-a814-4efd-8874-a8c662e6b307-2-103,1,f,2026-04-17 06:17:43.111
fae6285e-292a-47f3-825e-9d2181263264,1545b7f2-2a7b-4355-b97c-111a6091093e,1545b7f2-2a7b-4355-b97c-111a6091093e-2-5,3,t,2026-04-17 06:17:47.896
33ed1e0c-7efe-4c79-aed4-75dcf54681e3,a2542ae3-6418-4acc-b582-c612706dd9c6,a2542ae3-6418-4acc-b582-c612706dd9c6-2-49,0,f,2026-04-17 06:18:05.512
757de9c0-e893-4699-91f8-184153d4bd8f,289fc8f4-4e54-45ee-8816-dd99f02cd6bb,289fc8f4-4e54-45ee-8816-dd99f02cd6bb-2-4,0,f,2026-04-17 08:33:36.796
17e9a9bd-758a-4b49-a7f9-5d07c0da321c,69755a35-d3e1-4d6d-b090-a4075401f6be,69755a35-d3e1-4d6d-b090-a4075401f6be-2-10,0,f,2026-04-17 08:42:19.138
5b405bd8-b0a6-415e-9134-7630de9e7f2c,976db7d1-71ac-4b46-9871-48fd7f6980dc,976db7d1-71ac-4b46-9871-48fd7f6980dc-2-6,3,t,2026-04-17 08:52:39.233
8384ddb5-bee3-4a9a-b904-aea0ac4f3f89,2f2975e7-43f5-486f-8219-e1715b4ee539,2f2975e7-43f5-486f-8219-e1715b4ee539-2-2,3,t,2026-04-17 08:42:22.902
dd4cc18c-2999-43fa-a063-94963f40aa76,99591e75-8017-4d97-aa79-183d057cde08,99591e75-8017-4d97-aa79-183d057cde08-2-44,0,f,2026-04-17 08:42:41.998
f30be839-b576-4eae-b34d-f2963728724a,074627b4-02d5-4c95-a3ac-5fa0b7a8583c,074627b4-02d5-4c95-a3ac-5fa0b7a8583c-2-5,1,f,2026-04-17 08:42:50.078
275f303d-2a23-433d-9246-6099b0ec1f91,1cb8fb30-5d58-42e9-aeb9-e6d3478e7295,1cb8fb30-5d58-42e9-aeb9-e6d3478e7295-2-7,0,f,2026-04-17 08:52:43.516
7890213d-d115-484f-bc9c-31b9a0135a89,038ba9c9-05c2-44a3-9f33-21941d6b13d3,038ba9c9-05c2-44a3-9f33-21941d6b13d3-2-69,0,f,2026-04-17 08:43:00.386
143eafa6-3e71-4274-92d6-67583e3ca9a6,4cf7f052-1d34-4442-9347-3eab9ed2fd67,4cf7f052-1d34-4442-9347-3eab9ed2fd67-2-6,3,t,2026-04-17 08:50:43.01
ab166c28-65c5-49c3-8102-6d1c749b7f3d,8ee0c564-0f11-4ba9-b34e-cac68081767c,8ee0c564-0f11-4ba9-b34e-cac68081767c-2-2,3,t,2026-04-17 08:43:10.474
82ef4acb-28de-465b-9e6e-d626d77ec0df,70cc4a4d-99eb-4423-8c03-9ed6f07ac880,70cc4a4d-99eb-4423-8c03-9ed6f07ac880-2-41,3,t,2026-04-17 08:50:08.332
de54b65c-1b42-42a4-b0d9-3f584c02386e,a093824f-0569-46ef-9823-4bbccdd6aa41,a093824f-0569-46ef-9823-4bbccdd6aa41-2-6,3,t,2026-04-17 08:43:45.977
dd0dc3aa-5ef9-4682-b342-b77e8c7b54a3,1d7d8a6d-b644-489f-8c94-3b8fe34d9c9a,1d7d8a6d-b644-489f-8c94-3b8fe34d9c9a-2-14,3,t,2026-04-17 08:51:06.035
0a106b49-c951-4d12-9179-5751ff2302a4,03c72251-350d-4306-90e8-29fb2e7d9820,03c72251-350d-4306-90e8-29fb2e7d9820-2-13,2,f,2026-04-17 08:50:44.019
f9edcf48-ca11-4734-be25-2a90cb4b6931,2b834e56-49d1-4cf2-b41d-df797dd4d34f,2b834e56-49d1-4cf2-b41d-df797dd4d34f-2-14,3,t,2026-04-17 08:44:35.393
97d20568-0c93-4327-933c-a66bff8f4ba9,a2dfb5d8-c9ca-4757-b2a8-f13e7dee26b2,a2dfb5d8-c9ca-4757-b2a8-f13e7dee26b2-2-10,0,f,2026-04-17 08:52:50.406
28f74309-ce3f-4a1b-84ed-8e7653e10961,9a9af92a-7c5d-49ec-953f-9f230f9c3bc5,9a9af92a-7c5d-49ec-953f-9f230f9c3bc5-2-2,3,t,2026-04-17 08:44:37.187
7908e1df-f141-424f-9c02-e4d3b105533b,116fbde3-d81a-4d0a-a537-39fa3a78dffd,116fbde3-d81a-4d0a-a537-39fa3a78dffd-2-12,1,f,2026-04-17 08:53:46.815
80477ab9-11f1-4931-a0dc-7c20877f2749,2e13985a-37c2-46b1-a116-d696630cc868,2e13985a-37c2-46b1-a116-d696630cc868-2-2,3,t,2026-04-17 08:47:12.432
9ad6844f-e773-46c8-a1d3-b8c686f4da7a,7b2fc2f3-7bed-4c31-81a9-2ec17d2a01ed,7b2fc2f3-7bed-4c31-81a9-2ec17d2a01ed-2-10,3,t,2026-04-17 08:50:38.633
9a248fc1-3656-4c4a-8be1-f1af47edbae7,23224d87-2a2b-4e43-b601-671930d2ad0c,23224d87-2a2b-4e43-b601-671930d2ad0c-2-1,3,t,2026-04-17 08:51:35.697
2ac66a12-37b3-4708-bb1c-d34676e55e5b,69755a35-d3e1-4d6d-b090-a4075401f6be,69755a35-d3e1-4d6d-b090-a4075401f6be-2-21,3,t,2026-04-17 08:50:41.501
b0cca42f-c412-4d7b-aa16-98840ae38f36,116fbde3-d81a-4d0a-a537-39fa3a78dffd,116fbde3-d81a-4d0a-a537-39fa3a78dffd-2-11,2,f,2026-04-17 08:50:53.148
b04c4695-c96f-4c83-88d2-d9a1c0e1f9d8,c14ef5db-05f5-4aac-b1d5-95491a5cc2b5,c14ef5db-05f5-4aac-b1d5-95491a5cc2b5-2-6,2,f,2026-04-17 08:50:57.227
e4e253ad-1bea-43a7-8b6b-4c2184bba3e8,70cc4a4d-99eb-4423-8c03-9ed6f07ac880,70cc4a4d-99eb-4423-8c03-9ed6f07ac880-2-38,0,f,2026-04-17 08:51:00.643
3ebad912-654c-4342-8742-42a02158660e,0fedeb0b-ce3d-4ea2-be98-c8ea8439b673,0fedeb0b-ce3d-4ea2-be98-c8ea8439b673-2-2,3,t,2026-04-17 08:54:27.389
50d63136-4fed-4b3d-b09a-65f595101951,86cf59e4-e80e-41c6-9b0e-7c0b184ab0fc,86cf59e4-e80e-41c6-9b0e-7c0b184ab0fc-2-9,3,t,2026-04-17 08:51:51.992
46d20f32-57e6-4743-afd7-a416875ada06,e34b9241-22a9-4da5-a69b-90c53ec1b42a,e34b9241-22a9-4da5-a69b-90c53ec1b42a-2-6,3,t,2026-04-17 08:53:33.081
960a3d12-25ed-4831-b4c9-b2cf53241683,a3e3f98b-4511-430d-8cc5-03e6b557fbee,a3e3f98b-4511-430d-8cc5-03e6b557fbee-2-0,3,t,2026-04-17 08:51:19.098
e483fec6-6ae0-4d2d-a8fc-1c8e2735ebb6,46592f64-4847-4dd0-b9d4-9a8736d9b75e,46592f64-4847-4dd0-b9d4-9a8736d9b75e-2-14,3,t,2026-04-17 08:53:40.852
e63a7849-d17d-44af-bc84-4058c84679a7,5447cc7a-9630-4dc1-a474-fca1ddf341e6,5447cc7a-9630-4dc1-a474-fca1ddf341e6-2-1,3,t,2026-04-17 08:52:03.064
4fd0250f-3d0f-4862-a132-606837602e51,d3f2605e-dc00-465c-a66a-1fe00bae1bc8,d3f2605e-dc00-465c-a66a-1fe00bae1bc8-2-20,3,t,2026-04-17 08:51:30.715
c976c02a-65bc-44c7-857b-4ce3b6f21fec,289fc8f4-4e54-45ee-8816-dd99f02cd6bb,289fc8f4-4e54-45ee-8816-dd99f02cd6bb-2-12,0,f,2026-04-17 08:52:20.49
069c81b0-8a34-4e3d-baf3-407053bd610d,ae512a82-7989-4fb2-87f7-abece7160322,ae512a82-7989-4fb2-87f7-abece7160322-2-6,2,f,2026-04-17 08:54:09.681
f42af1a7-45e4-4a74-8024-4c08189d549a,b36faffd-430e-4c0c-ac9a-4dba748e85a8,b36faffd-430e-4c0c-ac9a-4dba748e85a8-2-5,3,t,2026-04-17 08:54:54.273
097fb95d-90ba-4f59-8d7f-dc72f0997d62,2f2975e7-43f5-486f-8219-e1715b4ee539,2f2975e7-43f5-486f-8219-e1715b4ee539-2-13,3,t,2026-04-17 08:55:00.382
c8886a17-70b9-48ed-9dbc-8bc22cef7d73,01e89da0-052e-4a56-b001-dc55712d8828,01e89da0-052e-4a56-b001-dc55712d8828-2-1,0,f,2026-04-17 08:54:56.127
eb806872-2465-4a30-b1a2-879c7f6ac459,c14ef5db-05f5-4aac-b1d5-95491a5cc2b5,c14ef5db-05f5-4aac-b1d5-95491a5cc2b5-2-7,0,f,2026-04-17 08:55:34.366
85c7fd67-2cc9-4e00-b468-70f4e7f70d29,116fbde3-d81a-4d0a-a537-39fa3a78dffd,116fbde3-d81a-4d0a-a537-39fa3a78dffd-2-13,3,t,2026-04-17 08:57:36.399
35cf9930-ba1b-4a49-bdc5-d3085319ebbf,8ee0c564-0f11-4ba9-b34e-cac68081767c,8ee0c564-0f11-4ba9-b34e-cac68081767c-2-6,3,t,2026-04-17 08:56:21.585
3dbdfb58-983b-496a-ab66-773997b316bc,1d17fe91-ffce-4ba1-bd26-f4cbc4c03ab5,1d17fe91-ffce-4ba1-bd26-f4cbc4c03ab5-2-10,0,f,2026-04-17 09:02:58.659
47d630bf-b74d-4bb6-88db-a4f1dba74517,0ef56b5f-5e3d-4ad0-9d83-24e11c5c2e26,0ef56b5f-5e3d-4ad0-9d83-24e11c5c2e26-2-6,3,t,2026-04-17 09:02:35.118
7a286b16-ca49-496b-b4b2-6651c176c3d5,5c4e6825-9393-45a5-82f2-bbfa1789b3c1,5c4e6825-9393-45a5-82f2-bbfa1789b3c1-2-12,3,t,2026-04-17 08:57:51.78
464f8a9c-c043-4986-8312-ce93011cb8a7,99591e75-8017-4d97-aa79-183d057cde08,99591e75-8017-4d97-aa79-183d057cde08-2-100,0,f,2026-04-17 08:58:49.391
d7dfecf0-d5a7-44c8-be79-e100c6118da2,c61c19e1-d60a-4f35-a113-97ee86c81071,c61c19e1-d60a-4f35-a113-97ee86c81071-2-17,1,f,2026-04-17 08:32:27.222
ddfd1b46-85f5-43e2-9ac7-7231aa08c3bb,38087dff-7339-42ef-9ba8-dcc9eb36963a,38087dff-7339-42ef-9ba8-dcc9eb36963a-2-6,3,t,2026-04-17 06:17:49.496
8e7408d4-f735-469c-b489-6f17ca560716,2c738779-8e62-4a41-ab0a-4fa9585c961c,2c738779-8e62-4a41-ab0a-4fa9585c961c-2-1,3,t,2026-04-17 06:48:35.138
987ca7a9-c30b-4a2b-b22b-f3a7e96a63a4,24eac769-6cb5-45be-a147-81584b0c3661,24eac769-6cb5-45be-a147-81584b0c3661-2-32,3,t,2026-04-17 08:33:06.402
17194067-318a-4b7f-bab7-3488deb1f615,f2c67931-ab51-4f09-a434-df3cc4d0f3c9,f2c67931-ab51-4f09-a434-df3cc4d0f3c9-2-0,0,f,2026-04-17 08:34:36.38
edff9593-379f-4d08-ad39-3f420f3dac79,074627b4-02d5-4c95-a3ac-5fa0b7a8583c,074627b4-02d5-4c95-a3ac-5fa0b7a8583c-2-8,0,f,2026-04-17 08:50:32.711
9405e072-a590-4d4d-a3fa-c21c0f5db84b,e691efa7-d7b7-493d-9a07-64415b0953da,e691efa7-d7b7-493d-9a07-64415b0953da-2-20,3,t,2026-04-17 08:36:17.734
bf1df424-a990-467f-a6e1-e052168385fa,5c4e6825-9393-45a5-82f2-bbfa1789b3c1,5c4e6825-9393-45a5-82f2-bbfa1789b3c1-2-11,3,t,2026-04-17 08:55:01.767
e491fb0e-7c8b-499f-9e13-c598b60779db,c696162d-add8-4d23-812d-b07e7b17d6a6,c696162d-add8-4d23-812d-b07e7b17d6a6-2-10,3,t,2026-04-17 08:37:55.929
2124083d-4cc4-48c2-b139-b160242ead18,3ba4307f-c0ed-4239-bbda-f35ba419d93a,3ba4307f-c0ed-4239-bbda-f35ba419d93a-2-6,3,t,2026-04-17 09:03:05.416
a35dd59b-c648-4dc5-a247-b403ef29b76a,869341ac-0069-4fc0-8633-3c9aee4b1ea5,869341ac-0069-4fc0-8633-3c9aee4b1ea5-2-6,3,t,2026-04-17 08:38:01.834
511334f9-e146-48ff-8513-ab09bd580f3b,e2dabc7c-955e-44b7-b230-97640bea013e,e2dabc7c-955e-44b7-b230-97640bea013e-2-6,3,t,2026-04-17 08:52:14.666
a85c3d59-28c5-4c1d-b65b-3cc34f1b1bad,2157b182-d26f-4929-9ea0-d14b0461db32,2157b182-d26f-4929-9ea0-d14b0461db32-2-42,3,t,2026-04-17 08:54:48.111
890d0c43-18e3-4aa8-ae96-c66e08207e42,dadd1552-0329-4a3d-9283-c7e9fc178963,dadd1552-0329-4a3d-9283-c7e9fc178963-2-3,3,t,2026-04-17 08:42:14.916
0d2184be-53dc-47ea-a7a4-4097e12859ec,bdfbbf0a-e44e-4f66-a792-297d42655f85,bdfbbf0a-e44e-4f66-a792-297d42655f85-2-5,3,t,2026-04-17 08:52:35.008
ff1552ee-3cc2-45f0-9a2c-54b6329cd358,985ae1b0-6dbe-493b-a5bc-20516e53dbbe,985ae1b0-6dbe-493b-a5bc-20516e53dbbe-2-3,0,f,2026-04-17 08:53:50.06
7d04c51f-a9ac-4639-83d1-6db123dff4c4,70cc4a4d-99eb-4423-8c03-9ed6f07ac880,70cc4a4d-99eb-4423-8c03-9ed6f07ac880-2-148,3,t,2026-04-17 08:42:15.069
d6fe3544-f6e5-4ebe-8cd3-534870456ba8,9ebb7038-11ab-438f-baef-23aff65325cb,9ebb7038-11ab-438f-baef-23aff65325cb-2-2,1,f,2026-04-17 08:42:20.98
878b5259-a434-4062-a059-a06e74538f2a,9651adcc-6e22-42a6-b506-4924d2dbf61b,9651adcc-6e22-42a6-b506-4924d2dbf61b-2-20,3,t,2026-04-17 08:54:38.933
e52ff5b2-a485-494e-81b6-8bb5451e4447,3de4071d-6ac3-4ee3-a5c2-9b21e67ff4b5,3de4071d-6ac3-4ee3-a5c2-9b21e67ff4b5-2-9,0,f,2026-04-17 08:54:03.729
331a57b2-81fb-44ce-96b1-0631321601b2,663a5248-8bbc-45e7-8507-40b07a25cdbb,663a5248-8bbc-45e7-8507-40b07a25cdbb-2-4,3,t,2026-04-17 08:42:56.51
2646e0d9-392f-4754-a418-6ece7d9a18b5,1d17fe91-ffce-4ba1-bd26-f4cbc4c03ab5,1d17fe91-ffce-4ba1-bd26-f4cbc4c03ab5-2-3,3,t,2026-04-17 08:43:06.987
e6f04654-ee37-4052-9fef-2ab8f6e87864,a8b4b170-9e9a-4433-a6d9-4d26d1f4d697,a8b4b170-9e9a-4433-a6d9-4d26d1f4d697-2-27,0,f,2026-04-17 08:43:14.034
99e98475-a224-442b-a17f-7308d4d5dc82,bdfbbf0a-e44e-4f66-a792-297d42655f85,bdfbbf0a-e44e-4f66-a792-297d42655f85-2-69,0,f,2026-04-17 08:43:14.926
6a584ebb-ef83-43a1-b415-47d54bdf5479,2b834e56-49d1-4cf2-b41d-df797dd4d34f,2b834e56-49d1-4cf2-b41d-df797dd4d34f-2-21,1,f,2026-04-17 08:54:23.35
add81fb2-eee3-45d6-90cc-6d88c7f942c2,e5281933-cab1-4a55-98f0-8ebee5451ee5,e5281933-cab1-4a55-98f0-8ebee5451ee5-2-88,3,t,2026-04-17 08:54:31.639
0ac9758e-d376-4a6e-a7e8-5f7c30c27f92,ad2ea128-38e3-4ed1-a9e9-612e79f000bd,ad2ea128-38e3-4ed1-a9e9-612e79f000bd-2-14,3,t,2026-04-17 08:54:42.7
e518aabc-f6a8-46de-8da4-d0d8dfea7a25,d130faf7-1af2-415c-8c43-1b9a8c688fe2,d130faf7-1af2-415c-8c43-1b9a8c688fe2-2-0,3,t,2026-04-17 08:56:31.218
0d9630ba-38bb-44e2-b786-7078a8f5ec4b,d39050bd-ce5c-4719-ae39-d694ab777186,d39050bd-ce5c-4719-ae39-d694ab777186-2-4,3,t,2026-04-17 08:54:56.135
9939df88-2d13-43a5-b700-e14b5c18f436,0daea515-b946-4a2b-aab3-6ab6d96c0be9,0daea515-b946-4a2b-aab3-6ab6d96c0be9-2-6,3,t,2026-04-17 08:54:49.139
628d33b0-6cf5-4158-8445-c985ddc860f8,006eee1f-7c23-4324-b8e0-3234d930131f,006eee1f-7c23-4324-b8e0-3234d930131f-2-6,1,f,2026-04-17 08:54:51.335
1b6e2d09-2ee2-41cd-9ce8-92218cdc858f,b4b098bd-438e-49a9-ad66-57cfc51fd272,b4b098bd-438e-49a9-ad66-57cfc51fd272-2-26,0,f,2026-04-17 08:55:05.765
8f4f4d43-f347-4189-a64a-d9f4e9dfc33a,514a5db5-8043-47c7-9e9a-214d7b05ca1b,514a5db5-8043-47c7-9e9a-214d7b05ca1b-2-1,3,t,2026-04-17 08:57:59.454
6182b949-107f-4986-bb02-2b33404cff63,663a5248-8bbc-45e7-8507-40b07a25cdbb,663a5248-8bbc-45e7-8507-40b07a25cdbb-2-20,2,f,2026-04-17 08:55:18.215
463c41fb-741b-4e5e-bf3f-911ace1e4897,4626347f-a937-4b7f-8da9-b4a98783e145,4626347f-a937-4b7f-8da9-b4a98783e145-2-3,0,f,2026-04-17 08:55:22.813
acf98787-06a7-4be5-8714-c76a4751369d,e810366e-1e77-47e9-878d-baae7e38ecfa,e810366e-1e77-47e9-878d-baae7e38ecfa-2-49,0,f,2026-04-17 08:55:26.631
a36607cf-383f-4820-b2a0-ed75d0f4ee3b,33a61d52-3347-4686-871d-f0eee1598765,33a61d52-3347-4686-871d-f0eee1598765-2-23,0,f,2026-04-17 08:55:34.721
ab80e8ff-845b-4f4a-8c37-ee3d1afcc13f,36ee50db-b493-43dc-b9d7-51cc4f4916e0,36ee50db-b493-43dc-b9d7-51cc4f4916e0-2-12,0,f,2026-04-17 08:55:43.269
10563e55-31b3-4a65-b1fe-aba3159af33d,bdfbbf0a-e44e-4f66-a792-297d42655f85,bdfbbf0a-e44e-4f66-a792-297d42655f85-2-6,2,f,2026-04-17 08:55:50.423
df9796ff-9380-431b-bcc9-67a5664d4184,b36faffd-430e-4c0c-ac9a-4dba748e85a8,b36faffd-430e-4c0c-ac9a-4dba748e85a8-2-6,3,t,2026-04-17 08:55:55.991
dca7b768-9162-4231-80de-63d986fa7170,ca35df0c-8896-47e7-9dcd-485fa1d8274b,ca35df0c-8896-47e7-9dcd-485fa1d8274b-2-0,0,f,2026-04-17 08:58:07.373
36853a19-71e4-4ce0-8cce-9847b98cb312,4cf7f052-1d34-4442-9347-3eab9ed2fd67,4cf7f052-1d34-4442-9347-3eab9ed2fd67-2-13,3,t,2026-04-17 08:56:14.562
53674a57-4315-46be-a34c-8d29d581f486,074627b4-02d5-4c95-a3ac-5fa0b7a8583c,074627b4-02d5-4c95-a3ac-5fa0b7a8583c-2-10,3,t,2026-04-17 08:57:00.554
e8b50c22-84a0-49b1-b969-19c92478d44d,69755a35-d3e1-4d6d-b090-a4075401f6be,69755a35-d3e1-4d6d-b090-a4075401f6be-2-27,0,f,2026-04-17 08:56:57.613
a509574e-e14f-486c-aef9-989d69632e61,71af5200-8305-4525-b2fc-af68aaeee385,71af5200-8305-4525-b2fc-af68aaeee385-2-2,3,t,2026-04-17 08:58:20.024
7dc7c431-4a53-4d04-bfe9-74f5e138f39e,bd262987-52d6-4e1f-acf8-f0b78aa44ee9,bd262987-52d6-4e1f-acf8-f0b78aa44ee9-2-7,0,f,2026-04-17 08:57:55.01
a768ac53-4041-44a1-b565-13e56edbdfe2,23224d87-2a2b-4e43-b601-671930d2ad0c,23224d87-2a2b-4e43-b601-671930d2ad0c-2-4,0,f,2026-04-17 09:11:05.411
410ce629-4d73-4547-9f8b-e4407acf3b7d,7810aaf2-8dd8-4d53-9477-5442f1103233,7810aaf2-8dd8-4d53-9477-5442f1103233-2-31,1,f,2026-04-17 06:18:08.79
b01b9154-b343-45d5-afec-668e9f1e1e17,bd28d0ed-c914-4e53-b477-a5a3808a3e8d,bd28d0ed-c914-4e53-b477-a5a3808a3e8d-2-16,3,t,2026-04-17 06:18:42.716
5cb8f6b1-9fab-432e-9549-ed06884fdcf8,cd7c2c47-113b-42da-bcc7-0ec4fb4e2618,cd7c2c47-113b-42da-bcc7-0ec4fb4e2618-2-7,1,f,2026-04-17 06:18:10.312
777de6f7-badf-4ff9-a74f-f6d60010a1be,3c63949e-a037-42b9-87b9-5861735dc3ea,3c63949e-a037-42b9-87b9-5861735dc3ea-2-43,5,t,2026-04-17 06:18:57.473
fd5cb4c4-7372-47df-a346-dca70e874c50,84e66aa5-c93f-4576-b6a9-3b6024de6944,84e66aa5-c93f-4576-b6a9-3b6024de6944-2-1,3,t,2026-04-17 06:42:07.664
c6ee0ced-4352-4f09-8357-f3664417916a,27c9b426-bbfa-4f74-b733-37e4e75d3e10,27c9b426-bbfa-4f74-b733-37e4e75d3e10-2-9,3,t,2026-04-17 06:18:16.747
821b111b-bc02-4a8e-8623-baba3bdcd20a,3f0a381a-a20d-48fc-b091-06633e64919d,3f0a381a-a20d-48fc-b091-06633e64919d-2-5,0,f,2026-04-17 06:18:44.503
e8f6f306-4ab4-4d7b-a314-d6fd04593f05,17476afe-7fbd-4f5a-8266-b5d92173f7ef,17476afe-7fbd-4f5a-8266-b5d92173f7ef-2-13,3,t,2026-04-17 06:18:17.942
6cb95737-6777-445a-b148-933c7bfb9f5c,17b83f64-278e-4ff9-b656-d45937dd4fc4,17b83f64-278e-4ff9-b656-d45937dd4fc4-2-35,3,t,2026-04-17 06:19:12.846
095c3a0e-cd7e-4374-998f-1558d18f54af,3620ee77-307c-4613-b980-473ec2a7993c,3620ee77-307c-4613-b980-473ec2a7993c-2-34,0,f,2026-04-17 06:18:24.816
3e75bd69-c43f-4580-95b0-4ccb338fe4a0,526f66f7-fc87-40b8-bdfa-8387b8452d16,526f66f7-fc87-40b8-bdfa-8387b8452d16-2-6,1,f,2026-04-17 06:18:59.379
6e5f614d-7e29-4849-8bee-adf641f41369,a49cd068-ca2f-48f7-8170-1ff449ea4fd6,a49cd068-ca2f-48f7-8170-1ff449ea4fd6-2-7,3,t,2026-04-17 06:18:25.553
efd4a0f2-dcc3-42ef-8a7e-cca3903bbbea,adcdac03-fd4a-40b5-9eec-3f2d9ff6cef0,adcdac03-fd4a-40b5-9eec-3f2d9ff6cef0-2-2,1,f,2026-04-17 06:18:26.976
1c467210-9dea-4320-8694-57972d78a5b1,25496d33-4ff4-4289-8b2a-938186aff52c,25496d33-4ff4-4289-8b2a-938186aff52c-2-22,1,f,2026-04-17 06:19:03.24
3fdbd663-e4fe-48a4-9af1-4de46e69d91a,3ae02e13-c575-4d19-8f56-26cf29c42768,3ae02e13-c575-4d19-8f56-26cf29c42768-2-6,3,t,2026-04-17 06:18:29.815
a1464eeb-5a7b-42da-aa54-07319014602a,d5d92b86-bd62-49ed-97b8-875e72052450,d5d92b86-bd62-49ed-97b8-875e72052450-2-10,3,t,2026-04-17 06:19:22.939
a56a99e3-9c13-4ce4-b5b0-e9f112ca3c4e,3c63949e-a037-42b9-87b9-5861735dc3ea,3c63949e-a037-42b9-87b9-5861735dc3ea-2-42,5,t,2026-04-17 06:18:47.806
4b520c45-7c0d-47bb-8439-816c4019d63a,b85831fc-729d-438e-ad48-2c5b42a4b482,b85831fc-729d-438e-ad48-2c5b42a4b482-2-40,4,t,2026-04-17 06:18:32.913
3dd4a4ac-fe3f-4f4f-8e91-b97183968d50,9fbae194-6ae8-4f9d-82b8-efe60c2de378,9fbae194-6ae8-4f9d-82b8-efe60c2de378-2-39,2,f,2026-04-17 06:19:16.213
e43b67bc-74c6-441d-b2ac-33e3287c3ab5,306784ba-a4aa-4dd4-a0a6-5b439490c046,306784ba-a4aa-4dd4-a0a6-5b439490c046-2-10,3,t,2026-04-17 06:18:48.278
f6cf421e-0b2b-479c-8151-d23dc319004a,bf03ae65-a3e8-464a-80ef-12d8d6863c89,bf03ae65-a3e8-464a-80ef-12d8d6863c89-2-7,1,f,2026-04-17 06:18:52.749
bec08bc4-c8b3-46e4-aa5b-5981e7dd7c6f,5873ab9a-f10e-4a81-8745-0ca3b678dfb4,5873ab9a-f10e-4a81-8745-0ca3b678dfb4-2-34,1,f,2026-04-17 06:19:17.035
0776059f-7c50-48d6-bf7b-2b773e8e6a5c,bebf3401-3417-48f1-a3cb-dbaf147cb297,bebf3401-3417-48f1-a3cb-dbaf147cb297-2-60,0,f,2026-04-17 06:18:57.122
d74ef406-6280-45a1-afbd-f23e88740a1f,dd06df73-9413-4079-a02a-bf2ca8cc7548,dd06df73-9413-4079-a02a-bf2ca8cc7548-2-16,1,f,2026-04-17 06:19:17.259
0e5f8451-bbec-4d7a-8e51-c64cb745ebe3,3620ee77-307c-4613-b980-473ec2a7993c,3620ee77-307c-4613-b980-473ec2a7993c-2-37,0,f,2026-04-17 06:19:20.69
12822f1e-0733-40ee-9348-e4d50229e9e4,a2542ae3-6418-4acc-b582-c612706dd9c6,a2542ae3-6418-4acc-b582-c612706dd9c6-2-51,4,t,2026-04-17 06:19:07.372
4cd89779-62c8-4c53-ba73-3e3a9c7818be,1daaac2e-a8cd-417f-8c9f-827df7a64dcf,1daaac2e-a8cd-417f-8c9f-827df7a64dcf-2-5,1,f,2026-04-17 06:19:10.629
dbf8e98c-8639-4b94-8d07-893b10f7c619,225cdc74-4a73-45df-96ce-c26fb678a98c,225cdc74-4a73-45df-96ce-c26fb678a98c-2-17,0,f,2026-04-17 06:19:18.283
b847dddd-7586-4bef-9b18-b6659435fdeb,8945559a-2ee7-494a-a731-9ac05c4dad8f,8945559a-2ee7-494a-a731-9ac05c4dad8f-2-129,0,f,2026-04-17 09:20:23.875
47191587-3701-4256-8442-6a100c0122e9,17476afe-7fbd-4f5a-8266-b5d92173f7ef,17476afe-7fbd-4f5a-8266-b5d92173f7ef-2-18,3,t,2026-04-17 06:51:40.677
8b136b0a-54d1-4c8a-a687-702d1ba682bf,f88312f6-fe65-4b39-806e-6c8511f826f6,f88312f6-fe65-4b39-806e-6c8511f826f6-2-143,5,t,2026-04-17 06:19:15.682
feeb4fc5-f23a-4699-97e4-0b95b8fde0d1,aa15cec1-d810-44a6-8c22-b1c26513f846,aa15cec1-d810-44a6-8c22-b1c26513f846-2-0,3,t,2026-04-17 06:19:18.26
bdab4c70-6f8a-4da8-b357-fd46c9516a1a,3e558d2f-935d-4406-811a-651dc69cd6d0,3e558d2f-935d-4406-811a-651dc69cd6d0-2-117,1,f,2026-04-17 06:19:20.271
a101a4a1-903a-405e-a32f-1e80d9295244,309a79fd-a921-42f0-a876-2dc1c27919af,309a79fd-a921-42f0-a876-2dc1c27919af-2-9,2,f,2026-04-17 06:19:22.257
abbb21c2-7e14-4a42-a1df-39f9de95a379,3fda844e-1482-4143-874c-1e252dbc3e62,3fda844e-1482-4143-874c-1e252dbc3e62-2-0,2,f,2026-04-17 06:19:24.651
776ca7d1-5e7d-438a-b34b-e51749ee2cfe,fb712d44-ab94-48e2-8548-1144205eb581,fb712d44-ab94-48e2-8548-1144205eb581-2-27,1,f,2026-04-17 06:19:22.582
1368be35-9c3d-4f71-9efc-930c4ee4e5c7,3ae02e13-c575-4d19-8f56-26cf29c42768,3ae02e13-c575-4d19-8f56-26cf29c42768-2-27,1,f,2026-04-17 06:19:22.934
65c43a56-493c-4427-a7bc-505808e4cfb3,22306e0a-2c6b-4d7b-a097-3caa87ead621,22306e0a-2c6b-4d7b-a097-3caa87ead621-2-6,1,f,2026-04-17 06:19:25.447
f6704c7d-4461-4d2a-ab4d-52b7b15c8bc3,8d19d3c4-6471-44d6-8d83-1551d7c0517c,8d19d3c4-6471-44d6-8d83-1551d7c0517c-2-6,1,f,2026-04-17 06:19:24.429
dcb4e04a-3dfd-42ae-a715-eda9513aaab2,3c63949e-a037-42b9-87b9-5861735dc3ea,3c63949e-a037-42b9-87b9-5861735dc3ea-2-48,3,t,2026-04-17 06:19:24.737
4de9723b-aab1-4d03-81db-02567e28d121,751d3a53-8e22-4423-93fe-e22da4330af9,751d3a53-8e22-4423-93fe-e22da4330af9-2-0,3,t,2026-04-17 06:51:38.795
332d0a60-5107-4a5a-87d8-001b84128d43,adcdac03-fd4a-40b5-9eec-3f2d9ff6cef0,adcdac03-fd4a-40b5-9eec-3f2d9ff6cef0-2-37,0,f,2026-04-17 06:37:52.896
285635c0-92b2-4caa-9940-334e2697493b,95c6b49f-eee2-4a17-9277-26ed1dd063e5,95c6b49f-eee2-4a17-9277-26ed1dd063e5-2-1,0,f,2026-04-17 06:38:50.549
4c682666-f5c1-4009-a261-ae39a40d0581,c64b9907-39f1-49ff-9180-676cd2ef091e,c64b9907-39f1-49ff-9180-676cd2ef091e-2-9,0,f,2026-04-17 06:38:11.188
53bcf6aa-8fde-4e48-8690-a478f5da2e9a,a6273f2e-938e-47c9-9e0b-0b191fe04bbc,a6273f2e-938e-47c9-9e0b-0b191fe04bbc-2-2,0,f,2026-04-17 06:45:47.386
c33083f0-d4a4-402f-b561-b9e39d700a7d,5663fefd-383e-49e3-bcd7-1f674cd95c7d,5663fefd-383e-49e3-bcd7-1f674cd95c7d-2-9,3,t,2026-04-17 09:06:31.667
37a5314d-29f8-4874-8181-4dda7b1b401f,00e05954-4303-4f5e-a0ba-efdcebe2e0fb,00e05954-4303-4f5e-a0ba-efdcebe2e0fb-2-41,0,f,2026-04-17 09:14:56.756
b1a95c50-cbfd-4464-ba45-72b7c7c5427e,e922a8ae-0187-4f08-8063-c13bf64596d5,e922a8ae-0187-4f08-8063-c13bf64596d5-2-27,3,t,2026-04-17 06:19:29.709
c8bd4a1f-41cb-452e-8f0e-42f2454003fb,273c5a32-3806-4ebf-bedd-56ad0f50c61d,273c5a32-3806-4ebf-bedd-56ad0f50c61d-2-142,1,f,2026-04-17 06:39:53.478
543c4063-8c7c-41bf-9de9-5ce6b8dadde4,3ed999a7-456c-4e7b-a70d-fc069e338889,3ed999a7-456c-4e7b-a70d-fc069e338889-2-2,3,t,2026-04-17 06:36:49.697
d8d7d32e-c85f-42d5-a62d-bc1fbd64d4bc,ac71a408-3d15-487c-9d18-7a32874fc650,ac71a408-3d15-487c-9d18-7a32874fc650-2-6,1,f,2026-04-17 06:37:11.42
5f9fe602-d876-486b-aeb1-a4ef8ee038db,80c96f37-3a57-4a90-a78a-bfea3714e947,80c96f37-3a57-4a90-a78a-bfea3714e947-2-3,3,t,2026-04-17 06:42:23.235
22139edb-eccc-42b9-ab63-223140e95fae,7928bd8f-719e-4964-a213-83ad1c372dd8,7928bd8f-719e-4964-a213-83ad1c372dd8-2-5,3,t,2026-04-17 06:37:43.528
89d74d8d-55ac-4207-8e47-95f4848c3778,bda9e2c9-c3fd-45d4-b272-0224a1776439,bda9e2c9-c3fd-45d4-b272-0224a1776439-2-1,3,t,2026-04-17 06:41:08.638
99f47c39-a720-4278-acf6-7092f232c28a,309a79fd-a921-42f0-a876-2dc1c27919af,309a79fd-a921-42f0-a876-2dc1c27919af-2-6,3,t,2026-04-17 06:40:16.331
c9fccf0a-96c1-4104-884f-ff16809a08da,d57b3905-c415-4356-a4ec-1838dd74e7ea,d57b3905-c415-4356-a4ec-1838dd74e7ea-2-17,3,t,2026-04-17 06:38:03.971
38bd0c98-7920-4aa8-85ab-ba3f5a37e33f,adcdac03-fd4a-40b5-9eec-3f2d9ff6cef0,adcdac03-fd4a-40b5-9eec-3f2d9ff6cef0-2-38,0,f,2026-04-17 06:38:25.433
35c23bd0-44c5-4586-abed-9c2361645382,17476afe-7fbd-4f5a-8266-b5d92173f7ef,17476afe-7fbd-4f5a-8266-b5d92173f7ef-2-17,3,t,2026-04-17 06:44:32.428
3bf46962-1b8b-4269-bced-b29446392949,8feab4a3-20e4-48ff-b9ea-a9cc612ef8cc,8feab4a3-20e4-48ff-b9ea-a9cc612ef8cc-2-8,0,f,2026-04-17 06:38:51.342
514e6340-ec97-4d8f-b7e7-ba6a2cb9f585,c64b9907-39f1-49ff-9180-676cd2ef091e,c64b9907-39f1-49ff-9180-676cd2ef091e-2-11,1,f,2026-04-17 06:38:58.368
26893473-d4d9-40cf-89e1-01a0aabc74d1,b5c18032-e3ff-46d4-bdb3-a46fc1e56c63,b5c18032-e3ff-46d4-bdb3-a46fc1e56c63-2-2,0,f,2026-04-17 06:41:09.794
a69eea20-cec7-4781-b3cf-883ba8327627,adcdac03-fd4a-40b5-9eec-3f2d9ff6cef0,adcdac03-fd4a-40b5-9eec-3f2d9ff6cef0-2-39,0,f,2026-04-17 06:39:16.736
435b09a5-8af5-437a-ac13-a16bdc521ec6,d57b3905-c415-4356-a4ec-1838dd74e7ea,d57b3905-c415-4356-a4ec-1838dd74e7ea-2-10,1,f,2026-04-17 06:39:23.259
9dafacb8-b080-487c-8e8a-2ad28ac58b11,85175f43-29c6-412c-9519-fe3445af8cd4,85175f43-29c6-412c-9519-fe3445af8cd4-2-1,3,t,2026-04-17 06:39:42.364
a03d8241-7e5a-4a46-bca9-b3ca9a3c3996,42b10180-eb73-4415-ba4d-00a54ac1d790,42b10180-eb73-4415-ba4d-00a54ac1d790-2-0,3,t,2026-04-17 06:41:24.126
c9781e65-a6ba-4f31-a247-12b0ef0a65ed,aa15cec1-d810-44a6-8c22-b1c26513f846,aa15cec1-d810-44a6-8c22-b1c26513f846-2-2,3,t,2026-04-17 06:40:33.456
05c24545-fd94-4767-a66a-f4329d28f092,e0429249-d96d-48e2-ad56-cc8198adb3fb,e0429249-d96d-48e2-ad56-cc8198adb3fb-2-21,3,t,2026-04-17 06:44:27.527
8ae5f0e5-5d12-49a7-aeea-2c6d0f48a7cd,14f5e49b-d78a-4b35-93a4-c14dd523a2cb,14f5e49b-d78a-4b35-93a4-c14dd523a2cb-2-10,3,t,2026-04-17 06:45:44.166
f81645e9-d53f-40d7-9cc9-f33428096fb8,7928bd8f-719e-4964-a213-83ad1c372dd8,7928bd8f-719e-4964-a213-83ad1c372dd8-2-6,3,t,2026-04-17 06:41:10.254
31d8b8df-20d8-4e80-905f-45cc179d88f6,309a79fd-a921-42f0-a876-2dc1c27919af,309a79fd-a921-42f0-a876-2dc1c27919af-2-10,1,f,2026-04-17 06:42:28.412
4144f8da-c416-4a5d-bf0e-348d1f40ce28,4d28d2f3-e8bd-48c8-be53-f6e02a6070f1,4d28d2f3-e8bd-48c8-be53-f6e02a6070f1-2-0,3,t,2026-04-17 06:41:02.883
50fe316c-1ba6-471c-928d-9501a04c00d3,17476afe-7fbd-4f5a-8266-b5d92173f7ef,17476afe-7fbd-4f5a-8266-b5d92173f7ef-2-16,3,t,2026-04-17 06:43:33.292
c242604d-ef70-4b61-8137-2e6d12209361,8d19d3c4-6471-44d6-8d83-1551d7c0517c,8d19d3c4-6471-44d6-8d83-1551d7c0517c-2-12,3,t,2026-04-17 06:41:31.614
6c797690-7894-4ba3-b776-e40502a0daf6,e0429249-d96d-48e2-ad56-cc8198adb3fb,e0429249-d96d-48e2-ad56-cc8198adb3fb-2-19,0,f,2026-04-17 06:41:18.974
0bd7c8c9-3fe7-45cb-840a-7b41993deb09,c45c5cf7-dcb8-4e2c-bad6-300befa8e399,c45c5cf7-dcb8-4e2c-bad6-300befa8e399-2-2,3,t,2026-04-17 06:41:22.08
528b0f34-6924-4301-9596-519ef5f36ffc,bc02266e-78ce-4a25-964c-974dc84affca,bc02266e-78ce-4a25-964c-974dc84affca-2-1,3,t,2026-04-17 06:42:38.196
b8f8dd7f-f79f-4de2-9289-a00c9f4c46dd,95c6b49f-eee2-4a17-9277-26ed1dd063e5,95c6b49f-eee2-4a17-9277-26ed1dd063e5-2-6,3,t,2026-04-17 06:41:46.512
6a545af3-6515-46d9-a4b8-bbee2358da59,e0429249-d96d-48e2-ad56-cc8198adb3fb,e0429249-d96d-48e2-ad56-cc8198adb3fb-2-20,3,t,2026-04-17 06:42:12.808
b0fb9623-d966-424b-98d3-e950fee536b9,2c738779-8e62-4a41-ab0a-4fa9585c961c,2c738779-8e62-4a41-ab0a-4fa9585c961c-2-6,3,t,2026-04-17 06:53:57.85
8d3f91f7-b35c-42b8-a5cf-499ef91ff3a7,4d28d2f3-e8bd-48c8-be53-f6e02a6070f1,4d28d2f3-e8bd-48c8-be53-f6e02a6070f1-2-1,3,t,2026-04-17 06:43:05.657
09ae051e-81cb-4edb-8b9a-a804f4c6425e,bf03ae65-a3e8-464a-80ef-12d8d6863c89,bf03ae65-a3e8-464a-80ef-12d8d6863c89-2-10,3,t,2026-04-17 06:43:27.352
37474b70-bab9-4ca0-a7da-45e561daaac5,a6273f2e-938e-47c9-9e0b-0b191fe04bbc,a6273f2e-938e-47c9-9e0b-0b191fe04bbc-2-6,3,t,2026-04-17 06:44:37.128
2ddcebff-1ba8-49e7-9231-1a0a9de4b0be,775f8a37-2858-42fe-a253-5336a9183bd9,775f8a37-2858-42fe-a253-5336a9183bd9-2-2,0,f,2026-04-17 06:43:28.201
d0c4ef38-133c-454c-850e-6e5a6ae6f9b9,de3ff6b8-3451-42be-abc6-cf91f7ffe348,de3ff6b8-3451-42be-abc6-cf91f7ffe348-2-3,3,t,2026-04-17 06:44:08.606
7d3d28f3-d150-4aeb-bae0-34bc72960069,45d2530f-ae48-4c45-a93e-180df12e7619,45d2530f-ae48-4c45-a93e-180df12e7619-2-47,0,f,2026-04-17 06:43:45.644
7641e61e-ede5-48e4-8d7e-d9534a6c7bff,8feab4a3-20e4-48ff-b9ea-a9cc612ef8cc,8feab4a3-20e4-48ff-b9ea-a9cc612ef8cc-2-10,3,t,2026-04-17 06:46:20.55
17f3aac1-f1d4-4e57-954a-168a09a0f366,4a3472ef-4168-42ef-bd3e-75b067f3d9ae,4a3472ef-4168-42ef-bd3e-75b067f3d9ae-2-0,3,t,2026-04-17 06:45:12.751
cc6f9c9d-112a-4387-a4d7-76a200c5dee4,751d3a53-8e22-4423-93fe-e22da4330af9,751d3a53-8e22-4423-93fe-e22da4330af9-2-4,3,t,2026-04-17 06:44:21.319
ab73a186-a8cd-47e6-9283-9bc28ed6adbb,7aedc9bb-497f-432b-9fd8-9bc9d3a00dce,7aedc9bb-497f-432b-9fd8-9bc9d3a00dce-2-6,3,t,2026-04-17 06:50:42.572
8ae90a9b-3eed-4443-addc-5c955fc8ccea,ac71a408-3d15-487c-9d18-7a32874fc650,ac71a408-3d15-487c-9d18-7a32874fc650-2-9,0,f,2026-04-17 06:44:15.624
864a357e-6208-4ac9-aa5b-955588e11bdc,bc02266e-78ce-4a25-964c-974dc84affca,bc02266e-78ce-4a25-964c-974dc84affca-2-2,3,t,2026-04-17 06:45:47.035
862309ef-c795-4732-bf25-6c4a26213986,cd7c2c47-113b-42da-bcc7-0ec4fb4e2618,cd7c2c47-113b-42da-bcc7-0ec4fb4e2618-2-12,3,t,2026-04-17 06:48:10.339
b82e10f6-4e26-4133-b147-5be78eb26fb1,15ef0388-6643-4e15-aae0-5bff9c5c6687,15ef0388-6643-4e15-aae0-5bff9c5c6687-2-9,3,t,2026-04-17 06:48:40.2
55a3276e-7d3e-4131-bede-08da78d0785c,ee5ab438-fa9f-43ce-88bf-1ad79d6fda42,ee5ab438-fa9f-43ce-88bf-1ad79d6fda42-2-3,0,f,2026-04-17 06:52:39.998
4064adc1-be49-44f6-bd38-30677be37eeb,8feab4a3-20e4-48ff-b9ea-a9cc612ef8cc,8feab4a3-20e4-48ff-b9ea-a9cc612ef8cc-2-9,3,t,2026-04-17 06:43:13.012
cc3006d7-3dc2-4ea7-9d06-77b384c4c1ff,bda9e2c9-c3fd-45d4-b272-0224a1776439,bda9e2c9-c3fd-45d4-b272-0224a1776439-2-3,3,t,2026-04-17 06:43:22.832
a0b47424-7283-4b71-85ff-2475510cf946,22b4795d-5617-4a05-82bf-553780520d5a,22b4795d-5617-4a05-82bf-553780520d5a-2-1,3,t,2026-04-17 06:43:38.342
6e415866-9fe1-464c-b2e3-03db11aefe19,7b791075-1c18-4b3f-936e-37550be2f8eb,7b791075-1c18-4b3f-936e-37550be2f8eb-2-1,3,t,2026-04-17 06:43:42.075
aa32d5ff-cf6b-4319-a24d-10c576873a30,869341ac-0069-4fc0-8633-3c9aee4b1ea5,869341ac-0069-4fc0-8633-3c9aee4b1ea5-2-13,3,t,2026-04-17 08:43:49.082
f5b803ed-c2c9-4cd3-8e16-d831716d74c4,2f2975e7-43f5-486f-8219-e1715b4ee539,2f2975e7-43f5-486f-8219-e1715b4ee539-2-11,0,f,2026-04-17 08:51:40.595
30b32920-f29b-436c-a2c5-4d6501bf4b6d,e3a08443-dd2c-43bf-894d-e428f9cdb716,e3a08443-dd2c-43bf-894d-e428f9cdb716-2-21,3,t,2026-04-17 08:55:10.274
71fdb717-0cd7-4125-a683-708c16719af7,d34cebeb-d6e2-4f6e-bf65-cc118d4e996e,d34cebeb-d6e2-4f6e-bf65-cc118d4e996e-2-10,3,t,2026-04-17 08:43:52.817
1e6d560a-081f-40ce-afd5-943f22da6cd0,4f7c2ed7-83a1-4fa7-ac08-c7c3640fd0b2,4f7c2ed7-83a1-4fa7-ac08-c7c3640fd0b2-2-0,3,t,2026-04-17 08:32:55.928
a3f056dd-43fa-4b76-ad90-c863183cb47a,4d064b59-db6f-4c00-a7bd-dd47165afed8,4d064b59-db6f-4c00-a7bd-dd47165afed8-2-1,3,t,2026-04-17 08:33:53.892
eac8a254-b20d-4a2c-bb9b-0ce866268db4,0fedeb0b-ce3d-4ea2-be98-c8ea8439b673,0fedeb0b-ce3d-4ea2-be98-c8ea8439b673-2-1,4,t,2026-04-17 08:47:46.411
15e21745-8df0-4a1d-83fc-7f9c91b9a725,69755a35-d3e1-4d6d-b090-a4075401f6be,69755a35-d3e1-4d6d-b090-a4075401f6be-2-3,3,t,2026-04-17 08:34:37.31
1eb5450f-04d8-4ca7-8d6e-7322ed436bf9,d3f2605e-dc00-465c-a66a-1fe00bae1bc8,d3f2605e-dc00-465c-a66a-1fe00bae1bc8-2-16,3,t,2026-04-17 08:43:55.743
d4e2377a-1e06-4704-95a8-2bf78af6acd1,8ee0c564-0f11-4ba9-b34e-cac68081767c,8ee0c564-0f11-4ba9-b34e-cac68081767c-2-0,0,f,2026-04-17 08:36:55.939
ce8ad305-b434-4da6-92e5-cddd97f0c91f,67020039-958b-47ea-92fb-8440e69e788d,67020039-958b-47ea-92fb-8440e69e788d-2-19,0,f,2026-04-17 08:44:05.682
54276b4c-6487-494b-ae91-5bfd4a664596,86cf59e4-e80e-41c6-9b0e-7c0b184ab0fc,86cf59e4-e80e-41c6-9b0e-7c0b184ab0fc-2-2,0,f,2026-04-17 08:37:54.057
197006fb-6fbe-428f-a861-6ca4a63009a9,5acfcb89-71a4-4847-b5ba-b747c0f0c58a,5acfcb89-71a4-4847-b5ba-b747c0f0c58a-2-0,0,f,2026-04-17 08:38:04.293
b624be2e-cdfd-47d0-84ff-22a8ea2031e4,d39050bd-ce5c-4719-ae39-d694ab777186,d39050bd-ce5c-4719-ae39-d694ab777186-2-5,3,t,2026-04-17 08:56:03.819
0ca0039b-df1e-402d-936f-868b501e9b14,0ef56b5f-5e3d-4ad0-9d83-24e11c5c2e26,0ef56b5f-5e3d-4ad0-9d83-24e11c5c2e26-2-1,3,t,2026-04-17 08:39:17.172
bc13dbc7-8a89-4357-a983-e8f83c21d4ae,fad6dba6-af87-465e-b625-c5818010936b,fad6dba6-af87-465e-b625-c5818010936b-2-7,3,t,2026-04-17 08:50:06.025
d403d0e2-5695-4872-98ed-a47fd55c5c9d,4d064b59-db6f-4c00-a7bd-dd47165afed8,4d064b59-db6f-4c00-a7bd-dd47165afed8-2-7,0,f,2026-04-17 08:44:08.035
0eb7e885-9352-4642-8dd4-bd17dd4453d2,ead70ca2-d28d-4b61-bcb9-4ef84c465d57,ead70ca2-d28d-4b61-bcb9-4ef84c465d57-2-3,3,t,2026-04-17 08:50:08.589
3cc7f676-0b86-46e6-9bc6-5f6316969108,b19ce3ea-90c7-4c5f-b1fd-2bbef2efb0a4,b19ce3ea-90c7-4c5f-b1fd-2bbef2efb0a4-2-6,3,t,2026-04-17 08:44:14.017
62229619-8e98-48eb-85f0-3215628e7467,b4b098bd-438e-49a9-ad66-57cfc51fd272,b4b098bd-438e-49a9-ad66-57cfc51fd272-2-14,3,t,2026-04-17 08:44:27.753
be220694-1646-4e80-8d29-9ab52d3d0e19,038ba9c9-05c2-44a3-9f33-21941d6b13d3,038ba9c9-05c2-44a3-9f33-21941d6b13d3-2-70,0,f,2026-04-17 08:44:53.412
748baef0-435a-4e52-ad76-3d2dc2e1bef9,33743ba9-3388-48aa-9d68-4a022f127a6e,33743ba9-3388-48aa-9d68-4a022f127a6e-2-60,0,f,2026-04-17 08:55:12.666
24fef024-2398-404a-9985-61d9c02446fd,f0ab63a2-2e97-4a4a-ace4-8715bb448f47,f0ab63a2-2e97-4a4a-ace4-8715bb448f47-2-0,3,t,2026-04-17 08:47:30.149
63d3f48f-0dfc-4178-b90a-1b2cf308b21d,f2c67931-ab51-4f09-a434-df3cc4d0f3c9,f2c67931-ab51-4f09-a434-df3cc4d0f3c9-2-3,0,f,2026-04-17 08:50:28.92
de14da8c-dc64-44ab-9510-62b94d4ec42e,316d0ef9-3596-406f-974d-3d3bb82172a1,316d0ef9-3596-406f-974d-3d3bb82172a1-2-15,0,f,2026-04-17 08:50:35.451
36d0ca56-d6ce-4e15-a35e-3752aa726156,316d0ef9-3596-406f-974d-3d3bb82172a1,316d0ef9-3596-406f-974d-3d3bb82172a1-2-18,3,t,2026-04-17 08:54:58.506
be202154-2dda-4121-91a6-9ccc7bd6f283,98797811-22c4-4314-af1c-5f56d9c30599,98797811-22c4-4314-af1c-5f56d9c30599-2-3,3,t,2026-04-17 08:50:55.954
51fa9ffd-d070-4ad4-a2b2-8f84c7486405,27a69e03-7147-4f1d-8331-650a51e441e2,27a69e03-7147-4f1d-8331-650a51e441e2-2-74,0,f,2026-04-17 08:51:15.407
e38a0403-2407-4af0-a4b7-ae29e68487b2,0ce229a1-dc58-4760-8475-b76faaa19ffa,0ce229a1-dc58-4760-8475-b76faaa19ffa-2-1,3,t,2026-04-17 08:54:45.133
c9a60908-b42f-41f6-9736-f6c6c5d70896,70cc4a4d-99eb-4423-8c03-9ed6f07ac880,70cc4a4d-99eb-4423-8c03-9ed6f07ac880-2-34,4,t,2026-04-17 08:54:38.506
024e11ec-7485-40ec-9dcd-f23672b00bee,4cf7f052-1d34-4442-9347-3eab9ed2fd67,4cf7f052-1d34-4442-9347-3eab9ed2fd67-2-9,3,t,2026-04-17 08:54:51.987
d0879eb2-da97-4f15-84be-a555ca9004a4,b4e7203d-cf8d-4685-a95e-4b43505d273f,b4e7203d-cf8d-4685-a95e-4b43505d273f-2-1,3,t,2026-04-17 08:55:15.187
90412681-bad8-4376-8d58-63aabbe9ba8d,c909bd23-7897-4dea-8402-2cca7a3df7c6,c909bd23-7897-4dea-8402-2cca7a3df7c6-2-9,3,t,2026-04-17 08:55:21.388
d007a436-304c-4185-a86c-6661d0da0a55,976db7d1-71ac-4b46-9871-48fd7f6980dc,976db7d1-71ac-4b46-9871-48fd7f6980dc-2-10,3,t,2026-04-17 08:55:33.075
f35b8a54-fd80-40e1-8268-8775011187d4,ea4f0316-df7a-437a-b8ce-63548e33cc5a,ea4f0316-df7a-437a-b8ce-63548e33cc5a-2-4,3,t,2026-04-17 08:56:51.538
aa8aa999-3688-495c-914f-2cf227840540,21d53331-bf7e-4a4a-8242-daa5236fc398,21d53331-bf7e-4a4a-8242-daa5236fc398-2-7,3,t,2026-04-17 08:56:24.559
3db69260-2c77-49ad-910b-ebf6ac51930d,1d7d8a6d-b644-489f-8c94-3b8fe34d9c9a,1d7d8a6d-b644-489f-8c94-3b8fe34d9c9a-2-18,0,f,2026-04-17 08:55:33.477
a795d9fa-f721-4855-896f-01a2aaf5c842,cfcb0c94-546d-4aea-b51f-6523e622e10f,cfcb0c94-546d-4aea-b51f-6523e622e10f-2-14,3,t,2026-04-17 08:55:51.006
ff5819e7-a800-40a9-9431-d1f439f6a1c3,1319181f-6f3c-435a-b43f-0f1c9db34303,1319181f-6f3c-435a-b43f-0f1c9db34303-2-102,3,t,2026-04-17 08:55:56.466
a6a0f47e-4e0e-4838-bfb3-05d7ed91aaad,ad2ea128-38e3-4ed1-a9e9-612e79f000bd,ad2ea128-38e3-4ed1-a9e9-612e79f000bd-2-16,3,t,2026-04-17 08:56:31.999
37853271-f1d4-4745-94cb-ca764ac6f878,7e427b2a-9406-4473-a854-547395a4f8df,7e427b2a-9406-4473-a854-547395a4f8df-2-6,3,t,2026-04-17 08:57:23.926
40f349f2-bc49-4a6d-aaf3-ccd1f53a734d,8d0012d2-7ad0-45c3-9775-88525b65c5a6,8d0012d2-7ad0-45c3-9775-88525b65c5a6-2-1,3,t,2026-04-17 09:01:53.477
1b39d020-2b11-4c1f-b842-f49bb174cc90,ae512a82-7989-4fb2-87f7-abece7160322,ae512a82-7989-4fb2-87f7-abece7160322-2-21,0,f,2026-04-17 09:10:19.53
76c1ebea-99be-4136-8dbb-f65dfa7d9ea6,0ee70dda-2b66-4128-9aa4-756af8ee7373,0ee70dda-2b66-4128-9aa4-756af8ee7373-2-0,0,f,2026-04-17 06:43:34.811
fe6ac74c-ad0f-43a4-9cec-90880c2d6cd4,aa15cec1-d810-44a6-8c22-b1c26513f846,aa15cec1-d810-44a6-8c22-b1c26513f846-2-4,3,t,2026-04-17 06:43:36.153
a4304590-406c-4987-8b61-22286fc4cee2,aa5b0880-4be5-4046-8abd-4dc20479813a,aa5b0880-4be5-4046-8abd-4dc20479813a-2-2,3,t,2026-04-17 06:51:22.323
ef01a94a-5c5f-4ea9-a4ab-86307cb3eb63,8d19d3c4-6471-44d6-8d83-1551d7c0517c,8d19d3c4-6471-44d6-8d83-1551d7c0517c-2-7,0,f,2026-04-17 06:44:02.053
6c45dfb2-112f-4cfc-8552-8ee210f3f181,80c96f37-3a57-4a90-a78a-bfea3714e947,80c96f37-3a57-4a90-a78a-bfea3714e947-2-6,1,f,2026-04-17 06:44:04.244
bd2fd79d-af53-41a5-a62a-52f0cfd483d2,95c6b49f-eee2-4a17-9277-26ed1dd063e5,95c6b49f-eee2-4a17-9277-26ed1dd063e5-2-7,0,f,2026-04-17 06:44:04.889
f3243064-a43f-4976-a58e-67611f424102,38087dff-7339-42ef-9ba8-dcc9eb36963a,38087dff-7339-42ef-9ba8-dcc9eb36963a-2-12,1,f,2026-04-17 06:47:41.145
ce92c646-ca87-4133-9ee9-db3ed18cfd3f,ae668d44-242b-4610-ae27-26399a5f64bd,ae668d44-242b-4610-ae27-26399a5f64bd-2-102,2,f,2026-04-17 06:44:15.178
368d9dfd-04d5-4afe-b05c-01b4e06e4eaa,b5c18032-e3ff-46d4-bdb3-a46fc1e56c63,b5c18032-e3ff-46d4-bdb3-a46fc1e56c63-2-1,3,t,2026-04-17 06:45:59.92
0c9061d8-b120-42bf-82ec-6e83b4896854,4d28d2f3-e8bd-48c8-be53-f6e02a6070f1,4d28d2f3-e8bd-48c8-be53-f6e02a6070f1-2-2,3,t,2026-04-17 06:44:30.157
46448549-2440-4cd4-ba7d-5cb257c10fd0,309a79fd-a921-42f0-a876-2dc1c27919af,309a79fd-a921-42f0-a876-2dc1c27919af-2-7,1,f,2026-04-17 06:44:30.528
7d7edb59-55d6-4b9b-bf46-418c0d35dca7,57e26e34-d7ba-4710-ac2e-0c19d7901d33,57e26e34-d7ba-4710-ac2e-0c19d7901d33-2-6,2,f,2026-04-17 06:49:33.207
b153089a-d2db-4dd6-bfcd-6ef2724d928a,adcdac03-fd4a-40b5-9eec-3f2d9ff6cef0,adcdac03-fd4a-40b5-9eec-3f2d9ff6cef0-2-48,0,f,2026-04-17 06:46:03.177
27123360-1bce-498d-adc9-7e3b1681c97b,8d19d3c4-6471-44d6-8d83-1551d7c0517c,8d19d3c4-6471-44d6-8d83-1551d7c0517c-2-13,2,f,2026-04-17 06:46:12.163
748cd317-2806-4852-8dd8-61ce2c59a442,bda9e2c9-c3fd-45d4-b272-0224a1776439,bda9e2c9-c3fd-45d4-b272-0224a1776439-2-4,3,t,2026-04-17 06:45:02.666
a3db455a-77c7-4110-9dc2-0c2ed93636f7,95c6b49f-eee2-4a17-9277-26ed1dd063e5,95c6b49f-eee2-4a17-9277-26ed1dd063e5-2-8,0,f,2026-04-17 06:45:08.342
b42ef1a4-dee2-42b3-9f4c-98045fc71ba8,80c96f37-3a57-4a90-a78a-bfea3714e947,80c96f37-3a57-4a90-a78a-bfea3714e947-2-26,0,f,2026-04-17 06:45:12.343
c6a86afd-4ee6-4094-afec-08a91144ba2a,e0429249-d96d-48e2-ad56-cc8198adb3fb,e0429249-d96d-48e2-ad56-cc8198adb3fb-2-23,3,t,2026-04-17 06:46:42.255
6f475280-6379-41ea-9c76-59a4e5f14a2e,15ef0388-6643-4e15-aae0-5bff9c5c6687,15ef0388-6643-4e15-aae0-5bff9c5c6687-2-20,2,f,2026-04-17 06:45:31.379
4b19e60d-d57c-47bb-a7f0-359e533cbd6c,de3ff6b8-3451-42be-abc6-cf91f7ffe348,de3ff6b8-3451-42be-abc6-cf91f7ffe348-2-6,3,t,2026-04-17 06:45:41.614
dc5fcc64-fea0-43fe-a4ff-28ebbf69bb83,309a79fd-a921-42f0-a876-2dc1c27919af,309a79fd-a921-42f0-a876-2dc1c27919af-2-18,1,f,2026-04-17 06:46:21.83
52e2b0c6-5d80-4c99-9c9a-94d653cac7dd,cd7c2c47-113b-42da-bcc7-0ec4fb4e2618,cd7c2c47-113b-42da-bcc7-0ec4fb4e2618-2-11,3,t,2026-04-17 06:45:53.222
011b5548-e442-4526-8a2c-3be5dd97305d,ae668d44-242b-4610-ae27-26399a5f64bd,ae668d44-242b-4610-ae27-26399a5f64bd-2-144,1,f,2026-04-17 06:46:26.263
ea851904-9cf1-48c7-8dc4-9a7f6550389f,7928bd8f-719e-4964-a213-83ad1c372dd8,7928bd8f-719e-4964-a213-83ad1c372dd8-2-7,3,t,2026-04-17 06:46:27.126
598d5c0b-d5d6-4b35-8792-804e40c44a1f,17476afe-7fbd-4f5a-8266-b5d92173f7ef,17476afe-7fbd-4f5a-8266-b5d92173f7ef-2-14,3,t,2026-04-17 06:50:39.258
ae78bbdf-b7b9-4273-9c58-096eae3785ef,bda9e2c9-c3fd-45d4-b272-0224a1776439,bda9e2c9-c3fd-45d4-b272-0224a1776439-2-6,3,t,2026-04-17 06:46:59.355
b19dfa47-967e-458e-850b-ec3fd2acc4b4,1a0a64a3-96c3-4742-9f52-9678da1921fd,1a0a64a3-96c3-4742-9f52-9678da1921fd-2-10,3,t,2026-04-17 06:46:38.588
56750b3e-3ae3-4ac9-a1df-bfe200aa702a,4d3f423a-c600-42d2-86f0-0de47d3456dc,4d3f423a-c600-42d2-86f0-0de47d3456dc-2-3,3,t,2026-04-17 06:48:53.803
4bda8bf2-849b-4b96-bff2-d10b6687dc11,ee5ab438-fa9f-43ce-88bf-1ad79d6fda42,ee5ab438-fa9f-43ce-88bf-1ad79d6fda42-2-6,3,t,2026-04-17 06:50:42.335
3202b594-50ab-4a07-a882-95835c4a2f67,0ee70dda-2b66-4128-9aa4-756af8ee7373,0ee70dda-2b66-4128-9aa4-756af8ee7373-2-1,0,f,2026-04-17 06:47:19.991
49b58dba-bb5e-4356-8da1-e6805c4f2888,95c6b49f-eee2-4a17-9277-26ed1dd063e5,95c6b49f-eee2-4a17-9277-26ed1dd063e5-2-10,0,f,2026-04-17 06:48:23.638
be608ebe-f0cc-49f0-ac99-52ed841bf98f,751d3a53-8e22-4423-93fe-e22da4330af9,751d3a53-8e22-4423-93fe-e22da4330af9-2-1,3,t,2026-04-17 06:47:28.973
ee249062-34b1-4ced-a303-48d683704098,bc02266e-78ce-4a25-964c-974dc84affca,bc02266e-78ce-4a25-964c-974dc84affca-2-4,3,t,2026-04-17 06:48:34.242
5d91de93-8c95-4d74-873a-d14f15ab6c95,47cb8b3b-62b5-459a-887e-da8944d4b945,47cb8b3b-62b5-459a-887e-da8944d4b945-2-0,3,t,2026-04-17 06:48:16.468
0ad66455-410e-41bc-af2f-960f1cbfc744,ae668d44-242b-4610-ae27-26399a5f64bd,ae668d44-242b-4610-ae27-26399a5f64bd-2-32,0,f,2026-04-17 06:48:17.031
b8a1dcf6-69d3-4029-b1ed-f7ec30f17d9d,ac71a408-3d15-487c-9d18-7a32874fc650,ac71a408-3d15-487c-9d18-7a32874fc650-2-10,3,t,2026-04-17 06:48:39.578
4077ec9d-197d-465d-b28e-a722e456a241,1a0a64a3-96c3-4742-9f52-9678da1921fd,1a0a64a3-96c3-4742-9f52-9678da1921fd-2-11,3,t,2026-04-17 06:48:28.254
bb6fab82-e3c2-4d92-9399-680238f9a6f6,4a3472ef-4168-42ef-bd3e-75b067f3d9ae,4a3472ef-4168-42ef-bd3e-75b067f3d9ae-2-1,3,t,2026-04-17 09:21:05.487
b72a6299-e14d-4213-a8e4-0f14ca1f4093,8feab4a3-20e4-48ff-b9ea-a9cc612ef8cc,8feab4a3-20e4-48ff-b9ea-a9cc612ef8cc-2-11,3,t,2026-04-17 06:48:52.776
3c05ea61-7436-481e-be6d-65a9f9ce7bce,17476afe-7fbd-4f5a-8266-b5d92173f7ef,17476afe-7fbd-4f5a-8266-b5d92173f7ef-2-19,3,t,2026-04-17 06:49:47.887
524c9f73-0718-4297-ace6-181905760fc8,adcdac03-fd4a-40b5-9eec-3f2d9ff6cef0,adcdac03-fd4a-40b5-9eec-3f2d9ff6cef0-2-51,0,f,2026-04-17 06:49:03.186
f051f868-a91c-4b86-b970-0a549571e64c,751d3a53-8e22-4423-93fe-e22da4330af9,751d3a53-8e22-4423-93fe-e22da4330af9-2-6,3,t,2026-04-17 06:52:28.129
3c46c71c-eb6c-497a-b699-e4d8fc41dd59,27404b00-16be-4986-bfc6-734c80c12af8,27404b00-16be-4986-bfc6-734c80c12af8-2-5,3,t,2026-04-17 06:50:08.199
bbc7169a-1377-4c69-90c5-ea5abe92f46d,f3322c05-95af-46a3-9829-40332a2135a6,f3322c05-95af-46a3-9829-40332a2135a6-2-15,0,f,2026-04-17 06:49:24.869
851935ee-690a-4d2d-800c-8ae56f76dd28,b5c18032-e3ff-46d4-bdb3-a46fc1e56c63,b5c18032-e3ff-46d4-bdb3-a46fc1e56c63-2-7,3,t,2026-04-17 06:50:19.72
4d15f801-36ce-421c-a102-9f3fcc33be1d,1bec32e0-30be-46ce-86e4-2c63ff944ea1,1bec32e0-30be-46ce-86e4-2c63ff944ea1-2-6,3,t,2026-04-17 06:52:41.788
5fa2f753-a712-4609-890c-43e780b9e376,42b10180-eb73-4415-ba4d-00a54ac1d790,42b10180-eb73-4415-ba4d-00a54ac1d790-2-1,3,t,2026-04-17 06:50:41.657
c35778a5-dd33-4ffb-b028-2073c81312b8,2203422e-29bb-488a-9083-af667800af35,2203422e-29bb-488a-9083-af667800af35-2-2,3,t,2026-04-17 06:49:07.725
62125cd0-8813-4be8-80b4-c0d057932f5a,15ef0388-6643-4e15-aae0-5bff9c5c6687,15ef0388-6643-4e15-aae0-5bff9c5c6687-2-6,1,f,2026-04-17 06:49:21.358
d657e008-2868-42dc-9c09-9f40d22ae937,aa5b0880-4be5-4046-8abd-4dc20479813a,aa5b0880-4be5-4046-8abd-4dc20479813a-2-1,0,f,2026-04-17 06:51:59.34
e50c061e-7ab8-4018-8d93-5dec22625ea6,775f8a37-2858-42fe-a253-5336a9183bd9,775f8a37-2858-42fe-a253-5336a9183bd9-2-3,0,f,2026-04-17 06:59:37.427
49dc0df8-6b18-48c2-a816-ec1cd32f3c90,976db7d1-71ac-4b46-9871-48fd7f6980dc,976db7d1-71ac-4b46-9871-48fd7f6980dc-2-1,3,t,2026-04-17 08:44:47.874
7cc8178c-a7fe-4507-837c-f46609b6fa94,a8b4b170-9e9a-4433-a6d9-4d26d1f4d697,a8b4b170-9e9a-4433-a6d9-4d26d1f4d697-2-14,3,t,2026-04-17 08:33:34.849
3c57ad99-3397-44da-a64b-74c25453a475,c14ef5db-05f5-4aac-b1d5-95491a5cc2b5,c14ef5db-05f5-4aac-b1d5-95491a5cc2b5-2-2,2,f,2026-04-17 08:45:05.916
0c4a987d-8b7b-4cd3-836f-cd4e7921c2f9,e2dabc7c-955e-44b7-b230-97640bea013e,e2dabc7c-955e-44b7-b230-97640bea013e-2-2,0,f,2026-04-17 08:45:54.152
b09b534e-cc1a-42aa-8eef-932dcc540d04,1d7d8a6d-b644-489f-8c94-3b8fe34d9c9a,1d7d8a6d-b644-489f-8c94-3b8fe34d9c9a-2-1,3,t,2026-04-17 08:34:27.048
47679bcf-765a-45cb-980a-5c09d124c7b4,739b9181-f4e6-44f3-9f82-b8dc34c81fa5,739b9181-f4e6-44f3-9f82-b8dc34c81fa5-2-2,3,t,2026-04-17 09:20:26.171
56bf581e-c97e-4a9d-b115-228ecde90875,86cf59e4-e80e-41c6-9b0e-7c0b184ab0fc,86cf59e4-e80e-41c6-9b0e-7c0b184ab0fc-2-5,3,t,2026-04-17 08:46:28.494
293c6c63-8530-4d82-a154-3f0ba3a1cd57,2b834e56-49d1-4cf2-b41d-df797dd4d34f,2b834e56-49d1-4cf2-b41d-df797dd4d34f-2-10,3,t,2026-04-17 08:34:41.445
7808e1db-e468-49c5-9d96-9ec59e1e16cd,9a55e2ae-caea-48c8-8437-7fa6d560c28d,9a55e2ae-caea-48c8-8437-7fa6d560c28d-2-6,3,t,2026-04-17 08:52:39.011
be763045-59a7-4d2a-b280-3a5d1f77cfe8,e3a08443-dd2c-43bf-894d-e428f9cdb716,e3a08443-dd2c-43bf-894d-e428f9cdb716-2-2,3,t,2026-04-17 08:34:55.894
dd263fdd-9406-40fb-8756-25da8cd88744,1cb8fb30-5d58-42e9-aeb9-e6d3478e7295,1cb8fb30-5d58-42e9-aeb9-e6d3478e7295-2-5,3,t,2026-04-17 08:46:45.56
a12664d2-555a-459c-8ee8-b7c6819b74c2,5c4e6825-9393-45a5-82f2-bbfa1789b3c1,5c4e6825-9393-45a5-82f2-bbfa1789b3c1-2-4,0,f,2026-04-17 08:42:00.532
43a6206c-328d-481c-b11f-38c3dfc8fb0d,2f2975e7-43f5-486f-8219-e1715b4ee539,2f2975e7-43f5-486f-8219-e1715b4ee539-2-4,0,f,2026-04-17 08:43:29.175
fdff4fd0-abe7-44ac-aa1c-11b213c7a57e,359f8bb4-be81-4ca6-97ff-580bc13be414,359f8bb4-be81-4ca6-97ff-580bc13be414-2-7,3,t,2026-04-17 08:43:44.183
f906c226-d250-452a-b921-c43e2a08df4f,663a5248-8bbc-45e7-8507-40b07a25cdbb,663a5248-8bbc-45e7-8507-40b07a25cdbb-2-8,1,f,2026-04-17 08:43:57.008
d55e468c-769e-4ad9-8dbd-c06ccbd181e5,835fa953-1c2f-45a5-a661-9679158bc35a,835fa953-1c2f-45a5-a661-9679158bc35a-2-3,0,f,2026-04-17 08:51:07.637
80932b07-07fb-4922-aeef-f165bdd11f1e,c909bd23-7897-4dea-8402-2cca7a3df7c6,c909bd23-7897-4dea-8402-2cca7a3df7c6-2-2,3,t,2026-04-17 08:44:09.834
902d0910-0799-49ba-97f5-80d65d43bbb5,5efac7b6-2605-4f18-9a35-2a71e7d6bdc0,5efac7b6-2605-4f18-9a35-2a71e7d6bdc0-2-16,3,t,2026-04-17 08:44:20.7
333a6a97-56b5-4ebe-832e-b5d4be9ae190,7e1289eb-5ee1-4695-aab3-647721240979,7e1289eb-5ee1-4695-aab3-647721240979-2-50,0,f,2026-04-17 08:52:02.009
b2bfdbc6-bf00-466c-a4d1-ad93fb589ad8,e810366e-1e77-47e9-878d-baae7e38ecfa,e810366e-1e77-47e9-878d-baae7e38ecfa-2-40,4,t,2026-04-17 08:51:15.249
9b77c6eb-c2de-4839-924d-f6f2c875a782,1319181f-6f3c-435a-b43f-0f1c9db34303,1319181f-6f3c-435a-b43f-0f1c9db34303-2-91,0,f,2026-04-17 08:51:19.799
d9527a75-729e-4bd7-8fa4-d88e78ad9e4e,cfcb0c94-546d-4aea-b51f-6523e622e10f,cfcb0c94-546d-4aea-b51f-6523e622e10f-2-12,3,t,2026-04-17 08:52:20.929
5c4ae746-c277-4654-a3b5-92f980717d2c,f7e88f42-b0d4-4999-8a5c-e50064ed0ee5,f7e88f42-b0d4-4999-8a5c-e50064ed0ee5-2-4,2,f,2026-04-17 08:52:34.818
dfd85536-e398-440b-915b-77b23aeb47ee,1d7d8a6d-b644-489f-8c94-3b8fe34d9c9a,1d7d8a6d-b644-489f-8c94-3b8fe34d9c9a-2-16,3,t,2026-04-17 08:52:02.666
8e07d5bc-2a52-478c-8c29-c012540fab97,d39050bd-ce5c-4719-ae39-d694ab777186,d39050bd-ce5c-4719-ae39-d694ab777186-2-0,3,t,2026-04-17 08:51:35.994
96b17b0b-d85c-4e66-a707-62e536897237,a8b4b170-9e9a-4433-a6d9-4d26d1f4d697,a8b4b170-9e9a-4433-a6d9-4d26d1f4d697-2-39,0,f,2026-04-17 08:52:22.776
2839764a-397e-445b-9068-775195a59044,ad2ea128-38e3-4ed1-a9e9-612e79f000bd,ad2ea128-38e3-4ed1-a9e9-612e79f000bd-2-10,3,t,2026-04-17 08:52:18.192
d1584105-7581-4346-9a07-3eb4f44b9fe4,e810366e-1e77-47e9-878d-baae7e38ecfa,e810366e-1e77-47e9-878d-baae7e38ecfa-2-41,3,t,2026-04-17 08:52:35.892
936921e8-95fa-40c1-90dd-e71f13f351fc,0f87f5ca-90be-407a-a6fe-4bdea6c80f5a,0f87f5ca-90be-407a-a6fe-4bdea6c80f5a-2-10,0,f,2026-04-17 08:52:27.628
e4a97f12-b03d-45d0-8b13-ea599b9bbce8,98797811-22c4-4314-af1c-5f56d9c30599,98797811-22c4-4314-af1c-5f56d9c30599-2-4,3,t,2026-04-17 08:54:05.043
56558ef5-9190-40e9-83ae-0f959a8c0638,9ebb7038-11ab-438f-baef-23aff65325cb,9ebb7038-11ab-438f-baef-23aff65325cb-2-4,3,t,2026-04-17 08:54:14.448
2a011ea5-3e08-4e08-942d-4b517b95e83a,1d17fe91-ffce-4ba1-bd26-f4cbc4c03ab5,1d17fe91-ffce-4ba1-bd26-f4cbc4c03ab5-2-13,3,t,2026-04-17 08:53:17.519
5fefe0c4-a107-482a-aa4d-90c0aaa80953,7b2fc2f3-7bed-4c31-81a9-2ec17d2a01ed,7b2fc2f3-7bed-4c31-81a9-2ec17d2a01ed-2-14,3,t,2026-04-17 08:52:46.521
0fc24484-b909-4069-a297-bcad097d08a1,2f2975e7-43f5-486f-8219-e1715b4ee539,2f2975e7-43f5-486f-8219-e1715b4ee539-2-12,3,t,2026-04-17 08:53:11.023
8131390b-6fbf-41f5-8684-f12422e67c41,514a5db5-8043-47c7-9e9a-214d7b05ca1b,514a5db5-8043-47c7-9e9a-214d7b05ca1b-2-0,3,t,2026-04-17 08:53:49.522
e5c11119-970c-4905-8424-56e5324e32ce,ae512a82-7989-4fb2-87f7-abece7160322,ae512a82-7989-4fb2-87f7-abece7160322-2-5,3,t,2026-04-17 09:09:17.393
9418fe66-dbfa-4174-a7c8-0c2143c7ddd5,316d0ef9-3596-406f-974d-3d3bb82172a1,316d0ef9-3596-406f-974d-3d3bb82172a1-2-12,3,t,2026-04-17 08:53:23.072
86e466d0-4134-47ed-bdc3-ec168de074b6,963fec59-78ac-420b-9d9e-84e6bae46cd0,963fec59-78ac-420b-9d9e-84e6bae46cd0-2-10,3,t,2026-04-17 08:55:08.57
3b35d6b9-b569-4ecf-802d-330de885b326,663a5248-8bbc-45e7-8507-40b07a25cdbb,663a5248-8bbc-45e7-8507-40b07a25cdbb-2-18,2,f,2026-04-17 08:53:22.12
7846911c-dace-4412-856c-e580586fe275,4f7c2ed7-83a1-4fa7-ac08-c7c3640fd0b2,4f7c2ed7-83a1-4fa7-ac08-c7c3640fd0b2-2-10,3,t,2026-04-17 08:53:42.656
2d457088-6d18-49e5-98f1-75e3dc707d6a,5efac7b6-2605-4f18-9a35-2a71e7d6bdc0,5efac7b6-2605-4f18-9a35-2a71e7d6bdc0-2-26,3,t,2026-04-17 08:53:51.282
413764b3-7f16-4fa6-9e8d-82ca67c8db16,b4e7203d-cf8d-4685-a95e-4b43505d273f,b4e7203d-cf8d-4685-a95e-4b43505d273f-2-0,0,f,2026-04-17 08:53:59.403
6a2121b6-112d-4f01-aabc-f8f2eea60934,a2dfb5d8-c9ca-4757-b2a8-f13e7dee26b2,a2dfb5d8-c9ca-4757-b2a8-f13e7dee26b2-2-11,3,t,2026-04-17 08:56:31.287
cd5bd43c-dd16-4786-aae3-ae9c0d477dd1,6706dc6d-2366-466b-a5d2-030aa1c7af67,6706dc6d-2366-466b-a5d2-030aa1c7af67-2-2,3,t,2026-04-17 09:03:50.999
af453d59-36ee-4901-ab99-958099c5909e,aa15cec1-d810-44a6-8c22-b1c26513f846,aa15cec1-d810-44a6-8c22-b1c26513f846-2-3,0,f,2026-04-17 06:49:14.61
f3c3fa3f-6418-4099-9101-b9f482723477,a308d64e-a683-48c5-b2a8-601ec2450e19,a308d64e-a683-48c5-b2a8-601ec2450e19-2-11,3,t,2026-04-17 06:51:15.634
b8c2dddb-2d27-4f20-bcc8-5b114fa1cd00,c1bc0737-5727-48a5-976b-ff325e0759b0,c1bc0737-5727-48a5-976b-ff325e0759b0-2-0,3,t,2026-04-17 06:52:35.019
7dedb2c5-7e1b-4ecb-8242-34cd6e8a28e8,47cb8b3b-62b5-459a-887e-da8944d4b945,47cb8b3b-62b5-459a-887e-da8944d4b945-2-1,3,t,2026-04-17 06:49:26.385
9a60488d-e1c0-415c-b200-c906ae6e68e3,bda9e2c9-c3fd-45d4-b272-0224a1776439,bda9e2c9-c3fd-45d4-b272-0224a1776439-2-13,3,t,2026-04-17 06:52:00.866
f293046b-e7b7-46a4-a591-b84b32b786e2,aa15cec1-d810-44a6-8c22-b1c26513f846,aa15cec1-d810-44a6-8c22-b1c26513f846-2-5,3,t,2026-04-17 06:51:24.341
d34a13ee-d1b3-408a-8b6c-493fd473f02e,bf03ae65-a3e8-464a-80ef-12d8d6863c89,bf03ae65-a3e8-464a-80ef-12d8d6863c89-2-13,3,t,2026-04-17 06:49:36.037
d7eae671-c10a-410f-bfa8-43d79d82a2d0,2b258a2a-639d-4f06-b934-cee9812144d2,2b258a2a-639d-4f06-b934-cee9812144d2-2-2,3,t,2026-04-17 06:53:48.679
2f43beff-f445-4d2f-aa23-3457d0d4da8d,ac71a408-3d15-487c-9d18-7a32874fc650,ac71a408-3d15-487c-9d18-7a32874fc650-2-11,3,t,2026-04-17 06:52:07.625
92142bf6-15b4-4b1c-a839-88d120252620,1a0a64a3-96c3-4742-9f52-9678da1921fd,1a0a64a3-96c3-4742-9f52-9678da1921fd-2-12,3,t,2026-04-17 06:50:11.569
b8ef9914-bf3c-4688-87d2-2a6eda479ca5,2b258a2a-639d-4f06-b934-cee9812144d2,2b258a2a-639d-4f06-b934-cee9812144d2-2-1,3,t,2026-04-17 06:50:17.04
0bc54d52-12fc-4ee7-87b6-2e5df27c4b4c,47cb8b3b-62b5-459a-887e-da8944d4b945,47cb8b3b-62b5-459a-887e-da8944d4b945-2-2,3,t,2026-04-17 06:50:17.284
d528dc57-026f-47c9-92c6-183f408937a9,a308d64e-a683-48c5-b2a8-601ec2450e19,a308d64e-a683-48c5-b2a8-601ec2450e19-2-10,1,f,2026-04-17 06:50:18.053
14ab39eb-43e1-45fc-9186-d6d06915034a,a6273f2e-938e-47c9-9e0b-0b191fe04bbc,a6273f2e-938e-47c9-9e0b-0b191fe04bbc-2-7,0,f,2026-04-17 06:50:19.564
d7fb57c2-f055-4ee9-a4aa-08d454e4f92c,38087dff-7339-42ef-9ba8-dcc9eb36963a,38087dff-7339-42ef-9ba8-dcc9eb36963a-2-15,0,f,2026-04-17 06:50:25.718
53abc6df-2443-42bf-b92e-8a2f4d1f98e5,1a0a64a3-96c3-4742-9f52-9678da1921fd,1a0a64a3-96c3-4742-9f52-9678da1921fd-2-13,3,t,2026-04-17 06:51:42.924
ba4b67cd-56dd-4f87-955d-3a48bfe97224,27404b00-16be-4986-bfc6-734c80c12af8,27404b00-16be-4986-bfc6-734c80c12af8-2-6,1,f,2026-04-17 06:52:36.982
79755c82-389c-4147-aeb5-e4166a996da2,8feab4a3-20e4-48ff-b9ea-a9cc612ef8cc,8feab4a3-20e4-48ff-b9ea-a9cc612ef8cc-2-12,3,t,2026-04-17 06:50:45.835
47d4182b-b30e-4fdc-8e97-4441e4f0ea6e,f3322c05-95af-46a3-9829-40332a2135a6,f3322c05-95af-46a3-9829-40332a2135a6-2-13,0,f,2026-04-17 06:52:42.409
3e0be415-12f7-4bc4-b5a6-fe06b605f365,15ef0388-6643-4e15-aae0-5bff9c5c6687,15ef0388-6643-4e15-aae0-5bff9c5c6687-2-13,3,t,2026-04-17 06:51:14.92
f04f3268-d177-4eae-8a16-f765e02ca3fb,b5c18032-e3ff-46d4-bdb3-a46fc1e56c63,b5c18032-e3ff-46d4-bdb3-a46fc1e56c63-2-9,1,f,2026-04-17 06:52:44.824
f01b7b63-198b-4d2a-80ad-7ddfb4fdc7a3,1a0a64a3-96c3-4742-9f52-9678da1921fd,1a0a64a3-96c3-4742-9f52-9678da1921fd-2-14,3,t,2026-04-17 06:52:15.487
1fd4ec92-4b18-4b4e-81ed-9668fff48da4,cd7c2c47-113b-42da-bcc7-0ec4fb4e2618,cd7c2c47-113b-42da-bcc7-0ec4fb4e2618-2-14,3,t,2026-04-17 06:51:53.197
61f818fd-2db7-407f-bdc2-1ec7106c7c62,bf03ae65-a3e8-464a-80ef-12d8d6863c89,bf03ae65-a3e8-464a-80ef-12d8d6863c89-2-14,3,t,2026-04-17 06:51:54.5
02dca54e-d70d-4c9b-b8b1-011a44dc73c7,15ef0388-6643-4e15-aae0-5bff9c5c6687,15ef0388-6643-4e15-aae0-5bff9c5c6687-2-12,2,f,2026-04-17 06:51:55.608
a5f78c51-e886-413b-8798-aa63e4ce6216,80c96f37-3a57-4a90-a78a-bfea3714e947,80c96f37-3a57-4a90-a78a-bfea3714e947-2-145,0,f,2026-04-17 06:51:55.733
342f43f0-a80d-4f1a-acf1-c018acefbc39,7928bd8f-719e-4964-a213-83ad1c372dd8,7928bd8f-719e-4964-a213-83ad1c372dd8-2-9,3,t,2026-04-17 06:51:57.143
9c8a1511-8e1e-469c-966a-2c9d356d4c41,80c96f37-3a57-4a90-a78a-bfea3714e947,80c96f37-3a57-4a90-a78a-bfea3714e947-2-147,0,f,2026-04-17 06:52:48.728
465313de-74a6-4e94-ab05-18f01215ff03,8feab4a3-20e4-48ff-b9ea-a9cc612ef8cc,8feab4a3-20e4-48ff-b9ea-a9cc612ef8cc-2-13,3,t,2026-04-17 06:52:39.497
d4dbb0fc-aecc-4d64-8df0-dc1c7852fcb1,7928bd8f-719e-4964-a213-83ad1c372dd8,7928bd8f-719e-4964-a213-83ad1c372dd8-2-1,3,t,2026-04-17 06:52:26.79
6bb32ab4-3f97-4ed3-a946-9b626a421ce7,a6273f2e-938e-47c9-9e0b-0b191fe04bbc,a6273f2e-938e-47c9-9e0b-0b191fe04bbc-2-10,3,t,2026-04-17 06:52:40.453
550137e4-7bd9-4d0f-bd95-5ef821eb7362,7b791075-1c18-4b3f-936e-37550be2f8eb,7b791075-1c18-4b3f-936e-37550be2f8eb-2-2,3,t,2026-04-17 06:52:42.037
dfc2ba67-679f-44af-9a88-9b75f2264bde,aa15cec1-d810-44a6-8c22-b1c26513f846,aa15cec1-d810-44a6-8c22-b1c26513f846-2-18,2,f,2026-04-17 06:53:09.713
5febcbfd-da99-46f4-9f8c-88f8a946a3e2,95c6b49f-eee2-4a17-9277-26ed1dd063e5,95c6b49f-eee2-4a17-9277-26ed1dd063e5-2-13,3,t,2026-04-17 06:53:51.704
74151844-53e9-4c0b-bd69-6814ad55621e,bda9e2c9-c3fd-45d4-b272-0224a1776439,bda9e2c9-c3fd-45d4-b272-0224a1776439-2-20,3,t,2026-04-17 06:53:18.656
06341379-6b4a-4d82-b8fc-5dc67e62914e,8feab4a3-20e4-48ff-b9ea-a9cc612ef8cc,8feab4a3-20e4-48ff-b9ea-a9cc612ef8cc-2-14,3,t,2026-04-17 06:53:19.306
b261b4b5-2d57-434c-81c3-9ae1dcca17a3,17476afe-7fbd-4f5a-8266-b5d92173f7ef,17476afe-7fbd-4f5a-8266-b5d92173f7ef-2-20,3,t,2026-04-17 06:53:29.173
9df1adad-9435-497e-bc45-5954d0ef0e29,aa5b0880-4be5-4046-8abd-4dc20479813a,aa5b0880-4be5-4046-8abd-4dc20479813a-2-4,3,t,2026-04-17 06:53:51.639
ae3f2ce9-c5df-4fc9-b3a0-889ba8d008d7,7b791075-1c18-4b3f-936e-37550be2f8eb,7b791075-1c18-4b3f-936e-37550be2f8eb-2-3,3,t,2026-04-17 06:54:19.176
f29d80b2-5c12-4b78-8d97-04f4ef3c84fb,20fa5705-5dac-4748-9f9d-6986571e65f1,20fa5705-5dac-4748-9f9d-6986571e65f1-2-4,2,f,2026-04-17 09:20:26.273
c358f781-e2bf-4685-8db5-016233a929a9,0ee70dda-2b66-4128-9aa4-756af8ee7373,0ee70dda-2b66-4128-9aa4-756af8ee7373-2-6,3,t,2026-04-17 06:54:50.86
5c20158a-6b8d-4eff-b60a-3b2b0549a4ef,80c96f37-3a57-4a90-a78a-bfea3714e947,80c96f37-3a57-4a90-a78a-bfea3714e947-2-7,0,f,2026-04-17 06:54:19.737
3afdcbaf-2eec-4343-97e1-1ce9652efd85,c45c5cf7-dcb8-4e2c-bad6-300befa8e399,c45c5cf7-dcb8-4e2c-bad6-300befa8e399-2-6,3,t,2026-04-17 06:55:02.817
0d42615e-308a-46b4-901f-db35cd5e99e0,cfcb0c94-546d-4aea-b51f-6523e622e10f,cfcb0c94-546d-4aea-b51f-6523e622e10f-2-2,3,t,2026-04-17 08:33:50.065
8085ce63-39a4-446a-b0e8-448cd9ec0dd6,c1bc0737-5727-48a5-976b-ff325e0759b0,c1bc0737-5727-48a5-976b-ff325e0759b0-2-2,3,t,2026-04-17 06:55:25.249
bebc6d81-d01a-45cb-93f3-7faae3ef076d,ac71a408-3d15-487c-9d18-7a32874fc650,ac71a408-3d15-487c-9d18-7a32874fc650-2-12,3,t,2026-04-17 06:55:19.958
ece672c4-5954-42c3-84df-d578006d9076,2203422e-29bb-488a-9083-af667800af35,2203422e-29bb-488a-9083-af667800af35-2-1,3,t,2026-04-17 06:57:02.2
bad5ae3d-01bf-4cde-9396-c973a85c938a,40f6d192-39a7-46f7-af4a-ec30fe9cb5c8,40f6d192-39a7-46f7-af4a-ec30fe9cb5c8-2-3,0,f,2026-04-17 06:57:30.382
b808db24-9386-4c55-9317-1dd05b35d530,bf03ae65-a3e8-464a-80ef-12d8d6863c89,bf03ae65-a3e8-464a-80ef-12d8d6863c89-2-17,3,t,2026-04-17 06:56:43.865
eb5b69a0-1ec8-486d-9f08-29909cb474e1,8af9683e-23dc-46d7-be10-1a60f73db618,8af9683e-23dc-46d7-be10-1a60f73db618-2-1,3,t,2026-04-17 06:54:16.434
725f17cd-66f7-41a2-a94d-9b17b309a656,80c96f37-3a57-4a90-a78a-bfea3714e947,80c96f37-3a57-4a90-a78a-bfea3714e947-2-37,0,f,2026-04-17 07:00:24.57
0d60ecb8-a102-42fd-8132-6a888db2192b,c1bc0737-5727-48a5-976b-ff325e0759b0,c1bc0737-5727-48a5-976b-ff325e0759b0-2-6,1,f,2026-04-17 06:57:04.012
cc7227ed-242a-4d24-8f49-2819981e4343,bf03ae65-a3e8-464a-80ef-12d8d6863c89,bf03ae65-a3e8-464a-80ef-12d8d6863c89-2-16,3,t,2026-04-17 06:54:39.358
09d5f671-4a65-41f9-b752-dd7fe6079c87,f3322c05-95af-46a3-9829-40332a2135a6,f3322c05-95af-46a3-9829-40332a2135a6-2-12,2,f,2026-04-17 06:55:23.371
8cc4468c-2d90-48f0-8461-1f2b1f43e79e,309a79fd-a921-42f0-a876-2dc1c27919af,309a79fd-a921-42f0-a876-2dc1c27919af-2-13,2,f,2026-04-17 06:55:23.52
be6eb12d-277c-4e8b-a6da-e45635838ae2,8af9683e-23dc-46d7-be10-1a60f73db618,8af9683e-23dc-46d7-be10-1a60f73db618-2-6,3,t,2026-04-17 06:58:34.997
209fbbde-88b6-4555-850f-f1db8d8a555a,4d28d2f3-e8bd-48c8-be53-f6e02a6070f1,4d28d2f3-e8bd-48c8-be53-f6e02a6070f1-2-4,3,t,2026-04-17 06:55:25.814
04be9306-7ba4-4190-8fab-02b778ccae8b,a6273f2e-938e-47c9-9e0b-0b191fe04bbc,a6273f2e-938e-47c9-9e0b-0b191fe04bbc-2-14,3,t,2026-04-17 06:57:13.253
b795e57e-2f3c-4013-bfcf-83c30e1e0479,aa5b0880-4be5-4046-8abd-4dc20479813a,aa5b0880-4be5-4046-8abd-4dc20479813a-2-6,3,t,2026-04-17 06:55:26.566
0d96c604-07e3-4b2b-9d35-426ec952c0d0,2b258a2a-639d-4f06-b934-cee9812144d2,2b258a2a-639d-4f06-b934-cee9812144d2-2-3,0,f,2026-04-17 06:55:42.791
8805ed61-3aba-438c-970c-f83c175be067,aa5b0880-4be5-4046-8abd-4dc20479813a,aa5b0880-4be5-4046-8abd-4dc20479813a-2-5,1,f,2026-04-17 06:55:51.079
7def85e5-71ed-4204-aeb0-3149b6360c45,4d28d2f3-e8bd-48c8-be53-f6e02a6070f1,4d28d2f3-e8bd-48c8-be53-f6e02a6070f1-2-9,3,t,2026-04-17 06:59:32.511
2bf6cb5c-7405-45d0-8eb3-beda0ab7104e,c45c5cf7-dcb8-4e2c-bad6-300befa8e399,c45c5cf7-dcb8-4e2c-bad6-300befa8e399-2-8,2,f,2026-04-17 06:59:35.727
6a6770fa-fa0d-4b5e-b43f-a4b5e057d82f,95c6b49f-eee2-4a17-9277-26ed1dd063e5,95c6b49f-eee2-4a17-9277-26ed1dd063e5-2-14,3,t,2026-04-17 06:57:16.287
88dd1833-a2e3-4693-9543-7dc02e3193f0,1bec32e0-30be-46ce-86e4-2c63ff944ea1,1bec32e0-30be-46ce-86e4-2c63ff944ea1-2-1,3,t,2026-04-17 06:56:05.229
46bec47d-f782-4bc7-8d6b-432972095873,2203422e-29bb-488a-9083-af667800af35,2203422e-29bb-488a-9083-af667800af35-2-3,3,t,2026-04-17 06:58:50.136
f51064b9-7f3e-40d3-a841-da7ee3af8465,80c96f37-3a57-4a90-a78a-bfea3714e947,80c96f37-3a57-4a90-a78a-bfea3714e947-2-36,3,t,2026-04-17 06:59:29.194
1a4e37cd-1e10-44a5-9ca6-12ff7bd0a4dc,4d3f423a-c600-42d2-86f0-0de47d3456dc,4d3f423a-c600-42d2-86f0-0de47d3456dc-2-6,3,t,2026-04-17 06:57:17.849
d15cfad0-21be-4610-981b-fcf70aa232f5,8af9683e-23dc-46d7-be10-1a60f73db618,8af9683e-23dc-46d7-be10-1a60f73db618-2-3,3,t,2026-04-17 06:56:19.047
bcf58ed0-966a-45d4-8dd0-aa205718dc25,f3322c05-95af-46a3-9829-40332a2135a6,f3322c05-95af-46a3-9829-40332a2135a6-2-21,2,f,2026-04-17 06:56:35.188
3936a7bb-43de-4e40-b36a-90c417cf9524,bf03ae65-a3e8-464a-80ef-12d8d6863c89,bf03ae65-a3e8-464a-80ef-12d8d6863c89-2-19,3,t,2026-04-17 06:58:54.786
ef076fc9-5714-4db6-b829-d21e00a30a20,c45c5cf7-dcb8-4e2c-bad6-300befa8e399,c45c5cf7-dcb8-4e2c-bad6-300befa8e399-2-7,3,t,2026-04-17 06:57:17.949
f7d6842d-8b6a-496a-b9e5-8818edcaef2a,bf03ae65-a3e8-464a-80ef-12d8d6863c89,bf03ae65-a3e8-464a-80ef-12d8d6863c89-2-18,1,f,2026-04-17 06:57:19.646
168c9efa-9ffb-4ec9-96a9-92ccfd4bf22d,2b258a2a-639d-4f06-b934-cee9812144d2,2b258a2a-639d-4f06-b934-cee9812144d2-2-7,3,t,2026-04-17 06:57:25.853
ff7736b5-03d8-467b-a968-b222587f850f,f3322c05-95af-46a3-9829-40332a2135a6,f3322c05-95af-46a3-9829-40332a2135a6-2-27,1,f,2026-04-17 06:57:38.52
8979aa2b-5533-4430-bc4c-a0b44bb2c57d,42b10180-eb73-4415-ba4d-00a54ac1d790,42b10180-eb73-4415-ba4d-00a54ac1d790-2-2,3,t,2026-04-17 06:58:04.857
22ba3abb-45fa-48cc-8ea1-619f54def86b,751d3a53-8e22-4423-93fe-e22da4330af9,751d3a53-8e22-4423-93fe-e22da4330af9-2-7,3,t,2026-04-17 06:59:54.274
df812a04-91d9-4c88-9c5f-f2acff5fc2d0,7b791075-1c18-4b3f-936e-37550be2f8eb,7b791075-1c18-4b3f-936e-37550be2f8eb-2-4,3,t,2026-04-17 06:59:13.885
3deff525-4275-45e9-bad5-2f6c34f524fa,bf03ae65-a3e8-464a-80ef-12d8d6863c89,bf03ae65-a3e8-464a-80ef-12d8d6863c89-2-27,6,t,2026-04-17 06:59:31.235
bb0449a2-5be8-42de-952c-dccfa74fc073,15ef0388-6643-4e15-aae0-5bff9c5c6687,15ef0388-6643-4e15-aae0-5bff9c5c6687-2-19,3,t,2026-04-17 07:01:42.723
ecc24953-5024-479c-83d5-b8d66314d11f,95c6b49f-eee2-4a17-9277-26ed1dd063e5,95c6b49f-eee2-4a17-9277-26ed1dd063e5-2-15,0,f,2026-04-17 06:59:57.757
df8315d4-3011-4ee7-90ec-462e388914a8,47cb8b3b-62b5-459a-887e-da8944d4b945,47cb8b3b-62b5-459a-887e-da8944d4b945-2-13,1,f,2026-04-17 06:59:58.154
307ab1c3-5b23-42fa-a95d-b2d5be8dd850,4d28d2f3-e8bd-48c8-be53-f6e02a6070f1,4d28d2f3-e8bd-48c8-be53-f6e02a6070f1-2-3,3,t,2026-04-17 07:00:30.387
d53b8061-c791-4ffc-aa5e-e8fd8c808179,4d28d2f3-e8bd-48c8-be53-f6e02a6070f1,4d28d2f3-e8bd-48c8-be53-f6e02a6070f1-2-5,3,t,2026-04-17 07:02:51.523
a3a5fa9f-15b8-4479-8a55-5d25eccc3d9a,f3322c05-95af-46a3-9829-40332a2135a6,f3322c05-95af-46a3-9829-40332a2135a6-2-19,3,t,2026-04-17 07:00:32.967
698fb4f3-530e-4b89-86d5-eb072f33de60,751d3a53-8e22-4423-93fe-e22da4330af9,751d3a53-8e22-4423-93fe-e22da4330af9-2-8,0,f,2026-04-17 07:01:31.513
dcefdb4a-ef26-433f-8c45-c0f64cb23281,aa15cec1-d810-44a6-8c22-b1c26513f846,aa15cec1-d810-44a6-8c22-b1c26513f846-2-1,1,f,2026-04-17 07:01:35.275
009b5285-39f0-480c-8bf0-ab0794f61f31,f3322c05-95af-46a3-9829-40332a2135a6,f3322c05-95af-46a3-9829-40332a2135a6-2-14,1,f,2026-04-17 07:01:37.972
95292f41-aa8c-4bb9-af18-cf311729c0db,8af9683e-23dc-46d7-be10-1a60f73db618,8af9683e-23dc-46d7-be10-1a60f73db618-2-10,3,t,2026-04-17 07:01:50.095
973fea5f-0eb0-403a-b747-9e27036e8eff,0d08c860-822b-474a-8ab5-3eba991f5ae4,0d08c860-822b-474a-8ab5-3eba991f5ae4-2-0,0,f,2026-04-17 07:02:13.819
1b536d91-279a-41b4-b774-bc3e15bcb0a2,0ee70dda-2b66-4128-9aa4-756af8ee7373,0ee70dda-2b66-4128-9aa4-756af8ee7373-2-9,3,t,2026-04-17 07:02:45.652
ccc2ecd7-92b4-4ef7-b893-5ff900c965b0,47cb8b3b-62b5-459a-887e-da8944d4b945,47cb8b3b-62b5-459a-887e-da8944d4b945-2-3,3,t,2026-04-17 07:08:44.546
baf1a6db-bb3b-4fdf-8192-3ec269254862,42b10180-eb73-4415-ba4d-00a54ac1d790,42b10180-eb73-4415-ba4d-00a54ac1d790-2-4,3,t,2026-04-17 07:02:29.479
2c95e8f3-ddf9-4e5e-9334-62f6cca9e8ec,3426c61d-ecb7-4b7a-9257-4260fc213358,3426c61d-ecb7-4b7a-9257-4260fc213358-2-0,3,t,2026-04-17 07:02:38.604
17ac376f-b569-458d-9000-583d5f768299,751d3a53-8e22-4423-93fe-e22da4330af9,751d3a53-8e22-4423-93fe-e22da4330af9-2-11,2,f,2026-04-17 07:03:28.5
1cc0432c-5c92-440d-8a6f-5eed41ff1fa3,1bec32e0-30be-46ce-86e4-2c63ff944ea1,1bec32e0-30be-46ce-86e4-2c63ff944ea1-2-9,1,f,2026-04-17 07:02:36.767
689bf905-598f-43d5-a447-1f89d7fbfc6b,4d28d2f3-e8bd-48c8-be53-f6e02a6070f1,4d28d2f3-e8bd-48c8-be53-f6e02a6070f1-2-6,3,t,2026-04-17 07:05:14.334
632a18e3-beee-46b7-9ee7-cc0d64bd8c9f,46592f64-4847-4dd0-b9d4-9a8736d9b75e,46592f64-4847-4dd0-b9d4-9a8736d9b75e-2-2,3,t,2026-04-17 08:33:11.079
3fc69bd1-c1f3-4b3c-a280-563547f31668,bda9e2c9-c3fd-45d4-b272-0224a1776439,bda9e2c9-c3fd-45d4-b272-0224a1776439-2-18,3,t,2026-04-17 07:02:50.265
86f60c92-b755-4dd2-9b89-b84150173de2,9e0a8e24-d791-4c2e-a11e-c037946a0bf5,9e0a8e24-d791-4c2e-a11e-c037946a0bf5-2-1,3,t,2026-04-17 07:02:50.463
c2f9599b-c354-4652-965a-1df6db856e8c,06e481bf-ddf2-4c37-a992-b0442fe3a25a,06e481bf-ddf2-4c37-a992-b0442fe3a25a-2-39,0,f,2026-04-17 08:33:17.825
781ce8a7-2504-445f-a8d7-7445bceb950c,751d3a53-8e22-4423-93fe-e22da4330af9,751d3a53-8e22-4423-93fe-e22da4330af9-2-10,3,t,2026-04-17 07:03:04.355
b1378f95-c5e5-40cb-b9ac-00ea1de6066c,2c738779-8e62-4a41-ab0a-4fa9585c961c,2c738779-8e62-4a41-ab0a-4fa9585c961c-2-14,3,t,2026-04-17 07:03:07.741
77332ef3-b6fd-4eab-9374-a68b97f7f5f0,0152092e-a65d-4561-9f45-b0fa5655c830,0152092e-a65d-4561-9f45-b0fa5655c830-2-102,1,f,2026-04-17 07:03:19.152
3ab0249b-2000-4b78-a0ca-091094a80920,e8b2eea4-f5c6-4d10-8f95-9c6ccc124ed7,e8b2eea4-f5c6-4d10-8f95-9c6ccc124ed7-2-4,2,f,2026-04-17 07:03:21.082
c319b1f5-7c32-4bd2-a079-670091380bb0,3426c61d-ecb7-4b7a-9257-4260fc213358,3426c61d-ecb7-4b7a-9257-4260fc213358-2-1,3,t,2026-04-17 07:03:37.051
f7d3e329-135b-40d8-83af-7e75e68f9387,6f338d94-781d-476d-beb8-d7e612e1eb54,6f338d94-781d-476d-beb8-d7e612e1eb54-2-12,1,f,2026-04-17 08:33:25.014
27ed0f53-eaab-4d8a-92dd-9e011c38527d,80c96f37-3a57-4a90-a78a-bfea3714e947,80c96f37-3a57-4a90-a78a-bfea3714e947-2-55,0,f,2026-04-17 07:03:52.884
dfbf52b1-7709-4f93-8754-ee0deda724a7,2d6b6626-038e-45ac-b337-005acf831731,2d6b6626-038e-45ac-b337-005acf831731-2-3,2,f,2026-04-17 08:36:48.291
5af93392-344c-4eef-a0ea-bc624f7e46c0,bda9e2c9-c3fd-45d4-b272-0224a1776439,bda9e2c9-c3fd-45d4-b272-0224a1776439-2-14,3,t,2026-04-17 07:04:05.515
7a0be7d7-e2cf-4581-919d-a9f1ca5e2f01,e8b2eea4-f5c6-4d10-8f95-9c6ccc124ed7,e8b2eea4-f5c6-4d10-8f95-9c6ccc124ed7-2-9,0,f,2026-04-17 07:04:12.569
1691a527-31e0-473d-869d-e894d19e5527,70cc4a4d-99eb-4423-8c03-9ed6f07ac880,70cc4a4d-99eb-4423-8c03-9ed6f07ac880-2-31,0,f,2026-04-17 08:33:28.28
a8265900-e6d1-4c03-bd4d-c5a1f935cc40,2b258a2a-639d-4f06-b934-cee9812144d2,2b258a2a-639d-4f06-b934-cee9812144d2-2-10,3,t,2026-04-17 07:04:25.905
b9d8d938-7b8a-44e4-b0af-57e3c8c6ce02,95c6b49f-eee2-4a17-9277-26ed1dd063e5,95c6b49f-eee2-4a17-9277-26ed1dd063e5-2-18,0,f,2026-04-17 07:04:39.387
e26c4346-975d-4c86-bc02-3d1123164c0f,22306e0a-2c6b-4d7b-a097-3caa87ead621,22306e0a-2c6b-4d7b-a097-3caa87ead621-2-8,0,f,2026-04-17 08:33:30.458
a55bf722-d68c-4115-95d6-0b61c20cbd1a,9e0a8e24-d791-4c2e-a11e-c037946a0bf5,9e0a8e24-d791-4c2e-a11e-c037946a0bf5-2-3,3,t,2026-04-17 07:04:45.332
7c2bf45c-8207-4443-bdd0-ae516a58fc67,316d0ef9-3596-406f-974d-3d3bb82172a1,316d0ef9-3596-406f-974d-3d3bb82172a1-2-0,0,f,2026-04-17 08:33:44.73
29531987-3de5-4e8e-9243-981553d304f3,116fbde3-d81a-4d0a-a537-39fa3a78dffd,116fbde3-d81a-4d0a-a537-39fa3a78dffd-2-1,2,f,2026-04-17 08:33:51.307
f7ec7ddd-f360-4997-8e28-1c4d59a3103d,fad6dba6-af87-465e-b625-c5818010936b,fad6dba6-af87-465e-b625-c5818010936b-2-4,3,t,2026-04-17 08:35:43.395
1ac4ed8b-e6f7-4ff0-91e1-4879938e5435,a093824f-0569-46ef-9823-4bbccdd6aa41,a093824f-0569-46ef-9823-4bbccdd6aa41-2-2,3,t,2026-04-17 08:45:05.324
00aebe54-48ce-4198-baa6-809f48119a35,3de4071d-6ac3-4ee3-a5c2-9b21e67ff4b5,3de4071d-6ac3-4ee3-a5c2-9b21e67ff4b5-2-5,0,f,2026-04-17 08:34:26.34
ba593714-fe74-4826-9f3b-d66ee79cb01c,074627b4-02d5-4c95-a3ac-5fa0b7a8583c,074627b4-02d5-4c95-a3ac-5fa0b7a8583c-2-2,3,t,2026-04-17 08:34:33.453
8da42da3-df6b-4ed1-9dc0-80cf2cf1d0bf,4e36fdd4-88f8-4814-9d01-be775e6bc0dc,4e36fdd4-88f8-4814-9d01-be775e6bc0dc-2-1,3,t,2026-04-17 08:35:11.416
1f80b7e4-ec8e-4ddb-8d53-5d92ccad03d7,37609e0d-8088-41d9-89bb-cdd5b35b65e0,37609e0d-8088-41d9-89bb-cdd5b35b65e0-2-0,3,t,2026-04-17 08:34:34.065
e804a381-517a-461e-80a2-1ffd60a26c03,a8b4b170-9e9a-4433-a6d9-4d26d1f4d697,a8b4b170-9e9a-4433-a6d9-4d26d1f4d697-2-16,3,t,2026-04-17 08:34:48.91
99e1a577-7662-466e-a388-57a9ca2b20ff,33743ba9-3388-48aa-9d68-4a022f127a6e,33743ba9-3388-48aa-9d68-4a022f127a6e-2-10,0,f,2026-04-17 08:34:49.623
26bd8e99-1e39-4104-a935-90d88d0d2fc9,ee1ddb42-de6a-49f7-aa87-acabfa831b8c,ee1ddb42-de6a-49f7-aa87-acabfa831b8c-2-120,3,t,2026-04-17 08:34:36.628
6573a1ce-50f9-4510-9a3a-fdb1c0714265,12b01164-8204-4162-a8d5-1c7128b05523,12b01164-8204-4162-a8d5-1c7128b05523-2-6,3,t,2026-04-17 08:35:54.356
d63d3b64-e419-4554-a9d5-083132270193,71af5200-8305-4525-b2fc-af68aaeee385,71af5200-8305-4525-b2fc-af68aaeee385-2-0,3,t,2026-04-17 08:53:56.565
f6c976ca-22e6-4740-905b-0ba27e3f9310,f6c99088-8b12-4bb0-a68c-2d2bcb90282b,f6c99088-8b12-4bb0-a68c-2d2bcb90282b-2-26,0,f,2026-04-17 08:35:20.262
31a68475-1d6a-406a-9f63-5e847d5bb7e7,22306e0a-2c6b-4d7b-a097-3caa87ead621,22306e0a-2c6b-4d7b-a097-3caa87ead621-2-9,0,f,2026-04-17 08:35:35.58
04b5fc16-b3b7-423b-b853-3d48f506decc,10210c31-b852-44a3-a0d2-dc76f7728bc9,10210c31-b852-44a3-a0d2-dc76f7728bc9-2-0,3,t,2026-04-17 08:38:13.162
d579798e-eeea-4673-b09d-b1f17b06a5b5,dadd1552-0329-4a3d-9283-c7e9fc178963,dadd1552-0329-4a3d-9283-c7e9fc178963-2-6,3,t,2026-04-17 08:36:26.644
7e9e64b8-91ae-4d15-9bce-bb8abb7fd46d,9a9af92a-7c5d-49ec-953f-9f230f9c3bc5,9a9af92a-7c5d-49ec-953f-9f230f9c3bc5-2-9,0,f,2026-04-17 08:36:26.37
f96f6159-a335-4848-aca9-af8e4d71affd,0daea515-b946-4a2b-aab3-6ab6d96c0be9,0daea515-b946-4a2b-aab3-6ab6d96c0be9-2-2,3,t,2026-04-17 08:45:47.525
b2e1f5c0-5751-45f8-9333-714badbbf7aa,8e22e569-7e6d-405b-ab7c-1e37deaab668,8e22e569-7e6d-405b-ab7c-1e37deaab668-2-0,0,f,2026-04-17 08:36:45.022
fd05332f-555b-4d6b-a1b8-626eeb50a312,e34b9241-22a9-4da5-a69b-90c53ec1b42a,e34b9241-22a9-4da5-a69b-90c53ec1b42a-2-1,3,t,2026-04-17 08:36:52.513
e9ccf2aa-5156-4635-a6f9-7a0ee68e7e36,316d0ef9-3596-406f-974d-3d3bb82172a1,316d0ef9-3596-406f-974d-3d3bb82172a1-2-2,3,t,2026-04-17 08:39:21.24
a61eba07-5a2d-4143-84ef-d436a8bbe466,2157b182-d26f-4929-9ea0-d14b0461db32,2157b182-d26f-4929-9ea0-d14b0461db32-2-129,1,f,2026-04-17 08:44:01.464
653dbfe9-3719-4ba2-b5c3-6f052f42481f,33a61d52-3347-4686-871d-f0eee1598765,33a61d52-3347-4686-871d-f0eee1598765-2-19,0,f,2026-04-17 08:47:09.854
f758fb68-16c4-44aa-97db-d8a5e4745439,aebd5ab0-d995-48cc-9ce2-257757499d18,aebd5ab0-d995-48cc-9ce2-257757499d18-2-5,3,t,2026-04-17 09:00:34.729
32efaf9a-c9ef-4d8d-99db-bc14236d8998,37d9e26e-10fd-435d-b337-a843a3c2e7e8,37d9e26e-10fd-435d-b337-a843a3c2e7e8-2-21,0,f,2026-04-17 09:00:47.741
0c9de4b4-11fb-4863-bded-d5467b6a91f6,bda9e2c9-c3fd-45d4-b272-0224a1776439,bda9e2c9-c3fd-45d4-b272-0224a1776439-2-23,3,t,2026-04-17 07:07:42.633
8806fda2-d4aa-47cd-9e69-5997de45be04,3426c61d-ecb7-4b7a-9257-4260fc213358,3426c61d-ecb7-4b7a-9257-4260fc213358-2-2,3,t,2026-04-17 07:04:21.567
aabbc1fa-408e-4eee-8cd5-0c962cdcba8b,0152092e-a65d-4561-9f45-b0fa5655c830,0152092e-a65d-4561-9f45-b0fa5655c830-2-10,1,f,2026-04-17 07:07:43.703
3914b5e9-2d50-4894-bb65-bcf5e6e0db64,e8b2eea4-f5c6-4d10-8f95-9c6ccc124ed7,e8b2eea4-f5c6-4d10-8f95-9c6ccc124ed7-2-13,3,t,2026-04-17 07:05:02.69
8ce6bbb3-77a9-4021-8c69-9e685ea18737,3426c61d-ecb7-4b7a-9257-4260fc213358,3426c61d-ecb7-4b7a-9257-4260fc213358-2-3,3,t,2026-04-17 07:05:25.73
4c2e9eac-9fa6-4e77-888e-132cf4ee0802,e8b2eea4-f5c6-4d10-8f95-9c6ccc124ed7,e8b2eea4-f5c6-4d10-8f95-9c6ccc124ed7-2-14,0,f,2026-04-17 07:05:35.323
9bb5a356-5b19-45f9-a871-ceee53530c31,8af9683e-23dc-46d7-be10-1a60f73db618,8af9683e-23dc-46d7-be10-1a60f73db618-2-14,3,t,2026-04-17 07:07:52.156
163a5831-fcb7-4675-a991-9ccde3139146,4d28d2f3-e8bd-48c8-be53-f6e02a6070f1,4d28d2f3-e8bd-48c8-be53-f6e02a6070f1-2-7,2,f,2026-04-17 07:07:56.541
c74b98d3-7e25-4180-85c7-756324b230dd,0d08c860-822b-474a-8ab5-3eba991f5ae4,0d08c860-822b-474a-8ab5-3eba991f5ae4-2-6,3,t,2026-04-17 07:05:37.769
104824fb-6eee-4429-bdaa-db512043a8b3,3426c61d-ecb7-4b7a-9257-4260fc213358,3426c61d-ecb7-4b7a-9257-4260fc213358-2-4,3,t,2026-04-17 07:06:08.844
4d4fc46a-a6c7-4e33-868d-84b0dc8db2f8,3426c61d-ecb7-4b7a-9257-4260fc213358,3426c61d-ecb7-4b7a-9257-4260fc213358-2-6,3,t,2026-04-17 07:08:01.053
2b997004-fa47-4651-930d-6150240d2bd0,47cb8b3b-62b5-459a-887e-da8944d4b945,47cb8b3b-62b5-459a-887e-da8944d4b945-2-6,3,t,2026-04-17 07:06:13.809
3bdf0473-25b1-4efd-ae20-e862cec7e1f1,9e0a8e24-d791-4c2e-a11e-c037946a0bf5,9e0a8e24-d791-4c2e-a11e-c037946a0bf5-2-5,3,t,2026-04-17 07:10:14.024
cb00c099-9c77-49fd-8169-ee6f152480eb,9e0a8e24-d791-4c2e-a11e-c037946a0bf5,9e0a8e24-d791-4c2e-a11e-c037946a0bf5-2-10,3,t,2026-04-17 07:12:32.938
b3dc5a8e-ba8a-4539-8071-e6e213d83fef,8af9683e-23dc-46d7-be10-1a60f73db618,8af9683e-23dc-46d7-be10-1a60f73db618-2-13,3,t,2026-04-17 07:06:41.213
10525610-ccd0-4332-bdbb-603ba8ff7075,0152092e-a65d-4561-9f45-b0fa5655c830,0152092e-a65d-4561-9f45-b0fa5655c830-2-3,0,f,2026-04-17 07:06:49.74
17fbb563-3961-424a-a51f-c3a4b9676c21,80c96f37-3a57-4a90-a78a-bfea3714e947,80c96f37-3a57-4a90-a78a-bfea3714e947-2-66,0,f,2026-04-17 07:06:58.149
b3cbf48e-88df-4cf7-8d02-387f1a75d585,95c6b49f-eee2-4a17-9277-26ed1dd063e5,95c6b49f-eee2-4a17-9277-26ed1dd063e5-2-20,0,f,2026-04-17 07:06:59.842
077372a0-b6a0-4652-b53e-21a5f5e7a58c,80c96f37-3a57-4a90-a78a-bfea3714e947,80c96f37-3a57-4a90-a78a-bfea3714e947-2-68,0,f,2026-04-17 07:07:24.273
22e6903e-3dec-41d8-ba55-69fbfb5855ac,2c738779-8e62-4a41-ab0a-4fa9585c961c,2c738779-8e62-4a41-ab0a-4fa9585c961c-2-17,0,f,2026-04-17 07:07:33.558
38b08f4b-2c11-4bc7-ad37-7b4b5ce1b22a,3426c61d-ecb7-4b7a-9257-4260fc213358,3426c61d-ecb7-4b7a-9257-4260fc213358-2-10,3,t,2026-04-17 07:10:22.822
5a2c3f99-ddd0-45c6-b059-ea8c1ea0f16c,9e0a8e24-d791-4c2e-a11e-c037946a0bf5,9e0a8e24-d791-4c2e-a11e-c037946a0bf5-2-6,3,t,2026-04-17 07:08:15.489
22776f63-bdc0-41c1-96f2-ba301e9b7d70,0ee70dda-2b66-4128-9aa4-756af8ee7373,0ee70dda-2b66-4128-9aa4-756af8ee7373-2-13,2,f,2026-04-17 07:12:51.404
cf6cad7c-80fb-4996-87be-f52f12d18d82,0152092e-a65d-4561-9f45-b0fa5655c830,0152092e-a65d-4561-9f45-b0fa5655c830-2-30,3,t,2026-04-17 07:08:33.868
94dbbb2b-23b6-459e-8d63-c7bd90a39581,0d08c860-822b-474a-8ab5-3eba991f5ae4,0d08c860-822b-474a-8ab5-3eba991f5ae4-2-8,0,f,2026-04-17 07:10:55.376
cc428f12-8694-4d6f-822f-bd36b26cc171,0d08c860-822b-474a-8ab5-3eba991f5ae4,0d08c860-822b-474a-8ab5-3eba991f5ae4-2-7,3,t,2026-04-17 07:09:20.097
6630904e-edf2-4806-a7ad-8388ec6e3611,80c96f37-3a57-4a90-a78a-bfea3714e947,80c96f37-3a57-4a90-a78a-bfea3714e947-2-72,1,f,2026-04-17 07:09:26.05
d9650e7b-5665-4294-81bf-6d3cc9ff620b,95c6b49f-eee2-4a17-9277-26ed1dd063e5,95c6b49f-eee2-4a17-9277-26ed1dd063e5-2-23,0,f,2026-04-17 07:10:56.61
a80c3665-0e96-4416-a23b-c4ec20073a29,47cb8b3b-62b5-459a-887e-da8944d4b945,47cb8b3b-62b5-459a-887e-da8944d4b945-2-8,1,f,2026-04-17 07:11:15.36
cab77692-a7c5-4f75-9317-71c62070e192,2b258a2a-639d-4f06-b934-cee9812144d2,2b258a2a-639d-4f06-b934-cee9812144d2-2-13,3,t,2026-04-17 07:09:49.728
4a0ee592-3cf3-4b72-9b1a-5482d057ccf5,2c738779-8e62-4a41-ab0a-4fa9585c961c,2c738779-8e62-4a41-ab0a-4fa9585c961c-2-21,2,f,2026-04-17 07:11:42.279
7a48ba30-d850-44b4-8558-335a12a1fe21,0d08c860-822b-474a-8ab5-3eba991f5ae4,0d08c860-822b-474a-8ab5-3eba991f5ae4-2-9,3,t,2026-04-17 07:13:32.34
4c521f8f-f0b8-4161-87aa-6bacbaac5e8b,3426c61d-ecb7-4b7a-9257-4260fc213358,3426c61d-ecb7-4b7a-9257-4260fc213358-2-13,3,t,2026-04-17 07:12:17.177
1d12ff30-6490-46ec-a00f-4c09790dddc3,4d28d2f3-e8bd-48c8-be53-f6e02a6070f1,4d28d2f3-e8bd-48c8-be53-f6e02a6070f1-2-32,1,f,2026-04-17 07:13:45.506
52d2c9e4-2aaf-4249-aaeb-98c27b1d789c,8af9683e-23dc-46d7-be10-1a60f73db618,8af9683e-23dc-46d7-be10-1a60f73db618-2-20,3,t,2026-04-17 07:12:53.313
b8d3dea4-11ba-4256-8c84-7731f954f59d,3426c61d-ecb7-4b7a-9257-4260fc213358,3426c61d-ecb7-4b7a-9257-4260fc213358-2-14,3,t,2026-04-17 07:12:58.654
7f363d2b-ea7d-43bd-a174-df282463cb9b,2acd739c-84d0-493a-af20-356b7e5227c3,2acd739c-84d0-493a-af20-356b7e5227c3-2-40,2,f,2026-04-17 07:16:21.734
483e5b5f-6cde-460d-9c98-748608292d74,0c2e22f1-ec07-4168-ab77-4d9f7e33ee5c,0c2e22f1-ec07-4168-ab77-4d9f7e33ee5c-2-1,3,t,2026-04-17 07:27:27.029
f612c19d-0aa6-42ed-ac4d-3efb445be2fe,9e0a8e24-d791-4c2e-a11e-c037946a0bf5,9e0a8e24-d791-4c2e-a11e-c037946a0bf5-2-13,3,t,2026-04-17 07:14:38.546
e4e3cd1c-faf6-4ba2-ab09-eb7eca8d562a,2b6b5f05-2f37-4d80-a478-b16e450f3358,2b6b5f05-2f37-4d80-a478-b16e450f3358-2-23,1,f,2026-04-17 09:20:26.888
8a141822-9f21-4fe9-9f05-277f41827171,2acd739c-84d0-493a-af20-356b7e5227c3,2acd739c-84d0-493a-af20-356b7e5227c3-2-28,0,f,2026-04-17 07:17:53.043
6d16ad2a-4cc3-4fa7-9417-318b6ed2f1d8,4245889d-9a61-47a6-8c71-34631e8b5988,4245889d-9a61-47a6-8c71-34631e8b5988-2-2,2,f,2026-04-17 07:17:58.023
0e24d927-8a1f-414d-a66b-57502bb1edf1,3f0a381a-a20d-48fc-b091-06633e64919d,3f0a381a-a20d-48fc-b091-06633e64919d-2-6,3,t,2026-04-17 07:18:11.661
40a9b90b-31a1-4e23-a709-90c766474284,2acd739c-84d0-493a-af20-356b7e5227c3,2acd739c-84d0-493a-af20-356b7e5227c3-2-29,0,f,2026-04-17 07:18:09.848
55a5d988-c6e1-4cd4-b21b-306352386879,9e0a8e24-d791-4c2e-a11e-c037946a0bf5,9e0a8e24-d791-4c2e-a11e-c037946a0bf5-2-14,0,f,2026-04-17 07:18:12.868
d0a3f60c-7163-4168-9ad1-30f8d7385eaa,6deba58a-75a7-4482-9fdd-1c15a3cb56e4,6deba58a-75a7-4482-9fdd-1c15a3cb56e4-2-49,0,f,2026-04-17 07:18:27.861
7d107e41-98be-4891-8a22-6c09d3bfab43,0d08c860-822b-474a-8ab5-3eba991f5ae4,0d08c860-822b-474a-8ab5-3eba991f5ae4-2-10,0,f,2026-04-17 07:24:19.8
f3ecf422-e455-4c71-bd6c-b16a36087fd5,8411cec8-59d6-47e8-b74b-b5523e06d9b2,8411cec8-59d6-47e8-b74b-b5523e06d9b2-2-6,3,t,2026-04-17 08:06:48.541
0d9c3eeb-62a9-496c-8fb4-5223654333cd,3426c61d-ecb7-4b7a-9257-4260fc213358,3426c61d-ecb7-4b7a-9257-4260fc213358-2-20,3,t,2026-04-17 07:18:58.799
13a1414a-c443-4eb3-b1bf-136bf6cd6aed,a2dfb5d8-c9ca-4757-b2a8-f13e7dee26b2,a2dfb5d8-c9ca-4757-b2a8-f13e7dee26b2-2-6,3,t,2026-04-17 08:35:08.044
7f83fa32-b13f-44ff-8c85-0c7cd4644ecb,3af6637b-773d-4efe-97bc-0f738c242dd3,3af6637b-773d-4efe-97bc-0f738c242dd3-2-2,3,t,2026-04-17 07:19:26.768
f182d8bd-8d48-4069-93e3-4ed7583a2c78,e8b2eea4-f5c6-4d10-8f95-9c6ccc124ed7,e8b2eea4-f5c6-4d10-8f95-9c6ccc124ed7-2-41,0,f,2026-04-17 07:19:50.154
6a288227-514f-495f-b8e4-ffce092c1fd2,3426c61d-ecb7-4b7a-9257-4260fc213358,3426c61d-ecb7-4b7a-9257-4260fc213358-2-19,3,t,2026-04-17 07:20:32.781
c9fb572a-5253-4415-bb06-b1fff9646827,e8b2eea4-f5c6-4d10-8f95-9c6ccc124ed7,e8b2eea4-f5c6-4d10-8f95-9c6ccc124ed7-2-42,0,f,2026-04-17 07:20:34.527
da3e8a39-e36a-4103-ac41-d6c57faf9d2e,21e35136-9cee-4d52-ae17-4a5469715d23,21e35136-9cee-4d52-ae17-4a5469715d23-2-20,3,t,2026-04-17 07:20:55.635
877749f8-61bc-463b-bd6f-5499503b4e46,70cc4a4d-99eb-4423-8c03-9ed6f07ac880,70cc4a4d-99eb-4423-8c03-9ed6f07ac880-2-32,3,t,2026-04-17 08:35:09.161
2cda24ee-7270-42d6-a6fc-b08fea3ab12f,23224d87-2a2b-4e43-b601-671930d2ad0c,23224d87-2a2b-4e43-b601-671930d2ad0c-2-5,3,t,2026-04-17 08:33:53.968
52f83143-cc2e-4e1a-a674-8cac9105b542,1319181f-6f3c-435a-b43f-0f1c9db34303,1319181f-6f3c-435a-b43f-0f1c9db34303-2-68,8,t,2026-04-17 08:44:20.222
7864cebf-e88a-4917-b712-802c2f5d26cd,12f07921-83d4-4029-b9f0-0897b7c4abe9,12f07921-83d4-4029-b9f0-0897b7c4abe9-2-21,3,t,2026-04-17 08:34:01.693
2608410d-3fd2-4f17-bf89-3146e8412e1d,c15fa367-a67a-439c-aa44-3d5413987a82,c15fa367-a67a-439c-aa44-3d5413987a82-2-48,0,f,2026-04-17 08:35:15.942
97799762-0a9f-48ec-b360-e22981f2f8c2,67020039-958b-47ea-92fb-8440e69e788d,67020039-958b-47ea-92fb-8440e69e788d-2-14,3,t,2026-04-17 08:35:18.994
3baf8c4a-8408-4efe-b2e1-35bb00e62cec,70cc4a4d-99eb-4423-8c03-9ed6f07ac880,70cc4a4d-99eb-4423-8c03-9ed6f07ac880-2-15,3,t,2026-04-17 08:44:25.469
e416bb40-f653-41ff-8a1d-7845a471a9bb,24eac769-6cb5-45be-a147-81584b0c3661,24eac769-6cb5-45be-a147-81584b0c3661-2-35,3,t,2026-04-17 08:35:42.336
3efb7beb-fccf-4814-b3ec-56377c11faac,d6c40f95-78a4-41ff-99ca-92ada2fa7a25,d6c40f95-78a4-41ff-99ca-92ada2fa7a25-2-2,3,t,2026-04-17 08:34:17.173
7bb02938-7f54-4f22-9322-1fa1a7004859,e810366e-1e77-47e9-878d-baae7e38ecfa,e810366e-1e77-47e9-878d-baae7e38ecfa-2-4,0,f,2026-04-17 08:34:18.328
93faf4f3-5a51-4aa3-a450-3ab7f5b4c0d7,289fc8f4-4e54-45ee-8816-dd99f02cd6bb,289fc8f4-4e54-45ee-8816-dd99f02cd6bb-2-5,0,f,2026-04-17 08:36:14.658
4ae2c1f6-02ed-4254-8514-215c08b63072,5ca8cf18-027c-47da-a94d-85108ccc3503,5ca8cf18-027c-47da-a94d-85108ccc3503-2-3,3,t,2026-04-17 08:34:21.116
9f1c387c-96d4-49ed-8c87-cbd9163e65c4,663a5248-8bbc-45e7-8507-40b07a25cdbb,663a5248-8bbc-45e7-8507-40b07a25cdbb-2-3,0,f,2026-04-17 08:41:35.527
dff0d514-ffb1-4f68-bc06-2a8bfb9830c4,d34cebeb-d6e2-4f6e-bf65-cc118d4e996e,d34cebeb-d6e2-4f6e-bf65-cc118d4e996e-2-1,3,t,2026-04-17 08:34:26.516
d3320fd8-4448-45e5-812c-96237f76beae,24eac769-6cb5-45be-a147-81584b0c3661,24eac769-6cb5-45be-a147-81584b0c3661-2-34,3,t,2026-04-17 08:34:36.731
88f6627d-ac1f-4a23-9e5a-6267a57b1ddf,1e4d7928-481a-4e8d-ad61-a9ffbbaa5374,1e4d7928-481a-4e8d-ad61-a9ffbbaa5374-2-0,0,f,2026-04-17 08:34:43.032
30de1b6a-232c-42d4-abbc-a2bd68a34d4f,69755a35-d3e1-4d6d-b090-a4075401f6be,69755a35-d3e1-4d6d-b090-a4075401f6be-2-13,3,t,2026-04-17 08:44:17.931
b9534267-02ec-452d-8055-03aeb37045d2,2b834e56-49d1-4cf2-b41d-df797dd4d34f,2b834e56-49d1-4cf2-b41d-df797dd4d34f-2-20,3,t,2026-04-17 08:53:31.695
41f5285e-5f18-4675-a36a-8ac51f14c6e1,5efac7b6-2605-4f18-9a35-2a71e7d6bdc0,5efac7b6-2605-4f18-9a35-2a71e7d6bdc0-2-25,3,t,2026-04-17 08:52:24.947
9d57395f-cfe7-4492-9267-7f1e8a7cbc97,d34cebeb-d6e2-4f6e-bf65-cc118d4e996e,d34cebeb-d6e2-4f6e-bf65-cc118d4e996e-2-23,3,t,2026-04-17 08:52:14.248
6cfb2e2d-f685-415d-a1d8-4130aa379005,27a69e03-7147-4f1d-8331-650a51e441e2,27a69e03-7147-4f1d-8331-650a51e441e2-2-75,3,t,2026-04-17 08:51:46.726
b010e995-45f5-4f75-b171-1825092bea22,5f42d829-f4be-4762-8706-6ee43f14526b,5f42d829-f4be-4762-8706-6ee43f14526b-2-1,3,t,2026-04-17 08:56:29.361
b914f08f-0e04-4796-9dbf-19b4f47f534a,4d064b59-db6f-4c00-a7bd-dd47165afed8,4d064b59-db6f-4c00-a7bd-dd47165afed8-2-14,3,t,2026-04-17 08:54:55.561
d4560d10-5e2b-4dc8-beb0-0bf6747bbc45,21d53331-bf7e-4a4a-8242-daa5236fc398,21d53331-bf7e-4a4a-8242-daa5236fc398-2-4,3,t,2026-04-17 08:52:27.397
a92d4390-1879-4def-a0a9-3541aaed55a4,fad6dba6-af87-465e-b625-c5818010936b,fad6dba6-af87-465e-b625-c5818010936b-2-9,3,t,2026-04-17 08:52:19.008
a2ca9234-cfd9-4843-ab94-e73f9a1a5d24,b4b098bd-438e-49a9-ad66-57cfc51fd272,b4b098bd-438e-49a9-ad66-57cfc51fd272-2-21,3,t,2026-04-17 08:52:23.05
c742b978-0e29-4ff2-a8e7-14335267fcf2,33a61d52-3347-4686-871d-f0eee1598765,33a61d52-3347-4686-871d-f0eee1598765-2-14,3,t,2026-04-17 08:52:50.945
500eef24-5b8b-4a3a-972e-da05a1ecd0e2,12b01164-8204-4162-a8d5-1c7128b05523,12b01164-8204-4162-a8d5-1c7128b05523-2-21,0,f,2026-04-17 08:52:51.439
5007d693-a6b2-4829-ae92-12baaf68a652,41e44d4e-ed4b-41b7-851a-04be3bf4f9ec,41e44d4e-ed4b-41b7-851a-04be3bf4f9ec-2-1,0,f,2026-04-17 08:55:29.406
a8322e29-b5f0-4857-a8ca-e53ebd02c17d,835fa953-1c2f-45a5-a661-9679158bc35a,835fa953-1c2f-45a5-a661-9679158bc35a-2-7,0,f,2026-04-17 08:56:13.054
d1af5443-5534-4b44-8c6c-cf27e3aadee7,2d6b6626-038e-45ac-b337-005acf831731,2d6b6626-038e-45ac-b337-005acf831731-2-10,2,f,2026-04-17 08:55:34.932
0fa6bb1c-1fed-4973-a504-182caa8b9993,17a5a449-32db-47c3-a5e8-5f7368815036,17a5a449-32db-47c3-a5e8-5f7368815036-2-2,3,t,2026-04-17 09:28:05.046
0578aabf-e48b-4de2-b7cd-7b2d27947fe8,57fd170e-8fcf-425e-aafb-34331dbe4494,57fd170e-8fcf-425e-aafb-34331dbe4494-2-0,0,f,2026-04-17 08:55:42.711
03d7fc1f-b3f5-4398-bd89-38f3a7f631a8,70cc4a4d-99eb-4423-8c03-9ed6f07ac880,70cc4a4d-99eb-4423-8c03-9ed6f07ac880-2-58,4,t,2026-04-17 08:55:52.087
4ec522db-be41-450b-9b2a-6eaf80bf7dff,aa79aaac-b075-422b-b9be-a4ba8ac21137,aa79aaac-b075-422b-b9be-a4ba8ac21137-2-7,0,f,2026-04-17 08:56:10.767
a8c8a461-7eca-4fb1-8a0f-5e1a3630c910,038ba9c9-05c2-44a3-9f33-21941d6b13d3,038ba9c9-05c2-44a3-9f33-21941d6b13d3-2-5,3,t,2026-04-17 08:56:22.155
96bf73a7-5589-461b-bf74-821cf706c0c8,a276db23-8b57-4fb8-bc06-59bbf14f7100,a276db23-8b57-4fb8-bc06-59bbf14f7100-2-6,3,t,2026-04-17 08:56:30.309
c56ca4e4-d2d7-4cab-b6f3-563295605888,663a5248-8bbc-45e7-8507-40b07a25cdbb,663a5248-8bbc-45e7-8507-40b07a25cdbb-2-21,3,t,2026-04-17 08:57:17.418
c17587f4-5f8d-4355-af71-a23f12333563,5acfcb89-71a4-4847-b5ba-b747c0f0c58a,5acfcb89-71a4-4847-b5ba-b747c0f0c58a-2-6,3,t,2026-04-17 08:59:48.704
7b66068d-9200-4d69-a9ab-49f16fb5f615,3ed8fc13-d8f6-4f15-a66d-be11fce71626,3ed8fc13-d8f6-4f15-a66d-be11fce71626-2-87,0,f,2026-04-17 09:02:16.848
80c2005f-e9f6-4f3c-a4ca-59545ffde305,225cdc74-4a73-45df-96ce-c26fb678a98c,225cdc74-4a73-45df-96ce-c26fb678a98c-2-18,0,f,2026-04-17 07:20:16.025
95f29a0d-b7ac-4565-9401-e19ca27ee862,225cdc74-4a73-45df-96ce-c26fb678a98c,225cdc74-4a73-45df-96ce-c26fb678a98c-2-20,3,t,2026-04-17 07:21:07.472
d2890b94-54e4-4703-aa72-43410ad779fc,3426c61d-ecb7-4b7a-9257-4260fc213358,3426c61d-ecb7-4b7a-9257-4260fc213358-2-25,3,t,2026-04-17 07:23:43.849
c42f4a9d-7327-47e9-aea5-8b8fdf4bb9a1,3426c61d-ecb7-4b7a-9257-4260fc213358,3426c61d-ecb7-4b7a-9257-4260fc213358-2-21,3,t,2026-04-17 07:21:17.261
ba754a11-b56e-4e71-b93f-899d7f8b2e16,4245889d-9a61-47a6-8c71-34631e8b5988,4245889d-9a61-47a6-8c71-34631e8b5988-2-102,3,t,2026-04-17 07:21:32.011
9bda2bc4-129a-4528-8a7a-290f7cc6673f,e8b2eea4-f5c6-4d10-8f95-9c6ccc124ed7,e8b2eea4-f5c6-4d10-8f95-9c6ccc124ed7-2-43,0,f,2026-04-17 07:21:32.64
8cd30468-3a6e-4ac2-93cf-00ea438dbb71,9e0a8e24-d791-4c2e-a11e-c037946a0bf5,9e0a8e24-d791-4c2e-a11e-c037946a0bf5-2-16,3,t,2026-04-17 07:21:45.427
e120074a-1032-4e05-8393-2ef009966d37,4245889d-9a61-47a6-8c71-34631e8b5988,4245889d-9a61-47a6-8c71-34631e8b5988-2-60,5,t,2026-04-17 07:25:47.771
d2810497-40c6-403f-b08e-20c1383bc4b1,3426c61d-ecb7-4b7a-9257-4260fc213358,3426c61d-ecb7-4b7a-9257-4260fc213358-2-26,3,t,2026-04-17 07:24:21.839
2d8ed3ad-cdb8-4961-a8aa-0ca96d0ceb03,3426c61d-ecb7-4b7a-9257-4260fc213358,3426c61d-ecb7-4b7a-9257-4260fc213358-2-23,3,t,2026-04-17 07:22:16.594
ccbd2f70-a791-4dac-ab87-23e4b344dfe1,3f0a381a-a20d-48fc-b091-06633e64919d,3f0a381a-a20d-48fc-b091-06633e64919d-2-11,0,f,2026-04-17 07:24:22.217
5451b20d-35cb-4a37-ba1d-db1b5658c187,3f0a381a-a20d-48fc-b091-06633e64919d,3f0a381a-a20d-48fc-b091-06633e64919d-2-10,3,t,2026-04-17 07:22:29.533
c227f4b3-79e8-4f6f-aeee-ecb193a29858,efd20b75-2320-448a-98ef-5dfb9f06429d,efd20b75-2320-448a-98ef-5dfb9f06429d-2-1,0,f,2026-04-17 07:27:32.667
000506a5-e171-4d10-83c5-ccd6d7d072c7,0152092e-a65d-4561-9f45-b0fa5655c830,0152092e-a65d-4561-9f45-b0fa5655c830-2-67,0,f,2026-04-17 07:24:52.082
bfc21a3a-fa6f-43ad-9c55-47de717bf5ae,225cdc74-4a73-45df-96ce-c26fb678a98c,225cdc74-4a73-45df-96ce-c26fb678a98c-2-23,3,t,2026-04-17 07:22:31.026
a9ddc4e8-473c-4377-b2a1-c77dbd08d6ba,782f8c98-2ddc-46d2-8d5e-6b2f51d9fdd9,782f8c98-2ddc-46d2-8d5e-6b2f51d9fdd9-2-6,3,t,2026-04-17 07:22:48.213
5b81ce68-e8af-475d-b986-535927499141,3426c61d-ecb7-4b7a-9257-4260fc213358,3426c61d-ecb7-4b7a-9257-4260fc213358-2-29,4,t,2026-04-17 07:26:23.166
e00f6db0-686a-453e-a1ef-342591129aa1,21e35136-9cee-4d52-ae17-4a5469715d23,21e35136-9cee-4d52-ae17-4a5469715d23-2-0,3,t,2026-04-17 07:25:00.028
3d7b8d2a-de9b-4b35-87b4-d11791ba2856,9e0a8e24-d791-4c2e-a11e-c037946a0bf5,9e0a8e24-d791-4c2e-a11e-c037946a0bf5-2-2,0,f,2026-04-17 07:23:11.068
f2e70cee-7436-456f-b4f8-e39ac494961d,3426c61d-ecb7-4b7a-9257-4260fc213358,3426c61d-ecb7-4b7a-9257-4260fc213358-2-24,3,t,2026-04-17 07:23:11.157
43db85d6-a94b-4100-b7b9-a85b82987e20,9e0a8e24-d791-4c2e-a11e-c037946a0bf5,9e0a8e24-d791-4c2e-a11e-c037946a0bf5-2-0,1,f,2026-04-17 07:23:19.184
5c715b5c-7916-442c-86ea-61beea3b04c2,3426c61d-ecb7-4b7a-9257-4260fc213358,3426c61d-ecb7-4b7a-9257-4260fc213358-2-27,4,t,2026-04-17 07:25:51.414
6be80972-208e-407d-9339-cca047bfbf57,3af6637b-773d-4efe-97bc-0f738c242dd3,3af6637b-773d-4efe-97bc-0f738c242dd3-2-5,3,t,2026-04-17 07:25:02.728
39eae02a-828d-4d5f-8043-ff9a822ae0c9,17b4401a-3fb1-49e2-acb4-c9414dd7220b,17b4401a-3fb1-49e2-acb4-c9414dd7220b-2-1,3,t,2026-04-17 07:26:57.534
3c8091cf-7d85-4b63-95c9-f53af613e08e,3af64616-321f-4bb3-ae52-5d26e4882017,3af64616-321f-4bb3-ae52-5d26e4882017-2-13,3,t,2026-04-17 07:25:36.602
a7297127-bc07-4c8e-9e23-dd100d6e9e56,2462686e-1768-4c60-862f-0134a53e66f1,2462686e-1768-4c60-862f-0134a53e66f1-2-1,0,f,2026-04-17 07:26:30.004
17459c42-e740-458d-9aaf-300fc0b0bdf1,050493f1-a5d8-4716-bb53-15b0337d6101,050493f1-a5d8-4716-bb53-15b0337d6101-2-1,3,t,2026-04-17 07:27:20.805
47777db1-29f8-4719-9169-a858bb66d064,39b7d720-b00f-4db5-acdc-fe6a28594394,39b7d720-b00f-4db5-acdc-fe6a28594394-2-7,3,t,2026-04-17 07:27:08.286
9566b7c1-9bc1-490b-9cc4-b7eef15673be,3f0a381a-a20d-48fc-b091-06633e64919d,3f0a381a-a20d-48fc-b091-06633e64919d-2-13,3,t,2026-04-17 07:26:37.102
0ad19013-b3b6-4b68-9aa3-c7ce6ce209b2,39b7d720-b00f-4db5-acdc-fe6a28594394,39b7d720-b00f-4db5-acdc-fe6a28594394-2-5,3,t,2026-04-17 07:26:58.804
6acfdb55-57d8-4f42-8c02-be7e9d4b8cc0,3af64616-321f-4bb3-ae52-5d26e4882017,3af64616-321f-4bb3-ae52-5d26e4882017-2-14,3,t,2026-04-17 07:26:49.135
878ad8e7-ed57-4289-bccd-c4ac7983ddf6,3426c61d-ecb7-4b7a-9257-4260fc213358,3426c61d-ecb7-4b7a-9257-4260fc213358-2-28,4,t,2026-04-17 07:26:12.586
2f42c68b-3dc7-4d02-98aa-9043f64cb2d9,0c2e22f1-ec07-4168-ab77-4d9f7e33ee5c,0c2e22f1-ec07-4168-ab77-4d9f7e33ee5c-2-6,3,t,2026-04-17 07:26:13.149
23042359-7962-4018-a619-d4e95c16c4cd,782f8c98-2ddc-46d2-8d5e-6b2f51d9fdd9,782f8c98-2ddc-46d2-8d5e-6b2f51d9fdd9-2-9,3,t,2026-04-17 07:26:17.178
4e2a63fc-0d3a-4154-9814-2cdabe486dba,3f0a381a-a20d-48fc-b091-06633e64919d,3f0a381a-a20d-48fc-b091-06633e64919d-2-14,1,f,2026-04-17 07:27:09.154
c128f7d8-2e3f-4c3a-9c97-ce65e7b12762,39b7d720-b00f-4db5-acdc-fe6a28594394,39b7d720-b00f-4db5-acdc-fe6a28594394-2-4,3,t,2026-04-17 07:26:54.237
5fb043af-f7b5-4e98-a6be-f373a1f5cb20,39b7d720-b00f-4db5-acdc-fe6a28594394,39b7d720-b00f-4db5-acdc-fe6a28594394-2-6,3,t,2026-04-17 07:27:03.457
ba46bf6a-3d75-4037-8338-cd5e20ec6aa4,782f8c98-2ddc-46d2-8d5e-6b2f51d9fdd9,782f8c98-2ddc-46d2-8d5e-6b2f51d9fdd9-2-10,3,t,2026-04-17 07:28:41.436
32134f67-c07f-4dcf-8849-e61cfae1adb3,af00367f-7486-494d-9ad6-fc14d12b1be5,af00367f-7486-494d-9ad6-fc14d12b1be5-2-1,0,f,2026-04-17 07:27:33.671
2fedbb9a-346b-42b8-8e34-7552a04adc10,17b4401a-3fb1-49e2-acb4-c9414dd7220b,17b4401a-3fb1-49e2-acb4-c9414dd7220b-2-4,3,t,2026-04-17 07:27:56.727
d5247308-8337-458c-aee0-80cec3a81a18,35fd59c5-bfd2-4154-9ccd-398d0d1cbd2b,35fd59c5-bfd2-4154-9ccd-398d0d1cbd2b-2-1,3,t,2026-04-17 07:28:31.933
d4d20ac2-881b-4363-864a-922b7322d663,89f21211-eb98-4f18-82ad-3230e9f0ff2b,89f21211-eb98-4f18-82ad-3230e9f0ff2b-2-1,3,t,2026-04-17 07:28:14.4
4eddfc2d-1437-4226-8074-55bfcca21e83,6b4971ac-7694-4e91-af84-74a9e3d5f19f,6b4971ac-7694-4e91-af84-74a9e3d5f19f-2-6,3,t,2026-04-17 07:29:10.643
1ceb6afa-5150-4805-ad45-ed5c7b325133,275b1411-4cf7-4137-be56-4fe1741fbd49,275b1411-4cf7-4137-be56-4fe1741fbd49-2-1,0,f,2026-04-17 07:28:23.102
daa4b61f-788f-47d4-ac92-567393743433,2462686e-1768-4c60-862f-0134a53e66f1,2462686e-1768-4c60-862f-0134a53e66f1-2-2,3,t,2026-04-17 07:28:35.488
103511dc-a697-421f-a414-58659e3e4e41,3ca3a7ba-0861-4204-a5e7-3e4de089bce7,3ca3a7ba-0861-4204-a5e7-3e4de089bce7-2-1,3,t,2026-04-17 07:29:06.804
767d2683-78f8-495f-94c0-65094603769b,0d08c860-822b-474a-8ab5-3eba991f5ae4,0d08c860-822b-474a-8ab5-3eba991f5ae4-2-11,0,f,2026-04-17 07:29:21.956
9ac8eba6-e722-48fc-8d3e-fbd2d92e42e8,2dfc2387-7569-4634-9242-27891971a9f0,2dfc2387-7569-4634-9242-27891971a9f0-2-10,3,t,2026-04-17 07:28:21.991
3d7c62a9-a907-4c17-9f06-e1b8529294a0,225cdc74-4a73-45df-96ce-c26fb678a98c,225cdc74-4a73-45df-96ce-c26fb678a98c-2-37,0,f,2026-04-17 07:28:37.357
e9140588-dd24-48a4-86df-aeef3ba21fbe,46592f64-4847-4dd0-b9d4-9a8736d9b75e,46592f64-4847-4dd0-b9d4-9a8736d9b75e-2-4,3,t,2026-04-17 08:36:28.77
43be3212-75a2-4119-86d3-1e2249a884ef,3af64616-321f-4bb3-ae52-5d26e4882017,3af64616-321f-4bb3-ae52-5d26e4882017-2-16,3,t,2026-04-17 07:29:31.223
f12599ba-905e-4dfb-8f65-c8ac683786a7,0c2e22f1-ec07-4168-ab77-4d9f7e33ee5c,0c2e22f1-ec07-4168-ab77-4d9f7e33ee5c-2-8,0,f,2026-04-17 07:29:45.343
3f4c8380-3af4-4113-a995-cb81d6dbbb1f,af00367f-7486-494d-9ad6-fc14d12b1be5,af00367f-7486-494d-9ad6-fc14d12b1be5-2-2,0,f,2026-04-17 07:30:16.693
6b75d0db-0b24-4144-8f02-73f91f81e380,efd20b75-2320-448a-98ef-5dfb9f06429d,efd20b75-2320-448a-98ef-5dfb9f06429d-2-2,0,f,2026-04-17 07:30:17.341
f2520df3-03ac-49b3-b601-dc9edf7185b0,3ed8fc13-d8f6-4f15-a66d-be11fce71626,3ed8fc13-d8f6-4f15-a66d-be11fce71626-2-78,3,t,2026-04-17 08:45:18.82
ab6280a2-df16-489e-b7c7-342bba3e266b,14c88034-f5c1-4455-8b1a-ccfcffb86a31,14c88034-f5c1-4455-8b1a-ccfcffb86a31-2-0,3,t,2026-04-17 07:38:11.21
570d12e3-954a-4899-915c-84769f21ffa9,4d064b59-db6f-4c00-a7bd-dd47165afed8,4d064b59-db6f-4c00-a7bd-dd47165afed8-2-3,3,t,2026-04-17 08:36:34.938
1d7c958b-df08-4a8f-9121-e8687f1fcdf4,03c72251-350d-4306-90e8-29fb2e7d9820,03c72251-350d-4306-90e8-29fb2e7d9820-2-2,3,t,2026-04-17 08:45:16.155
1a1b397b-e237-4a93-9b8a-d42ed69a8532,869341ac-0069-4fc0-8633-3c9aee4b1ea5,869341ac-0069-4fc0-8633-3c9aee4b1ea5-2-14,3,t,2026-04-17 08:44:39.638
ef730c74-4bb2-4cfc-91f8-aa54b229d9d7,14f5e49b-d78a-4b35-93a4-c14dd523a2cb,14f5e49b-d78a-4b35-93a4-c14dd523a2cb-2-12,3,t,2026-04-17 08:36:37.218
a7d212bd-4d90-41ee-a0cb-018bcdf520e1,7b2fc2f3-7bed-4c31-81a9-2ec17d2a01ed,7b2fc2f3-7bed-4c31-81a9-2ec17d2a01ed-2-21,3,t,2026-04-17 08:35:30.999
5e60632c-4406-47ef-a30d-03e8b1a758f6,0dac11b6-9631-4184-a1c8-fb09702135e9,0dac11b6-9631-4184-a1c8-fb09702135e9-2-0,3,t,2026-04-17 08:35:31.4
c062764c-e507-4e7f-8a52-69d808762d1e,ae512a82-7989-4fb2-87f7-abece7160322,ae512a82-7989-4fb2-87f7-abece7160322-2-2,3,t,2026-04-17 08:46:10.802
58dac194-6f30-40ed-94a0-71d94fdbbdc0,b4b098bd-438e-49a9-ad66-57cfc51fd272,b4b098bd-438e-49a9-ad66-57cfc51fd272-2-1,3,t,2026-04-17 08:35:43.819
27cb5555-df79-407b-b1af-9fc42c2a8947,f2c67931-ab51-4f09-a434-df3cc4d0f3c9,f2c67931-ab51-4f09-a434-df3cc4d0f3c9-2-1,3,t,2026-04-17 08:37:18.881
cc449920-8608-4710-aa96-ed7fc0e3deae,c15fa367-a67a-439c-aa44-3d5413987a82,c15fa367-a67a-439c-aa44-3d5413987a82-2-50,0,f,2026-04-17 08:37:36.783
a0fd15c2-0ac0-4ad8-b722-e863e5e52678,70cc4a4d-99eb-4423-8c03-9ed6f07ac880,70cc4a4d-99eb-4423-8c03-9ed6f07ac880-2-12,3,t,2026-04-17 08:35:54.729
93c7aed2-234d-4ddf-90c6-8effca1739f5,038ba9c9-05c2-44a3-9f33-21941d6b13d3,038ba9c9-05c2-44a3-9f33-21941d6b13d3-2-54,0,f,2026-04-17 08:35:59.426
d82c3c66-f95c-4534-8e47-dc4e7211840a,9651adcc-6e22-42a6-b506-4924d2dbf61b,9651adcc-6e22-42a6-b506-4924d2dbf61b-2-1,0,f,2026-04-17 08:38:14.155
c971fb87-8e5d-4b91-a71a-b46c6696ab26,8ee0c564-0f11-4ba9-b34e-cac68081767c,8ee0c564-0f11-4ba9-b34e-cac68081767c-2-1,3,t,2026-04-17 08:36:01.11
4c4b75c4-6f12-484c-bed6-d8458bd1e434,985ae1b0-6dbe-493b-a5bc-20516e53dbbe,985ae1b0-6dbe-493b-a5bc-20516e53dbbe-2-5,0,f,2026-04-17 08:55:11.211
8321c3cc-d5e9-49ff-90f1-35b1479ed90a,2f2975e7-43f5-486f-8219-e1715b4ee539,2f2975e7-43f5-486f-8219-e1715b4ee539-2-6,3,t,2026-04-17 08:45:32.752
59838830-a339-4e7d-996f-8d0a71921f35,a8b4b170-9e9a-4433-a6d9-4d26d1f4d697,a8b4b170-9e9a-4433-a6d9-4d26d1f4d697-2-18,0,f,2026-04-17 08:36:19.901
b07530f1-2faf-42b4-af25-578a41705f8b,f7e88f42-b0d4-4999-8a5c-e50064ed0ee5,f7e88f42-b0d4-4999-8a5c-e50064ed0ee5-2-0,3,t,2026-04-17 08:44:46.632
69be7d45-d93b-422a-88f1-47fbc36f4bd9,4f7c2ed7-83a1-4fa7-ac08-c7c3640fd0b2,4f7c2ed7-83a1-4fa7-ac08-c7c3640fd0b2-2-16,3,t,2026-04-17 08:44:37.235
f7f7cab9-c64f-48d4-8228-be9a32675532,4cf7f052-1d34-4442-9347-3eab9ed2fd67,4cf7f052-1d34-4442-9347-3eab9ed2fd67-2-2,3,t,2026-04-17 08:45:50.855
30548d6b-617b-405d-aab1-f7220c0e4058,316d0ef9-3596-406f-974d-3d3bb82172a1,316d0ef9-3596-406f-974d-3d3bb82172a1-2-8,3,t,2026-04-17 08:44:58.02
5fc89762-2b5b-4743-be4d-53d8edfc756e,869341ac-0069-4fc0-8633-3c9aee4b1ea5,869341ac-0069-4fc0-8633-3c9aee4b1ea5-2-16,3,t,2026-04-17 08:46:03.451
ee16d167-88bb-4509-92a9-502826b669e1,7e427b2a-9406-4473-a854-547395a4f8df,7e427b2a-9406-4473-a854-547395a4f8df-2-3,3,t,2026-04-17 08:45:48.85
d7edcdad-0da4-413a-85ac-a96815bca586,9fad1346-db17-4e69-9f23-78eebc0077db,9fad1346-db17-4e69-9f23-78eebc0077db-2-3,0,f,2026-04-17 08:57:51.362
3eb953d0-5714-449c-94d7-d2ebd6730f62,1e4d7928-481a-4e8d-ad61-a9ffbbaa5374,1e4d7928-481a-4e8d-ad61-a9ffbbaa5374-2-10,3,t,2026-04-17 08:45:51.327
aefdbc82-47e5-4cc2-aafa-33fec1d12f14,9a55e2ae-caea-48c8-8437-7fa6d560c28d,9a55e2ae-caea-48c8-8437-7fa6d560c28d-2-1,3,t,2026-04-17 08:45:56.659
ec5dedb2-9283-4ade-b2b5-f68fbb07262c,976db7d1-71ac-4b46-9871-48fd7f6980dc,976db7d1-71ac-4b46-9871-48fd7f6980dc-2-2,0,f,2026-04-17 08:45:57.696
9810d197-c635-4d51-b575-c561123a191c,7b2fc2f3-7bed-4c31-81a9-2ec17d2a01ed,7b2fc2f3-7bed-4c31-81a9-2ec17d2a01ed-2-3,3,t,2026-04-17 08:46:41.307
7a337012-c29e-41ee-a5d0-03b47ac18ecb,116fbde3-d81a-4d0a-a537-39fa3a78dffd,116fbde3-d81a-4d0a-a537-39fa3a78dffd-2-8,2,f,2026-04-17 08:46:10.793
a8b2234e-9d0d-4e65-96d6-de1275f6ba11,b4b098bd-438e-49a9-ad66-57cfc51fd272,b4b098bd-438e-49a9-ad66-57cfc51fd272-2-16,3,t,2026-04-17 08:46:30.705
08d4f666-e0f6-403b-b03d-1d67263bda3b,4d064b59-db6f-4c00-a7bd-dd47165afed8,4d064b59-db6f-4c00-a7bd-dd47165afed8-2-10,3,t,2026-04-17 08:47:02.865
c3e2579d-59ce-4d4e-a5ec-130162de983d,c909bd23-7897-4dea-8402-2cca7a3df7c6,c909bd23-7897-4dea-8402-2cca7a3df7c6-2-3,3,t,2026-04-17 08:46:25.945
b7d7b99e-01e8-4435-bb47-d8b2d3e4993c,12b01164-8204-4162-a8d5-1c7128b05523,12b01164-8204-4162-a8d5-1c7128b05523-2-14,0,f,2026-04-17 08:46:26.361
c24a7c4d-bcca-4705-884e-7df0aed19950,6706dc6d-2366-466b-a5d2-030aa1c7af67,6706dc6d-2366-466b-a5d2-030aa1c7af67-2-1,3,t,2026-04-17 08:50:59.667
a2d2e2c1-ce20-4e90-8310-6a6bdc04e401,963fec59-78ac-420b-9d9e-84e6bae46cd0,963fec59-78ac-420b-9d9e-84e6bae46cd0-2-7,0,f,2026-04-17 08:47:32.477
7477d6b6-0b14-4551-8d5b-b448bfbf90a5,5acfcb89-71a4-4847-b5ba-b747c0f0c58a,5acfcb89-71a4-4847-b5ba-b747c0f0c58a-2-4,0,f,2026-04-17 08:48:17.511
91b82a12-c1cd-4dbd-b16c-12d71be2e1aa,b448b940-e172-4174-ac48-d9961a46b951,b448b940-e172-4174-ac48-d9961a46b951-2-1,3,t,2026-04-17 08:56:31.805
28c9c9c2-622f-497f-831b-1db177b138bf,985ae1b0-6dbe-493b-a5bc-20516e53dbbe,985ae1b0-6dbe-493b-a5bc-20516e53dbbe-2-2,0,f,2026-04-17 08:53:19.367
d2b29374-3b8c-4db0-9a31-43f7da29dd92,2462686e-1768-4c60-862f-0134a53e66f1,2462686e-1768-4c60-862f-0134a53e66f1-2-4,3,t,2026-04-17 07:31:26.024
fe04644d-f9c6-4b9a-8538-36c2bc639477,32690833-59f9-430b-9176-44c118b57904,32690833-59f9-430b-9176-44c118b57904-2-1,3,t,2026-04-17 07:34:16.78
6962d757-0766-4bac-a149-84d89b6cc3e7,275b1411-4cf7-4137-be56-4fe1741fbd49,275b1411-4cf7-4137-be56-4fe1741fbd49-2-2,3,t,2026-04-17 07:29:03.533
8be98fd8-62de-4914-a9c5-572828aa25f5,4a984fc4-beba-48c3-95f1-0c49b4446bee,4a984fc4-beba-48c3-95f1-0c49b4446bee-2-0,3,t,2026-04-17 07:29:11.114
1139b3e5-84f5-434e-ba2f-88395ed2b5e4,35fd59c5-bfd2-4154-9ccd-398d0d1cbd2b,35fd59c5-bfd2-4154-9ccd-398d0d1cbd2b-2-2,0,f,2026-04-17 07:31:51.373
6c61d2ce-bfb8-418b-9a8d-3813dc18b99d,275b1411-4cf7-4137-be56-4fe1741fbd49,275b1411-4cf7-4137-be56-4fe1741fbd49-2-6,3,t,2026-04-17 07:33:24.407
fcc9c8e0-f056-4c94-94ad-2d49e0411463,17b4401a-3fb1-49e2-acb4-c9414dd7220b,17b4401a-3fb1-49e2-acb4-c9414dd7220b-2-2,3,t,2026-04-17 07:30:01.483
10165df6-1c9f-49de-8b6e-a07df0f6cde3,4a984fc4-beba-48c3-95f1-0c49b4446bee,4a984fc4-beba-48c3-95f1-0c49b4446bee-2-1,0,f,2026-04-17 07:30:03.559
7077439b-b0a4-4fef-b075-7373e27381a4,0c2e22f1-ec07-4168-ab77-4d9f7e33ee5c,0c2e22f1-ec07-4168-ab77-4d9f7e33ee5c-2-10,3,t,2026-04-17 07:31:54.463
e26b798a-5359-4432-8870-cea2d99f7ddb,e3df140d-6f1a-46d8-a921-befdf3be8266,e3df140d-6f1a-46d8-a921-befdf3be8266-2-0,1,f,2026-04-17 07:30:24.823
d83f8c68-f5b0-4803-828b-29f7618c42ca,4a984fc4-beba-48c3-95f1-0c49b4446bee,4a984fc4-beba-48c3-95f1-0c49b4446bee-2-2,3,t,2026-04-17 07:30:56.428
d0c7d378-3c2f-4387-a766-859d81132459,89f21211-eb98-4f18-82ad-3230e9f0ff2b,89f21211-eb98-4f18-82ad-3230e9f0ff2b-2-3,0,f,2026-04-17 07:31:01.164
4e1e9a10-61cb-4da4-a2c8-e976bd24ac2a,2462686e-1768-4c60-862f-0134a53e66f1,2462686e-1768-4c60-862f-0134a53e66f1-2-6,3,t,2026-04-17 07:34:57.286
b3e03713-e0cd-43a4-b0b8-050436245436,4a984fc4-beba-48c3-95f1-0c49b4446bee,4a984fc4-beba-48c3-95f1-0c49b4446bee-2-4,0,f,2026-04-17 07:32:17.615
fe8ac62c-b032-465a-8308-35a8f4770e5a,f9fa9b3a-1fc9-45fc-8ff3-e1cec7157c07,f9fa9b3a-1fc9-45fc-8ff3-e1cec7157c07-2-0,3,t,2026-04-17 07:31:06.705
5ed003d8-9e5f-4908-9ba1-b6e3db7a5c18,ba4fc8de-42f0-49e4-9f0a-1d8fbe4e7c38,ba4fc8de-42f0-49e4-9f0a-1d8fbe4e7c38-2-0,3,t,2026-04-17 07:34:19.597
3e23eebf-625f-4f2f-b932-4badded9b9e1,050493f1-a5d8-4716-bb53-15b0337d6101,050493f1-a5d8-4716-bb53-15b0337d6101-2-3,3,t,2026-04-17 07:33:27.613
c9a01f85-5577-4e43-8b87-f61ea30fbba1,3ca3a7ba-0861-4204-a5e7-3e4de089bce7,3ca3a7ba-0861-4204-a5e7-3e4de089bce7-2-2,0,f,2026-04-17 07:32:32.567
37eff230-1e7d-47f5-b057-28c89f48303f,3426c61d-ecb7-4b7a-9257-4260fc213358,3426c61d-ecb7-4b7a-9257-4260fc213358-2-43,8,t,2026-04-17 07:31:16.803
189ed71c-1328-4c7c-9d18-b8138805e943,8af9683e-23dc-46d7-be10-1a60f73db618,8af9683e-23dc-46d7-be10-1a60f73db618-2-49,0,f,2026-04-17 07:31:22.223
a369b7ba-4170-47f0-a3af-726c6826dbda,782f8c98-2ddc-46d2-8d5e-6b2f51d9fdd9,782f8c98-2ddc-46d2-8d5e-6b2f51d9fdd9-2-18,3,t,2026-04-17 07:32:36.697
a5e97e60-59ee-4984-81e6-6b3c93eb7651,0c2e22f1-ec07-4168-ab77-4d9f7e33ee5c,0c2e22f1-ec07-4168-ab77-4d9f7e33ee5c-2-13,3,t,2026-04-17 07:34:36.768
30f0c820-dbdb-4d10-a893-7d6c4e289f77,bbf30bbe-45d5-4dec-b2b3-f903b2d10658,bbf30bbe-45d5-4dec-b2b3-f903b2d10658-2-1,3,t,2026-04-17 07:32:58.282
ee5fde64-c4fe-489c-9d90-33ab864557de,782f8c98-2ddc-46d2-8d5e-6b2f51d9fdd9,782f8c98-2ddc-46d2-8d5e-6b2f51d9fdd9-2-1,0,f,2026-04-17 07:35:03.682
ce9cb9eb-7001-4051-ac82-d3fe8d1ba922,3ca3a7ba-0861-4204-a5e7-3e4de089bce7,3ca3a7ba-0861-4204-a5e7-3e4de089bce7-2-6,3,t,2026-04-17 07:35:54.289
2f254cc9-9167-4a80-951a-39d71cff3acb,89f21211-eb98-4f18-82ad-3230e9f0ff2b,89f21211-eb98-4f18-82ad-3230e9f0ff2b-2-6,3,t,2026-04-17 07:33:22.451
59f4626d-edcf-4f67-aa75-5b19cd63ab3a,4a984fc4-beba-48c3-95f1-0c49b4446bee,4a984fc4-beba-48c3-95f1-0c49b4446bee-2-5,3,t,2026-04-17 07:34:21.449
5ad07bae-b31e-43bf-b0d3-ea587c9aa155,3ca3a7ba-0861-4204-a5e7-3e4de089bce7,3ca3a7ba-0861-4204-a5e7-3e4de089bce7-2-3,3,t,2026-04-17 07:33:43.505
3ee5f611-d586-4818-beec-63fc9925c588,275b1411-4cf7-4137-be56-4fe1741fbd49,275b1411-4cf7-4137-be56-4fe1741fbd49-2-7,0,f,2026-04-17 07:34:38.492
9fcd1708-a25c-4d0c-99d5-95a74e411923,8509b13c-e904-4623-a1cb-239c24e9ec41,8509b13c-e904-4623-a1cb-239c24e9ec41-2-0,3,t,2026-04-17 07:34:45.286
95ca2610-6ccf-46fd-9882-1cfb72534dc1,3426c61d-ecb7-4b7a-9257-4260fc213358,3426c61d-ecb7-4b7a-9257-4260fc213358-2-51,0,f,2026-04-17 07:34:10.001
27d47add-8786-42bc-b6de-7af7e3bb4be0,af00367f-7486-494d-9ad6-fc14d12b1be5,af00367f-7486-494d-9ad6-fc14d12b1be5-2-6,3,t,2026-04-17 07:35:13.909
2524722c-ba75-41e8-a7c4-06004f1b6e95,5cd68e5e-40c7-4593-a8e9-9ee89538ccff,5cd68e5e-40c7-4593-a8e9-9ee89538ccff-2-0,3,t,2026-04-17 07:38:56.007
a6226833-e05e-4342-8545-fe4150170ff2,35fd59c5-bfd2-4154-9ccd-398d0d1cbd2b,35fd59c5-bfd2-4154-9ccd-398d0d1cbd2b-2-3,3,t,2026-04-17 07:38:37.193
9f4803f3-91ca-4ac1-9896-c9fa02f45e88,6b4971ac-7694-4e91-af84-74a9e3d5f19f,6b4971ac-7694-4e91-af84-74a9e3d5f19f-2-10,3,t,2026-04-17 07:34:57.562
75386222-3ec1-42ac-be20-5ad71d66ff27,bbf30bbe-45d5-4dec-b2b3-f903b2d10658,bbf30bbe-45d5-4dec-b2b3-f903b2d10658-2-3,3,t,2026-04-17 07:36:01.741
30a4d6b3-c5bd-4152-97dc-82b3860e259b,f44a21be-caea-4540-9d00-dd02a870f154,f44a21be-caea-4540-9d00-dd02a870f154-2-4,3,t,2026-04-17 07:35:55.298
336beaac-eb1c-43c9-b3b3-0ddc2691f3ea,f9fa9b3a-1fc9-45fc-8ff3-e1cec7157c07,f9fa9b3a-1fc9-45fc-8ff3-e1cec7157c07-2-1,3,t,2026-04-17 07:46:29.017
4551ed56-533c-4eaf-8db1-b3c4db89a3c0,efd20b75-2320-448a-98ef-5dfb9f06429d,efd20b75-2320-448a-98ef-5dfb9f06429d-2-6,3,t,2026-04-17 07:35:38.326
192a3f9c-39b1-40e6-aa4f-df25de25253f,0c2e22f1-ec07-4168-ab77-4d9f7e33ee5c,0c2e22f1-ec07-4168-ab77-4d9f7e33ee5c-2-14,3,t,2026-04-17 07:35:42.27
00b10ba6-67f6-4fc4-af36-4352fad3795a,4a984fc4-beba-48c3-95f1-0c49b4446bee,4a984fc4-beba-48c3-95f1-0c49b4446bee-2-6,3,t,2026-04-17 07:35:41.519
3022604a-07fd-46f6-8185-1933a0b66c5c,275b1411-4cf7-4137-be56-4fe1741fbd49,275b1411-4cf7-4137-be56-4fe1741fbd49-2-8,0,f,2026-04-17 07:35:54.108
6932847d-e02d-4947-b2a2-f42728f1da94,8417893f-8741-4c11-99cf-a7f3f4111358,8417893f-8741-4c11-99cf-a7f3f4111358-2-0,3,t,2026-04-17 07:54:08.804
c07926ed-ba30-4dc5-86b5-f2b18cafbd92,4a984fc4-beba-48c3-95f1-0c49b4446bee,4a984fc4-beba-48c3-95f1-0c49b4446bee-2-8,0,f,2026-04-17 07:37:07.483
9c430bdc-efd9-4447-9b00-50feea21fa92,dafa66ec-d66e-4e78-81c0-18163c4768c9,dafa66ec-d66e-4e78-81c0-18163c4768c9-2-0,0,f,2026-04-17 07:38:06.711
f82d652b-382a-42aa-8130-ed34cdfe0f1b,32690833-59f9-430b-9176-44c118b57904,32690833-59f9-430b-9176-44c118b57904-2-2,0,f,2026-04-17 07:41:47.913
c3b9cb5a-524b-419a-837e-4c6b888c042e,dcc976be-efb6-42e4-8847-7d244359e554,dcc976be-efb6-42e4-8847-7d244359e554-2-2,0,f,2026-04-17 07:42:22.343
e22ee220-8242-42b5-a517-b8a32caeffd4,0d08c860-822b-474a-8ab5-3eba991f5ae4,0d08c860-822b-474a-8ab5-3eba991f5ae4-2-12,3,t,2026-04-17 07:35:49.291
28958075-08c6-403c-8b3b-96b796bb0d57,3426c61d-ecb7-4b7a-9257-4260fc213358,3426c61d-ecb7-4b7a-9257-4260fc213358-2-58,0,f,2026-04-17 07:36:28.232
6599256b-1028-42a4-a2d0-2604fba302b7,ba4fc8de-42f0-49e4-9f0a-1d8fbe4e7c38,ba4fc8de-42f0-49e4-9f0a-1d8fbe4e7c38-2-4,3,t,2026-04-17 07:42:28.84
c2584119-091c-4127-a858-4dc336d53344,e810366e-1e77-47e9-878d-baae7e38ecfa,e810366e-1e77-47e9-878d-baae7e38ecfa-2-6,3,t,2026-04-17 08:59:45.942
374f4a06-238f-4cae-ad08-b1b63a937151,c61c19e1-d60a-4f35-a113-97ee86c81071,c61c19e1-d60a-4f35-a113-97ee86c81071-2-0,3,t,2026-04-17 07:44:34.171
a2deace8-8f3d-4259-9bcb-982651f8b53d,3426c61d-ecb7-4b7a-9257-4260fc213358,3426c61d-ecb7-4b7a-9257-4260fc213358-2-61,6,t,2026-04-17 07:37:24.486
2952af85-c647-443c-8552-2f48bbbc638a,3426c61d-ecb7-4b7a-9257-4260fc213358,3426c61d-ecb7-4b7a-9257-4260fc213358-2-69,8,t,2026-04-17 07:38:21.025
65a98afc-ea95-404b-aa1d-28a7b1f1b1b7,1319181f-6f3c-435a-b43f-0f1c9db34303,1319181f-6f3c-435a-b43f-0f1c9db34303-2-44,0,f,2026-04-17 08:36:31.221
725f7a8a-5de8-4cac-9b7f-674b751faaed,33743ba9-3388-48aa-9d68-4a022f127a6e,33743ba9-3388-48aa-9d68-4a022f127a6e-2-34,0,f,2026-04-17 08:47:00.51
1d75cf81-b829-45a0-8bbc-d45da6703a79,3426c61d-ecb7-4b7a-9257-4260fc213358,3426c61d-ecb7-4b7a-9257-4260fc213358-2-62,7,t,2026-04-17 07:37:29.669
df99c1d6-286a-4eb6-91a8-6d044db93404,37609e0d-8088-41d9-89bb-cdd5b35b65e0,37609e0d-8088-41d9-89bb-cdd5b35b65e0-2-1,3,t,2026-04-17 08:41:07.129
b03fda72-483a-4f66-a6ac-e2c08c18f66e,782f8c98-2ddc-46d2-8d5e-6b2f51d9fdd9,782f8c98-2ddc-46d2-8d5e-6b2f51d9fdd9-2-3,3,t,2026-04-17 07:37:34.741
6b5271a4-076f-4bf1-9608-089bf1bd73cb,3426c61d-ecb7-4b7a-9257-4260fc213358,3426c61d-ecb7-4b7a-9257-4260fc213358-2-70,8,t,2026-04-17 07:38:26.815
65ec461b-24bb-4ed8-9ec0-e4bd8b96b304,1d17fe91-ffce-4ba1-bd26-f4cbc4c03ab5,1d17fe91-ffce-4ba1-bd26-f4cbc4c03ab5-2-6,3,t,2026-04-17 09:04:15.27
3c24ff3e-4cd6-4b3a-b3f7-fc8a5bc01cbd,3426c61d-ecb7-4b7a-9257-4260fc213358,3426c61d-ecb7-4b7a-9257-4260fc213358-2-67,7,t,2026-04-17 07:38:08.321
1cac047f-391e-496c-b4dd-a3df762617dc,7b2fc2f3-7bed-4c31-81a9-2ec17d2a01ed,7b2fc2f3-7bed-4c31-81a9-2ec17d2a01ed-2-1,3,t,2026-04-17 08:44:50.482
d1e8615a-af90-4767-a2ff-2752203ab39f,03c72251-350d-4306-90e8-29fb2e7d9820,03c72251-350d-4306-90e8-29fb2e7d9820-2-6,3,t,2026-04-17 08:46:46.971
9343f4dc-44cd-4ca8-affa-40be924f9469,3426c61d-ecb7-4b7a-9257-4260fc213358,3426c61d-ecb7-4b7a-9257-4260fc213358-2-68,6,t,2026-04-17 07:38:14.134
a4cb0d06-3a77-4e35-b92f-53e71da44adc,22306e0a-2c6b-4d7b-a097-3caa87ead621,22306e0a-2c6b-4d7b-a097-3caa87ead621-2-12,0,f,2026-04-17 08:45:38.178
586dbea1-801e-47d9-9e19-48bb21734a51,3426c61d-ecb7-4b7a-9257-4260fc213358,3426c61d-ecb7-4b7a-9257-4260fc213358-2-71,6,t,2026-04-17 07:38:32.207
0c6647d5-50f5-472c-83dd-a176da5fb243,bbf30bbe-45d5-4dec-b2b3-f903b2d10658,bbf30bbe-45d5-4dec-b2b3-f903b2d10658-2-21,0,f,2026-04-17 07:38:41.205
6bb73c7d-ee2d-4da4-b103-3424dab3183b,e3a08443-dd2c-43bf-894d-e428f9cdb716,e3a08443-dd2c-43bf-894d-e428f9cdb716-2-13,3,t,2026-04-17 08:45:42.782
0277508b-907c-435a-ae39-0bf32014f0af,41de605a-5ab7-4bbb-8c2a-28deb3c57f39,41de605a-5ab7-4bbb-8c2a-28deb3c57f39-2-0,3,t,2026-04-17 07:38:51.552
dcf7589a-136c-49a3-af1d-41a3139a6f7e,275b1411-4cf7-4137-be56-4fe1741fbd49,275b1411-4cf7-4137-be56-4fe1741fbd49-2-10,3,t,2026-04-17 07:39:16.273
597bc506-244d-4722-ba88-ba3891910fa3,f6c99088-8b12-4bb0-a68c-2d2bcb90282b,f6c99088-8b12-4bb0-a68c-2d2bcb90282b-2-0,0,f,2026-04-17 07:40:35.464
8655f2c8-10f3-4240-8763-95ecaf97e062,2b834e56-49d1-4cf2-b41d-df797dd4d34f,2b834e56-49d1-4cf2-b41d-df797dd4d34f-2-16,0,f,2026-04-17 08:47:12.103
a7970855-fb0c-4586-8ebf-17d043919b5f,03c72251-350d-4306-90e8-29fb2e7d9820,03c72251-350d-4306-90e8-29fb2e7d9820-2-4,3,t,2026-04-17 08:46:13.465
4b373ee8-0cba-4af5-ad88-f2698724bace,23224d87-2a2b-4e43-b601-671930d2ad0c,23224d87-2a2b-4e43-b601-671930d2ad0c-2-20,3,t,2026-04-17 08:49:10.087
6523ab7e-e906-4342-bc61-2d98c7c3f0b4,ad2ea128-38e3-4ed1-a9e9-612e79f000bd,ad2ea128-38e3-4ed1-a9e9-612e79f000bd-2-1,3,t,2026-04-17 08:46:53.203
262ffe2a-54a2-46b6-a505-131fd805342d,4f7c2ed7-83a1-4fa7-ac08-c7c3640fd0b2,4f7c2ed7-83a1-4fa7-ac08-c7c3640fd0b2-2-6,3,t,2026-04-17 08:46:59.215
f1ee6eaa-e9cc-4b24-8d80-b75f96b7500f,37609e0d-8088-41d9-89bb-cdd5b35b65e0,37609e0d-8088-41d9-89bb-cdd5b35b65e0-2-4,0,f,2026-04-17 08:50:33.199
33a940a6-3ab2-4bab-ac84-80028649fcd9,976db7d1-71ac-4b46-9871-48fd7f6980dc,976db7d1-71ac-4b46-9871-48fd7f6980dc-2-3,3,t,2026-04-17 08:47:17.846
26140af9-1864-49f3-8b4d-093739f86ed0,e3a08443-dd2c-43bf-894d-e428f9cdb716,e3a08443-dd2c-43bf-894d-e428f9cdb716-2-14,3,t,2026-04-17 08:47:44.497
870fdcc6-8238-4fee-86e5-fb18d8fd7810,996b54c6-df4b-42e0-b36a-0b183de8fa03,996b54c6-df4b-42e0-b36a-0b183de8fa03-2-0,3,t,2026-04-17 08:48:36.76
40714e37-b0f9-45be-805f-44294236f0f2,ad2ea128-38e3-4ed1-a9e9-612e79f000bd,ad2ea128-38e3-4ed1-a9e9-612e79f000bd-2-3,3,t,2026-04-17 08:48:05.242
3c78b3ee-269b-49c7-b075-3b9a9ed86437,853a8dae-65c1-4c3b-aa1a-3d082cc81d82,853a8dae-65c1-4c3b-aa1a-3d082cc81d82-2-0,0,f,2026-04-17 08:48:55.34
6fb719bf-7ce9-402d-af5a-b32e2b117d3e,98797811-22c4-4314-af1c-5f56d9c30599,98797811-22c4-4314-af1c-5f56d9c30599-2-2,3,t,2026-04-17 08:48:12.28
d2121646-81b6-497a-9bff-4e6db73c5cb9,4cf7f052-1d34-4442-9347-3eab9ed2fd67,4cf7f052-1d34-4442-9347-3eab9ed2fd67-2-3,0,f,2026-04-17 08:49:00.583
f468fb48-b575-461c-9639-28965c72b3cd,c909bd23-7897-4dea-8402-2cca7a3df7c6,c909bd23-7897-4dea-8402-2cca7a3df7c6-2-6,3,t,2026-04-17 08:51:31.539
e5ed7644-dafc-493f-9458-b9b77cc3dcc0,038ba9c9-05c2-44a3-9f33-21941d6b13d3,038ba9c9-05c2-44a3-9f33-21941d6b13d3-2-2,3,t,2026-04-17 08:51:25.623
40367ab4-5ce5-45df-a189-84e33f116b3c,a8b4b170-9e9a-4433-a6d9-4d26d1f4d697,a8b4b170-9e9a-4433-a6d9-4d26d1f4d697-2-38,0,f,2026-04-17 08:51:46.672
4e341f11-2c4b-4364-a65c-38f349568002,2157b182-d26f-4929-9ea0-d14b0461db32,2157b182-d26f-4929-9ea0-d14b0461db32-2-33,1,f,2026-04-17 08:52:05.881
eef32ef2-5ed5-48c6-ac4b-8346cd3a73b3,67020039-958b-47ea-92fb-8440e69e788d,67020039-958b-47ea-92fb-8440e69e788d-2-24,3,t,2026-04-17 08:52:30.536
e34a7a9a-6a7b-4b6c-8e41-bfa8f76da7d6,46592f64-4847-4dd0-b9d4-9a8736d9b75e,46592f64-4847-4dd0-b9d4-9a8736d9b75e-2-13,0,f,2026-04-17 08:52:30.512
22e3147b-6b66-4259-9fc3-50c49a796571,bd262987-52d6-4e1f-acf8-f0b78aa44ee9,bd262987-52d6-4e1f-acf8-f0b78aa44ee9-2-5,3,t,2026-04-17 08:53:03.96
5e2d25b7-3069-4edc-ba08-29fb3ccd0ab4,aa79aaac-b075-422b-b9be-a4ba8ac21137,aa79aaac-b075-422b-b9be-a4ba8ac21137-2-6,2,f,2026-04-17 08:52:59.213
6c60ff20-8613-4b70-90d9-0e2605314a69,7e427b2a-9406-4473-a854-547395a4f8df,7e427b2a-9406-4473-a854-547395a4f8df-2-5,0,f,2026-04-17 08:53:12.059
797af526-df42-46a0-8b4a-a09978ff054d,3ca3a7ba-0861-4204-a5e7-3e4de089bce7,3ca3a7ba-0861-4204-a5e7-3e4de089bce7-2-14,3,t,2026-04-17 07:40:56.079
c3421cf3-00e7-40b0-b019-c72efd563b27,3426c61d-ecb7-4b7a-9257-4260fc213358,3426c61d-ecb7-4b7a-9257-4260fc213358-2-65,5,t,2026-04-17 07:37:48.423
c6dbce89-3c11-40fa-9b09-b4f04743391f,3426c61d-ecb7-4b7a-9257-4260fc213358,3426c61d-ecb7-4b7a-9257-4260fc213358-2-59,7,t,2026-04-17 07:37:01.286
7cc69d6d-6757-44e3-abd8-5ec923e373c5,3ca3a7ba-0861-4204-a5e7-3e4de089bce7,3ca3a7ba-0861-4204-a5e7-3e4de089bce7-2-13,3,t,2026-04-17 07:40:07.32
f24fc89f-0abc-4f4c-9e83-fb02f70e0be3,18ebe6f7-fcde-40f7-9e61-acd799d7c61f,18ebe6f7-fcde-40f7-9e61-acd799d7c61f-2-16,3,t,2026-04-17 09:20:29.692
13ed5c15-5f05-4cd2-b09b-093b235f7e1e,3426c61d-ecb7-4b7a-9257-4260fc213358,3426c61d-ecb7-4b7a-9257-4260fc213358-2-66,5,t,2026-04-17 07:37:55.226
c391b362-e0d4-455b-8b5d-0fba0027b1be,3426c61d-ecb7-4b7a-9257-4260fc213358,3426c61d-ecb7-4b7a-9257-4260fc213358-2-60,6,t,2026-04-17 07:37:18.014
f517290d-9074-42e2-b7c0-03d8dfbdc6b8,6b4971ac-7694-4e91-af84-74a9e3d5f19f,6b4971ac-7694-4e91-af84-74a9e3d5f19f-2-11,0,f,2026-04-17 07:37:21.94
0dfa9351-57fd-4467-86b5-86d2c85d5a9b,050493f1-a5d8-4716-bb53-15b0337d6101,050493f1-a5d8-4716-bb53-15b0337d6101-2-6,3,t,2026-04-17 07:37:25.555
a2cbd071-f638-4381-828c-018b1b67eb59,dafa66ec-d66e-4e78-81c0-18163c4768c9,dafa66ec-d66e-4e78-81c0-18163c4768c9-2-1,3,t,2026-04-17 07:37:26.545
b723867e-da52-4f12-9f8d-0394f5ceb9dd,17b4401a-3fb1-49e2-acb4-c9414dd7220b,17b4401a-3fb1-49e2-acb4-c9414dd7220b-2-9,3,t,2026-04-17 07:37:59.482
417b1622-f42d-42e0-8aa4-9e239a45c2d0,4a984fc4-beba-48c3-95f1-0c49b4446bee,4a984fc4-beba-48c3-95f1-0c49b4446bee-2-9,3,t,2026-04-17 07:37:59.783
6cc3ad5b-80f5-4806-a4e5-4e7d235f491b,782f8c98-2ddc-46d2-8d5e-6b2f51d9fdd9,782f8c98-2ddc-46d2-8d5e-6b2f51d9fdd9-2-14,3,t,2026-04-17 07:40:28.482
8b258b0c-2624-4bc0-872f-22cfb925d49e,3426c61d-ecb7-4b7a-9257-4260fc213358,3426c61d-ecb7-4b7a-9257-4260fc213358-2-63,6,t,2026-04-17 07:37:35.212
9ebb8a7b-f7cf-4ca0-9ab5-dc82dc8eefea,3ca3a7ba-0861-4204-a5e7-3e4de089bce7,3ca3a7ba-0861-4204-a5e7-3e4de089bce7-2-10,3,t,2026-04-17 07:38:19.832
cb53ab40-d929-4b9e-b786-74c528222696,0c2e22f1-ec07-4168-ab77-4d9f7e33ee5c,0c2e22f1-ec07-4168-ab77-4d9f7e33ee5c-2-16,3,t,2026-04-17 07:38:44.332
c143164b-efbf-4ed2-a733-c39bbd131f9b,3426c61d-ecb7-4b7a-9257-4260fc213358,3426c61d-ecb7-4b7a-9257-4260fc213358-2-64,7,t,2026-04-17 07:37:43.134
0613cf88-7730-4815-aeab-64f6229e724b,8af9683e-23dc-46d7-be10-1a60f73db618,8af9683e-23dc-46d7-be10-1a60f73db618-2-67,0,f,2026-04-17 07:41:27.922
df835b39-9090-47d4-98cc-dc9222df93f4,0d08c860-822b-474a-8ab5-3eba991f5ae4,0d08c860-822b-474a-8ab5-3eba991f5ae4-2-13,0,f,2026-04-17 07:39:30.727
e8d1835d-9f54-4323-b1d6-e129b6a3fdce,050493f1-a5d8-4716-bb53-15b0337d6101,050493f1-a5d8-4716-bb53-15b0337d6101-2-7,0,f,2026-04-17 07:39:38.83
e6793c17-7ec7-4114-818d-e95768f2eb92,dafa66ec-d66e-4e78-81c0-18163c4768c9,dafa66ec-d66e-4e78-81c0-18163c4768c9-2-2,0,f,2026-04-17 07:39:39.594
06b2bdc8-b571-4c5a-ae23-2fc34cb1eba3,17b4401a-3fb1-49e2-acb4-c9414dd7220b,17b4401a-3fb1-49e2-acb4-c9414dd7220b-2-6,3,t,2026-04-17 07:40:30.518
20a06357-de54-4cd9-b9fa-2226c6a8dfd7,bbf30bbe-45d5-4dec-b2b3-f903b2d10658,bbf30bbe-45d5-4dec-b2b3-f903b2d10658-2-23,0,f,2026-04-17 07:40:30.634
07f7ba3e-dd4b-481c-adcd-c0eac907f59d,dcc976be-efb6-42e4-8847-7d244359e554,dcc976be-efb6-42e4-8847-7d244359e554-2-3,3,t,2026-04-17 07:40:33.847
d616b045-86aa-4efd-b69f-56defc818312,0c2e22f1-ec07-4168-ab77-4d9f7e33ee5c,0c2e22f1-ec07-4168-ab77-4d9f7e33ee5c-2-19,0,f,2026-04-17 07:41:38.76
54a2672f-3b89-4892-8ebf-56ae8bb6d0fb,dafa66ec-d66e-4e78-81c0-18163c4768c9,dafa66ec-d66e-4e78-81c0-18163c4768c9-2-3,3,t,2026-04-17 07:46:09.352
8bb6a77d-183e-418c-ae6f-ed9f69474c6b,f44a21be-caea-4540-9d00-dd02a870f154,f44a21be-caea-4540-9d00-dd02a870f154-2-1,3,t,2026-04-17 07:44:29.961
65b8cf2d-cfc4-42d4-a1ea-8f66d51b2eb2,9b8668b1-041a-4193-94b7-e689aa591474,9b8668b1-041a-4193-94b7-e689aa591474-2-0,3,t,2026-04-17 07:41:41.773
773a58c8-8d1e-454d-aff7-fdeb673eaa58,bbf30bbe-45d5-4dec-b2b3-f903b2d10658,bbf30bbe-45d5-4dec-b2b3-f903b2d10658-2-25,0,f,2026-04-17 07:41:44.277
ad971bb8-ff25-4869-98e6-8e1cac1cd930,4a984fc4-beba-48c3-95f1-0c49b4446bee,4a984fc4-beba-48c3-95f1-0c49b4446bee-2-11,3,t,2026-04-17 07:41:54.011
8c112b1d-d74c-490f-9d79-00654aebcdcf,35fd59c5-bfd2-4154-9ccd-398d0d1cbd2b,35fd59c5-bfd2-4154-9ccd-398d0d1cbd2b-2-6,3,t,2026-04-17 07:43:51.773
9003d529-a585-4b5d-a6ab-7567d3fc917a,6b4971ac-7694-4e91-af84-74a9e3d5f19f,6b4971ac-7694-4e91-af84-74a9e3d5f19f-2-14,3,t,2026-04-17 07:41:54.381
27bf27e7-3fef-4304-bdc2-a1ef217db7cd,efd20b75-2320-448a-98ef-5dfb9f06429d,efd20b75-2320-448a-98ef-5dfb9f06429d-2-10,3,t,2026-04-17 07:42:36.243
52d52787-2ee8-4b97-bc92-aa8327a55cb0,41de605a-5ab7-4bbb-8c2a-28deb3c57f39,41de605a-5ab7-4bbb-8c2a-28deb3c57f39-2-2,3,t,2026-04-17 07:45:03.623
18f34a69-f2e0-4d4a-a32f-4725b5bd6b92,af00367f-7486-494d-9ad6-fc14d12b1be5,af00367f-7486-494d-9ad6-fc14d12b1be5-2-10,3,t,2026-04-17 07:42:32.178
04e2ce35-9b0f-47bc-b804-0837cea62c17,0c2e22f1-ec07-4168-ab77-4d9f7e33ee5c,0c2e22f1-ec07-4168-ab77-4d9f7e33ee5c-2-20,0,f,2026-04-17 07:42:33.6
d2d04fed-b638-4fe9-ac4f-1e6fa07ee04e,17b4401a-3fb1-49e2-acb4-c9414dd7220b,17b4401a-3fb1-49e2-acb4-c9414dd7220b-2-7,3,t,2026-04-17 07:42:59.25
0dd69803-ed13-4b90-b252-2905b12c6971,f6c99088-8b12-4bb0-a68c-2d2bcb90282b,f6c99088-8b12-4bb0-a68c-2d2bcb90282b-2-1,0,f,2026-04-17 07:43:04.087
c8a0bfa7-e5b3-4d70-9ded-7da22bd92f98,9b8668b1-041a-4193-94b7-e689aa591474,9b8668b1-041a-4193-94b7-e689aa591474-2-2,3,t,2026-04-17 07:44:58.225
296f2c69-b517-4b44-afeb-98dff4470b91,3ca3a7ba-0861-4204-a5e7-3e4de089bce7,3ca3a7ba-0861-4204-a5e7-3e4de089bce7-2-20,3,t,2026-04-17 07:43:50.558
4c4a91e1-1e82-41a3-8e23-b24f6648370b,8509b13c-e904-4623-a1cb-239c24e9ec41,8509b13c-e904-4623-a1cb-239c24e9ec41-2-1,3,t,2026-04-17 07:43:52.476
e0246ae0-df8a-441a-ad8d-33474e17857d,0c2e22f1-ec07-4168-ab77-4d9f7e33ee5c,0c2e22f1-ec07-4168-ab77-4d9f7e33ee5c-2-22,0,f,2026-04-17 07:44:00.281
81868d05-58e3-478c-a178-d93ea5273fd9,af00367f-7486-494d-9ad6-fc14d12b1be5,af00367f-7486-494d-9ad6-fc14d12b1be5-2-7,0,f,2026-04-17 07:44:35.266
513cca22-18ef-4e93-abce-df8f1ff12416,ba4fc8de-42f0-49e4-9f0a-1d8fbe4e7c38,ba4fc8de-42f0-49e4-9f0a-1d8fbe4e7c38-2-1,3,t,2026-04-17 07:45:47.182
9d52e1af-d125-40e7-8404-54720444ec72,2462686e-1768-4c60-862f-0134a53e66f1,2462686e-1768-4c60-862f-0134a53e66f1-2-11,3,t,2026-04-17 07:45:09.782
e561c2e2-1a89-4276-a75f-44cd307363f1,6b4971ac-7694-4e91-af84-74a9e3d5f19f,6b4971ac-7694-4e91-af84-74a9e3d5f19f-2-16,3,t,2026-04-17 07:46:15.684
0cf31cb4-1c22-4f01-8dd2-5ccade78919e,9a5dd319-7f52-44e3-a8e5-41dea86e80db,9a5dd319-7f52-44e3-a8e5-41dea86e80db-2-0,3,t,2026-04-17 07:47:24.776
b93fe891-a59f-434c-84fa-7ef591314190,898dbad1-1cdd-4af8-9c02-2bd3e137e931,898dbad1-1cdd-4af8-9c02-2bd3e137e931-2-0,0,f,2026-04-17 08:22:13.248
e77501e9-785b-4245-8943-95f57cbf4bc5,0d08c860-822b-474a-8ab5-3eba991f5ae4,0d08c860-822b-474a-8ab5-3eba991f5ae4-2-14,3,t,2026-04-17 07:44:05.482
39be64bc-f2c5-4dd1-a6ab-60d19ac2c287,41de605a-5ab7-4bbb-8c2a-28deb3c57f39,41de605a-5ab7-4bbb-8c2a-28deb3c57f39-2-4,3,t,2026-04-17 07:46:08.225
94a57fe6-3958-46a3-a721-f2fc50536704,efd20b75-2320-448a-98ef-5dfb9f06429d,efd20b75-2320-448a-98ef-5dfb9f06429d-2-11,3,t,2026-04-17 07:44:09.76
1c8dcc69-c310-46b0-9642-ae151fee352f,bbf30bbe-45d5-4dec-b2b3-f903b2d10658,bbf30bbe-45d5-4dec-b2b3-f903b2d10658-2-5,0,f,2026-04-17 07:44:24.573
e42a5265-246f-4875-a69f-b8d97002ad08,4a984fc4-beba-48c3-95f1-0c49b4446bee,4a984fc4-beba-48c3-95f1-0c49b4446bee-2-143,1,f,2026-04-17 07:44:27.684
b7f54d10-64bf-43f8-8437-057a6de488a7,782f8c98-2ddc-46d2-8d5e-6b2f51d9fdd9,782f8c98-2ddc-46d2-8d5e-6b2f51d9fdd9-2-21,0,f,2026-04-17 07:44:53.914
7836a947-4788-4640-bf98-d26ed8606671,c61c19e1-d60a-4f35-a113-97ee86c81071,c61c19e1-d60a-4f35-a113-97ee86c81071-2-1,3,t,2026-04-17 07:46:12.811
0f152f5c-1934-42ce-b143-20663f265c09,89f21211-eb98-4f18-82ad-3230e9f0ff2b,89f21211-eb98-4f18-82ad-3230e9f0ff2b-2-23,3,t,2026-04-17 07:45:10.411
d9405a50-3985-4490-9f91-fbf6eb007ba0,8af9683e-23dc-46d7-be10-1a60f73db618,8af9683e-23dc-46d7-be10-1a60f73db618-2-74,3,t,2026-04-17 07:45:10.558
ec80dd11-aa0e-4737-a067-e77b669abb2a,0c2e22f1-ec07-4168-ab77-4d9f7e33ee5c,0c2e22f1-ec07-4168-ab77-4d9f7e33ee5c-2-23,0,f,2026-04-17 07:45:13.321
5faa30ce-8d26-49c0-b434-01e3aaa05b6b,e691efa7-d7b7-493d-9a07-64415b0953da,e691efa7-d7b7-493d-9a07-64415b0953da-2-2,0,f,2026-04-17 07:46:35.249
162dd185-6863-455e-bca9-e650500682de,3ca3a7ba-0861-4204-a5e7-3e4de089bce7,3ca3a7ba-0861-4204-a5e7-3e4de089bce7-2-21,3,t,2026-04-17 07:45:29.707
548fa555-7b02-4c88-9223-463d1f5c00de,9b8668b1-041a-4193-94b7-e689aa591474,9b8668b1-041a-4193-94b7-e689aa591474-2-1,0,f,2026-04-17 07:50:36.198
4bb22db0-fb89-4496-bf34-c5aca46a9b10,bbf30bbe-45d5-4dec-b2b3-f903b2d10658,bbf30bbe-45d5-4dec-b2b3-f903b2d10658-2-6,3,t,2026-04-17 07:45:44.093
b7f88099-bf73-404d-a111-6264b34547c9,af00367f-7486-494d-9ad6-fc14d12b1be5,af00367f-7486-494d-9ad6-fc14d12b1be5-2-14,3,t,2026-04-17 07:55:16.087
5e9cc0e9-69bc-40dd-9631-8066367811c4,17b4401a-3fb1-49e2-acb4-c9414dd7220b,17b4401a-3fb1-49e2-acb4-c9414dd7220b-2-15,3,t,2026-04-17 07:45:45.821
743cc58e-ab27-4392-ba2a-723c730919ff,f6c99088-8b12-4bb0-a68c-2d2bcb90282b,f6c99088-8b12-4bb0-a68c-2d2bcb90282b-2-2,0,f,2026-04-17 07:45:47.715
344a5de4-ac8d-4391-b4d0-5bfa726523e8,dafa66ec-d66e-4e78-81c0-18163c4768c9,dafa66ec-d66e-4e78-81c0-18163c4768c9-2-4,3,t,2026-04-17 07:48:32.316
6198c24e-f649-4a2b-a037-fe3e92af6f3d,f44a21be-caea-4540-9d00-dd02a870f154,f44a21be-caea-4540-9d00-dd02a870f154-2-2,3,t,2026-04-17 07:48:02.233
ed9f15d8-92d3-4355-9522-caf2109b6fb2,8af9683e-23dc-46d7-be10-1a60f73db618,8af9683e-23dc-46d7-be10-1a60f73db618-2-84,3,t,2026-04-17 07:47:03.401
4ae2ed7c-2e4a-4cc0-a1e9-8521e867078b,050493f1-a5d8-4716-bb53-15b0337d6101,050493f1-a5d8-4716-bb53-15b0337d6101-2-13,3,t,2026-04-17 07:47:38.117
ee4f0e95-8fb4-44e8-ba28-8e315fe99de8,12f07921-83d4-4029-b9f0-0897b7c4abe9,12f07921-83d4-4029-b9f0-0897b7c4abe9-2-0,3,t,2026-04-17 07:47:05.252
9c9e74c2-0aa5-4b8e-94d7-e6bb1b2b2f4f,c61c19e1-d60a-4f35-a113-97ee86c81071,c61c19e1-d60a-4f35-a113-97ee86c81071-2-2,3,t,2026-04-17 07:48:03.881
af5b21e9-9575-426a-9b0b-82f94b84d0e8,050493f1-a5d8-4716-bb53-15b0337d6101,050493f1-a5d8-4716-bb53-15b0337d6101-2-14,3,t,2026-04-17 07:50:12.795
8761da57-3884-45c8-8409-17d8bad7bdc4,8509b13c-e904-4623-a1cb-239c24e9ec41,8509b13c-e904-4623-a1cb-239c24e9ec41-2-5,3,t,2026-04-17 07:48:05.511
fcb178f0-c18c-4bc1-89d3-b21e0babf38c,3ca3a7ba-0861-4204-a5e7-3e4de089bce7,3ca3a7ba-0861-4204-a5e7-3e4de089bce7-2-23,3,t,2026-04-17 07:47:53.416
c6532644-bebc-4e4c-8c85-b275b5b00fcf,efd20b75-2320-448a-98ef-5dfb9f06429d,efd20b75-2320-448a-98ef-5dfb9f06429d-2-18,3,t,2026-04-17 07:48:36.805
4c5a1fad-d607-4450-8eed-a9423180b722,8af9683e-23dc-46d7-be10-1a60f73db618,8af9683e-23dc-46d7-be10-1a60f73db618-2-102,3,t,2026-04-17 07:48:54.774
17c77b45-455e-4183-8781-03cbdbd27bbc,35fd59c5-bfd2-4154-9ccd-398d0d1cbd2b,35fd59c5-bfd2-4154-9ccd-398d0d1cbd2b-2-9,3,t,2026-04-17 07:48:08.49
709c0755-0670-41b8-80f3-1f7a6779b074,3ca3a7ba-0861-4204-a5e7-3e4de089bce7,3ca3a7ba-0861-4204-a5e7-3e4de089bce7-2-24,0,f,2026-04-17 07:49:00.896
c1462258-0d73-4899-b9ec-9606c0dd564a,9b8668b1-041a-4193-94b7-e689aa591474,9b8668b1-041a-4193-94b7-e689aa591474-2-3,3,t,2026-04-17 07:48:41.034
6b8bc8da-923c-481c-9c12-76ec2abfc913,7e3a8998-e364-4f72-8ea3-b32814dc7a81,7e3a8998-e364-4f72-8ea3-b32814dc7a81-2-1,3,t,2026-04-17 07:48:18.495
6e7f0256-a5ef-4cc9-b09a-4a2265eb3436,6b4971ac-7694-4e91-af84-74a9e3d5f19f,6b4971ac-7694-4e91-af84-74a9e3d5f19f-2-17,0,f,2026-04-17 07:48:45.027
b462fd86-9437-489e-a89d-6b55df3008f9,32690833-59f9-430b-9176-44c118b57904,32690833-59f9-430b-9176-44c118b57904-2-3,3,t,2026-04-17 07:49:04.459
1d714ed3-3096-4bc8-bd5b-eed1ed745bfe,bbf30bbe-45d5-4dec-b2b3-f903b2d10658,bbf30bbe-45d5-4dec-b2b3-f903b2d10658-2-10,3,t,2026-04-17 07:49:57.341
33ffa0d6-7bf7-4a5f-9fda-92e53d203004,8af9683e-23dc-46d7-be10-1a60f73db618,8af9683e-23dc-46d7-be10-1a60f73db618-2-103,3,t,2026-04-17 07:49:34.922
c8b9f0c4-af52-415b-a67b-1d9562606df1,89f21211-eb98-4f18-82ad-3230e9f0ff2b,89f21211-eb98-4f18-82ad-3230e9f0ff2b-2-8,0,f,2026-04-17 07:54:41.969
a30f6127-1181-4511-b684-e1fa4ab57581,8509b13c-e904-4623-a1cb-239c24e9ec41,8509b13c-e904-4623-a1cb-239c24e9ec41-2-2,3,t,2026-04-17 07:49:58.784
680e4e23-81a6-49ba-9f19-46c67b0cfc21,5cd68e5e-40c7-4593-a8e9-9ee89538ccff,5cd68e5e-40c7-4593-a8e9-9ee89538ccff-2-1,3,t,2026-04-17 07:55:29.019
6e3ecd17-4710-43b3-b80f-e6ed6e3907c9,af00367f-7486-494d-9ad6-fc14d12b1be5,af00367f-7486-494d-9ad6-fc14d12b1be5-2-12,3,t,2026-04-17 07:50:08.201
05ac68c3-f811-48ea-8e54-eb3b645269fe,7e3a8998-e364-4f72-8ea3-b32814dc7a81,7e3a8998-e364-4f72-8ea3-b32814dc7a81-2-3,3,t,2026-04-17 07:50:54.188
d364f950-16c3-44fb-9271-66faaf7541ee,12f07921-83d4-4029-b9f0-0897b7c4abe9,12f07921-83d4-4029-b9f0-0897b7c4abe9-2-1,0,f,2026-04-17 07:50:25.405
2daedc7d-dfe7-4dc3-aacd-141b4834121e,f6c99088-8b12-4bb0-a68c-2d2bcb90282b,f6c99088-8b12-4bb0-a68c-2d2bcb90282b-2-5,3,t,2026-04-17 07:51:02.373
3bdaacee-03f4-444e-8ea8-31a1dfc1b283,14c88034-f5c1-4455-8b1a-ccfcffb86a31,14c88034-f5c1-4455-8b1a-ccfcffb86a31-2-1,3,t,2026-04-17 07:55:47.242
18d419c2-c069-41b8-8efe-0dbda7160e73,782f8c98-2ddc-46d2-8d5e-6b2f51d9fdd9,782f8c98-2ddc-46d2-8d5e-6b2f51d9fdd9-2-24,3,t,2026-04-17 07:51:39.314
8528c972-665b-4d04-b50e-51dff71c51d7,41de605a-5ab7-4bbb-8c2a-28deb3c57f39,41de605a-5ab7-4bbb-8c2a-28deb3c57f39-2-6,3,t,2026-04-17 07:53:01.384
78907eac-8527-47be-8bfd-ec3f3d283914,8411cec8-59d6-47e8-b74b-b5523e06d9b2,8411cec8-59d6-47e8-b74b-b5523e06d9b2-2-3,0,f,2026-04-17 07:57:47.981
68899f9d-3576-4044-a767-be6bef955b0d,6c16aba8-4cc7-4d11-8121-3178a8de1659,6c16aba8-4cc7-4d11-8121-3178a8de1659-2-5,3,t,2026-04-17 07:52:13.614
e87935d6-6d72-4711-90e2-16fbee21677a,efd20b75-2320-448a-98ef-5dfb9f06429d,efd20b75-2320-448a-98ef-5dfb9f06429d-2-21,3,t,2026-04-17 07:50:19.838
45c28281-cba3-4fcf-b04f-f62adb7f2043,bbf30bbe-45d5-4dec-b2b3-f903b2d10658,bbf30bbe-45d5-4dec-b2b3-f903b2d10658-2-12,3,t,2026-04-17 07:52:14.536
e0f2329e-1c8e-446e-a96c-0404e9364284,17b4401a-3fb1-49e2-acb4-c9414dd7220b,17b4401a-3fb1-49e2-acb4-c9414dd7220b-2-21,3,t,2026-04-17 07:50:27.596
6fb94390-47f5-4c20-8662-a83ecab152bd,f6c99088-8b12-4bb0-a68c-2d2bcb90282b,f6c99088-8b12-4bb0-a68c-2d2bcb90282b-2-6,3,t,2026-04-17 07:53:54.272
c4977d19-7c46-49b0-b3e6-7fe935beb100,0c2e22f1-ec07-4168-ab77-4d9f7e33ee5c,0c2e22f1-ec07-4168-ab77-4d9f7e33ee5c-2-37,3,t,2026-04-17 07:50:50.914
79000a32-8ecf-41d8-b937-5154a79d94d1,35fd59c5-bfd2-4154-9ccd-398d0d1cbd2b,35fd59c5-bfd2-4154-9ccd-398d0d1cbd2b-2-11,3,t,2026-04-17 07:52:27.99
91c5aa74-ca42-4ffe-9476-165f9cc0e240,3ca3a7ba-0861-4204-a5e7-3e4de089bce7,3ca3a7ba-0861-4204-a5e7-3e4de089bce7-2-25,3,t,2026-04-17 07:51:01.819
a8b98799-f097-4efe-ad98-0b7baad25068,bbf30bbe-45d5-4dec-b2b3-f903b2d10658,bbf30bbe-45d5-4dec-b2b3-f903b2d10658-2-13,3,t,2026-04-17 07:55:34.696
7093d162-9513-4a23-8f2e-53b8f7bc6df8,efd20b75-2320-448a-98ef-5dfb9f06429d,efd20b75-2320-448a-98ef-5dfb9f06429d-2-23,3,t,2026-04-17 07:51:37.984
ae20e098-9c79-442f-8beb-5766f9b638a7,289fc8f4-4e54-45ee-8816-dd99f02cd6bb,289fc8f4-4e54-45ee-8816-dd99f02cd6bb-2-6,3,t,2026-04-17 08:39:49.133
7de57cb9-6055-4c03-8752-c40b665590b9,6b4971ac-7694-4e91-af84-74a9e3d5f19f,6b4971ac-7694-4e91-af84-74a9e3d5f19f-2-20,3,t,2026-04-17 07:51:39.279
9f496df8-7373-4840-853c-8b81b5d4dbcb,32690833-59f9-430b-9176-44c118b57904,32690833-59f9-430b-9176-44c118b57904-2-6,3,t,2026-04-17 07:56:01.104
5f899b68-5eee-4fc5-b0be-86802ef1325a,ee1ddb42-de6a-49f7-aa87-acabfa831b8c,ee1ddb42-de6a-49f7-aa87-acabfa831b8c-2-1,3,t,2026-04-17 07:51:43.743
41e79b0a-3796-4166-a0e1-4887e37766a0,12f07921-83d4-4029-b9f0-0897b7c4abe9,12f07921-83d4-4029-b9f0-0897b7c4abe9-2-5,3,t,2026-04-17 07:54:08.873
0544e066-ae0c-4ca1-9ecf-b4770ec24ae8,c61c19e1-d60a-4f35-a113-97ee86c81071,c61c19e1-d60a-4f35-a113-97ee86c81071-2-3,3,t,2026-04-17 07:52:55.759
317db390-7d17-485e-9db3-29a0b8fff00f,af00367f-7486-494d-9ad6-fc14d12b1be5,af00367f-7486-494d-9ad6-fc14d12b1be5-2-13,3,t,2026-04-17 07:51:59.304
bffdd11e-4721-4c7e-b7db-b7766bdc6e5a,7e3a8998-e364-4f72-8ea3-b32814dc7a81,7e3a8998-e364-4f72-8ea3-b32814dc7a81-2-4,0,f,2026-04-17 07:54:11.195
c336114a-535e-48b2-a6ac-acb3dd984f4d,12f07921-83d4-4029-b9f0-0897b7c4abe9,12f07921-83d4-4029-b9f0-0897b7c4abe9-2-2,3,t,2026-04-17 07:52:59.543
42d7c672-61ac-4124-b679-a8a250ab6699,6b4971ac-7694-4e91-af84-74a9e3d5f19f,6b4971ac-7694-4e91-af84-74a9e3d5f19f-2-21,0,f,2026-04-17 07:53:31.257
ccdac7fb-7f54-4399-9867-e87caad89380,8509b13c-e904-4623-a1cb-239c24e9ec41,8509b13c-e904-4623-a1cb-239c24e9ec41-2-3,3,t,2026-04-17 07:57:03.52
8d5b73fd-f19c-4afb-9707-81702a6e878f,ee1ddb42-de6a-49f7-aa87-acabfa831b8c,ee1ddb42-de6a-49f7-aa87-acabfa831b8c-2-2,3,t,2026-04-17 07:53:41.094
7c0bb805-0c05-44a9-9f39-5b7196cbbe9b,12f07921-83d4-4029-b9f0-0897b7c4abe9,12f07921-83d4-4029-b9f0-0897b7c4abe9-2-22,3,t,2026-04-17 08:36:52.841
ea8555dc-b08c-4408-86bd-a036038ee50b,bbf30bbe-45d5-4dec-b2b3-f903b2d10658,bbf30bbe-45d5-4dec-b2b3-f903b2d10658-2-18,3,t,2026-04-17 07:53:42.908
2bfc4a5d-0653-4300-a07e-b40f0b92a64b,e691efa7-d7b7-493d-9a07-64415b0953da,e691efa7-d7b7-493d-9a07-64415b0953da-2-5,3,t,2026-04-17 07:54:36.958
515b2c1b-e0b9-4099-b535-7a257e2bfaf7,dafa66ec-d66e-4e78-81c0-18163c4768c9,dafa66ec-d66e-4e78-81c0-18163c4768c9-2-5,3,t,2026-04-17 07:57:39.751
3ea782bf-9383-4bdb-924e-977a4de329bb,050493f1-a5d8-4716-bb53-15b0337d6101,050493f1-a5d8-4716-bb53-15b0337d6101-2-21,3,t,2026-04-17 07:54:42.16
635b5f16-2cff-4184-94bc-281146ca36f0,f9fa9b3a-1fc9-45fc-8ff3-e1cec7157c07,f9fa9b3a-1fc9-45fc-8ff3-e1cec7157c07-2-2,3,t,2026-04-17 08:05:46.239
ad620289-d155-4b6f-823f-c2f1f1f058f2,6c16aba8-4cc7-4d11-8121-3178a8de1659,6c16aba8-4cc7-4d11-8121-3178a8de1659-2-6,3,t,2026-04-17 07:54:54.151
14002627-0789-44ef-9ab9-8ce5c99555bd,1e4d7928-481a-4e8d-ad61-a9ffbbaa5374,1e4d7928-481a-4e8d-ad61-a9ffbbaa5374-2-3,3,t,2026-04-17 08:36:59.68
64fc0447-901a-45bc-afee-b60e4cccdb4a,70cc4a4d-99eb-4423-8c03-9ed6f07ac880,70cc4a4d-99eb-4423-8c03-9ed6f07ac880-2-37,3,t,2026-04-17 08:37:03.981
5abf5e02-8ac7-4054-b38b-3f183a9c47b2,33743ba9-3388-48aa-9d68-4a022f127a6e,33743ba9-3388-48aa-9d68-4a022f127a6e-2-13,0,f,2026-04-17 08:37:07.145
c324d5e4-cd5f-4e05-befe-96a6ff263ced,b36faffd-430e-4c0c-ac9a-4dba748e85a8,b36faffd-430e-4c0c-ac9a-4dba748e85a8-2-0,3,t,2026-04-17 08:38:58.419
dd2c7d92-be3a-44a2-9382-e967409cbd51,4f7c2ed7-83a1-4fa7-ac08-c7c3640fd0b2,4f7c2ed7-83a1-4fa7-ac08-c7c3640fd0b2-2-1,3,t,2026-04-17 08:37:10.799
f36e702c-7f33-4d0a-9ab1-54b5a69e198e,9a9af92a-7c5d-49ec-953f-9f230f9c3bc5,9a9af92a-7c5d-49ec-953f-9f230f9c3bc5-2-10,3,t,2026-04-17 08:37:52.693
e8e925e8-b0a6-471d-9a4b-6e9d167aa7c4,4d064b59-db6f-4c00-a7bd-dd47165afed8,4d064b59-db6f-4c00-a7bd-dd47165afed8-2-4,0,f,2026-04-17 08:40:26.497
3a655202-8fee-4632-9153-a2df7551ebef,36ee50db-b493-43dc-b9d7-51cc4f4916e0,36ee50db-b493-43dc-b9d7-51cc4f4916e0-2-6,3,t,2026-04-17 08:39:46.806
fb892f47-0153-44b0-a37b-8d1115cf003e,b4b098bd-438e-49a9-ad66-57cfc51fd272,b4b098bd-438e-49a9-ad66-57cfc51fd272-2-6,3,t,2026-04-17 08:38:55.418
dabe1cd6-6e25-4913-a81f-d298044c286b,1d17fe91-ffce-4ba1-bd26-f4cbc4c03ab5,1d17fe91-ffce-4ba1-bd26-f4cbc4c03ab5-2-1,3,t,2026-04-17 08:41:07.577
b0f5e8be-f73d-4392-8bd8-5fc1e697db05,116fbde3-d81a-4d0a-a537-39fa3a78dffd,116fbde3-d81a-4d0a-a537-39fa3a78dffd-2-5,3,t,2026-04-17 08:39:09.983
5eac4db0-f17b-4f5f-abbd-97d8c20b3fa0,99591e75-8017-4d97-aa79-183d057cde08,99591e75-8017-4d97-aa79-183d057cde08-2-70,3,t,2026-04-17 08:45:00.33
2a076a46-ff87-4011-9944-28080af6e098,f7e88f42-b0d4-4999-8a5c-e50064ed0ee5,f7e88f42-b0d4-4999-8a5c-e50064ed0ee5-2-1,3,t,2026-04-17 08:44:56.298
ecc1694c-0009-4bfc-9e5a-7d455de6764e,3ab607f7-a0dc-4fe7-9962-162700c52251,3ab607f7-a0dc-4fe7-9962-162700c52251-2-0,3,t,2026-04-17 08:45:09.703
49819f1e-6cf6-453f-b9c4-ec46b0ac4144,9651adcc-6e22-42a6-b506-4924d2dbf61b,9651adcc-6e22-42a6-b506-4924d2dbf61b-2-6,3,t,2026-04-17 08:45:17.135
3b79faf8-2fcd-4176-a883-122d4bdd454d,2d6b6626-038e-45ac-b337-005acf831731,2d6b6626-038e-45ac-b337-005acf831731-2-7,3,t,2026-04-17 08:46:15.598
90806712-dd7c-4e3e-8c24-4f08f18aecfd,1d7d8a6d-b644-489f-8c94-3b8fe34d9c9a,1d7d8a6d-b644-489f-8c94-3b8fe34d9c9a-2-10,3,t,2026-04-17 08:46:03.901
5d4352af-a1d5-44e5-bb13-a9e376690164,0f87f5ca-90be-407a-a6fe-4bdea6c80f5a,0f87f5ca-90be-407a-a6fe-4bdea6c80f5a-2-6,4,t,2026-04-17 08:47:41.556
9b29358e-6642-4a90-9d56-72f23b09a1c4,7e3a8998-e364-4f72-8ea3-b32814dc7a81,7e3a8998-e364-4f72-8ea3-b32814dc7a81-2-6,3,t,2026-04-17 07:57:04.289
9c2d15ad-62db-4e18-9d9f-a020f10836b3,6b4971ac-7694-4e91-af84-74a9e3d5f19f,6b4971ac-7694-4e91-af84-74a9e3d5f19f-2-22,3,t,2026-04-17 07:53:47.788
5437a161-a4e8-4dfc-bc1a-8a002c491d56,41de605a-5ab7-4bbb-8c2a-28deb3c57f39,41de605a-5ab7-4bbb-8c2a-28deb3c57f39-2-7,3,t,2026-04-17 07:54:04.948
585919c9-c7b3-4fae-b4c0-552ef09de028,41de605a-5ab7-4bbb-8c2a-28deb3c57f39,41de605a-5ab7-4bbb-8c2a-28deb3c57f39-2-5,1,f,2026-04-17 07:54:24.661
547f9700-22b2-4bad-bd0a-f23347742b60,c61c19e1-d60a-4f35-a113-97ee86c81071,c61c19e1-d60a-4f35-a113-97ee86c81071-2-5,3,t,2026-04-17 08:00:15.745
06e6c64d-902e-4af4-b721-f0e8c673fbd6,ee1ddb42-de6a-49f7-aa87-acabfa831b8c,ee1ddb42-de6a-49f7-aa87-acabfa831b8c-2-5,3,t,2026-04-17 07:57:19.415
5976abf9-74e3-419c-ba8d-ccc013d077ca,efd20b75-2320-448a-98ef-5dfb9f06429d,efd20b75-2320-448a-98ef-5dfb9f06429d-2-24,3,t,2026-04-17 07:55:39.854
ea86e9a6-ef5f-485b-bcec-c652cce5fb8d,ba4fc8de-42f0-49e4-9f0a-1d8fbe4e7c38,ba4fc8de-42f0-49e4-9f0a-1d8fbe4e7c38-2-6,3,t,2026-04-17 07:58:49.214
e40df43d-67e2-4f68-9f2a-9dd1322a92a6,17b4401a-3fb1-49e2-acb4-c9414dd7220b,17b4401a-3fb1-49e2-acb4-c9414dd7220b-2-20,3,t,2026-04-17 07:55:41.611
c14038be-03de-451f-a946-8c693d045342,9b8668b1-041a-4193-94b7-e689aa591474,9b8668b1-041a-4193-94b7-e689aa591474-2-6,3,t,2026-04-17 07:55:59.131
3ccd7625-5b99-4038-99cc-fecba6f80254,bbf30bbe-45d5-4dec-b2b3-f903b2d10658,bbf30bbe-45d5-4dec-b2b3-f903b2d10658-2-16,3,t,2026-04-17 07:58:06.605
7bcb4350-9a5f-41d6-8b92-e06410003a0a,c61c19e1-d60a-4f35-a113-97ee86c81071,c61c19e1-d60a-4f35-a113-97ee86c81071-2-4,0,f,2026-04-17 07:56:19.44
c9a91ba2-0d48-4056-a38f-f00a33d3e88d,12f07921-83d4-4029-b9f0-0897b7c4abe9,12f07921-83d4-4029-b9f0-0897b7c4abe9-2-6,3,t,2026-04-17 07:56:31.339
ffe86409-c989-44c8-9779-e682cfcba84e,35fd59c5-bfd2-4154-9ccd-398d0d1cbd2b,35fd59c5-bfd2-4154-9ccd-398d0d1cbd2b-2-13,3,t,2026-04-17 07:56:33.02
8d3151a1-23f2-408a-a39e-50ee0d68dee3,6b4971ac-7694-4e91-af84-74a9e3d5f19f,6b4971ac-7694-4e91-af84-74a9e3d5f19f-2-24,0,f,2026-04-17 07:56:48.774
1cf0f440-0b16-4ad4-bd82-cc4f253ea054,050493f1-a5d8-4716-bb53-15b0337d6101,050493f1-a5d8-4716-bb53-15b0337d6101-2-26,0,f,2026-04-17 07:57:40.315
ebfba92f-cbf8-400e-b64d-4c59618347de,0c2e22f1-ec07-4168-ab77-4d9f7e33ee5c,0c2e22f1-ec07-4168-ab77-4d9f7e33ee5c-2-55,0,f,2026-04-17 07:57:45.36
81b4ceeb-f9c5-4954-acdb-3ad607228e3e,6b4971ac-7694-4e91-af84-74a9e3d5f19f,6b4971ac-7694-4e91-af84-74a9e3d5f19f-2-25,0,f,2026-04-17 07:57:52.585
8050d095-fd59-49f2-a947-93c8f34d9178,24eac769-6cb5-45be-a147-81584b0c3661,24eac769-6cb5-45be-a147-81584b0c3661-2-2,3,t,2026-04-17 08:07:23.889
e7fd6225-4480-4d5c-a2c1-acec774c6b73,9b8668b1-041a-4193-94b7-e689aa591474,9b8668b1-041a-4193-94b7-e689aa591474-2-4,3,t,2026-04-17 07:58:18.165
066baf9b-fdc8-4613-ae6e-f92d6ec367f4,32690833-59f9-430b-9176-44c118b57904,32690833-59f9-430b-9176-44c118b57904-2-8,3,t,2026-04-17 07:57:55.941
84031473-b13c-40fe-ae09-03e098631f73,24eac769-6cb5-45be-a147-81584b0c3661,24eac769-6cb5-45be-a147-81584b0c3661-2-1,3,t,2026-04-17 07:57:56.167
0b0f5348-7599-4a4c-b276-f4d54f8aad26,89f21211-eb98-4f18-82ad-3230e9f0ff2b,89f21211-eb98-4f18-82ad-3230e9f0ff2b-2-13,3,t,2026-04-17 07:57:58.055
3bcb12f5-6c81-4df0-be72-3197c9473284,9a5dd319-7f52-44e3-a8e5-41dea86e80db,9a5dd319-7f52-44e3-a8e5-41dea86e80db-2-1,3,t,2026-04-17 07:59:08.94
590fe4a2-85db-400a-bb0a-57e088ec5172,8417893f-8741-4c11-99cf-a7f3f4111358,8417893f-8741-4c11-99cf-a7f3f4111358-2-1,3,t,2026-04-17 07:58:27.368
9a5a34a3-24e6-4349-9357-92d91fe5f201,782f8c98-2ddc-46d2-8d5e-6b2f51d9fdd9,782f8c98-2ddc-46d2-8d5e-6b2f51d9fdd9-2-38,0,f,2026-04-17 07:58:27.986
4bb5a9ea-961c-4441-9194-6d197431cd38,0d08c860-822b-474a-8ab5-3eba991f5ae4,0d08c860-822b-474a-8ab5-3eba991f5ae4-2-20,3,t,2026-04-17 07:58:40.821
d695db6c-9652-43ab-989c-35487c2157f4,782f8c98-2ddc-46d2-8d5e-6b2f51d9fdd9,782f8c98-2ddc-46d2-8d5e-6b2f51d9fdd9-2-39,3,t,2026-04-17 07:59:05.213
2fc9d2a0-c04e-473b-91cb-9d5d40c4b625,6b4971ac-7694-4e91-af84-74a9e3d5f19f,6b4971ac-7694-4e91-af84-74a9e3d5f19f-2-26,0,f,2026-04-17 07:59:06.803
29708d7f-2483-4d13-9f1a-2d34672a8058,6c16aba8-4cc7-4d11-8121-3178a8de1659,6c16aba8-4cc7-4d11-8121-3178a8de1659-2-7,0,f,2026-04-17 07:59:25.497
088d0acc-b4c4-4767-8aec-2812eb2907ba,35fd59c5-bfd2-4154-9ccd-398d0d1cbd2b,35fd59c5-bfd2-4154-9ccd-398d0d1cbd2b-2-17,0,f,2026-04-17 07:59:26.225
af665cf0-7123-4a94-a1aa-8009d76557f7,af00367f-7486-494d-9ad6-fc14d12b1be5,af00367f-7486-494d-9ad6-fc14d12b1be5-2-16,3,t,2026-04-17 07:59:32.998
f151dfa5-e6af-4aec-a73a-6d448119286b,7e3a8998-e364-4f72-8ea3-b32814dc7a81,7e3a8998-e364-4f72-8ea3-b32814dc7a81-2-8,0,f,2026-04-17 08:00:14.792
fb0f4c6a-086e-406e-aa8e-e613976b6d65,06e481bf-ddf2-4c37-a992-b0442fe3a25a,06e481bf-ddf2-4c37-a992-b0442fe3a25a-2-0,0,f,2026-04-17 08:00:15.064
67dc92bf-a81a-4384-9c0e-56546b95ed15,41de605a-5ab7-4bbb-8c2a-28deb3c57f39,41de605a-5ab7-4bbb-8c2a-28deb3c57f39-2-11,3,t,2026-04-17 08:00:28.375
e23a0d4f-bd8d-4eb5-85ab-083968769647,e691efa7-d7b7-493d-9a07-64415b0953da,e691efa7-d7b7-493d-9a07-64415b0953da-2-6,3,t,2026-04-17 08:00:18.92
6c4b55ec-677a-4a6f-bbb3-a987865c95b4,06e481bf-ddf2-4c37-a992-b0442fe3a25a,06e481bf-ddf2-4c37-a992-b0442fe3a25a-2-1,3,t,2026-04-17 08:01:54.555
d00ea8bc-f91b-4be6-a7a9-8bf79cf53330,ee1ddb42-de6a-49f7-aa87-acabfa831b8c,ee1ddb42-de6a-49f7-aa87-acabfa831b8c-2-4,3,t,2026-04-17 08:01:44.674
c06d2342-a9c2-4cff-8c07-a9b899b5fbda,17b4401a-3fb1-49e2-acb4-c9414dd7220b,17b4401a-3fb1-49e2-acb4-c9414dd7220b-2-36,0,f,2026-04-17 08:00:28.059
19b038ea-7539-42c2-86ad-a5663e55a814,bbf30bbe-45d5-4dec-b2b3-f903b2d10658,bbf30bbe-45d5-4dec-b2b3-f903b2d10658-2-27,0,f,2026-04-17 08:00:30.424
f9fca9c7-1686-4f2f-980c-b52158bba4a6,b66ee3c7-3a78-4687-9886-df1e51a8a5b3,b66ee3c7-3a78-4687-9886-df1e51a8a5b3-2-0,3,t,2026-04-17 08:00:38.778
38034fe6-6849-46be-b88c-dfeb4d463b9d,483834b8-4dd8-48f3-b7e1-c4de54c5079a,483834b8-4dd8-48f3-b7e1-c4de54c5079a-2-0,0,f,2026-04-17 08:00:41.607
a425a154-f8eb-47b2-b2fd-0f0e8de7dc0f,14c88034-f5c1-4455-8b1a-ccfcffb86a31,14c88034-f5c1-4455-8b1a-ccfcffb86a31-2-2,3,t,2026-04-17 08:07:05.748
fef04137-57de-4d1a-aa7d-86893e3a567c,5cd68e5e-40c7-4593-a8e9-9ee89538ccff,5cd68e5e-40c7-4593-a8e9-9ee89538ccff-2-2,3,t,2026-04-17 08:05:50.628
5ab946fa-1fc5-4db5-b179-5add5a1d090e,dcc976be-efb6-42e4-8847-7d244359e554,dcc976be-efb6-42e4-8847-7d244359e554-2-16,0,f,2026-04-17 08:01:58.245
97522480-1b27-456c-8bb5-38ebfca325b8,41de605a-5ab7-4bbb-8c2a-28deb3c57f39,41de605a-5ab7-4bbb-8c2a-28deb3c57f39-2-10,3,t,2026-04-17 08:02:35.631
c668534b-23be-4e1f-8547-9febf5f99e00,dafa66ec-d66e-4e78-81c0-18163c4768c9,dafa66ec-d66e-4e78-81c0-18163c4768c9-2-6,3,t,2026-04-17 08:03:39.634
6a800195-acb0-42fd-97b5-d2bb39da25f0,9b8668b1-041a-4193-94b7-e689aa591474,9b8668b1-041a-4193-94b7-e689aa591474-2-5,3,t,2026-04-17 08:01:07.421
5872ccee-624c-442b-ba4b-4618dcc084cd,6b4971ac-7694-4e91-af84-74a9e3d5f19f,6b4971ac-7694-4e91-af84-74a9e3d5f19f-2-32,0,f,2026-04-17 08:01:14.997
317e9d09-435a-411a-9bbc-19405e2ccf57,8509b13c-e904-4623-a1cb-239c24e9ec41,8509b13c-e904-4623-a1cb-239c24e9ec41-2-6,3,t,2026-04-17 08:01:30.985
2c38a8aa-1c3f-4686-b720-0dc7345df873,f44a21be-caea-4540-9d00-dd02a870f154,f44a21be-caea-4540-9d00-dd02a870f154-2-3,3,t,2026-04-17 08:01:46.053
36c345b5-793c-40b3-8721-bab76bc15c15,89f21211-eb98-4f18-82ad-3230e9f0ff2b,89f21211-eb98-4f18-82ad-3230e9f0ff2b-2-26,0,f,2026-04-17 08:01:52.485
f9756e4a-01bd-453e-a918-6b4c893947c5,33a61d52-3347-4686-871d-f0eee1598765,33a61d52-3347-4686-871d-f0eee1598765-2-0,0,f,2026-04-17 08:01:54.437
9344447a-4091-4014-88eb-1eed81bdf652,8417893f-8741-4c11-99cf-a7f3f4111358,8417893f-8741-4c11-99cf-a7f3f4111358-2-2,3,t,2026-04-17 08:02:16.929
ed847039-0543-43b3-b5dc-f120291f77a5,aa79aaac-b075-422b-b9be-a4ba8ac21137,aa79aaac-b075-422b-b9be-a4ba8ac21137-2-2,1,f,2026-04-17 08:45:32.129
93b71562-ba4d-45c3-84c4-0d561cde3ba5,7b350d11-7774-4d4f-9b2d-3721b7c4c72d,7b350d11-7774-4d4f-9b2d-3721b7c4c72d-2-0,3,t,2026-04-17 08:54:37.878
e51ccc30-7d7f-41df-98bc-b4c0caa2e4ae,bbf30bbe-45d5-4dec-b2b3-f903b2d10658,bbf30bbe-45d5-4dec-b2b3-f903b2d10658-2-33,3,t,2026-04-17 08:03:20.643
8690ea6a-b7b5-4e63-8025-2b66d81152c8,e691efa7-d7b7-493d-9a07-64415b0953da,e691efa7-d7b7-493d-9a07-64415b0953da-2-7,0,f,2026-04-17 08:04:24.452
05c08d48-c24f-401a-a79e-3945baa1ff77,cfcb0c94-546d-4aea-b51f-6523e622e10f,cfcb0c94-546d-4aea-b51f-6523e622e10f-2-4,3,t,2026-04-17 08:36:58.139
bc460345-8d79-403e-b1ed-466dfd126876,1319181f-6f3c-435a-b43f-0f1c9db34303,1319181f-6f3c-435a-b43f-0f1c9db34303-2-3,3,t,2026-04-17 08:04:26.776
687dc5a9-5bac-46fe-a1fa-4df76aa9de3a,483834b8-4dd8-48f3-b7e1-c4de54c5079a,483834b8-4dd8-48f3-b7e1-c4de54c5079a-2-1,0,f,2026-04-17 08:08:56.925
95627e74-991d-4ea4-b4f1-d335307e45e8,8509b13c-e904-4623-a1cb-239c24e9ec41,8509b13c-e904-4623-a1cb-239c24e9ec41-2-7,0,f,2026-04-17 08:09:18.398
64053f60-0a04-441c-bc09-725151deaa2e,5ca8cf18-027c-47da-a94d-85108ccc3503,5ca8cf18-027c-47da-a94d-85108ccc3503-2-4,3,t,2026-04-17 08:37:11.488
af2004ec-e6f4-4d2b-bba9-18d45ab73925,e810366e-1e77-47e9-878d-baae7e38ecfa,e810366e-1e77-47e9-878d-baae7e38ecfa-2-5,3,t,2026-04-17 08:37:38.417
629d2cc3-23bb-4f50-9162-869863a21ed1,fad6dba6-af87-465e-b625-c5818010936b,fad6dba6-af87-465e-b625-c5818010936b-2-3,3,t,2026-04-17 08:37:23.46
223242cb-93c7-4ba8-b781-22fcc82a0b4c,67020039-958b-47ea-92fb-8440e69e788d,67020039-958b-47ea-92fb-8440e69e788d-2-16,3,t,2026-04-17 08:38:20.773
3fa9cddb-7d74-49c9-94ce-ab2b3b4ad289,b8ebf3ec-b6c7-4648-a49a-af83302cab8c,b8ebf3ec-b6c7-4648-a49a-af83302cab8c-2-28,0,f,2026-04-17 08:37:38.986
71c73847-eb97-42e4-8862-920647d1234e,5efac7b6-2605-4f18-9a35-2a71e7d6bdc0,5efac7b6-2605-4f18-9a35-2a71e7d6bdc0-2-13,3,t,2026-04-17 08:39:39.798
aefef364-5c66-4ab0-847d-fb12db6d9a76,69755a35-d3e1-4d6d-b090-a4075401f6be,69755a35-d3e1-4d6d-b090-a4075401f6be-2-6,3,t,2026-04-17 08:37:51.21
849cf138-a039-4841-af15-00151c18c0ad,1319181f-6f3c-435a-b43f-0f1c9db34303,1319181f-6f3c-435a-b43f-0f1c9db34303-2-47,6,t,2026-04-17 08:37:31.356
5a59261e-1c09-47f0-94cb-349ec85c139a,1e4d7928-481a-4e8d-ad61-a9ffbbaa5374,1e4d7928-481a-4e8d-ad61-a9ffbbaa5374-2-11,0,f,2026-04-17 09:05:43.667
0080dcba-abd2-42ba-a1f4-7060baac25b7,03c72251-350d-4306-90e8-29fb2e7d9820,03c72251-350d-4306-90e8-29fb2e7d9820-2-5,3,t,2026-04-17 08:46:56.416
3ab6f5c0-a971-4ca9-9bf6-92f4f32a74de,24eac769-6cb5-45be-a147-81584b0c3661,24eac769-6cb5-45be-a147-81584b0c3661-2-36,2,f,2026-04-17 08:38:00.117
57ca64d1-9353-4152-905c-e9ca5076c7fe,22306e0a-2c6b-4d7b-a097-3caa87ead621,22306e0a-2c6b-4d7b-a097-3caa87ead621-2-10,3,t,2026-04-17 08:39:46.974
e24b596e-f6b4-4076-9d54-8c547f7d7191,46592f64-4847-4dd0-b9d4-9a8736d9b75e,46592f64-4847-4dd0-b9d4-9a8736d9b75e-2-6,3,t,2026-04-17 08:38:05.871
bd0c724a-9aa1-4fdf-a5bc-20e71f6c53bb,663a5248-8bbc-45e7-8507-40b07a25cdbb,663a5248-8bbc-45e7-8507-40b07a25cdbb-2-10,2,f,2026-04-17 08:46:09.182
b2d56e14-a7c2-49e5-a421-11724ff4113d,1d7d8a6d-b644-489f-8c94-3b8fe34d9c9a,1d7d8a6d-b644-489f-8c94-3b8fe34d9c9a-2-3,3,t,2026-04-17 08:38:52.956
1212afc5-5717-4e8b-a850-cacdd78cadbe,359f8bb4-be81-4ca6-97ff-580bc13be414,359f8bb4-be81-4ca6-97ff-580bc13be414-2-6,3,t,2026-04-17 08:40:43.751
affbb318-e4d4-4bcb-b3d3-e9ab0b8024f3,cfcb0c94-546d-4aea-b51f-6523e622e10f,cfcb0c94-546d-4aea-b51f-6523e622e10f-2-10,3,t,2026-04-17 08:46:38.326
5f38b38a-bf4a-4b71-b0d8-391efd2b7c61,a093824f-0569-46ef-9823-4bbccdd6aa41,a093824f-0569-46ef-9823-4bbccdd6aa41-2-4,3,t,2026-04-17 08:39:09.655
397658b2-3de2-459d-81ab-9173347e3809,a8b4b170-9e9a-4433-a6d9-4d26d1f4d697,a8b4b170-9e9a-4433-a6d9-4d26d1f4d697-2-23,0,f,2026-04-17 08:39:14.136
745e3ac8-7c73-4a60-a2b3-e8ad7ae1add8,69755a35-d3e1-4d6d-b090-a4075401f6be,69755a35-d3e1-4d6d-b090-a4075401f6be-2-5,0,f,2026-04-17 08:39:19.713
1e7597e0-fe63-44df-8f31-4f5203aaaf84,663a5248-8bbc-45e7-8507-40b07a25cdbb,663a5248-8bbc-45e7-8507-40b07a25cdbb-2-6,3,t,2026-04-17 08:43:15.664
92169b59-f924-4173-91d9-66285c5bb905,ae512a82-7989-4fb2-87f7-abece7160322,ae512a82-7989-4fb2-87f7-abece7160322-2-3,2,f,2026-04-17 08:46:56.765
165c6ecc-cedd-4546-bf48-4c40120559f6,5c4e6825-9393-45a5-82f2-bbfa1789b3c1,5c4e6825-9393-45a5-82f2-bbfa1789b3c1-2-8,0,f,2026-04-17 08:47:18.253
52c79dfe-6248-4e2f-9ac8-e7b50b908a0e,86cf59e4-e80e-41c6-9b0e-7c0b184ab0fc,86cf59e4-e80e-41c6-9b0e-7c0b184ab0fc-2-6,3,t,2026-04-17 08:47:39.816
74502592-8f0f-4363-872a-7fd68b28bb95,36ee50db-b493-43dc-b9d7-51cc4f4916e0,36ee50db-b493-43dc-b9d7-51cc4f4916e0-2-9,3,t,2026-04-17 08:47:21.891
efe80161-2bf4-4696-b355-373276215b3f,a276db23-8b57-4fb8-bc06-59bbf14f7100,a276db23-8b57-4fb8-bc06-59bbf14f7100-2-9,3,t,2026-04-17 08:48:13.813
a3686d99-5657-4bb9-85ff-1511f836c6b4,a093824f-0569-46ef-9823-4bbccdd6aa41,a093824f-0569-46ef-9823-4bbccdd6aa41-2-8,3,t,2026-04-17 08:48:52.544
116692ca-52a3-4239-b057-1a5d8d15979b,33a61d52-3347-4686-871d-f0eee1598765,33a61d52-3347-4686-871d-f0eee1598765-2-20,0,f,2026-04-17 08:48:04.808
776cc2cb-1fbc-4a8b-a85c-74caade94b9d,5f297ad6-4f5c-4a11-b0c4-ff94caaa89bf,5f297ad6-4f5c-4a11-b0c4-ff94caaa89bf-2-0,2,f,2026-04-17 08:48:57.074
02cf17f9-11bc-468b-a7d2-1f13d1011335,cfcb0c94-546d-4aea-b51f-6523e622e10f,cfcb0c94-546d-4aea-b51f-6523e622e10f-2-5,0,f,2026-04-17 09:02:35.924
406d26e2-ba43-4ace-a457-2cbdf0e916db,b36faffd-430e-4c0c-ac9a-4dba748e85a8,b36faffd-430e-4c0c-ac9a-4dba748e85a8-2-2,3,t,2026-04-17 08:59:10.498
26351e53-9552-4fef-903c-3074996eab70,e691efa7-d7b7-493d-9a07-64415b0953da,e691efa7-d7b7-493d-9a07-64415b0953da-2-29,0,f,2026-04-17 09:16:25.169
1ff6b0c1-e305-4a43-9e72-e3fcce340805,c152cba1-4efe-43be-b5e5-27d69079d29e,c152cba1-4efe-43be-b5e5-27d69079d29e-2-1,0,f,2026-04-17 08:25:04.652
537fc1f6-3b23-4c84-86f5-732d36a47535,17b4401a-3fb1-49e2-acb4-c9414dd7220b,17b4401a-3fb1-49e2-acb4-c9414dd7220b-2-38,3,t,2026-04-17 08:01:22.864
4e766462-ae29-4bff-bce9-099ad4890b81,32690833-59f9-430b-9176-44c118b57904,32690833-59f9-430b-9176-44c118b57904-2-12,3,t,2026-04-17 08:05:39.905
80f8476c-e34b-4fb5-8e71-63f7ca5c3fe3,c61c19e1-d60a-4f35-a113-97ee86c81071,c61c19e1-d60a-4f35-a113-97ee86c81071-2-6,3,t,2026-04-17 08:04:15.687
bf18db05-83a7-40d1-91ab-4bd2190350cd,f44a21be-caea-4540-9d00-dd02a870f154,f44a21be-caea-4540-9d00-dd02a870f154-2-5,3,t,2026-04-17 08:05:01.806
fd72fd4f-8ee1-471d-9e98-51e59931d45a,275b1411-4cf7-4137-be56-4fe1741fbd49,275b1411-4cf7-4137-be56-4fe1741fbd49-2-18,3,t,2026-04-17 08:02:41.018
48caa076-a188-472a-8006-ba53ccd385ec,af00367f-7486-494d-9ad6-fc14d12b1be5,af00367f-7486-494d-9ad6-fc14d12b1be5-2-20,3,t,2026-04-17 08:04:16.644
656294f5-721c-41cd-8bc9-dda553f72ff8,f6c99088-8b12-4bb0-a68c-2d2bcb90282b,f6c99088-8b12-4bb0-a68c-2d2bcb90282b-2-13,3,t,2026-04-17 08:02:42.618
273f5269-fea5-4513-9668-2b90053ef7b1,275b1411-4cf7-4137-be56-4fe1741fbd49,275b1411-4cf7-4137-be56-4fe1741fbd49-2-25,0,f,2026-04-17 08:05:03.859
6f430437-c4c9-4abf-88c0-fca72e1cba7e,275b1411-4cf7-4137-be56-4fe1741fbd49,275b1411-4cf7-4137-be56-4fe1741fbd49-2-27,0,f,2026-04-17 08:06:28.675
23bdf8c5-88c6-4e4b-bdaa-b23ea766c26b,35fd59c5-bfd2-4154-9ccd-398d0d1cbd2b,35fd59c5-bfd2-4154-9ccd-398d0d1cbd2b-2-20,3,t,2026-04-17 08:03:00.932
fc388bbc-ae5d-4258-b327-9e9911d81095,33a61d52-3347-4686-871d-f0eee1598765,33a61d52-3347-4686-871d-f0eee1598765-2-1,3,t,2026-04-17 08:04:18.488
a292747c-b3b6-44b3-abbf-2eb7ac1bf4df,32690833-59f9-430b-9176-44c118b57904,32690833-59f9-430b-9176-44c118b57904-2-10,3,t,2026-04-17 08:03:04.214
3ccf408b-66bd-4902-ba96-e613f68e9c70,ee1ddb42-de6a-49f7-aa87-acabfa831b8c,ee1ddb42-de6a-49f7-aa87-acabfa831b8c-2-3,3,t,2026-04-17 08:04:25.41
14affb16-1747-4bef-a4d7-150444c68c24,67020039-958b-47ea-92fb-8440e69e788d,67020039-958b-47ea-92fb-8440e69e788d-2-0,3,t,2026-04-17 08:03:16.833
f94e5eb4-377f-43dd-9aec-287ad2d6caac,6b4971ac-7694-4e91-af84-74a9e3d5f19f,6b4971ac-7694-4e91-af84-74a9e3d5f19f-2-34,0,f,2026-04-17 08:03:40.491
1eccde41-fc4f-493d-9938-f7ade5474628,bbf30bbe-45d5-4dec-b2b3-f903b2d10658,bbf30bbe-45d5-4dec-b2b3-f903b2d10658-2-37,0,f,2026-04-17 08:05:21.363
899fbe84-b012-4ab8-88fa-c651567cb4a8,a5f0dbbf-8f52-4dba-8cfe-f9380f1dd904,a5f0dbbf-8f52-4dba-8cfe-f9380f1dd904-2-0,3,t,2026-04-17 08:03:53.307
6ba46ff9-6269-4329-9d02-619b39fa415b,06e481bf-ddf2-4c37-a992-b0442fe3a25a,06e481bf-ddf2-4c37-a992-b0442fe3a25a-2-3,3,t,2026-04-17 08:04:37.53
e0c22b64-c23d-42e8-ab12-9910e5f4e0e7,275b1411-4cf7-4137-be56-4fe1741fbd49,275b1411-4cf7-4137-be56-4fe1741fbd49-2-24,0,f,2026-04-17 08:04:40.988
dcb885db-201e-4f1d-887d-407f8c609122,b66ee3c7-3a78-4687-9886-df1e51a8a5b3,b66ee3c7-3a78-4687-9886-df1e51a8a5b3-2-2,3,t,2026-04-17 08:04:41.51
f40007f9-da77-40d6-8dce-e835ecb2ea2e,a5f0dbbf-8f52-4dba-8cfe-f9380f1dd904,a5f0dbbf-8f52-4dba-8cfe-f9380f1dd904-2-1,3,t,2026-04-17 08:05:29.754
e0d756c6-a7d3-4916-ab18-9e06559b5f6d,7e3a8998-e364-4f72-8ea3-b32814dc7a81,7e3a8998-e364-4f72-8ea3-b32814dc7a81-2-10,3,t,2026-04-17 08:04:45.704
a94ba489-57ac-44a5-b71e-07a06cd4f111,35fd59c5-bfd2-4154-9ccd-398d0d1cbd2b,35fd59c5-bfd2-4154-9ccd-398d0d1cbd2b-2-21,0,f,2026-04-17 08:05:00.696
ed9076c2-b54a-4fa3-ab7e-3b743f96226a,b66ee3c7-3a78-4687-9886-df1e51a8a5b3,b66ee3c7-3a78-4687-9886-df1e51a8a5b3-2-4,3,t,2026-04-17 08:06:11.816
9c27a546-239b-4a36-8ce5-070c1896f6c8,6b4971ac-7694-4e91-af84-74a9e3d5f19f,6b4971ac-7694-4e91-af84-74a9e3d5f19f-2-37,0,f,2026-04-17 08:05:59.476
01c4cb3e-b8e6-47b3-9119-2ff6f674863a,ba4fc8de-42f0-49e4-9f0a-1d8fbe4e7c38,ba4fc8de-42f0-49e4-9f0a-1d8fbe4e7c38-2-8,0,f,2026-04-17 08:05:34.802
3e8b5bfb-0af3-4809-a6e9-1e6708e7fac6,f6c99088-8b12-4bb0-a68c-2d2bcb90282b,f6c99088-8b12-4bb0-a68c-2d2bcb90282b-2-14,3,t,2026-04-17 08:05:59.818
ccaa8227-83a8-4a10-a3e2-989491692ce5,a5f0dbbf-8f52-4dba-8cfe-f9380f1dd904,a5f0dbbf-8f52-4dba-8cfe-f9380f1dd904-2-2,3,t,2026-04-17 08:05:41.211
5785749a-f8b7-49a6-b945-f11fe4d0f1d1,275b1411-4cf7-4137-be56-4fe1741fbd49,275b1411-4cf7-4137-be56-4fe1741fbd49-2-26,0,f,2026-04-17 08:05:42.061
cfaa2d20-8c7d-41a9-b327-c9e5b9abe437,ee1ddb42-de6a-49f7-aa87-acabfa831b8c,ee1ddb42-de6a-49f7-aa87-acabfa831b8c-2-6,3,t,2026-04-17 08:07:14.136
4c05dd0b-b650-40e8-afd8-a089ea8584de,41de605a-5ab7-4bbb-8c2a-28deb3c57f39,41de605a-5ab7-4bbb-8c2a-28deb3c57f39-2-12,3,t,2026-04-17 08:05:50.788
f1a409db-61aa-43f4-af18-d8696f49bc27,e5281933-cab1-4a55-98f0-8ebee5451ee5,e5281933-cab1-4a55-98f0-8ebee5451ee5-2-4,3,t,2026-04-17 08:06:08.086
bfdbf8d3-5528-47ff-8db7-fb5273c5b80b,dcc976be-efb6-42e4-8847-7d244359e554,dcc976be-efb6-42e4-8847-7d244359e554-2-18,3,t,2026-04-17 08:06:24.485
87cb9f02-149d-4dc8-bb0d-4827f0999acc,a5f0dbbf-8f52-4dba-8cfe-f9380f1dd904,a5f0dbbf-8f52-4dba-8cfe-f9380f1dd904-2-4,3,t,2026-04-17 08:06:23.386
b2dc0bb1-a3e9-4a01-b6d2-2d320b6f317d,a5f0dbbf-8f52-4dba-8cfe-f9380f1dd904,a5f0dbbf-8f52-4dba-8cfe-f9380f1dd904-2-5,3,t,2026-04-17 08:06:32.263
55f659fd-2a4b-4928-aefc-1f42074f1d82,bdfbbf0a-e44e-4f66-a792-297d42655f85,bdfbbf0a-e44e-4f66-a792-297d42655f85-2-4,3,t,2026-04-17 08:06:35.162
608d4dc9-6bbe-4234-acca-ec8027773b6f,c15fa367-a67a-439c-aa44-3d5413987a82,c15fa367-a67a-439c-aa44-3d5413987a82-2-6,3,t,2026-04-17 08:07:51.729
9a240553-b312-4a8a-9db3-540533a7940b,9a5dd319-7f52-44e3-a8e5-41dea86e80db,9a5dd319-7f52-44e3-a8e5-41dea86e80db-2-3,3,t,2026-04-17 08:07:11.694
5e02c1be-740f-435a-a2d1-ce80eae56e94,1319181f-6f3c-435a-b43f-0f1c9db34303,1319181f-6f3c-435a-b43f-0f1c9db34303-2-1,3,t,2026-04-17 08:07:05.885
002f8d87-a1a2-45d8-9f6a-01e04a9f969d,a5f0dbbf-8f52-4dba-8cfe-f9380f1dd904,a5f0dbbf-8f52-4dba-8cfe-f9380f1dd904-2-6,3,t,2026-04-17 08:09:37.598
77d7a531-7ef1-4f53-87e3-7676ac707461,6b4971ac-7694-4e91-af84-74a9e3d5f19f,6b4971ac-7694-4e91-af84-74a9e3d5f19f-2-39,0,f,2026-04-17 08:07:01.309
989e77c3-3bc5-44e7-b82f-938de850b173,06e481bf-ddf2-4c37-a992-b0442fe3a25a,06e481bf-ddf2-4c37-a992-b0442fe3a25a-2-6,3,t,2026-04-17 08:07:04.34
4ae33096-56c2-497e-a366-94da4963dfee,33a61d52-3347-4686-871d-f0eee1598765,33a61d52-3347-4686-871d-f0eee1598765-2-2,3,t,2026-04-17 08:08:11.533
b5aa4507-386a-4ec5-ab97-cbe6521e5ede,67020039-958b-47ea-92fb-8440e69e788d,67020039-958b-47ea-92fb-8440e69e788d-2-1,3,t,2026-04-17 08:09:44.316
7bf84aea-4f62-418f-9f15-9dceca83f2ad,c152cba1-4efe-43be-b5e5-27d69079d29e,c152cba1-4efe-43be-b5e5-27d69079d29e-2-6,3,t,2026-04-17 08:10:21.24
bbb9f262-330f-40ee-b824-cb78fee09d6d,c15fa367-a67a-439c-aa44-3d5413987a82,c15fa367-a67a-439c-aa44-3d5413987a82-2-3,0,f,2026-04-17 08:11:57.492
34974612-7300-4aae-b62e-28c30aa9a0f3,f6c99088-8b12-4bb0-a68c-2d2bcb90282b,f6c99088-8b12-4bb0-a68c-2d2bcb90282b-2-15,0,f,2026-04-17 08:09:19.963
8ac57a8a-8909-49ef-8cbf-5e11283805b6,b66ee3c7-3a78-4687-9886-df1e51a8a5b3,b66ee3c7-3a78-4687-9886-df1e51a8a5b3-2-5,3,t,2026-04-17 08:07:13.299
a0326581-c8bb-4753-8bdb-0b7a5cfcfc57,275b1411-4cf7-4137-be56-4fe1741fbd49,275b1411-4cf7-4137-be56-4fe1741fbd49-2-33,0,f,2026-04-17 08:07:39.199
003a7208-1faa-49c2-9486-f8c7240271db,8509b13c-e904-4623-a1cb-239c24e9ec41,8509b13c-e904-4623-a1cb-239c24e9ec41-2-8,3,t,2026-04-17 08:15:05.92
5fc51ff0-c763-4c77-866e-b4ed097ec39f,ee1ddb42-de6a-49f7-aa87-acabfa831b8c,ee1ddb42-de6a-49f7-aa87-acabfa831b8c-2-7,3,t,2026-04-17 08:08:04.048
ccab7392-7c84-4d78-813b-a310a5ff9e0b,b66ee3c7-3a78-4687-9886-df1e51a8a5b3,b66ee3c7-3a78-4687-9886-df1e51a8a5b3-2-6,3,t,2026-04-17 08:10:20.417
278ffee4-2cea-4000-a9cb-08865e0a2cf0,e5281933-cab1-4a55-98f0-8ebee5451ee5,e5281933-cab1-4a55-98f0-8ebee5451ee5-2-6,3,t,2026-04-17 08:13:12.429
aa6acc5c-e4b4-4a9e-9018-9fd4cd6caae2,12f07921-83d4-4029-b9f0-0897b7c4abe9,12f07921-83d4-4029-b9f0-0897b7c4abe9-2-7,3,t,2026-04-17 08:08:10.102
dcda24ab-f664-434f-b137-95ca9357ef64,050493f1-a5d8-4716-bb53-15b0337d6101,050493f1-a5d8-4716-bb53-15b0337d6101-2-55,0,f,2026-04-17 08:08:38.783
eae38e3b-ac47-4ba9-822b-4fe2d3cd900b,f44a21be-caea-4540-9d00-dd02a870f154,f44a21be-caea-4540-9d00-dd02a870f154-2-6,3,t,2026-04-17 08:08:42.038
7f7c6677-b655-4ca6-9ca9-597d6f431df2,af00367f-7486-494d-9ad6-fc14d12b1be5,af00367f-7486-494d-9ad6-fc14d12b1be5-2-29,3,t,2026-04-17 08:09:58.953
fe8a689a-d8ac-41ab-b40f-71cddfbc5717,bdfbbf0a-e44e-4f66-a792-297d42655f85,bdfbbf0a-e44e-4f66-a792-297d42655f85-2-3,3,t,2026-04-17 08:09:27.501
58af4256-f58d-4d97-8685-2a465f5746ff,c61c19e1-d60a-4f35-a113-97ee86c81071,c61c19e1-d60a-4f35-a113-97ee86c81071-2-7,0,f,2026-04-17 08:09:27.848
5b2ae218-2a47-4923-b8e3-642e0005b9e1,12f07921-83d4-4029-b9f0-0897b7c4abe9,12f07921-83d4-4029-b9f0-0897b7c4abe9-2-11,3,t,2026-04-17 08:08:53.123
0888c559-80cd-401e-9ef9-89349c4b3bd6,33a61d52-3347-4686-871d-f0eee1598765,33a61d52-3347-4686-871d-f0eee1598765-2-3,0,f,2026-04-17 08:10:01.42
177c5caa-ba13-4f17-a51c-f73ae9702133,782f8c98-2ddc-46d2-8d5e-6b2f51d9fdd9,782f8c98-2ddc-46d2-8d5e-6b2f51d9fdd9-2-69,0,f,2026-04-17 08:09:10.024
3df9e10e-1078-4332-976f-a11e5a8b3cc2,8417893f-8741-4c11-99cf-a7f3f4111358,8417893f-8741-4c11-99cf-a7f3f4111358-2-4,3,t,2026-04-17 08:09:19.785
a0265292-0303-4cf8-a9c3-4f995120cfbf,483834b8-4dd8-48f3-b7e1-c4de54c5079a,483834b8-4dd8-48f3-b7e1-c4de54c5079a-2-2,0,f,2026-04-17 08:10:08.536
b914c9d6-3862-426b-bd21-69c42f78f46e,ee1ddb42-de6a-49f7-aa87-acabfa831b8c,ee1ddb42-de6a-49f7-aa87-acabfa831b8c-2-8,3,t,2026-04-17 08:09:37.823
8e0c6b1e-31a4-4594-be8e-32007fab759f,e5281933-cab1-4a55-98f0-8ebee5451ee5,e5281933-cab1-4a55-98f0-8ebee5451ee5-2-7,3,t,2026-04-17 08:09:38.908
cc7b7d38-79ad-41d9-87a7-0dcf6e9f45e5,1319181f-6f3c-435a-b43f-0f1c9db34303,1319181f-6f3c-435a-b43f-0f1c9db34303-2-5,0,f,2026-04-17 08:10:21.727
d0673579-9907-4e10-a407-f5d72c9a060d,89f21211-eb98-4f18-82ad-3230e9f0ff2b,89f21211-eb98-4f18-82ad-3230e9f0ff2b-2-45,3,t,2026-04-17 08:10:31.568
62db83be-f87d-43e5-949d-d3144931f9f6,89f21211-eb98-4f18-82ad-3230e9f0ff2b,89f21211-eb98-4f18-82ad-3230e9f0ff2b-2-44,0,f,2026-04-17 08:10:11.51
97cd6fef-a250-4a5a-b966-290919e533cd,483834b8-4dd8-48f3-b7e1-c4de54c5079a,483834b8-4dd8-48f3-b7e1-c4de54c5079a-2-3,0,f,2026-04-17 08:11:09.198
55a88880-3bb4-482c-84fd-10a0f687d3fd,06e481bf-ddf2-4c37-a992-b0442fe3a25a,06e481bf-ddf2-4c37-a992-b0442fe3a25a-2-10,0,f,2026-04-17 08:10:13.169
bab018a8-4dc0-4e0c-abd0-e3b012fc1b1c,32690833-59f9-430b-9176-44c118b57904,32690833-59f9-430b-9176-44c118b57904-2-13,3,t,2026-04-17 08:10:41.73
359ff435-72ca-4296-ae5b-9f812513a446,9b8668b1-041a-4193-94b7-e689aa591474,9b8668b1-041a-4193-94b7-e689aa591474-2-9,0,f,2026-04-17 08:10:16.833
c31dab58-6f77-46d1-8263-b0f017d399fa,dcc976be-efb6-42e4-8847-7d244359e554,dcc976be-efb6-42e4-8847-7d244359e554-2-21,3,t,2026-04-17 08:10:36.606
9eb2c197-081b-48a4-b85f-826bf56dd6d7,41de605a-5ab7-4bbb-8c2a-28deb3c57f39,41de605a-5ab7-4bbb-8c2a-28deb3c57f39-2-13,3,t,2026-04-17 08:10:23.504
72af6920-6a39-4a64-8f0e-eae231611c25,c15fa367-a67a-439c-aa44-3d5413987a82,c15fa367-a67a-439c-aa44-3d5413987a82-2-1,0,f,2026-04-17 08:10:26.051
cb677df9-7c82-4d3d-a7cf-92742d0fc8ce,f44a21be-caea-4540-9d00-dd02a870f154,f44a21be-caea-4540-9d00-dd02a870f154-2-7,3,t,2026-04-17 08:11:26.185
3a412b9e-832a-424b-90fc-3595ac5a179d,5cd68e5e-40c7-4593-a8e9-9ee89538ccff,5cd68e5e-40c7-4593-a8e9-9ee89538ccff-2-4,0,f,2026-04-17 08:10:50.916
7ad0c8c0-f0d4-4b10-9e67-45e06879d38e,ba4fc8de-42f0-49e4-9f0a-1d8fbe4e7c38,ba4fc8de-42f0-49e4-9f0a-1d8fbe4e7c38-2-10,3,t,2026-04-17 08:10:41.212
c5f7a7ad-b0d9-46b8-a406-feb715af4822,c61c19e1-d60a-4f35-a113-97ee86c81071,c61c19e1-d60a-4f35-a113-97ee86c81071-2-8,3,t,2026-04-17 08:11:49.16
7192ea9b-8f63-41fe-bf75-735f695e56c5,1319181f-6f3c-435a-b43f-0f1c9db34303,1319181f-6f3c-435a-b43f-0f1c9db34303-2-6,3,t,2026-04-17 08:11:33.694
0b1e6682-bf51-43b0-8905-c7920da66f26,af00367f-7486-494d-9ad6-fc14d12b1be5,af00367f-7486-494d-9ad6-fc14d12b1be5-2-32,0,f,2026-04-17 08:11:24.387
edc52858-8e59-4b4c-b8f4-752aad96d4ab,6b4971ac-7694-4e91-af84-74a9e3d5f19f,6b4971ac-7694-4e91-af84-74a9e3d5f19f-2-48,0,f,2026-04-17 08:11:39.539
b4009ee2-7b6d-447b-bfc8-3cb7c70a47ea,c152cba1-4efe-43be-b5e5-27d69079d29e,c152cba1-4efe-43be-b5e5-27d69079d29e-2-7,0,f,2026-04-17 08:11:54.85
9609f508-8952-4af3-b5f1-eff4dd62f606,f9fa9b3a-1fc9-45fc-8ff3-e1cec7157c07,f9fa9b3a-1fc9-45fc-8ff3-e1cec7157c07-2-4,0,f,2026-04-17 08:11:56.423
43b43cdd-99d8-4166-b389-ed2122660db6,67020039-958b-47ea-92fb-8440e69e788d,67020039-958b-47ea-92fb-8440e69e788d-2-2,0,f,2026-04-17 08:12:03.895
4ace61c3-41fa-4c4d-996d-428d380b1b05,0c2e22f1-ec07-4168-ab77-4d9f7e33ee5c,0c2e22f1-ec07-4168-ab77-4d9f7e33ee5c-2-69,3,t,2026-04-17 08:12:06.89
cd1ceb80-914f-4e83-bb22-ba279665863b,24eac769-6cb5-45be-a147-81584b0c3661,24eac769-6cb5-45be-a147-81584b0c3661-2-4,0,f,2026-04-17 08:12:07.488
9fd85234-cec5-4c13-9cd0-5e4c7c3ea923,e691efa7-d7b7-493d-9a07-64415b0953da,e691efa7-d7b7-493d-9a07-64415b0953da-2-10,0,f,2026-04-17 08:12:45.267
af5e533f-c4bc-4a90-81bf-3da0ef208637,8417893f-8741-4c11-99cf-a7f3f4111358,8417893f-8741-4c11-99cf-a7f3f4111358-2-5,3,t,2026-04-17 08:12:59.246
703884b0-4a3a-4cc0-8a35-dfe12ef125ef,6c16aba8-4cc7-4d11-8121-3178a8de1659,6c16aba8-4cc7-4d11-8121-3178a8de1659-2-10,3,t,2026-04-17 08:16:07.888
854ff0bc-1629-496c-9f92-aedc4551cdff,6f338d94-781d-476d-beb8-d7e612e1eb54,6f338d94-781d-476d-beb8-d7e612e1eb54-2-0,0,f,2026-04-17 08:13:46.072
89571736-00b2-47ae-b9fa-7c9c240b4f03,a5f0dbbf-8f52-4dba-8cfe-f9380f1dd904,a5f0dbbf-8f52-4dba-8cfe-f9380f1dd904-2-7,3,t,2026-04-17 08:17:50.47
b77f9c7e-1f60-4bfc-b55f-132da3090c7f,0fe6c4b2-51f6-4335-8018-6048d4d289a1,0fe6c4b2-51f6-4335-8018-6048d4d289a1-2-0,3,t,2026-04-17 09:20:34.704
ea88a59a-5084-45d4-939d-4dd7a0b9d13a,b66ee3c7-3a78-4687-9886-df1e51a8a5b3,b66ee3c7-3a78-4687-9886-df1e51a8a5b3-2-7,3,t,2026-04-17 08:11:49.237
a1e26028-b2a5-46c4-b98d-5b5eb5ba1599,050493f1-a5d8-4716-bb53-15b0337d6101,050493f1-a5d8-4716-bb53-15b0337d6101-2-68,0,f,2026-04-17 08:13:37.968
4e58312c-dc8a-471a-84d7-f26769ac6905,c61c19e1-d60a-4f35-a113-97ee86c81071,c61c19e1-d60a-4f35-a113-97ee86c81071-2-9,3,t,2026-04-17 08:14:12.795
93314896-f0de-497b-a437-1aaf402af2ac,35fd59c5-bfd2-4154-9ccd-398d0d1cbd2b,35fd59c5-bfd2-4154-9ccd-398d0d1cbd2b-2-22,3,t,2026-04-17 08:11:56.284
c51d5135-4da2-4b10-963b-2f2942524a33,12f07921-83d4-4029-b9f0-0897b7c4abe9,12f07921-83d4-4029-b9f0-0897b7c4abe9-2-15,0,f,2026-04-17 08:11:58.73
26d2d6e0-560a-4a8c-bb06-1d92f893d73f,12f07921-83d4-4029-b9f0-0897b7c4abe9,12f07921-83d4-4029-b9f0-0897b7c4abe9-2-16,3,t,2026-04-17 08:13:40.125
301bdcfc-8496-4e2f-a9bb-e1eccbc2dd08,33a61d52-3347-4686-871d-f0eee1598765,33a61d52-3347-4686-871d-f0eee1598765-2-7,3,t,2026-04-17 08:12:37.912
81a83579-d8f7-4192-867c-7084512564b0,ee1ddb42-de6a-49f7-aa87-acabfa831b8c,ee1ddb42-de6a-49f7-aa87-acabfa831b8c-2-19,1,f,2026-04-17 08:14:26.179
b991e9a2-018c-4622-a58b-628167769417,06e481bf-ddf2-4c37-a992-b0442fe3a25a,06e481bf-ddf2-4c37-a992-b0442fe3a25a-2-14,0,f,2026-04-17 08:13:03.852
851b1111-b1e7-434e-a9ce-ef5cb91f2cb1,c152cba1-4efe-43be-b5e5-27d69079d29e,c152cba1-4efe-43be-b5e5-27d69079d29e-2-10,0,f,2026-04-17 08:15:28.859
92b4292f-9eab-458f-aa2a-26394dd31c18,af00367f-7486-494d-9ad6-fc14d12b1be5,af00367f-7486-494d-9ad6-fc14d12b1be5-2-40,0,f,2026-04-17 08:15:13.943
2ad71c87-2fa3-4a97-8d4c-fd02ed5ec029,41de605a-5ab7-4bbb-8c2a-28deb3c57f39,41de605a-5ab7-4bbb-8c2a-28deb3c57f39-2-14,3,t,2026-04-17 08:15:20.747
fffa4b7f-7eba-452b-ae9b-29fe24f761db,0c2e22f1-ec07-4168-ab77-4d9f7e33ee5c,0c2e22f1-ec07-4168-ab77-4d9f7e33ee5c-2-73,0,f,2026-04-17 08:13:41.462
96884679-1e38-4ff0-9a2d-6099cab4c100,35fd59c5-bfd2-4154-9ccd-398d0d1cbd2b,35fd59c5-bfd2-4154-9ccd-398d0d1cbd2b-2-23,0,f,2026-04-17 08:13:22.764
a835d785-2ad9-4a52-87c9-98ab752425f8,782f8c98-2ddc-46d2-8d5e-6b2f51d9fdd9,782f8c98-2ddc-46d2-8d5e-6b2f51d9fdd9-2-77,3,t,2026-04-17 08:13:23.709
891d96b9-17e1-44f3-a38f-122bef176927,14c88034-f5c1-4455-8b1a-ccfcffb86a31,14c88034-f5c1-4455-8b1a-ccfcffb86a31-2-5,3,t,2026-04-17 08:16:33.53
7a893c5a-b5aa-4dca-8756-be741150c44e,1319181f-6f3c-435a-b43f-0f1c9db34303,1319181f-6f3c-435a-b43f-0f1c9db34303-2-9,0,f,2026-04-17 08:13:29.432
cc684add-7941-44c0-9345-3e1c22d15e71,32690833-59f9-430b-9176-44c118b57904,32690833-59f9-430b-9176-44c118b57904-2-14,3,t,2026-04-17 08:14:29.674
5ac62b4c-7c3b-4433-a8c2-df400f7e2c4e,c152cba1-4efe-43be-b5e5-27d69079d29e,c152cba1-4efe-43be-b5e5-27d69079d29e-2-9,3,t,2026-04-17 08:13:42.599
c695ffde-b68f-40f0-a18a-58a415a430c9,6b4971ac-7694-4e91-af84-74a9e3d5f19f,6b4971ac-7694-4e91-af84-74a9e3d5f19f-2-52,0,f,2026-04-17 08:14:29.731
ad3a9c53-79a6-4958-9bf9-8ba494e5b022,f6c99088-8b12-4bb0-a68c-2d2bcb90282b,f6c99088-8b12-4bb0-a68c-2d2bcb90282b-2-17,3,t,2026-04-17 08:13:45.741
d12b43f9-c2e3-424e-8c78-336e75cfb7f4,b66ee3c7-3a78-4687-9886-df1e51a8a5b3,b66ee3c7-3a78-4687-9886-df1e51a8a5b3-2-8,3,t,2026-04-17 08:13:59.215
30bf3a82-c18c-4529-a8ee-906096286b29,ee1ddb42-de6a-49f7-aa87-acabfa831b8c,ee1ddb42-de6a-49f7-aa87-acabfa831b8c-2-13,1,f,2026-04-17 08:14:41.94
c45e325f-021b-4561-b5fb-58c27a9b9308,ee1ddb42-de6a-49f7-aa87-acabfa831b8c,ee1ddb42-de6a-49f7-aa87-acabfa831b8c-2-9,1,f,2026-04-17 08:14:08.42
f48ca539-16f1-4da4-853e-32487eaec25c,1319181f-6f3c-435a-b43f-0f1c9db34303,1319181f-6f3c-435a-b43f-0f1c9db34303-2-11,0,f,2026-04-17 08:15:14.864
11db4daf-399e-410d-a47f-59975fa7c0b5,bdfbbf0a-e44e-4f66-a792-297d42655f85,bdfbbf0a-e44e-4f66-a792-297d42655f85-2-0,3,t,2026-04-17 08:15:20.937
9e85d8cf-0612-47db-8c2d-d45c94846aa5,483834b8-4dd8-48f3-b7e1-c4de54c5079a,483834b8-4dd8-48f3-b7e1-c4de54c5079a-2-6,3,t,2026-04-17 08:14:33.788
751ce0ec-f2f9-4f6a-be08-2bbab6a47597,ee1ddb42-de6a-49f7-aa87-acabfa831b8c,ee1ddb42-de6a-49f7-aa87-acabfa831b8c-2-18,1,f,2026-04-17 08:14:36.07
6e800d27-557a-4c56-99e0-c4fb2b9f18f1,06e481bf-ddf2-4c37-a992-b0442fe3a25a,06e481bf-ddf2-4c37-a992-b0442fe3a25a-2-16,3,t,2026-04-17 08:15:20.352
45f99b28-c9f3-4ab6-9e2c-356d09381ab6,12f07921-83d4-4029-b9f0-0897b7c4abe9,12f07921-83d4-4029-b9f0-0897b7c4abe9-2-14,3,t,2026-04-17 08:14:52.912
eadf1203-9bf4-420f-8992-8361abcb261f,6f338d94-781d-476d-beb8-d7e612e1eb54,6f338d94-781d-476d-beb8-d7e612e1eb54-2-2,3,t,2026-04-17 08:15:04.648
5c0c2c5d-d07c-4033-9dfc-0431b69b4781,038ba9c9-05c2-44a3-9f33-21941d6b13d3,038ba9c9-05c2-44a3-9f33-21941d6b13d3-2-3,3,t,2026-04-17 08:14:53.675
85d31b32-b767-4d87-823d-ac2222c2d2dc,9a5dd319-7f52-44e3-a8e5-41dea86e80db,9a5dd319-7f52-44e3-a8e5-41dea86e80db-2-6,3,t,2026-04-17 08:14:55.755
978ba0df-0eee-4dc9-936d-dd3b0e29c9b2,67020039-958b-47ea-92fb-8440e69e788d,67020039-958b-47ea-92fb-8440e69e788d-2-3,3,t,2026-04-17 08:15:20.832
60768774-ef84-4c2f-9ff7-4b5fd5a18c67,963fec59-78ac-420b-9d9e-84e6bae46cd0,963fec59-78ac-420b-9d9e-84e6bae46cd0-2-0,3,t,2026-04-17 08:16:34.472
3ad1ca5f-4319-426e-ab6b-3a67c23c1b6b,f6c99088-8b12-4bb0-a68c-2d2bcb90282b,f6c99088-8b12-4bb0-a68c-2d2bcb90282b-2-18,3,t,2026-04-17 08:16:25.344
bfd515d5-ac4f-4e77-ab87-16d9faa664e2,dcdda9e0-304b-44cd-8079-3d1d7bfe088a,dcdda9e0-304b-44cd-8079-3d1d7bfe088a-2-1,3,t,2026-04-17 08:17:15.664
47a87ccc-f7e4-4319-8146-62a20d363b00,8411cec8-59d6-47e8-b74b-b5523e06d9b2,8411cec8-59d6-47e8-b74b-b5523e06d9b2-2-10,3,t,2026-04-17 08:16:25.092
66ac919e-8472-42fb-960d-70dbfe76d598,c15fa367-a67a-439c-aa44-3d5413987a82,c15fa367-a67a-439c-aa44-3d5413987a82-2-10,0,f,2026-04-17 08:16:19.496
dedf4da8-2304-4c97-a948-8cac3b8549fc,483834b8-4dd8-48f3-b7e1-c4de54c5079a,483834b8-4dd8-48f3-b7e1-c4de54c5079a-2-7,0,f,2026-04-17 08:16:35.792
6d6cef80-e5bf-414b-b4e2-27383e907b52,06e481bf-ddf2-4c37-a992-b0442fe3a25a,06e481bf-ddf2-4c37-a992-b0442fe3a25a-2-17,0,f,2026-04-17 08:16:45.959
276f56d9-5649-4333-88b7-defec7f5691a,c61c19e1-d60a-4f35-a113-97ee86c81071,c61c19e1-d60a-4f35-a113-97ee86c81071-2-10,3,t,2026-04-17 08:17:11.021
c8147976-7fe6-45ac-98f7-f4b7811ad38b,dcc976be-efb6-42e4-8847-7d244359e554,dcc976be-efb6-42e4-8847-7d244359e554-2-27,3,t,2026-04-17 08:17:05.15
d3b8a1f5-c1e3-45f4-9b3c-6d6399c81e49,6f338d94-781d-476d-beb8-d7e612e1eb54,6f338d94-781d-476d-beb8-d7e612e1eb54-2-4,3,t,2026-04-17 08:17:38.361
e5b0133f-6331-4deb-b133-fc7ad9e310eb,8417893f-8741-4c11-99cf-a7f3f4111358,8417893f-8741-4c11-99cf-a7f3f4111358-2-6,3,t,2026-04-17 08:17:25.646
0762ef79-fe93-4fa3-801f-b53e62929bad,f9fa9b3a-1fc9-45fc-8ff3-e1cec7157c07,f9fa9b3a-1fc9-45fc-8ff3-e1cec7157c07-2-5,3,t,2026-04-17 08:18:01.151
c664422d-fa58-4066-a551-567d834d8e8b,ead70ca2-d28d-4b61-bcb9-4ef84c465d57,ead70ca2-d28d-4b61-bcb9-4ef84c465d57-2-0,3,t,2026-04-17 08:25:36.045
ac3892f8-f976-4384-bb1c-92f466db5c81,782f8c98-2ddc-46d2-8d5e-6b2f51d9fdd9,782f8c98-2ddc-46d2-8d5e-6b2f51d9fdd9-2-102,3,t,2026-04-17 08:19:00.427
579c1c91-634e-49ab-b23e-27a088f686bb,9b8668b1-041a-4193-94b7-e689aa591474,9b8668b1-041a-4193-94b7-e689aa591474-2-10,3,t,2026-04-17 08:15:53.686
547cd630-5647-4899-8fd7-dd4655ab21a6,6b4971ac-7694-4e91-af84-74a9e3d5f19f,6b4971ac-7694-4e91-af84-74a9e3d5f19f-2-61,0,f,2026-04-17 08:17:35.121
27f1b8ec-d5d7-4875-ad60-f8663ccacc1f,70cc4a4d-99eb-4423-8c03-9ed6f07ac880,70cc4a4d-99eb-4423-8c03-9ed6f07ac880-2-1,0,f,2026-04-17 08:18:41.59
c3a3d9e4-0ff1-46ab-b358-f7bef3a74fca,af00367f-7486-494d-9ad6-fc14d12b1be5,af00367f-7486-494d-9ad6-fc14d12b1be5-2-43,3,t,2026-04-17 08:16:01.664
6588ba9a-4b82-4d09-ab47-a7185b86bb69,ee1ddb42-de6a-49f7-aa87-acabfa831b8c,ee1ddb42-de6a-49f7-aa87-acabfa831b8c-2-27,3,t,2026-04-17 08:17:36.989
fff9e973-2bc9-4135-a645-f957fdf07e36,5cd68e5e-40c7-4593-a8e9-9ee89538ccff,5cd68e5e-40c7-4593-a8e9-9ee89538ccff-2-5,3,t,2026-04-17 08:16:27.978
72608187-d80b-42c5-aa60-b9dc4e0dc1e4,6f338d94-781d-476d-beb8-d7e612e1eb54,6f338d94-781d-476d-beb8-d7e612e1eb54-2-5,3,t,2026-04-17 08:18:29.852
8fbdf35d-81dd-4f56-9d9d-bde1cbc86abb,dafa66ec-d66e-4e78-81c0-18163c4768c9,dafa66ec-d66e-4e78-81c0-18163c4768c9-2-7,3,t,2026-04-17 08:17:38.94
e23a2a7a-7b51-457f-8a97-4d099ab03f88,69755a35-d3e1-4d6d-b090-a4075401f6be,69755a35-d3e1-4d6d-b090-a4075401f6be-2-0,3,t,2026-04-17 08:16:39.681
22780657-4a70-42d2-a809-66bb98a6f372,e691efa7-d7b7-493d-9a07-64415b0953da,e691efa7-d7b7-493d-9a07-64415b0953da-2-13,3,t,2026-04-17 08:19:03.685
6112dc8f-674a-445e-a610-5196f8fcb2a9,a8b4b170-9e9a-4433-a6d9-4d26d1f4d697,a8b4b170-9e9a-4433-a6d9-4d26d1f4d697-2-1,3,t,2026-04-17 08:16:50.402
51647492-a46a-43bb-b2f5-843b8dcd88eb,41de605a-5ab7-4bbb-8c2a-28deb3c57f39,41de605a-5ab7-4bbb-8c2a-28deb3c57f39-2-16,3,t,2026-04-17 08:18:09.224
ddc2755c-7bc3-4718-b0df-e2844127c101,1319181f-6f3c-435a-b43f-0f1c9db34303,1319181f-6f3c-435a-b43f-0f1c9db34303-2-14,3,t,2026-04-17 08:17:39.572
94228287-afd5-41cc-b27b-94aed8936d08,e5281933-cab1-4a55-98f0-8ebee5451ee5,e5281933-cab1-4a55-98f0-8ebee5451ee5-2-27,3,t,2026-04-17 08:17:01.554
f56d8db9-ca3c-4005-bb1c-143f730072e4,289fc8f4-4e54-45ee-8816-dd99f02cd6bb,289fc8f4-4e54-45ee-8816-dd99f02cd6bb-2-1,3,t,2026-04-17 08:23:18.443
23f2a81f-3713-444a-8086-8165d02456d9,a8b4b170-9e9a-4433-a6d9-4d26d1f4d697,a8b4b170-9e9a-4433-a6d9-4d26d1f4d697-2-2,0,f,2026-04-17 08:17:39.954
be4d3bc8-506b-4ff8-825e-84daee8a8da7,869341ac-0069-4fc0-8633-3c9aee4b1ea5,869341ac-0069-4fc0-8633-3c9aee4b1ea5-2-0,3,t,2026-04-17 08:17:23.264
ea641a69-fbf9-4a24-88ff-2c25a9b41c9c,24eac769-6cb5-45be-a147-81584b0c3661,24eac769-6cb5-45be-a147-81584b0c3661-2-5,3,t,2026-04-17 08:17:56.764
2c74d3e4-0284-4e37-9c47-a2ecf6faf15d,06e481bf-ddf2-4c37-a992-b0442fe3a25a,06e481bf-ddf2-4c37-a992-b0442fe3a25a-2-18,0,f,2026-04-17 08:17:58.041
12030e32-fc44-487b-92a7-670c0c62903f,27a69e03-7147-4f1d-8331-650a51e441e2,27a69e03-7147-4f1d-8331-650a51e441e2-2-3,3,t,2026-04-17 08:18:00.541
91346849-dd62-4b7d-9b17-c5efcc711b18,1319181f-6f3c-435a-b43f-0f1c9db34303,1319181f-6f3c-435a-b43f-0f1c9db34303-2-15,0,f,2026-04-17 08:18:44.279
694653a2-74aa-4038-8642-d72d553b0791,5efac7b6-2605-4f18-9a35-2a71e7d6bdc0,5efac7b6-2605-4f18-9a35-2a71e7d6bdc0-2-1,3,t,2026-04-17 08:18:46.546
fb11e798-34fe-48a0-aada-c3a6268992e1,69755a35-d3e1-4d6d-b090-a4075401f6be,69755a35-d3e1-4d6d-b090-a4075401f6be-2-1,3,t,2026-04-17 08:18:35.49
c76be51e-40b9-4f6f-9b72-8083fc8f0536,12f07921-83d4-4029-b9f0-0897b7c4abe9,12f07921-83d4-4029-b9f0-0897b7c4abe9-2-10,3,t,2026-04-17 08:18:26.016
319eb652-cd06-4c07-8558-eafb7295e650,41de605a-5ab7-4bbb-8c2a-28deb3c57f39,41de605a-5ab7-4bbb-8c2a-28deb3c57f39-2-15,0,f,2026-04-17 08:20:42.194
d1453113-be79-49c4-96f3-fe20eebe4fbd,2b834e56-49d1-4cf2-b41d-df797dd4d34f,2b834e56-49d1-4cf2-b41d-df797dd4d34f-2-0,0,f,2026-04-17 08:18:39.965
5242dbc6-0efd-4beb-8f30-69f8f3795374,898dbad1-1cdd-4af8-9c02-2bd3e137e931,898dbad1-1cdd-4af8-9c02-2bd3e137e931-2-1,3,t,2026-04-17 08:21:49.394
e80675da-3c9e-46fe-9d73-e737089124e3,c152cba1-4efe-43be-b5e5-27d69079d29e,c152cba1-4efe-43be-b5e5-27d69079d29e-2-13,3,t,2026-04-17 08:18:45.324
b2d94868-cfee-49f2-882e-ddf62c356f68,14c88034-f5c1-4455-8b1a-ccfcffb86a31,14c88034-f5c1-4455-8b1a-ccfcffb86a31-2-6,3,t,2026-04-17 08:20:29.06
6d69121c-81cb-43ae-978a-4517ffc1e7dd,a5f0dbbf-8f52-4dba-8cfe-f9380f1dd904,a5f0dbbf-8f52-4dba-8cfe-f9380f1dd904-2-18,3,t,2026-04-17 08:23:03.177
4a6bc77f-b270-4cb2-b59f-3a7a21ecdc14,483834b8-4dd8-48f3-b7e1-c4de54c5079a,483834b8-4dd8-48f3-b7e1-c4de54c5079a-2-9,3,t,2026-04-17 08:20:34.022
0381f7ca-dfab-43a7-a081-44e4806e428a,dcdda9e0-304b-44cd-8079-3d1d7bfe088a,dcdda9e0-304b-44cd-8079-3d1d7bfe088a-2-2,3,t,2026-04-17 08:19:41.3
faeff549-3ddc-4f50-a044-55e22fb9f61b,c61c19e1-d60a-4f35-a113-97ee86c81071,c61c19e1-d60a-4f35-a113-97ee86c81071-2-11,3,t,2026-04-17 08:20:04.192
438a7d27-fa72-41ae-820f-0d7b4ca94a05,41de605a-5ab7-4bbb-8c2a-28deb3c57f39,41de605a-5ab7-4bbb-8c2a-28deb3c57f39-2-18,3,t,2026-04-17 08:20:00.565
1e79adde-3fef-4f7d-839f-e9ffd65f3e13,a8b4b170-9e9a-4433-a6d9-4d26d1f4d697,a8b4b170-9e9a-4433-a6d9-4d26d1f4d697-2-4,3,t,2026-04-17 08:19:33.401
1adb1fe5-2153-40a0-a110-c61caa3c450c,e5281933-cab1-4a55-98f0-8ebee5451ee5,e5281933-cab1-4a55-98f0-8ebee5451ee5-2-30,5,t,2026-04-17 08:20:13.569
0df26b72-eeac-4a6d-a735-393ae17f22c5,c15fa367-a67a-439c-aa44-3d5413987a82,c15fa367-a67a-439c-aa44-3d5413987a82-2-14,0,f,2026-04-17 08:19:48.717
62ac3a6b-dae5-4a13-9d11-26d031306c5e,33a61d52-3347-4686-871d-f0eee1598765,33a61d52-3347-4686-871d-f0eee1598765-2-10,3,t,2026-04-17 08:20:35.256
07c07b98-91ff-4d91-9274-e2b2c3c58a49,f6c99088-8b12-4bb0-a68c-2d2bcb90282b,f6c99088-8b12-4bb0-a68c-2d2bcb90282b-2-20,3,t,2026-04-17 08:21:13.44
14089248-21dd-46dd-9787-202f1b9fb8b0,f44a21be-caea-4540-9d00-dd02a870f154,f44a21be-caea-4540-9d00-dd02a870f154-2-9,3,t,2026-04-17 08:20:54.161
b20b8d97-bccc-4e65-aabd-6faf19a03345,dafa66ec-d66e-4e78-81c0-18163c4768c9,dafa66ec-d66e-4e78-81c0-18163c4768c9-2-20,3,t,2026-04-17 08:21:09.531
a1db6f0d-6576-483f-a109-e104a9ddd82a,5cd68e5e-40c7-4593-a8e9-9ee89538ccff,5cd68e5e-40c7-4593-a8e9-9ee89538ccff-2-6,3,t,2026-04-17 08:20:32.079
1c81d011-f408-49dc-b25c-916522bbbe20,bdfbbf0a-e44e-4f66-a792-297d42655f85,bdfbbf0a-e44e-4f66-a792-297d42655f85-2-1,3,t,2026-04-17 08:21:45.951
e71c078b-e585-4d26-9b3d-c4db6d40a606,0f87f5ca-90be-407a-a6fe-4bdea6c80f5a,0f87f5ca-90be-407a-a6fe-4bdea6c80f5a-2-0,0,f,2026-04-17 08:21:15.335
2c53c9cb-8f26-40b0-99e8-604ee8c6336f,b66ee3c7-3a78-4687-9886-df1e51a8a5b3,b66ee3c7-3a78-4687-9886-df1e51a8a5b3-2-9,2,f,2026-04-17 08:23:31.05
164ac969-3e22-4b46-a1ff-ef065f970783,9b8668b1-041a-4193-94b7-e689aa591474,9b8668b1-041a-4193-94b7-e689aa591474-2-11,3,t,2026-04-17 08:24:33.448
f2259961-fb74-483a-a401-b065c493ca92,06e481bf-ddf2-4c37-a992-b0442fe3a25a,06e481bf-ddf2-4c37-a992-b0442fe3a25a-2-20,3,t,2026-04-17 08:19:24.72
ac5cdd24-139b-4515-86f6-08677c645ace,e3a08443-dd2c-43bf-894d-e428f9cdb716,e3a08443-dd2c-43bf-894d-e428f9cdb716-2-6,3,t,2026-04-17 08:37:49.131
cd3b9322-1b85-41d3-934c-ce332e20e11a,6f338d94-781d-476d-beb8-d7e612e1eb54,6f338d94-781d-476d-beb8-d7e612e1eb54-2-6,3,t,2026-04-17 08:19:50.364
e16c0f00-8faa-4fa8-a01c-a46307d6d374,70cc4a4d-99eb-4423-8c03-9ed6f07ac880,70cc4a4d-99eb-4423-8c03-9ed6f07ac880-2-2,3,t,2026-04-17 08:19:59.303
fb212c06-8bc5-4cfb-9118-66ce8d6df467,985ae1b0-6dbe-493b-a5bc-20516e53dbbe,985ae1b0-6dbe-493b-a5bc-20516e53dbbe-2-6,3,t,2026-04-17 08:50:22.754
4ca7c0fe-d41a-4bf6-aeae-b11efc6c6021,1319181f-6f3c-435a-b43f-0f1c9db34303,1319181f-6f3c-435a-b43f-0f1c9db34303-2-16,3,t,2026-04-17 08:20:06.107
32379898-dd43-4eb4-8e24-2fe2fb7267c3,dcc976be-efb6-42e4-8847-7d244359e554,dcc976be-efb6-42e4-8847-7d244359e554-2-24,0,f,2026-04-17 08:20:21.659
0e52ded5-177f-4b47-959a-033e3da83a78,e691efa7-d7b7-493d-9a07-64415b0953da,e691efa7-d7b7-493d-9a07-64415b0953da-2-32,0,f,2026-04-17 09:17:53.821
dd771b95-0d9b-4ce5-9865-3ac51189c4b9,1319181f-6f3c-435a-b43f-0f1c9db34303,1319181f-6f3c-435a-b43f-0f1c9db34303-2-17,3,t,2026-04-17 08:21:14.786
d8c5084c-09a5-43e7-b470-255a3c252138,f9fa9b3a-1fc9-45fc-8ff3-e1cec7157c07,f9fa9b3a-1fc9-45fc-8ff3-e1cec7157c07-2-6,3,t,2026-04-17 08:22:10.084
a7e824a2-ecbf-4877-bb52-0de817cab244,dcdda9e0-304b-44cd-8079-3d1d7bfe088a,dcdda9e0-304b-44cd-8079-3d1d7bfe088a-2-4,0,f,2026-04-17 08:22:11.597
09b6701e-e163-49eb-9c96-60a7391e22cd,5c4e6825-9393-45a5-82f2-bbfa1789b3c1,5c4e6825-9393-45a5-82f2-bbfa1789b3c1-2-6,3,t,2026-04-17 08:41:22.701
8f59e285-f670-405b-baa2-6a44ea9e9308,12f07921-83d4-4029-b9f0-0897b7c4abe9,12f07921-83d4-4029-b9f0-0897b7c4abe9-2-26,3,t,2026-04-17 08:38:23.477
11115256-6187-4c5f-89f0-97531bee4d1c,86cf59e4-e80e-41c6-9b0e-7c0b184ab0fc,86cf59e4-e80e-41c6-9b0e-7c0b184ab0fc-2-3,3,t,2026-04-17 08:38:25.53
a5e061b7-8f65-4dab-9f1e-be56eab56cc1,c15fa367-a67a-439c-aa44-3d5413987a82,c15fa367-a67a-439c-aa44-3d5413987a82-2-51,0,f,2026-04-17 08:38:27.564
98f3a12f-386c-4e37-baf1-8bc25da6b8c0,2d6b6626-038e-45ac-b337-005acf831731,2d6b6626-038e-45ac-b337-005acf831731-2-4,0,f,2026-04-17 08:38:38.212
a208991d-142f-46bc-a441-a38ba9355db5,663a5248-8bbc-45e7-8507-40b07a25cdbb,663a5248-8bbc-45e7-8507-40b07a25cdbb-2-7,2,f,2026-04-17 08:39:05.099
afbfb51b-4294-46c4-8592-1b933614b819,33743ba9-3388-48aa-9d68-4a022f127a6e,33743ba9-3388-48aa-9d68-4a022f127a6e-2-16,0,f,2026-04-17 09:04:47.716
1e1df306-6877-4f71-805e-190908b4b8ae,8e22e569-7e6d-405b-ab7c-1e37deaab668,8e22e569-7e6d-405b-ab7c-1e37deaab668-2-1,0,f,2026-04-17 08:39:20.302
e546805b-aeaf-4049-a760-5d6b7e5dad7b,27a69e03-7147-4f1d-8331-650a51e441e2,27a69e03-7147-4f1d-8331-650a51e441e2-2-67,0,f,2026-04-17 08:46:07.318
895f2620-f9f6-44b3-9b7e-9cee78d5af8b,12b01164-8204-4162-a8d5-1c7128b05523,12b01164-8204-4162-a8d5-1c7128b05523-2-9,3,t,2026-04-17 08:40:05.012
91af1b5d-ec57-4c78-8b46-8c3254b13b3d,517abf64-f692-41a3-aa57-199f17b7150a,517abf64-f692-41a3-aa57-199f17b7150a-2-5,3,t,2026-04-17 08:40:45.178
0e57c8bb-a411-4f3c-b1ae-727f301bb5a3,69755a35-d3e1-4d6d-b090-a4075401f6be,69755a35-d3e1-4d6d-b090-a4075401f6be-2-14,3,t,2026-04-17 08:46:37.764
80e6e528-52e5-43b6-b445-999e1e9edfd6,c15c0884-27c8-4e33-9f94-d15539014060,c15c0884-27c8-4e33-9f94-d15539014060-2-12,0,f,2026-04-17 08:46:42.32
773a46a6-a08a-4f5c-969e-982beff3f9a3,f2c67931-ab51-4f09-a434-df3cc4d0f3c9,f2c67931-ab51-4f09-a434-df3cc4d0f3c9-2-6,3,t,2026-04-17 08:49:53.727
a76ce421-5d05-4938-8cc9-d75fadead25f,60f514c4-c7b7-498a-ac4d-72eb6ecb7de4,60f514c4-c7b7-498a-ac4d-72eb6ecb7de4-2-1,3,t,2026-04-17 08:47:37.887
722f8d54-949b-4418-ae0c-1e9e3d95048d,3ed8fc13-d8f6-4f15-a66d-be11fce71626,3ed8fc13-d8f6-4f15-a66d-be11fce71626-2-81,5,t,2026-04-17 08:47:15.604
01e75e65-21f7-4e6f-9cf5-67cd20e01be1,e2dabc7c-955e-44b7-b230-97640bea013e,e2dabc7c-955e-44b7-b230-97640bea013e-2-3,3,t,2026-04-17 08:48:19.316
42a38851-44e3-4c19-92d9-1160a8a92d92,03c72251-350d-4306-90e8-29fb2e7d9820,03c72251-350d-4306-90e8-29fb2e7d9820-2-7,3,t,2026-04-17 08:47:22.815
e7616ab8-ae7e-43e6-88b4-b4b9cfbb722b,27a69e03-7147-4f1d-8331-650a51e441e2,27a69e03-7147-4f1d-8331-650a51e441e2-2-69,0,f,2026-04-17 08:47:23.624
fc4e3c25-0d14-40e0-b09b-35adf95b7e48,0ce229a1-dc58-4760-8475-b76faaa19ffa,0ce229a1-dc58-4760-8475-b76faaa19ffa-2-0,0,f,2026-04-17 08:47:23.717
04ec201d-072a-4a63-acec-ef7397bb548d,116fbde3-d81a-4d0a-a537-39fa3a78dffd,116fbde3-d81a-4d0a-a537-39fa3a78dffd-2-9,2,f,2026-04-17 08:47:27.001
62d59372-4302-4e33-a3c3-5deba5d01e04,bb853852-9b60-4bd7-88a3-63012845d3c9,bb853852-9b60-4bd7-88a3-63012845d3c9-2-1,3,t,2026-04-17 08:47:29.504
1a43b929-90fb-42f0-8e49-bace9ab2921b,359f8bb4-be81-4ca6-97ff-580bc13be414,359f8bb4-be81-4ca6-97ff-580bc13be414-2-9,3,t,2026-04-17 08:47:27.31
4aa67586-ef15-44b1-8c0e-00d436e0b930,517abf64-f692-41a3-aa57-199f17b7150a,517abf64-f692-41a3-aa57-199f17b7150a-2-9,3,t,2026-04-17 08:47:56.972
d15b3195-2b16-48c0-93cd-5723ac3eb03d,5efac7b6-2605-4f18-9a35-2a71e7d6bdc0,5efac7b6-2605-4f18-9a35-2a71e7d6bdc0-2-20,3,t,2026-04-17 08:48:26.867
cdb0f3c6-4a91-4957-a0e4-f6f159729c18,2157b182-d26f-4929-9ea0-d14b0461db32,2157b182-d26f-4929-9ea0-d14b0461db32-2-31,0,f,2026-04-17 08:47:58.537
2cb92f8a-3011-4753-8bcb-3d80c83f5de7,7e427b2a-9406-4473-a854-547395a4f8df,7e427b2a-9406-4473-a854-547395a4f8df-2-4,3,t,2026-04-17 08:48:42.426
7fd7286c-88e8-4a8d-8bf1-39d33c465ee1,c909bd23-7897-4dea-8402-2cca7a3df7c6,c909bd23-7897-4dea-8402-2cca7a3df7c6-2-4,3,t,2026-04-17 08:48:20.789
8f7074ed-cef5-48a8-9833-5b764ec0e94e,14f5e49b-d78a-4b35-93a4-c14dd523a2cb,14f5e49b-d78a-4b35-93a4-c14dd523a2cb-2-15,3,t,2026-04-17 09:09:39.019
ff41acc8-f831-427a-af39-27e082dd9994,0daea515-b946-4a2b-aab3-6ab6d96c0be9,0daea515-b946-4a2b-aab3-6ab6d96c0be9-2-8,0,f,2026-04-17 08:48:59.305
c5bde8cb-798d-415a-8d52-947505a88053,bd262987-52d6-4e1f-acf8-f0b78aa44ee9,bd262987-52d6-4e1f-acf8-f0b78aa44ee9-2-4,0,f,2026-04-17 08:50:13.783
56e8dcbe-62b3-4f14-bf3e-222c7a5e9752,99591e75-8017-4d97-aa79-183d057cde08,99591e75-8017-4d97-aa79-183d057cde08-2-80,0,f,2026-04-17 08:50:52.117
e5e4b323-e0b3-45f5-8922-efa75e8e4c72,ead70ca2-d28d-4b61-bcb9-4ef84c465d57,ead70ca2-d28d-4b61-bcb9-4ef84c465d57-2-6,3,t,2026-04-17 09:04:05.464
8d273caa-80a6-4bf5-bc04-cd2a44b69793,316d0ef9-3596-406f-974d-3d3bb82172a1,316d0ef9-3596-406f-974d-3d3bb82172a1-2-11,3,t,2026-04-17 09:00:08.333
ce37669d-ee5d-4e6e-9859-f52d0c5142b7,23224d87-2a2b-4e43-b601-671930d2ad0c,23224d87-2a2b-4e43-b601-671930d2ad0c-2-19,0,f,2026-04-17 09:05:04.826
4795696a-fa1e-4c56-8cfe-6819ec52f743,e691efa7-d7b7-493d-9a07-64415b0953da,e691efa7-d7b7-493d-9a07-64415b0953da-2-30,0,f,2026-04-17 09:16:36.309
ccd1758a-c511-48a7-bba9-54470e113298,5efac7b6-2605-4f18-9a35-2a71e7d6bdc0,5efac7b6-2605-4f18-9a35-2a71e7d6bdc0-2-3,3,t,2026-04-17 08:22:08.998
8ab46ade-2d46-4709-b9ed-cd12d1e1a698,8417893f-8741-4c11-99cf-a7f3f4111358,8417893f-8741-4c11-99cf-a7f3f4111358-2-7,3,t,2026-04-17 08:20:05.396
910a3c5f-6209-4a85-bfbc-7f15b3662a05,89f21211-eb98-4f18-82ad-3230e9f0ff2b,89f21211-eb98-4f18-82ad-3230e9f0ff2b-2-67,0,f,2026-04-17 08:20:27.132
503d8469-1635-4125-b5fe-70903bd6c023,869341ac-0069-4fc0-8633-3c9aee4b1ea5,869341ac-0069-4fc0-8633-3c9aee4b1ea5-2-1,3,t,2026-04-17 08:22:10.652
87056940-e1ec-4b85-a643-d3c4de58cda6,c61c19e1-d60a-4f35-a113-97ee86c81071,c61c19e1-d60a-4f35-a113-97ee86c81071-2-12,3,t,2026-04-17 08:21:37.008
3a8a3685-feb1-472f-a853-993d4b658694,24eac769-6cb5-45be-a147-81584b0c3661,24eac769-6cb5-45be-a147-81584b0c3661-2-6,3,t,2026-04-17 08:20:44.208
f19918d8-54d5-48fd-9bb6-8ae2cff48949,06e481bf-ddf2-4c37-a992-b0442fe3a25a,06e481bf-ddf2-4c37-a992-b0442fe3a25a-2-21,3,t,2026-04-17 08:20:57.456
1c2795f2-0ef9-4155-bde1-b72245682758,41de605a-5ab7-4bbb-8c2a-28deb3c57f39,41de605a-5ab7-4bbb-8c2a-28deb3c57f39-2-19,3,t,2026-04-17 08:21:50.47
d67624fc-8108-4194-a9f0-097f65f15490,12f07921-83d4-4029-b9f0-0897b7c4abe9,12f07921-83d4-4029-b9f0-0897b7c4abe9-2-20,3,t,2026-04-17 08:23:10.55
b7be0578-dce5-4d2e-981b-68afd32231b7,f44a21be-caea-4540-9d00-dd02a870f154,f44a21be-caea-4540-9d00-dd02a870f154-2-10,3,t,2026-04-17 08:22:29.699
18054ac3-2bf6-47ce-9b39-f64860a4162e,8411cec8-59d6-47e8-b74b-b5523e06d9b2,8411cec8-59d6-47e8-b74b-b5523e06d9b2-2-14,0,f,2026-04-17 08:21:12.831
87041272-8a02-4b68-ae0f-2f5dbcd43ad3,a8b4b170-9e9a-4433-a6d9-4d26d1f4d697,a8b4b170-9e9a-4433-a6d9-4d26d1f4d697-2-5,3,t,2026-04-17 08:21:18.349
6c887e13-f73b-4e4f-b0c6-c643a2e79189,32690833-59f9-430b-9176-44c118b57904,32690833-59f9-430b-9176-44c118b57904-2-17,0,f,2026-04-17 08:23:02.02
70ad5d35-29d2-483e-b0e0-aab517ad38f1,bbf30bbe-45d5-4dec-b2b3-f903b2d10658,bbf30bbe-45d5-4dec-b2b3-f903b2d10658-2-68,0,f,2026-04-17 08:21:55.215
e5c3c031-3cc5-4bb5-91f5-d7eea07b7682,70cc4a4d-99eb-4423-8c03-9ed6f07ac880,70cc4a4d-99eb-4423-8c03-9ed6f07ac880-2-4,3,t,2026-04-17 08:21:28.08
f2e7efc7-8c84-4e71-a1dd-6bf6f567b262,483834b8-4dd8-48f3-b7e1-c4de54c5079a,483834b8-4dd8-48f3-b7e1-c4de54c5079a-2-10,3,t,2026-04-17 08:24:02.866
9ed87b82-13d7-4fa6-acfa-fb3b5a2cdf41,2b834e56-49d1-4cf2-b41d-df797dd4d34f,2b834e56-49d1-4cf2-b41d-df797dd4d34f-2-3,3,t,2026-04-17 08:24:49.339
d42aabae-4d3c-4ac1-824c-4cab815f5cb7,dafa66ec-d66e-4e78-81c0-18163c4768c9,dafa66ec-d66e-4e78-81c0-18163c4768c9-2-22,3,t,2026-04-17 08:25:29.307
f7db0cb1-1edd-4c86-85f6-d110b22f563a,dafa66ec-d66e-4e78-81c0-18163c4768c9,dafa66ec-d66e-4e78-81c0-18163c4768c9-2-21,3,t,2026-04-17 08:21:56.825
6294b267-e096-42df-9adb-b60e316f462b,6f338d94-781d-476d-beb8-d7e612e1eb54,6f338d94-781d-476d-beb8-d7e612e1eb54-2-7,3,t,2026-04-17 08:23:36.485
3a0ecc23-2463-4e77-b5ec-e40f6f21d213,a8b4b170-9e9a-4433-a6d9-4d26d1f4d697,a8b4b170-9e9a-4433-a6d9-4d26d1f4d697-2-6,3,t,2026-04-17 08:22:30.388
29d30c7f-f6ce-49fe-880b-444cd44d7bdc,67020039-958b-47ea-92fb-8440e69e788d,67020039-958b-47ea-92fb-8440e69e788d-2-6,3,t,2026-04-17 08:23:30.875
f7c81a14-461f-4b4c-91fe-fefecd8b087e,e691efa7-d7b7-493d-9a07-64415b0953da,e691efa7-d7b7-493d-9a07-64415b0953da-2-15,3,t,2026-04-17 08:22:31.333
c59a91da-ef12-4e72-8e39-8ef831c2409a,ba4fc8de-42f0-49e4-9f0a-1d8fbe4e7c38,ba4fc8de-42f0-49e4-9f0a-1d8fbe4e7c38-2-17,3,t,2026-04-17 08:22:14.927
30dd5efa-62f3-4692-b749-c1b3a9471ed1,6c16aba8-4cc7-4d11-8121-3178a8de1659,6c16aba8-4cc7-4d11-8121-3178a8de1659-2-13,3,t,2026-04-17 08:22:18.412
d413b57b-4756-4692-88c2-5e7eb7d6517f,b66ee3c7-3a78-4687-9886-df1e51a8a5b3,b66ee3c7-3a78-4687-9886-df1e51a8a5b3-2-12,3,t,2026-04-17 08:22:50.825
6b2abe68-069a-43b5-a606-bdc0532a4448,c696162d-add8-4d23-812d-b07e7b17d6a6,c696162d-add8-4d23-812d-b07e7b17d6a6-2-2,0,f,2026-04-17 08:22:24.838
db4fce8b-7a5a-4c76-bc49-eafbc4b918d8,963fec59-78ac-420b-9d9e-84e6bae46cd0,963fec59-78ac-420b-9d9e-84e6bae46cd0-2-1,3,t,2026-04-17 08:22:52.489
eb1485c1-59b2-4b31-bcc5-c9b6e2b6c146,dcdda9e0-304b-44cd-8079-3d1d7bfe088a,dcdda9e0-304b-44cd-8079-3d1d7bfe088a-2-5,3,t,2026-04-17 08:22:52.223
41511f53-632f-4e3e-a87e-d85e6058549c,24eac769-6cb5-45be-a147-81584b0c3661,24eac769-6cb5-45be-a147-81584b0c3661-2-20,3,t,2026-04-17 08:23:23.425
91b18970-6db9-499d-9eac-23e6e61a4d0f,70cc4a4d-99eb-4423-8c03-9ed6f07ac880,70cc4a4d-99eb-4423-8c03-9ed6f07ac880-2-6,3,t,2026-04-17 08:22:57.331
6add9515-61e8-41ae-8d37-69da3b713fd6,27a69e03-7147-4f1d-8331-650a51e441e2,27a69e03-7147-4f1d-8331-650a51e441e2-2-20,3,t,2026-04-17 08:23:14.473
3a0e0e49-a0fb-4efd-86c0-fbb040e307fb,1319181f-6f3c-435a-b43f-0f1c9db34303,1319181f-6f3c-435a-b43f-0f1c9db34303-2-18,0,f,2026-04-17 08:23:24.458
7ae4332c-e642-448f-924d-8aba3ad171fc,5cd68e5e-40c7-4593-a8e9-9ee89538ccff,5cd68e5e-40c7-4593-a8e9-9ee89538ccff-2-22,3,t,2026-04-17 08:24:07.816
ff341016-e01f-42f6-9205-6229cb811449,275b1411-4cf7-4137-be56-4fe1741fbd49,275b1411-4cf7-4137-be56-4fe1741fbd49-2-102,0,f,2026-04-17 08:23:33.37
e0d3fa8d-f6a6-438f-b68b-2f04e5712d8e,0f87f5ca-90be-407a-a6fe-4bdea6c80f5a,0f87f5ca-90be-407a-a6fe-4bdea6c80f5a-2-1,3,t,2026-04-17 08:24:23.123
4437e703-5a06-4e8c-a325-bd3434b38857,b4c5c04b-ee8f-4aba-95d4-0b2ca4146623,b4c5c04b-ee8f-4aba-95d4-0b2ca4146623-2-5,3,t,2026-04-17 08:26:15.31
4357c642-8e14-400b-bafe-156a216972b8,3de4071d-6ac3-4ee3-a5c2-9b21e67ff4b5,3de4071d-6ac3-4ee3-a5c2-9b21e67ff4b5-2-1,3,t,2026-04-17 08:25:48.132
2658dae3-eba0-49f4-b6f0-62fb48e6533e,36ee50db-b493-43dc-b9d7-51cc4f4916e0,36ee50db-b493-43dc-b9d7-51cc4f4916e0-2-2,3,t,2026-04-17 08:25:52.3
34ec148b-5aef-43f8-95c8-a3faf8c85076,a5f0dbbf-8f52-4dba-8cfe-f9380f1dd904,a5f0dbbf-8f52-4dba-8cfe-f9380f1dd904-2-19,3,t,2026-04-17 08:25:36.329
8f7f327c-ed4b-449a-a6ba-7a1bf351c6c5,d6c40f95-78a4-41ff-99ca-92ada2fa7a25,d6c40f95-78a4-41ff-99ca-92ada2fa7a25-2-1,3,t,2026-04-17 08:25:21.901
431f4a86-19a7-4954-971f-7e09b6b99e87,f9fa9b3a-1fc9-45fc-8ff3-e1cec7157c07,f9fa9b3a-1fc9-45fc-8ff3-e1cec7157c07-2-7,2,f,2026-04-17 08:25:20.319
29d57aa9-0358-44e5-b230-f298af245f4b,33a61d52-3347-4686-871d-f0eee1598765,33a61d52-3347-4686-871d-f0eee1598765-2-6,2,f,2026-04-17 08:25:23.135
ff65bc51-a38b-466e-8291-9585b2ad487b,dcc976be-efb6-42e4-8847-7d244359e554,dcc976be-efb6-42e4-8847-7d244359e554-2-28,0,f,2026-04-17 08:25:26.55
236bcad6-a2a7-4f92-b436-af5e2f51004a,3ba4307f-c0ed-4239-bbda-f35ba419d93a,3ba4307f-c0ed-4239-bbda-f35ba419d93a-2-0,0,f,2026-04-17 08:26:06.556
0429767e-0d76-4333-9bec-342be31b87ea,ee1ddb42-de6a-49f7-aa87-acabfa831b8c,ee1ddb42-de6a-49f7-aa87-acabfa831b8c-2-29,0,f,2026-04-17 08:26:39.486
9ce5f39f-172b-4af6-a54c-6e160757e03d,e5281933-cab1-4a55-98f0-8ebee5451ee5,e5281933-cab1-4a55-98f0-8ebee5451ee5-2-42,0,f,2026-04-17 08:58:26.126
5dd376f9-fc05-4b28-b548-07afb18cafad,27a69e03-7147-4f1d-8331-650a51e441e2,27a69e03-7147-4f1d-8331-650a51e441e2-2-28,0,f,2026-04-17 08:25:16.384
43234784-0fa8-4583-ac56-213c1e1e5340,89f21211-eb98-4f18-82ad-3230e9f0ff2b,89f21211-eb98-4f18-82ad-3230e9f0ff2b-2-76,0,f,2026-04-17 08:24:05.628
0bbb2213-1512-4b6f-8523-0990189e3613,1319181f-6f3c-435a-b43f-0f1c9db34303,1319181f-6f3c-435a-b43f-0f1c9db34303-2-20,3,t,2026-04-17 08:25:25.228
c5057b0c-9e07-4ef2-94bb-f929af537eb6,963fec59-78ac-420b-9d9e-84e6bae46cd0,963fec59-78ac-420b-9d9e-84e6bae46cd0-2-6,1,f,2026-04-17 08:38:20.75
ac3a1bba-5ec0-40ca-9278-868a114f01e7,dcdda9e0-304b-44cd-8079-3d1d7bfe088a,dcdda9e0-304b-44cd-8079-3d1d7bfe088a-2-6,3,t,2026-04-17 08:24:07.479
b05823ff-891c-4242-9822-4a1319758baa,8746ac05-8a8c-4f13-973b-9d3588b114ff,8746ac05-8a8c-4f13-973b-9d3588b114ff-2-0,0,f,2026-04-17 08:25:28.155
810b741e-fa82-4252-8971-d32f76d5adcb,6c16aba8-4cc7-4d11-8121-3178a8de1659,6c16aba8-4cc7-4d11-8121-3178a8de1659-2-14,3,t,2026-04-17 08:24:12.305
1c15d36f-b247-4b9b-a91b-54a78292e1cc,275b1411-4cf7-4137-be56-4fe1741fbd49,275b1411-4cf7-4137-be56-4fe1741fbd49-2-103,0,f,2026-04-17 08:24:15.619
29567c5e-8b3b-4a06-bd24-ce90b2435a0d,c15fa367-a67a-439c-aa44-3d5413987a82,c15fa367-a67a-439c-aa44-3d5413987a82-2-20,0,f,2026-04-17 08:24:20.59
85ad3ec9-fe3c-4663-a220-406eb03d11c9,14c88034-f5c1-4455-8b1a-ccfcffb86a31,14c88034-f5c1-4455-8b1a-ccfcffb86a31-2-7,3,t,2026-04-17 08:25:28.295
953412da-9251-46f5-ab0f-693e803a19b5,bdfbbf0a-e44e-4f66-a792-297d42655f85,bdfbbf0a-e44e-4f66-a792-297d42655f85-2-2,3,t,2026-04-17 08:24:47.455
7d62a920-3439-43c0-a766-555f7058ec49,275b1411-4cf7-4137-be56-4fe1741fbd49,275b1411-4cf7-4137-be56-4fe1741fbd49-2-105,1,f,2026-04-17 08:24:55.396
a085daf8-4fb5-46cd-a3c7-dc221c023354,9a5dd319-7f52-44e3-a8e5-41dea86e80db,9a5dd319-7f52-44e3-a8e5-41dea86e80db-2-10,3,t,2026-04-17 08:27:07.657
ae73e3a6-3add-4b50-934f-072aff3bc1e6,d3f2605e-dc00-465c-a66a-1fe00bae1bc8,d3f2605e-dc00-465c-a66a-1fe00bae1bc8-2-8,3,t,2026-04-17 08:24:59.23
a7017d72-bf94-46d9-860d-338b350b85b0,e691efa7-d7b7-493d-9a07-64415b0953da,e691efa7-d7b7-493d-9a07-64415b0953da-2-17,3,t,2026-04-17 08:27:46.122
8f4fdf51-ee8d-424c-a7ad-bc178f4df2bd,99591e75-8017-4d97-aa79-183d057cde08,99591e75-8017-4d97-aa79-183d057cde08-2-61,4,t,2026-04-17 08:25:00.84
49931d19-8bbc-4ed0-8a55-a1281810e1a5,37609e0d-8088-41d9-89bb-cdd5b35b65e0,37609e0d-8088-41d9-89bb-cdd5b35b65e0-2-5,3,t,2026-04-17 08:54:42.692
eafc56e4-bf59-4bc9-938c-674cb96b6843,70cc4a4d-99eb-4423-8c03-9ed6f07ac880,70cc4a4d-99eb-4423-8c03-9ed6f07ac880-2-7,3,t,2026-04-17 08:25:02.474
180d2b98-c864-47c5-8a11-48e1ded655c8,1e4d7928-481a-4e8d-ad61-a9ffbbaa5374,1e4d7928-481a-4e8d-ad61-a9ffbbaa5374-2-5,0,f,2026-04-17 08:38:52.452
021e9795-5d97-4c66-a20d-a91a86f2527e,fad6dba6-af87-465e-b625-c5818010936b,fad6dba6-af87-465e-b625-c5818010936b-2-5,3,t,2026-04-17 08:38:55.528
53ce622f-15c1-4675-b9a0-325c2f869b31,7b2fc2f3-7bed-4c31-81a9-2ec17d2a01ed,7b2fc2f3-7bed-4c31-81a9-2ec17d2a01ed-2-6,3,t,2026-04-17 08:48:15.953
d841a0d6-0d03-4bad-bf51-6fbede0c5627,c61c19e1-d60a-4f35-a113-97ee86c81071,c61c19e1-d60a-4f35-a113-97ee86c81071-2-13,3,t,2026-04-17 08:25:13.618
2c6f9579-4797-476a-8b01-013b9d78aa40,03c72251-350d-4306-90e8-29fb2e7d9820,03c72251-350d-4306-90e8-29fb2e7d9820-2-9,3,t,2026-04-17 08:48:16.196
e2408e4b-d1f1-4d36-91cc-d0b66e4351f4,14f5e49b-d78a-4b35-93a4-c14dd523a2cb,14f5e49b-d78a-4b35-93a4-c14dd523a2cb-2-13,3,t,2026-04-17 08:39:04.127
1e047556-12e8-4525-9cf6-2526cb268a84,f499e6e9-1ef7-4fce-b385-25fb1fc992f6,f499e6e9-1ef7-4fce-b385-25fb1fc992f6-2-2,3,t,2026-04-17 08:39:04.704
6bacc1b8-dbe3-443a-81aa-3c6a78a8504d,9a9af92a-7c5d-49ec-953f-9f230f9c3bc5,9a9af92a-7c5d-49ec-953f-9f230f9c3bc5-2-1,3,t,2026-04-17 08:39:42.338
2a05e22d-3be0-4623-b21c-5123310b2b62,a276db23-8b57-4fb8-bc06-59bbf14f7100,a276db23-8b57-4fb8-bc06-59bbf14f7100-2-3,3,t,2026-04-17 08:52:24.119
43176054-39bf-429a-b283-439b4b911ca3,9fad1346-db17-4e69-9f23-78eebc0077db,9fad1346-db17-4e69-9f23-78eebc0077db-2-1,3,t,2026-04-17 08:40:07.747
00ef32b3-8465-451e-96ee-39a16bdaefd3,1319181f-6f3c-435a-b43f-0f1c9db34303,1319181f-6f3c-435a-b43f-0f1c9db34303-2-82,0,f,2026-04-17 08:48:01.032
d21f4139-22a4-4ead-8cb1-87514a1b3283,4626347f-a937-4b7f-8da9-b4a98783e145,4626347f-a937-4b7f-8da9-b4a98783e145-2-1,3,t,2026-04-17 08:53:55.888
c5737565-bf49-45b9-a809-c5567ab6ce5c,5f297ad6-4f5c-4a11-b0c4-ff94caaa89bf,5f297ad6-4f5c-4a11-b0c4-ff94caaa89bf-2-1,1,f,2026-04-17 08:52:40.893
c8b4be52-a1a1-450a-8893-daf1d2115e7b,86cf59e4-e80e-41c6-9b0e-7c0b184ab0fc,86cf59e4-e80e-41c6-9b0e-7c0b184ab0fc-2-10,3,t,2026-04-17 08:54:19.748
e1db08d9-a08c-45dd-a3e6-2c91306ea703,70cc4a4d-99eb-4423-8c03-9ed6f07ac880,70cc4a4d-99eb-4423-8c03-9ed6f07ac880-2-56,3,t,2026-04-17 08:53:00.076
c348ac35-82c6-44d9-846c-8d961c02aa36,bb853852-9b60-4bd7-88a3-63012845d3c9,bb853852-9b60-4bd7-88a3-63012845d3c9-2-3,3,t,2026-04-17 08:59:41.509
af296f5c-bcc1-426d-9451-23932519fc7d,57fd170e-8fcf-425e-aafb-34331dbe4494,57fd170e-8fcf-425e-aafb-34331dbe4494-2-4,3,t,2026-04-17 08:54:35.182
8c7dfcfe-6620-48b7-938c-f433ed94a44b,0ce229a1-dc58-4760-8475-b76faaa19ffa,0ce229a1-dc58-4760-8475-b76faaa19ffa-2-2,3,t,2026-04-17 08:57:39.633
54443aa6-1f26-4a6f-a62f-a07a6f3816e8,b8ebf3ec-b6c7-4648-a49a-af83302cab8c,b8ebf3ec-b6c7-4648-a49a-af83302cab8c-2-37,0,f,2026-04-17 08:56:16.312
bf432da0-0623-4301-b62b-58bb03b41342,5447cc7a-9630-4dc1-a474-fca1ddf341e6,5447cc7a-9630-4dc1-a474-fca1ddf341e6-2-6,2,f,2026-04-17 08:56:23.756
87cae306-3056-4fd0-bd74-1ac95198c3aa,f5e2ef8c-4e28-4665-b659-8de68ae205cd,f5e2ef8c-4e28-4665-b659-8de68ae205cd-2-0,3,t,2026-04-17 08:56:35.882
9b2c9c86-4df3-427e-be0c-09fbc77a0845,7b350d11-7774-4d4f-9b2d-3721b7c4c72d,7b350d11-7774-4d4f-9b2d-3721b7c4c72d-2-2,3,t,2026-04-17 08:56:36.595
9c23fa76-abff-42d7-a6af-e71777e89129,c909bd23-7897-4dea-8402-2cca7a3df7c6,c909bd23-7897-4dea-8402-2cca7a3df7c6-2-10,3,t,2026-04-17 08:56:41.509
94ff1b57-3423-4ad2-bf44-2953ca258082,4626347f-a937-4b7f-8da9-b4a98783e145,4626347f-a937-4b7f-8da9-b4a98783e145-2-6,3,t,2026-04-17 08:57:36.515
847f245c-ee58-4767-8627-c23c83ba6baf,7b2fc2f3-7bed-4c31-81a9-2ec17d2a01ed,7b2fc2f3-7bed-4c31-81a9-2ec17d2a01ed-2-23,0,f,2026-04-17 08:56:45.62
b919edff-106b-41e8-b8a5-aa182d6ac99d,2e13985a-37c2-46b1-a116-d696630cc868,2e13985a-37c2-46b1-a116-d696630cc868-2-38,0,f,2026-04-17 09:20:38.243
4532d771-735a-48c7-bb4c-199f29fdab99,41e44d4e-ed4b-41b7-851a-04be3bf4f9ec,41e44d4e-ed4b-41b7-851a-04be3bf4f9ec-2-3,3,t,2026-04-17 08:57:54.967
c17cb25e-cd99-4296-8c96-9b089fd02388,e5281933-cab1-4a55-98f0-8ebee5451ee5,e5281933-cab1-4a55-98f0-8ebee5451ee5-2-41,0,f,2026-04-17 08:58:01.037
8531d0f6-a196-43e4-a9ab-fb3231b4ed1b,e3a08443-dd2c-43bf-894d-e428f9cdb716,e3a08443-dd2c-43bf-894d-e428f9cdb716-2-18,0,f,2026-04-17 08:57:44.434
03a226b7-6a2d-4697-a3c9-e2314893db88,006eee1f-7c23-4324-b8e0-3234d930131f,006eee1f-7c23-4324-b8e0-3234d930131f-2-7,0,f,2026-04-17 09:01:51.898
3446cba4-a88f-4208-b676-544c6efad4a5,f6c99088-8b12-4bb0-a68c-2d2bcb90282b,f6c99088-8b12-4bb0-a68c-2d2bcb90282b-2-21,3,t,2026-04-17 08:24:22.796
b3d7d218-e0c9-44eb-95ce-b5a3deb03ef8,27a69e03-7147-4f1d-8331-650a51e441e2,27a69e03-7147-4f1d-8331-650a51e441e2-2-31,3,t,2026-04-17 08:26:36.053
144a460f-6bd4-4910-967b-d7b2bb32ae0f,f44a21be-caea-4540-9d00-dd02a870f154,f44a21be-caea-4540-9d00-dd02a870f154-2-11,3,t,2026-04-17 08:24:27.383
17dfbff1-dcd3-4af4-9c5e-7f512d56b7b1,9a9af92a-7c5d-49ec-953f-9f230f9c3bc5,9a9af92a-7c5d-49ec-953f-9f230f9c3bc5-2-0,3,t,2026-04-17 08:26:05.158
ad7d2497-e496-4d23-9acc-a4f3f2798804,12f07921-83d4-4029-b9f0-0897b7c4abe9,12f07921-83d4-4029-b9f0-0897b7c4abe9-2-9,3,t,2026-04-17 08:24:32.267
28219f73-beba-49bb-8c27-728404c146b5,275b1411-4cf7-4137-be56-4fe1741fbd49,275b1411-4cf7-4137-be56-4fe1741fbd49-2-104,0,f,2026-04-17 08:24:50.952
3c9ab040-f4da-47a2-bd87-9ad65acddf21,8417893f-8741-4c11-99cf-a7f3f4111358,8417893f-8741-4c11-99cf-a7f3f4111358-2-18,3,t,2026-04-17 08:26:05.594
526b0bf5-3f47-444d-936e-bd91e51a1640,bbf30bbe-45d5-4dec-b2b3-f903b2d10658,bbf30bbe-45d5-4dec-b2b3-f903b2d10658-2-72,3,t,2026-04-17 08:24:58.053
ca98b4c3-226b-4ac8-803b-532976103635,f44a21be-caea-4540-9d00-dd02a870f154,f44a21be-caea-4540-9d00-dd02a870f154-2-16,3,t,2026-04-17 08:27:06.108
67fe262d-ba2d-461d-902d-41c9111dcc0f,24eac769-6cb5-45be-a147-81584b0c3661,24eac769-6cb5-45be-a147-81584b0c3661-2-23,3,t,2026-04-17 08:25:00.868
095ef896-2514-4b86-b7ef-eba5ade557a0,c696162d-add8-4d23-812d-b07e7b17d6a6,c696162d-add8-4d23-812d-b07e7b17d6a6-2-3,0,f,2026-04-17 08:26:13.324
db8d359c-63d0-45ed-b195-78cf92ef1748,038ba9c9-05c2-44a3-9f33-21941d6b13d3,038ba9c9-05c2-44a3-9f33-21941d6b13d3-2-0,3,t,2026-04-17 08:25:06.037
9a993dd4-158b-447f-b3b1-9c19065a1bdc,f44a21be-caea-4540-9d00-dd02a870f154,f44a21be-caea-4540-9d00-dd02a870f154-2-15,3,t,2026-04-17 08:26:59.701
2d2f1d12-109c-4f4b-9d60-65a829e6e80e,bbf30bbe-45d5-4dec-b2b3-f903b2d10658,bbf30bbe-45d5-4dec-b2b3-f903b2d10658-2-73,0,f,2026-04-17 08:26:16.447
d9098508-73be-4855-9dc6-1893b85c6b57,ba4fc8de-42f0-49e4-9f0a-1d8fbe4e7c38,ba4fc8de-42f0-49e4-9f0a-1d8fbe4e7c38-2-19,3,t,2026-04-17 08:25:29.069
22dedac3-dd0f-4a01-bf2d-c874d87964b0,5cd68e5e-40c7-4593-a8e9-9ee89538ccff,5cd68e5e-40c7-4593-a8e9-9ee89538ccff-2-27,0,f,2026-04-17 08:25:51.638
f1103f4b-0328-4005-868b-b24a400402e3,5efac7b6-2605-4f18-9a35-2a71e7d6bdc0,5efac7b6-2605-4f18-9a35-2a71e7d6bdc0-2-6,3,t,2026-04-17 08:26:46.382
31419ade-654e-4e08-969f-b25c02a9a4b1,a5f0dbbf-8f52-4dba-8cfe-f9380f1dd904,a5f0dbbf-8f52-4dba-8cfe-f9380f1dd904-2-14,3,t,2026-04-17 08:25:54.411
ac4b5caf-1001-4be0-8d1f-e68cbb9d44c9,06e481bf-ddf2-4c37-a992-b0442fe3a25a,06e481bf-ddf2-4c37-a992-b0442fe3a25a-2-31,0,f,2026-04-17 08:25:58.948
b3a04c96-8e1b-47aa-acb1-94e1d67b97ae,c61c19e1-d60a-4f35-a113-97ee86c81071,c61c19e1-d60a-4f35-a113-97ee86c81071-2-14,3,t,2026-04-17 08:26:19.932
02ecc9ad-2d51-4665-af8c-45db56d34e01,24eac769-6cb5-45be-a147-81584b0c3661,24eac769-6cb5-45be-a147-81584b0c3661-2-27,4,t,2026-04-17 08:36:21.67
9d6390cf-67f1-40b9-96c2-f51f2f34d7e6,f44a21be-caea-4540-9d00-dd02a870f154,f44a21be-caea-4540-9d00-dd02a870f154-2-12,3,t,2026-04-17 08:26:40.446
471b0e07-16c0-4567-8f50-fd2433ecac15,a5f0dbbf-8f52-4dba-8cfe-f9380f1dd904,a5f0dbbf-8f52-4dba-8cfe-f9380f1dd904-2-24,3,t,2026-04-17 08:26:46.594
2a839fb2-48b3-442b-910b-a084d44d83d6,c152cba1-4efe-43be-b5e5-27d69079d29e,c152cba1-4efe-43be-b5e5-27d69079d29e-2-15,0,f,2026-04-17 08:26:43.125
8f19be5e-23de-40fe-8ae8-b75d6930e892,33743ba9-3388-48aa-9d68-4a022f127a6e,33743ba9-3388-48aa-9d68-4a022f127a6e-2-1,3,t,2026-04-17 08:26:43.999
563e543b-8601-41ba-8bd1-51a66071d56c,2d6b6626-038e-45ac-b337-005acf831731,2d6b6626-038e-45ac-b337-005acf831731-2-0,3,t,2026-04-17 08:26:55.43
bfb20456-ea24-4c36-b290-cc8af85aeb50,ba4fc8de-42f0-49e4-9f0a-1d8fbe4e7c38,ba4fc8de-42f0-49e4-9f0a-1d8fbe4e7c38-2-20,3,t,2026-04-17 08:27:27.769
1105e271-fd1e-423c-b958-f662e4980ac6,f44a21be-caea-4540-9d00-dd02a870f154,f44a21be-caea-4540-9d00-dd02a870f154-2-13,3,t,2026-04-17 08:26:46.32
a8ae65eb-06ec-44a2-8592-a05fb0ed8b75,f44a21be-caea-4540-9d00-dd02a870f154,f44a21be-caea-4540-9d00-dd02a870f154-2-14,3,t,2026-04-17 08:26:52.743
71d69be3-035e-42d0-96ef-9fe0f615b829,a8b4b170-9e9a-4433-a6d9-4d26d1f4d697,a8b4b170-9e9a-4433-a6d9-4d26d1f4d697-2-9,3,t,2026-04-17 08:26:59.492
1467b311-18d1-490f-a47f-000750eed985,06e481bf-ddf2-4c37-a992-b0442fe3a25a,06e481bf-ddf2-4c37-a992-b0442fe3a25a-2-33,4,t,2026-04-17 08:27:04.533
67406913-1f2f-40fa-a0a8-30aacd0a61fb,70cc4a4d-99eb-4423-8c03-9ed6f07ac880,70cc4a4d-99eb-4423-8c03-9ed6f07ac880-2-10,3,t,2026-04-17 08:27:03.034
6ce380c7-252c-4fef-85f7-5c0a4b1e1cfc,12f07921-83d4-4029-b9f0-0897b7c4abe9,12f07921-83d4-4029-b9f0-0897b7c4abe9-2-18,3,t,2026-04-17 08:27:08.28
700cc0d4-9593-4fa3-b0aa-2a1919dd02f6,a5f0dbbf-8f52-4dba-8cfe-f9380f1dd904,a5f0dbbf-8f52-4dba-8cfe-f9380f1dd904-2-34,3,t,2026-04-17 08:27:11.95
7952dbfc-5957-4e62-907c-3331e99d6932,5c4e6825-9393-45a5-82f2-bbfa1789b3c1,5c4e6825-9393-45a5-82f2-bbfa1789b3c1-2-1,3,t,2026-04-17 08:29:41.824
289dcf3e-c014-40c1-9bc2-c7d14d255ba9,8411cec8-59d6-47e8-b74b-b5523e06d9b2,8411cec8-59d6-47e8-b74b-b5523e06d9b2-2-20,3,t,2026-04-17 08:27:45.975
035c1b4c-a187-49dc-be6f-dcb2614c2fa3,06e481bf-ddf2-4c37-a992-b0442fe3a25a,06e481bf-ddf2-4c37-a992-b0442fe3a25a-2-34,0,f,2026-04-17 08:28:05.815
1781c72d-ec83-40e5-975e-8cf85cf69bee,d6c40f95-78a4-41ff-99ca-92ada2fa7a25,d6c40f95-78a4-41ff-99ca-92ada2fa7a25-2-3,3,t,2026-04-17 08:36:52.55
72dd9cdc-74e5-4b71-b1b3-a0b1df165739,c696162d-add8-4d23-812d-b07e7b17d6a6,c696162d-add8-4d23-812d-b07e7b17d6a6-2-4,0,f,2026-04-17 08:27:27.286
17b40399-949b-4acc-9fee-2b06387c8b72,32690833-59f9-430b-9176-44c118b57904,32690833-59f9-430b-9176-44c118b57904-2-21,3,t,2026-04-17 08:27:57.855
14438143-49ed-4551-97aa-0afd7963247c,b8ebf3ec-b6c7-4648-a49a-af83302cab8c,b8ebf3ec-b6c7-4648-a49a-af83302cab8c-2-78,0,f,2026-04-17 08:27:27.575
ecdbe2ff-e094-46c0-bf01-f28a566d1040,12b01164-8204-4162-a8d5-1c7128b05523,12b01164-8204-4162-a8d5-1c7128b05523-2-0,0,f,2026-04-17 08:27:32.519
355f1ce7-a5ba-4c36-8902-64ad2233b7b5,1319181f-6f3c-435a-b43f-0f1c9db34303,1319181f-6f3c-435a-b43f-0f1c9db34303-2-22,0,f,2026-04-17 08:27:37.688
a7b51086-6acf-4aad-80b3-81c5546e0298,d3f2605e-dc00-465c-a66a-1fe00bae1bc8,d3f2605e-dc00-465c-a66a-1fe00bae1bc8-2-10,3,t,2026-04-17 08:28:00.302
3ac69d6e-9b8b-4052-ad40-5d8a370a5786,fa756c53-780a-4bf9-8913-0c4c9e277df3,fa756c53-780a-4bf9-8913-0c4c9e277df3-2-1,3,t,2026-04-17 08:28:30.163
70806906-69ea-46da-b4cf-6146644786be,41de605a-5ab7-4bbb-8c2a-28deb3c57f39,41de605a-5ab7-4bbb-8c2a-28deb3c57f39-2-20,3,t,2026-04-17 08:29:10.563
8774094b-3d18-47fc-ad1a-42dfde6bc0c4,dafa66ec-d66e-4e78-81c0-18163c4768c9,dafa66ec-d66e-4e78-81c0-18163c4768c9-2-24,3,t,2026-04-17 08:29:12.578
9a8d82ad-ea22-4979-bc1a-7f3d63b7aae4,fad6dba6-af87-465e-b625-c5818010936b,fad6dba6-af87-465e-b625-c5818010936b-2-1,0,f,2026-04-17 08:28:06.123
81e69e67-344f-4bec-8efe-9f645853da18,a5f0dbbf-8f52-4dba-8cfe-f9380f1dd904,a5f0dbbf-8f52-4dba-8cfe-f9380f1dd904-2-33,4,t,2026-04-17 08:27:23.906
c9ea1b84-dcf2-4692-853d-4964bdd649e2,a5f0dbbf-8f52-4dba-8cfe-f9380f1dd904,a5f0dbbf-8f52-4dba-8cfe-f9380f1dd904-2-20,3,t,2026-04-17 08:27:58.681
4c95ec38-0ae2-468c-a919-dd0a060aa886,ead70ca2-d28d-4b61-bcb9-4ef84c465d57,ead70ca2-d28d-4b61-bcb9-4ef84c465d57-2-1,3,t,2026-04-17 08:34:57.204
50b5cecd-d4ad-4772-af67-f06d40e9b28a,a5f0dbbf-8f52-4dba-8cfe-f9380f1dd904,a5f0dbbf-8f52-4dba-8cfe-f9380f1dd904-2-26,3,t,2026-04-17 08:27:33.173
80c4bcb5-c29b-4a03-be6b-8ee85b6f811d,a8b4b170-9e9a-4433-a6d9-4d26d1f4d697,a8b4b170-9e9a-4433-a6d9-4d26d1f4d697-2-10,0,f,2026-04-17 08:27:37.557
818ae2d9-ed5a-4883-9d49-adf636dd7988,cfcb0c94-546d-4aea-b51f-6523e622e10f,cfcb0c94-546d-4aea-b51f-6523e622e10f-2-6,3,t,2026-04-17 08:40:00.408
d852d654-dd3d-4479-b6cf-2341bc02705d,0fedeb0b-ce3d-4ea2-be98-c8ea8439b673,0fedeb0b-ce3d-4ea2-be98-c8ea8439b673-2-0,3,t,2026-04-17 08:36:48.599
3829c34e-1c10-4537-9a74-abe5d91ab88a,f44a21be-caea-4540-9d00-dd02a870f154,f44a21be-caea-4540-9d00-dd02a870f154-2-18,3,t,2026-04-17 08:28:09.286
02328331-1c9d-41dd-9e31-cffd56d01b03,898dbad1-1cdd-4af8-9c02-2bd3e137e931,898dbad1-1cdd-4af8-9c02-2bd3e137e931-2-3,2,f,2026-04-17 08:28:49.782
1d91ea45-4d9b-493d-bf57-aca37286bdc1,a5f0dbbf-8f52-4dba-8cfe-f9380f1dd904,a5f0dbbf-8f52-4dba-8cfe-f9380f1dd904-2-27,6,t,2026-04-17 08:27:40.222
ccbbbfe9-4942-4105-a338-17b938ef03b1,70cc4a4d-99eb-4423-8c03-9ed6f07ac880,70cc4a4d-99eb-4423-8c03-9ed6f07ac880-2-8,3,t,2026-04-17 08:28:10.872
ae306390-97c7-497c-b54d-f905ef8679b5,a5f0dbbf-8f52-4dba-8cfe-f9380f1dd904,a5f0dbbf-8f52-4dba-8cfe-f9380f1dd904-2-22,3,t,2026-04-17 08:27:45.122
57f8a5bd-f2ef-46b1-afce-9f40517f51db,27a69e03-7147-4f1d-8331-650a51e441e2,27a69e03-7147-4f1d-8331-650a51e441e2-2-42,3,t,2026-04-17 08:29:12.325
307ca384-7fbd-4777-b961-d9bf1612bccb,483834b8-4dd8-48f3-b7e1-c4de54c5079a,483834b8-4dd8-48f3-b7e1-c4de54c5079a-2-13,3,t,2026-04-17 08:28:13.612
da2d4008-0240-4ce2-b92e-dc6351e17a12,a5f0dbbf-8f52-4dba-8cfe-f9380f1dd904,a5f0dbbf-8f52-4dba-8cfe-f9380f1dd904-2-21,3,t,2026-04-17 08:27:52.179
918110bc-0d8e-46d7-8941-b0c741101cc4,2d6b6626-038e-45ac-b337-005acf831731,2d6b6626-038e-45ac-b337-005acf831731-2-1,0,f,2026-04-17 08:28:15.823
07b24c2e-7ae3-4dfc-a019-bffc8829b0e0,a2dfb5d8-c9ca-4757-b2a8-f13e7dee26b2,a2dfb5d8-c9ca-4757-b2a8-f13e7dee26b2-2-5,3,t,2026-04-17 08:29:24.359
eaadda1d-4d2a-4c91-bb18-2fc0cc8e31f4,f6c99088-8b12-4bb0-a68c-2d2bcb90282b,f6c99088-8b12-4bb0-a68c-2d2bcb90282b-2-23,3,t,2026-04-17 08:28:28.268
2f164f12-1549-4d19-87f7-cc3914e78514,12b01164-8204-4162-a8d5-1c7128b05523,12b01164-8204-4162-a8d5-1c7128b05523-2-1,3,t,2026-04-17 08:29:55.468
d4892157-9db9-40df-a540-966f02c0f4c6,33743ba9-3388-48aa-9d68-4a022f127a6e,33743ba9-3388-48aa-9d68-4a022f127a6e-2-3,3,t,2026-04-17 08:28:29.009
a3b2f2d9-24c8-4568-9ab5-40bf1d2f2dcb,1319181f-6f3c-435a-b43f-0f1c9db34303,1319181f-6f3c-435a-b43f-0f1c9db34303-2-23,3,t,2026-04-17 08:28:34.036
271a3a01-ec42-4c6e-9837-16812de2336f,0daea515-b946-4a2b-aab3-6ab6d96c0be9,0daea515-b946-4a2b-aab3-6ab6d96c0be9-2-0,0,f,2026-04-17 08:30:14.13
0f019889-5424-4845-8c04-f689772168f5,d6c40f95-78a4-41ff-99ca-92ada2fa7a25,d6c40f95-78a4-41ff-99ca-92ada2fa7a25-2-0,0,f,2026-04-17 08:39:51.932
a83337bd-b9da-407b-929d-d900da84085a,9b8668b1-041a-4193-94b7-e689aa591474,9b8668b1-041a-4193-94b7-e689aa591474-2-12,0,f,2026-04-17 08:30:34.011
3f7817d7-f693-46cf-926f-b30581964e11,b4c5c04b-ee8f-4aba-95d4-0b2ca4146623,b4c5c04b-ee8f-4aba-95d4-0b2ca4146623-2-6,3,t,2026-04-17 08:33:21.965
c9d551c5-0488-42d7-9be8-7b6ae0b03853,12f07921-83d4-4029-b9f0-0897b7c4abe9,12f07921-83d4-4029-b9f0-0897b7c4abe9-2-27,5,t,2026-04-17 08:39:06.318
bbd967b9-938b-40bc-8ca0-fad30dbf36d3,359f8bb4-be81-4ca6-97ff-580bc13be414,359f8bb4-be81-4ca6-97ff-580bc13be414-2-1,0,f,2026-04-17 08:34:16.426
3a7b72bd-4b98-439b-b66d-910e5e1e4792,d34cebeb-d6e2-4f6e-bf65-cc118d4e996e,d34cebeb-d6e2-4f6e-bf65-cc118d4e996e-2-6,3,t,2026-04-17 08:40:20.655
dbe5e644-60f7-4fc2-bd59-1f788c9cb3c7,1cb8fb30-5d58-42e9-aeb9-e6d3478e7295,1cb8fb30-5d58-42e9-aeb9-e6d3478e7295-2-2,0,f,2026-04-17 08:39:52.27
6e85efaf-1c64-4950-815f-87322d80572c,70cc4a4d-99eb-4423-8c03-9ed6f07ac880,70cc4a4d-99eb-4423-8c03-9ed6f07ac880-2-51,4,t,2026-04-17 08:39:11.358
81d069b1-fa72-4042-b92b-ffc147d8c323,2e13985a-37c2-46b1-a116-d696630cc868,2e13985a-37c2-46b1-a116-d696630cc868-2-1,0,f,2026-04-17 08:40:30.326
e4484afb-1abf-4925-bd55-702e2192530c,4f7c2ed7-83a1-4fa7-ac08-c7c3640fd0b2,4f7c2ed7-83a1-4fa7-ac08-c7c3640fd0b2-2-2,3,t,2026-04-17 08:40:02.783
0e909050-d344-43c4-a46f-428f4593a3e5,b448b940-e172-4174-ac48-d9961a46b951,b448b940-e172-4174-ac48-d9961a46b951-2-0,3,t,2026-04-17 08:42:52.379
69e2cbc6-a569-4353-8e67-7d9ddae73c47,dadd1552-0329-4a3d-9283-c7e9fc178963,dadd1552-0329-4a3d-9283-c7e9fc178963-2-2,3,t,2026-04-17 08:40:17.201
0c3e5988-893b-428b-8113-2563b6f3cf26,663a5248-8bbc-45e7-8507-40b07a25cdbb,663a5248-8bbc-45e7-8507-40b07a25cdbb-2-12,1,f,2026-04-17 08:48:05.784
1cca61dd-a127-4d20-a065-3b66f00b95a0,fad6dba6-af87-465e-b625-c5818010936b,fad6dba6-af87-465e-b625-c5818010936b-2-6,3,t,2026-04-17 08:40:56.627
e26470ea-5fdf-4b75-927e-da4191ed21ed,bd262987-52d6-4e1f-acf8-f0b78aa44ee9,bd262987-52d6-4e1f-acf8-f0b78aa44ee9-2-2,3,t,2026-04-17 08:43:00.355
0d6b08d7-e432-407a-83f0-e79e48e6afaf,6d3e1cc2-1774-4e0f-bbb7-21f0468e81d0,6d3e1cc2-1774-4e0f-bbb7-21f0468e81d0-2-42,4,t,2026-04-17 08:48:08.469
871d43af-3ae7-4e3b-aa2c-09e57235d538,b4b098bd-438e-49a9-ad66-57cfc51fd272,b4b098bd-438e-49a9-ad66-57cfc51fd272-2-18,3,t,2026-04-17 08:48:17.148
05f0d660-6189-4e50-a284-058304ed66d0,4d064b59-db6f-4c00-a7bd-dd47165afed8,4d064b59-db6f-4c00-a7bd-dd47165afed8-2-13,3,t,2026-04-17 08:51:01.484
4c7aec4f-f975-4518-97e2-f8ea1402dc6d,316d0ef9-3596-406f-974d-3d3bb82172a1,316d0ef9-3596-406f-974d-3d3bb82172a1-2-7,3,t,2026-04-17 08:49:36.951
e151f0c2-f51b-4257-9f2b-887c4d784b49,36ee50db-b493-43dc-b9d7-51cc4f4916e0,36ee50db-b493-43dc-b9d7-51cc4f4916e0-2-10,0,f,2026-04-17 08:51:12.865
5d040bef-a917-473f-b8b4-2c4e99737ddb,a093824f-0569-46ef-9823-4bbccdd6aa41,a093824f-0569-46ef-9823-4bbccdd6aa41-2-10,1,f,2026-04-17 08:52:39.539
5ee1601f-25d0-4f5c-82da-ddc71134074d,0daea515-b946-4a2b-aab3-6ab6d96c0be9,0daea515-b946-4a2b-aab3-6ab6d96c0be9-2-3,0,f,2026-04-17 08:52:43.794
8bf62621-c898-46ad-a601-977dcbcec50c,99591e75-8017-4d97-aa79-183d057cde08,99591e75-8017-4d97-aa79-183d057cde08-2-87,0,f,2026-04-17 08:52:51.992
69f3ab69-ca41-4a75-ab45-e2256bb3f37a,e5281933-cab1-4a55-98f0-8ebee5451ee5,e5281933-cab1-4a55-98f0-8ebee5451ee5-2-87,0,f,2026-04-17 08:53:14.994
c02f7c49-c18f-4633-ad0d-18797ba02ce0,f0ab63a2-2e97-4a4a-ace4-8715bb448f47,f0ab63a2-2e97-4a4a-ace4-8715bb448f47-2-2,3,t,2026-04-17 08:56:40.4
1da40111-677e-4c38-9a90-9560092f78ac,70cc4a4d-99eb-4423-8c03-9ed6f07ac880,70cc4a4d-99eb-4423-8c03-9ed6f07ac880-2-62,3,t,2026-04-17 08:57:03.043
fd450047-d8a8-4a6e-b143-3514506aa774,2157b182-d26f-4929-9ea0-d14b0461db32,2157b182-d26f-4929-9ea0-d14b0461db32-2-136,1,f,2026-04-17 09:20:49.224
2edb644a-3ffa-416a-a9f5-e437c7b68632,d39050bd-ce5c-4719-ae39-d694ab777186,d39050bd-ce5c-4719-ae39-d694ab777186-2-6,3,t,2026-04-17 08:57:14.596
c5705f23-9928-4fd8-a7de-c47a2cc1fd65,e8ec8ac3-72eb-420a-80e3-1be06708b38c,e8ec8ac3-72eb-420a-80e3-1be06708b38c-2-2,3,t,2026-04-17 09:23:07.76
5bbc9084-a3b7-4ccf-b3e7-83e9857943f1,60f514c4-c7b7-498a-ac4d-72eb6ecb7de4,60f514c4-c7b7-498a-ac4d-72eb6ecb7de4-2-18,3,t,2026-04-17 09:20:49.352
29058877-11fc-474b-b463-4d348ce4f9c1,98797811-22c4-4314-af1c-5f56d9c30599,98797811-22c4-4314-af1c-5f56d9c30599-2-5,3,t,2026-04-17 08:57:42.553
f173c797-1a6c-4df0-9ace-8dc44cae824b,ba1b79f1-b218-42e0-90c9-515c590bfb5c,ba1b79f1-b218-42e0-90c9-515c590bfb5c-2-5,3,t,2026-04-17 09:23:43.366
e6dae8a6-37ea-4ee0-a1c9-ef28b6e22346,853a8dae-65c1-4c3b-aa1a-3d082cc81d82,853a8dae-65c1-4c3b-aa1a-3d082cc81d82-2-40,4,t,2026-04-17 08:57:51.1
b55d4c2a-ba7a-4261-910a-c665495997b0,2685f831-e1b0-4ad2-a7ef-cf48ff212488,2685f831-e1b0-4ad2-a7ef-cf48ff212488-2-0,3,t,2026-04-17 09:20:50.504
a8647f51-a586-451c-be84-c58fedfe39a2,5f297ad6-4f5c-4a11-b0c4-ff94caaa89bf,5f297ad6-4f5c-4a11-b0c4-ff94caaa89bf-2-2,3,t,2026-04-17 08:58:44.949
757e2386-a16d-4d6a-a5ed-ea6d1487aeb9,d4ecfa36-8cae-4f49-bb89-7cdcd67cb290,d4ecfa36-8cae-4f49-bb89-7cdcd67cb290-2-33,4,t,2026-04-17 09:21:07.402
1d835566-4747-4748-b552-331ed7bda47c,7e427b2a-9406-4473-a854-547395a4f8df,7e427b2a-9406-4473-a854-547395a4f8df-2-20,3,t,2026-04-17 09:20:51.833
ed41eea5-320d-44f8-9622-53623505ace7,a57c2f4a-4224-4da8-8026-fc6f6253c6d0,a57c2f4a-4224-4da8-8026-fc6f6253c6d0-2-4,3,t,2026-04-17 09:23:08.405
d12aec78-6f34-43d6-88b4-80ca05b51428,4975effd-c5f3-42c2-8e98-7a5eca5004b6,4975effd-c5f3-42c2-8e98-7a5eca5004b6-2-13,3,t,2026-04-17 09:20:55.726
4856e742-3e4c-49b4-a8d7-de6649a302d9,d90b640e-7008-4861-8197-64e64a901462,d90b640e-7008-4861-8197-64e64a901462-2-5,3,t,2026-04-17 09:21:09.891
7ca10d7e-e7e5-4fe5-8d9e-cf5256e822e3,129f2a12-36ee-4f40-8504-029cfb337c03,129f2a12-36ee-4f40-8504-029cfb337c03-2-2,3,t,2026-04-17 09:20:56.169
c6afeb20-b2d4-4634-a07f-39e70b7b8654,514a5db5-8043-47c7-9e9a-214d7b05ca1b,514a5db5-8043-47c7-9e9a-214d7b05ca1b-2-19,0,f,2026-04-17 09:21:17.239
b9699df6-2fd4-4626-b0a5-903208745ee1,8ee0c564-0f11-4ba9-b34e-cac68081767c,8ee0c564-0f11-4ba9-b34e-cac68081767c-2-33,3,t,2026-04-17 09:20:56.768
29b689ad-2a63-4801-bd5b-ee4eb18e6fe7,10210c31-b852-44a3-a0d2-dc76f7728bc9,10210c31-b852-44a3-a0d2-dc76f7728bc9-2-9,3,t,2026-04-17 09:30:28.965
08462933-98a4-4dd3-b55a-8fbc0653a5a0,86cf59e4-e80e-41c6-9b0e-7c0b184ab0fc,86cf59e4-e80e-41c6-9b0e-7c0b184ab0fc-2-27,0,f,2026-04-17 09:21:22.777
a74d7db6-a86d-4e42-ae37-64502e2d4619,4cf7f052-1d34-4442-9347-3eab9ed2fd67,4cf7f052-1d34-4442-9347-3eab9ed2fd67-2-62,3,t,2026-04-17 09:20:58.321
c27066b9-959b-4dd1-9235-7dd2bcf8904e,f0ab63a2-2e97-4a4a-ace4-8715bb448f47,f0ab63a2-2e97-4a4a-ace4-8715bb448f47-2-42,0,f,2026-04-17 09:21:04.21
7e73983e-b73e-46fe-a423-e98d466b63b2,b448b940-e172-4174-ac48-d9961a46b951,b448b940-e172-4174-ac48-d9961a46b951-2-11,0,f,2026-04-17 09:21:05.271
df484bf1-bc64-4bb4-8b30-8919427ca981,f6af9a1c-b651-4756-81be-bb78380c2bcb,f6af9a1c-b651-4756-81be-bb78380c2bcb-2-97,3,t,2026-04-17 09:21:05.453
cc022d3f-ae2f-41a4-9e1c-cba8499e9f87,2cd8d4c7-3ce7-413b-b1bc-f06ca673a1c7,2cd8d4c7-3ce7-413b-b1bc-f06ca673a1c7-2-9,3,t,2026-04-17 09:22:05.625
56086d4c-98aa-4c2e-85da-147a7238bfe1,f6af9a1c-b651-4756-81be-bb78380c2bcb,f6af9a1c-b651-4756-81be-bb78380c2bcb-2-36,3,t,2026-04-17 09:24:10.194
b423c31a-3347-4fbb-b0f3-41b8706fdbc8,0a1c2caf-5fab-4238-934a-49f53a889a64,0a1c2caf-5fab-4238-934a-49f53a889a64-2-6,3,t,2026-04-17 09:24:06.719
f20ea8b5-14cb-495f-9312-b778b8d24a1c,46592f64-4847-4dd0-b9d4-9a8736d9b75e,46592f64-4847-4dd0-b9d4-9a8736d9b75e-2-41,4,t,2026-04-17 09:23:11.101
b54f5933-c16f-44d4-889f-95a4a4daf948,3b87423f-faa3-41f0-8c7a-842466473516,3b87423f-faa3-41f0-8c7a-842466473516-2-5,1,f,2026-04-17 09:23:11.539
87f5ba12-72fe-4753-bb92-a0f3122b396a,902cdc82-6e20-450c-955f-c13491ebf0ef,902cdc82-6e20-450c-955f-c13491ebf0ef-2-15,3,t,2026-04-17 09:23:23.749
95eed32c-0e4d-4612-95aa-4fbfd6a44770,aebd5ab0-d995-48cc-9ce2-257757499d18,aebd5ab0-d995-48cc-9ce2-257757499d18-2-10,1,f,2026-04-17 09:23:13.128
a16a041a-aa78-4f68-ac24-5b59f09e05c0,3ab607f7-a0dc-4fe7-9962-162700c52251,3ab607f7-a0dc-4fe7-9962-162700c52251-2-12,3,t,2026-04-17 09:23:18.089
7ea63502-af02-4286-80b7-04dbae1ebac0,7e427b2a-9406-4473-a854-547395a4f8df,7e427b2a-9406-4473-a854-547395a4f8df-2-22,3,t,2026-04-17 09:23:16.881
7341cac7-5bdb-4f3a-8782-06fb60bb1f70,7afa437d-92ff-461c-a526-7bcc284e9e63,7afa437d-92ff-461c-a526-7bcc284e9e63-2-2,3,t,2026-04-17 09:24:43.041
6cb303f5-d9e1-4cad-8e8d-255dde1bb932,b90a9c80-0433-49e1-b0ba-06f4234b647e,b90a9c80-0433-49e1-b0ba-06f4234b647e-2-3,3,t,2026-04-17 09:23:29.524
88e09a3b-c5e9-4629-a997-622a3cd9860c,d34cebeb-d6e2-4f6e-bf65-cc118d4e996e,d34cebeb-d6e2-4f6e-bf65-cc118d4e996e-2-103,3,t,2026-04-17 09:23:22.223
be6f76a9-af74-4663-8e64-313cb808c604,a037f741-a910-48c8-9024-37930d7b2190,a037f741-a910-48c8-9024-37930d7b2190-2-35,3,t,2026-04-17 09:24:19.929
b0288636-4c9e-4a0d-ae22-c7963da46fa4,c3ac1670-f197-4065-88b7-abb8a3f55e05,c3ac1670-f197-4065-88b7-abb8a3f55e05-2-5,0,f,2026-04-17 09:55:46.16
48381941-9e4c-408b-b821-dd3c09a4520d,e2dabc7c-955e-44b7-b230-97640bea013e,e2dabc7c-955e-44b7-b230-97640bea013e-2-102,3,t,2026-04-17 09:24:49.416
c3751a55-4f2e-46f9-a77d-c182d6ab5e96,52fb53ed-992a-40b7-a284-d0ef206d8b3b,52fb53ed-992a-40b7-a284-d0ef206d8b3b-2-1,3,t,2026-04-17 09:23:54.656
1494144e-4936-491c-8172-bb101a768f01,1df7744c-4296-4a4a-a293-6431531fce9a,1df7744c-4296-4a4a-a293-6431531fce9a-2-14,0,f,2026-04-17 09:23:54.096
ff68b492-1891-4053-8c34-379d82e9950b,f6c99088-8b12-4bb0-a68c-2d2bcb90282b,f6c99088-8b12-4bb0-a68c-2d2bcb90282b-2-51,0,f,2026-04-17 09:23:54.599
d6836e6b-5d19-47df-8ba4-457056fa2e12,b4b098bd-438e-49a9-ad66-57cfc51fd272,b4b098bd-438e-49a9-ad66-57cfc51fd272-2-70,0,f,2026-04-17 09:24:04.798
d8b372ee-5e24-4c2c-8cfd-48369f49ec62,b90a9c80-0433-49e1-b0ba-06f4234b647e,b90a9c80-0433-49e1-b0ba-06f4234b647e-2-4,3,t,2026-04-17 09:24:12.839
c5297a48-0325-4dc1-9a78-a9d1d2496a39,129f2a12-36ee-4f40-8504-029cfb337c03,129f2a12-36ee-4f40-8504-029cfb337c03-2-4,0,f,2026-04-17 09:24:12.96
bd77899c-9f60-49ed-ae71-772a43132bcb,ff0050af-b573-4178-a75c-7c6480e584a3,ff0050af-b573-4178-a75c-7c6480e584a3-2-36,0,f,2026-04-17 09:38:14.679
92545aea-d490-4892-b13a-17a53005ceeb,f0ab63a2-2e97-4a4a-ace4-8715bb448f47,f0ab63a2-2e97-4a4a-ace4-8715bb448f47-2-1,3,t,2026-04-17 09:12:42.221
d6ede6d1-5902-461e-a30e-ee61437ea0cd,cd3fce12-0fbc-4c8c-923b-8d0db1d0a4dd,cd3fce12-0fbc-4c8c-923b-8d0db1d0a4dd-2-6,1,f,2026-04-17 08:57:33.944
ed9b0cdd-f35e-4fb7-9534-6ce0f17db866,ae512a82-7989-4fb2-87f7-abece7160322,ae512a82-7989-4fb2-87f7-abece7160322-2-10,3,t,2026-04-17 08:58:41.256
065b7392-e967-438f-83ea-816a1ab772b5,bad969bd-28dc-4962-9a3f-3cc809904b38,bad969bd-28dc-4962-9a3f-3cc809904b38-2-0,3,t,2026-04-17 08:56:57.701
f47c5c50-b32c-42b3-80bc-7aa2efdac627,ea4f0316-df7a-437a-b8ce-63548e33cc5a,ea4f0316-df7a-437a-b8ce-63548e33cc5a-2-2,2,f,2026-04-17 08:57:04.314
4c7c1595-5424-4c3e-9c55-0af1389ff604,bad969bd-28dc-4962-9a3f-3cc809904b38,bad969bd-28dc-4962-9a3f-3cc809904b38-2-3,3,t,2026-04-17 08:58:10.225
313989a7-db6e-4cec-bf26-991cb84d6174,1cb8fb30-5d58-42e9-aeb9-e6d3478e7295,1cb8fb30-5d58-42e9-aeb9-e6d3478e7295-2-10,3,t,2026-04-17 08:57:15.086
535fa1b5-ca63-4439-af0e-be619b762b6b,f6af9a1c-b651-4756-81be-bb78380c2bcb,f6af9a1c-b651-4756-81be-bb78380c2bcb-2-39,3,t,2026-04-17 08:58:31.013
fde3c773-f6f6-4afb-b8c2-51f535623c94,cfcb0c94-546d-4aea-b51f-6523e622e10f,cfcb0c94-546d-4aea-b51f-6523e622e10f-2-16,3,t,2026-04-17 08:58:29.279
de66756f-87e2-4e3d-acee-ad99416e6293,70cc4a4d-99eb-4423-8c03-9ed6f07ac880,70cc4a4d-99eb-4423-8c03-9ed6f07ac880-2-63,4,t,2026-04-17 08:57:18.839
4d5dea7b-b27f-485e-9db9-870f83e4573d,f5e2ef8c-4e28-4665-b659-8de68ae205cd,f5e2ef8c-4e28-4665-b659-8de68ae205cd-2-2,3,t,2026-04-17 08:57:51.417
d674ec56-0e47-451e-aee5-5fcf06e555f6,01e89da0-052e-4a56-b001-dc55712d8828,01e89da0-052e-4a56-b001-dc55712d8828-2-2,3,t,2026-04-17 08:57:21.614
5c284581-00cc-44ed-ba93-037b2a391921,a3e3f98b-4511-430d-8cc5-03e6b557fbee,a3e3f98b-4511-430d-8cc5-03e6b557fbee-2-2,3,t,2026-04-17 08:57:38.144
97616822-5874-4d37-a321-fceba8539747,7b350d11-7774-4d4f-9b2d-3721b7c4c72d,7b350d11-7774-4d4f-9b2d-3721b7c4c72d-2-1,3,t,2026-04-17 08:57:22.775
def422cc-15ec-47f3-8ea2-14627a2a01b6,fad6dba6-af87-465e-b625-c5818010936b,fad6dba6-af87-465e-b625-c5818010936b-2-10,3,t,2026-04-17 08:57:38.688
b7b86299-9e79-4526-9ec7-5b3803d8618b,33743ba9-3388-48aa-9d68-4a022f127a6e,33743ba9-3388-48aa-9d68-4a022f127a6e-2-67,0,f,2026-04-17 08:57:25.422
ccdd9606-e35e-46ba-8d09-36bb0d2a30c6,33a61d52-3347-4686-871d-f0eee1598765,33a61d52-3347-4686-871d-f0eee1598765-2-26,2,f,2026-04-17 08:57:26.031
c40b3f27-6983-4d37-b2f4-b661f6d5c0b6,37d9e26e-10fd-435d-b337-a843a3c2e7e8,37d9e26e-10fd-435d-b337-a843a3c2e7e8-2-6,1,f,2026-04-17 08:57:27.512
a816ebcf-8c72-4170-8999-ccb2f13ce779,27a69e03-7147-4f1d-8331-650a51e441e2,27a69e03-7147-4f1d-8331-650a51e441e2-2-82,0,f,2026-04-17 08:57:29.046
affc88ed-ad77-4e7d-b929-ee1e54172f60,a8b4b170-9e9a-4433-a6d9-4d26d1f4d697,a8b4b170-9e9a-4433-a6d9-4d26d1f4d697-2-43,0,f,2026-04-17 08:57:41.24
50b812f7-b9a1-4510-a178-383bea696f1b,70cc4a4d-99eb-4423-8c03-9ed6f07ac880,70cc4a4d-99eb-4423-8c03-9ed6f07ac880-2-68,1,f,2026-04-17 08:57:48.844
af4bf685-d0a6-432d-8462-acef92904d53,835fa953-1c2f-45a5-a661-9679158bc35a,835fa953-1c2f-45a5-a661-9679158bc35a-2-9,0,f,2026-04-17 08:57:53.571
0c336750-ea0d-4f53-9c4b-057304f0895f,b19ce3ea-90c7-4c5f-b1fd-2bbef2efb0a4,b19ce3ea-90c7-4c5f-b1fd-2bbef2efb0a4-2-17,3,t,2026-04-17 08:59:14.975
82355f20-3864-4f11-b728-7a32dd856578,57fd170e-8fcf-425e-aafb-34331dbe4494,57fd170e-8fcf-425e-aafb-34331dbe4494-2-5,0,f,2026-04-17 08:58:24.739
1ef33b87-9261-4350-b0c2-dfa8a01de84e,976db7d1-71ac-4b46-9871-48fd7f6980dc,976db7d1-71ac-4b46-9871-48fd7f6980dc-2-11,0,f,2026-04-17 08:59:24.887
74dcc8ce-5b68-44a0-9794-dea90fd5f082,67020039-958b-47ea-92fb-8440e69e788d,67020039-958b-47ea-92fb-8440e69e788d-2-27,0,f,2026-04-17 08:58:38.924
85d36422-759b-4384-8e32-aea315ef2f7f,038ba9c9-05c2-44a3-9f33-21941d6b13d3,038ba9c9-05c2-44a3-9f33-21941d6b13d3-2-6,3,t,2026-04-17 08:58:03.693
ea68a480-2859-40d4-a121-19b85fff6ba0,289fc8f4-4e54-45ee-8816-dd99f02cd6bb,289fc8f4-4e54-45ee-8816-dd99f02cd6bb-2-16,3,t,2026-04-17 08:58:32.866
c3ab6b6a-b9b0-424c-b418-3ab382f3d143,36ee50db-b493-43dc-b9d7-51cc4f4916e0,36ee50db-b493-43dc-b9d7-51cc4f4916e0-2-13,3,t,2026-04-17 08:58:05.391
4f27d934-752c-4e5f-b1e5-6fb997ab6ed3,9a9af92a-7c5d-49ec-953f-9f230f9c3bc5,9a9af92a-7c5d-49ec-953f-9f230f9c3bc5-2-3,3,t,2026-04-17 08:58:07.726
7726883d-a99f-4031-92de-8eb94e7821b2,86cf59e4-e80e-41c6-9b0e-7c0b184ab0fc,86cf59e4-e80e-41c6-9b0e-7c0b184ab0fc-2-13,3,t,2026-04-17 08:58:09.335
0af30fcc-0b2f-4689-8e6b-5636e58ab40d,1d7d8a6d-b644-489f-8c94-3b8fe34d9c9a,1d7d8a6d-b644-489f-8c94-3b8fe34d9c9a-2-20,3,t,2026-04-17 08:58:15.219
45218594-01cd-423e-bf6c-d5dda7712f6c,996b54c6-df4b-42e0-b36a-0b183de8fa03,996b54c6-df4b-42e0-b36a-0b183de8fa03-2-4,0,f,2026-04-17 08:58:15.795
1bfcd7a8-59c6-459a-9ab6-1dd1619b3f97,2f2975e7-43f5-486f-8219-e1715b4ee539,2f2975e7-43f5-486f-8219-e1715b4ee539-2-18,3,t,2026-04-17 08:58:48.797
97e76c98-ddb1-4f2f-8131-bbd5fa877f91,21d53331-bf7e-4a4a-8242-daa5236fc398,21d53331-bf7e-4a4a-8242-daa5236fc398-2-8,0,f,2026-04-17 08:58:18.18
cd501c85-f7ef-4539-848b-e15c6bf990c0,0daea515-b946-4a2b-aab3-6ab6d96c0be9,0daea515-b946-4a2b-aab3-6ab6d96c0be9-2-11,1,f,2026-04-17 08:58:18.699
5f78c799-00c0-472e-8251-b1f83da1dc60,c696162d-add8-4d23-812d-b07e7b17d6a6,c696162d-add8-4d23-812d-b07e7b17d6a6-2-11,2,f,2026-04-17 08:58:19.649
6da9205d-581f-4c2d-bdfa-2a8c0d188d01,f499e6e9-1ef7-4fce-b385-25fb1fc992f6,f499e6e9-1ef7-4fce-b385-25fb1fc992f6-2-9,0,f,2026-04-17 08:58:19.862
c1214db7-b39c-418f-91dc-8cdc19dd5cf6,835fa953-1c2f-45a5-a661-9679158bc35a,835fa953-1c2f-45a5-a661-9679158bc35a-2-10,0,f,2026-04-17 08:58:32.413
2c794544-b4c7-4004-adad-ad73c34b1da6,b4e7203d-cf8d-4685-a95e-4b43505d273f,b4e7203d-cf8d-4685-a95e-4b43505d273f-2-5,3,t,2026-04-17 08:58:46.993
dbd2eb5b-8678-402c-84c5-d91cf4f69ec1,99591e75-8017-4d97-aa79-183d057cde08,99591e75-8017-4d97-aa79-183d057cde08-2-99,0,f,2026-04-17 08:58:35.457
21bbfd8a-5a6c-4077-8850-efee03739070,5447cc7a-9630-4dc1-a474-fca1ddf341e6,5447cc7a-9630-4dc1-a474-fca1ddf341e6-2-7,3,t,2026-04-17 09:00:37.538
2c234df8-9f9b-4187-970c-f5ee5c470517,b4b098bd-438e-49a9-ad66-57cfc51fd272,b4b098bd-438e-49a9-ad66-57cfc51fd272-2-37,3,t,2026-04-17 08:59:07.62
b957cd33-04c6-4ce8-8633-789007c8cd6c,316d0ef9-3596-406f-974d-3d3bb82172a1,316d0ef9-3596-406f-974d-3d3bb82172a1-2-17,0,f,2026-04-17 08:59:08.288
d2664fbb-5e61-4741-851f-b860dd08c308,985ae1b0-6dbe-493b-a5bc-20516e53dbbe,985ae1b0-6dbe-493b-a5bc-20516e53dbbe-2-10,3,t,2026-04-17 09:05:13.56
2feca4e2-a6e6-4f12-89ce-1b8c7ef3bfc7,bd262987-52d6-4e1f-acf8-f0b78aa44ee9,bd262987-52d6-4e1f-acf8-f0b78aa44ee9-2-8,3,t,2026-04-17 09:00:39.993
72f840a0-e2bc-411e-a532-52d9f5061bc1,f0ab63a2-2e97-4a4a-ace4-8715bb448f47,f0ab63a2-2e97-4a4a-ace4-8715bb448f47-2-27,0,f,2026-04-17 09:03:52.11
1ebda1b5-72d5-40ac-b37a-cbe26072a9e9,c7a78f51-0646-4f94-a39a-e0b803b8fff7,c7a78f51-0646-4f94-a39a-e0b803b8fff7-2-2,0,f,2026-04-17 09:20:48.249
d5292a46-4327-40c5-9ddc-db31f134cdfc,c15c0884-27c8-4e33-9f94-d15539014060,c15c0884-27c8-4e33-9f94-d15539014060-2-13,3,t,2026-04-17 08:58:21.647
e00e57d7-2063-4e57-8218-3ea5ff7553bc,33743ba9-3388-48aa-9d68-4a022f127a6e,33743ba9-3388-48aa-9d68-4a022f127a6e-2-97,0,f,2026-04-17 09:20:49.228
602482a0-4132-48d1-8cd0-3367c19ca464,074627b4-02d5-4c95-a3ac-5fa0b7a8583c,074627b4-02d5-4c95-a3ac-5fa0b7a8583c-2-11,3,t,2026-04-17 08:58:25.401
124a8e6b-56d3-4577-82d6-553d92d67319,9ebb7038-11ab-438f-baef-23aff65325cb,9ebb7038-11ab-438f-baef-23aff65325cb-2-8,3,t,2026-04-17 08:58:44.357
5b654501-e86b-405f-a609-5d857436d84c,4a3472ef-4168-42ef-bd3e-75b067f3d9ae,4a3472ef-4168-42ef-bd3e-75b067f3d9ae-2-3,3,t,2026-04-17 09:23:57.342
b1cc756d-84fc-438f-836f-d0f2447c1afb,ccfa1e3b-55c9-4102-9146-6e5cc30549b7,ccfa1e3b-55c9-4102-9146-6e5cc30549b7-2-6,3,t,2026-04-17 09:20:51.041
0f6215e0-b051-41fc-8734-1726caf715bb,bedc8c20-6537-41cd-a397-24a85b8a3a24,bedc8c20-6537-41cd-a397-24a85b8a3a24-2-1,3,t,2026-04-17 08:58:50.019
2c9b1836-8226-4507-bdd3-b6a3447c4471,c14ef5db-05f5-4aac-b1d5-95491a5cc2b5,c14ef5db-05f5-4aac-b1d5-95491a5cc2b5-2-53,0,f,2026-04-17 09:21:06.984
bcf1473e-b7ae-4f34-a154-b3a5217c8a2b,5ca8cf18-027c-47da-a94d-85108ccc3503,5ca8cf18-027c-47da-a94d-85108ccc3503-2-9,3,t,2026-04-17 08:58:53.177
0d7d354b-8689-431f-8713-9be31846b021,2d6b6626-038e-45ac-b337-005acf831731,2d6b6626-038e-45ac-b337-005acf831731-2-12,1,f,2026-04-17 08:58:54.313
6a064e29-3f1b-4170-a37a-5b6f40ebcb3c,5f42d829-f4be-4762-8706-6ee43f14526b,5f42d829-f4be-4762-8706-6ee43f14526b-2-37,0,f,2026-04-17 09:23:32.632
73e61b83-40c5-43a1-8be1-c6c23ce0d699,f6c99088-8b12-4bb0-a68c-2d2bcb90282b,f6c99088-8b12-4bb0-a68c-2d2bcb90282b-2-50,0,f,2026-04-17 09:23:38.844
86aff5d8-8a88-4eaa-825c-548d37cc19a5,d0f0e917-cd51-470b-8476-db9f2ccd33b4,d0f0e917-cd51-470b-8476-db9f2ccd33b4-2-0,3,t,2026-04-17 08:59:05.575
20b0a536-6126-4990-9db0-1ea13c1643f0,1d7d8a6d-b644-489f-8c94-3b8fe34d9c9a,1d7d8a6d-b644-489f-8c94-3b8fe34d9c9a-2-21,3,t,2026-04-17 08:59:14.437
d0a89299-e728-4d82-af0e-e1cee6a89c48,853a8dae-65c1-4c3b-aa1a-3d082cc81d82,853a8dae-65c1-4c3b-aa1a-3d082cc81d82-2-43,0,f,2026-04-17 09:00:04.842
ecbbe228-9148-4ea1-b443-796f3369bb5f,4cf7f052-1d34-4442-9347-3eab9ed2fd67,4cf7f052-1d34-4442-9347-3eab9ed2fd67-2-19,0,f,2026-04-17 09:01:03.343
7c6a8f97-933c-43db-9251-390363991609,2f2975e7-43f5-486f-8219-e1715b4ee539,2f2975e7-43f5-486f-8219-e1715b4ee539-2-87,0,f,2026-04-17 09:24:09.812
db95543c-6e47-4f8e-9dd4-6d87290ebbe1,4975effd-c5f3-42c2-8e98-7a5eca5004b6,4975effd-c5f3-42c2-8e98-7a5eca5004b6-2-16,3,t,2026-04-17 09:23:40.421
c498c540-a891-47cc-878a-28bb5cb64030,22413047-2f23-4dc9-861c-024171bcfe51,22413047-2f23-4dc9-861c-024171bcfe51-2-24,3,t,2026-04-17 09:23:40.849
fb2d9d3f-e398-48c7-885f-305d1589d3b5,514a5db5-8043-47c7-9e9a-214d7b05ca1b,514a5db5-8043-47c7-9e9a-214d7b05ca1b-2-24,0,f,2026-04-17 09:23:52.456
0c95be10-f3c9-446d-8800-9e5a0050c3e9,09616f14-bdbc-4a08-81a4-460e529179a2,09616f14-bdbc-4a08-81a4-460e529179a2-2-5,2,f,2026-04-17 09:23:54.003
98bfa9fe-94a2-47c3-8940-1f78d1b117c8,1e4d7928-481a-4e8d-ad61-a9ffbbaa5374,1e4d7928-481a-4e8d-ad61-a9ffbbaa5374-2-28,5,t,2026-04-17 09:24:46.533
4d8ac4b6-4d81-4882-b9fb-f4bb7b4020b0,22413047-2f23-4dc9-861c-024171bcfe51,22413047-2f23-4dc9-861c-024171bcfe51-2-25,0,f,2026-04-17 09:24:23.545
20c5017d-b07e-462c-8fec-81dee56fd9e8,c14ef5db-05f5-4aac-b1d5-95491a5cc2b5,c14ef5db-05f5-4aac-b1d5-95491a5cc2b5-2-63,2,f,2026-04-17 09:24:25.373
4ad9cf70-f4a1-4920-96c5-7351abadb452,cfc602b7-76c8-40fe-8a3f-0227e7ae7f9d,cfc602b7-76c8-40fe-8a3f-0227e7ae7f9d-2-6,3,t,2026-04-17 09:25:23.899
ff8536a6-7c37-4806-8491-0e3c03ea9555,7b350d11-7774-4d4f-9b2d-3721b7c4c72d,7b350d11-7774-4d4f-9b2d-3721b7c4c72d-2-25,3,t,2026-04-17 09:25:09.304
4d2c0859-62c5-4502-9834-a2299737e336,0fe6c4b2-51f6-4335-8018-6048d4d289a1,0fe6c4b2-51f6-4335-8018-6048d4d289a1-2-3,3,t,2026-04-17 09:25:46.386
a61207c7-d0c3-4880-ab25-2f8ab7ee5b59,10210c31-b852-44a3-a0d2-dc76f7728bc9,10210c31-b852-44a3-a0d2-dc76f7728bc9-2-5,3,t,2026-04-17 09:24:34.779
09254260-6b76-4422-a2af-dc2defd03a17,316d0ef9-3596-406f-974d-3d3bb82172a1,316d0ef9-3596-406f-974d-3d3bb82172a1-2-130,4,t,2026-04-17 09:25:01.897
57d25a6c-7585-4910-b3c7-3f50dead6cb0,514a5db5-8043-47c7-9e9a-214d7b05ca1b,514a5db5-8043-47c7-9e9a-214d7b05ca1b-2-25,0,f,2026-04-17 09:24:45.037
46b99218-1736-4df0-be0f-958a9a5c67ef,a276db23-8b57-4fb8-bc06-59bbf14f7100,a276db23-8b57-4fb8-bc06-59bbf14f7100-2-17,3,t,2026-04-17 09:24:48.237
d0cca274-c0b3-4d1b-877b-b7a700fde16f,19369cc7-101f-4580-a45c-d3a728230d91,19369cc7-101f-4580-a45c-d3a728230d91-2-4,3,t,2026-04-17 09:25:02.384
ef2da70e-7eda-4079-9456-efbb529c8eae,0d7df0d3-7223-4b74-8c6c-3aa5b26af7bd,0d7df0d3-7223-4b74-8c6c-3aa5b26af7bd-2-14,3,t,2026-04-17 09:24:52.184
1add3e36-ec2c-4950-94c4-46565d56b015,ff0050af-b573-4178-a75c-7c6480e584a3,ff0050af-b573-4178-a75c-7c6480e584a3-2-0,3,t,2026-04-17 09:25:55.608
b28100de-799d-44d8-9b47-cc89d6fafc4d,4626347f-a937-4b7f-8da9-b4a98783e145,4626347f-a937-4b7f-8da9-b4a98783e145-2-34,3,t,2026-04-17 09:25:17.53
d355260b-008d-4fb4-8ee3-f4c21c817272,cd63e7c5-8d29-4d59-adaa-e76fbbc1aabd,cd63e7c5-8d29-4d59-adaa-e76fbbc1aabd-2-72,3,t,2026-04-17 09:26:31.116
01c968dc-dc3f-4807-8389-70c067d23b4c,e2dabc7c-955e-44b7-b230-97640bea013e,e2dabc7c-955e-44b7-b230-97640bea013e-2-103,3,t,2026-04-17 09:26:53.627
b9eaa35c-55bd-4b54-9fb1-fb8e20555df9,ba1b79f1-b218-42e0-90c9-515c590bfb5c,ba1b79f1-b218-42e0-90c9-515c590bfb5c-2-6,1,f,2026-04-17 09:25:25.484
7b85a77c-f009-4a09-ba87-842a59a24da4,17a5a449-32db-47c3-a5e8-5f7368815036,17a5a449-32db-47c3-a5e8-5f7368815036-2-16,3,t,2026-04-17 09:25:31.721
12bdb398-e72f-408b-9770-b023e9f1ad3c,6a2053e0-87ba-489f-a3c8-4a2b6ff8f1f4,6a2053e0-87ba-489f-a3c8-4a2b6ff8f1f4-2-10,3,t,2026-04-17 09:25:55.738
b0e28be3-40fb-4430-8a1b-ed4d8644889f,d130faf7-1af2-415c-8c43-1b9a8c688fe2,d130faf7-1af2-415c-8c43-1b9a8c688fe2-2-33,0,f,2026-04-17 09:25:34.861
126096e7-b87f-4d64-b4cf-320f0cd1532a,0b32d4cc-c2f4-4667-98d4-6ac9580694ec,0b32d4cc-c2f4-4667-98d4-6ac9580694ec-2-5,3,t,2026-04-17 09:25:52.452
15b2b310-86d3-41a0-802f-5000c382221b,495d6ec5-2846-4068-b1a9-afa26ece5ac9,495d6ec5-2846-4068-b1a9-afa26ece5ac9-2-1,4,t,2026-04-17 09:26:17.492
223c814e-d8f3-4a1f-970a-9f67a6240c70,3ed8fc13-d8f6-4f15-a66d-be11fce71626,3ed8fc13-d8f6-4f15-a66d-be11fce71626-2-50,4,t,2026-04-17 09:26:35.776
19d25db3-1036-45bb-b478-47a6d54519ac,00692797-40c5-4e3a-8bc9-f642cc8c3845,00692797-40c5-4e3a-8bc9-f642cc8c3845-2-8,0,f,2026-04-17 09:27:49.439
4870af17-dd1d-4403-a661-257c1e904b14,6a804deb-cef1-4cdc-95c7-6574a1e7577a,6a804deb-cef1-4cdc-95c7-6574a1e7577a-2-14,3,t,2026-04-17 09:35:19.529
fd33424c-54d7-4e9f-aafa-aedac3f0b3c2,fad6dba6-af87-465e-b625-c5818010936b,fad6dba6-af87-465e-b625-c5818010936b-2-11,1,f,2026-04-17 08:58:24.297
55774d37-8f91-4663-a792-1996b8fea0e9,a093824f-0569-46ef-9823-4bbccdd6aa41,a093824f-0569-46ef-9823-4bbccdd6aa41-2-11,3,t,2026-04-17 08:58:24.441
3ad97218-c5b9-433e-8a35-a02571254fb3,d130faf7-1af2-415c-8c43-1b9a8c688fe2,d130faf7-1af2-415c-8c43-1b9a8c688fe2-2-1,3,t,2026-04-17 09:00:21.715
4b83358b-dedb-40be-85c7-b0847a4deca3,3ed8fc13-d8f6-4f15-a66d-be11fce71626,3ed8fc13-d8f6-4f15-a66d-be11fce71626-2-95,0,f,2026-04-17 09:04:12.568
07eafd45-92a6-4b84-ad24-1273aaf7bcaf,1d17fe91-ffce-4ba1-bd26-f4cbc4c03ab5,1d17fe91-ffce-4ba1-bd26-f4cbc4c03ab5-2-23,0,f,2026-04-17 08:59:59.213
019e7617-4ac3-443e-b4b6-2720eadb8b0c,5efac7b6-2605-4f18-9a35-2a71e7d6bdc0,5efac7b6-2605-4f18-9a35-2a71e7d6bdc0-2-32,0,f,2026-04-17 08:58:56.66
37f637ef-3ac0-43e0-954a-813cf4c52828,c590bbb6-233c-428e-ba79-dfbfcb024d69,c590bbb6-233c-428e-ba79-dfbfcb024d69-2-2,3,t,2026-04-17 08:59:21.784
6cc7fea0-2455-4de5-8897-3f8a25bd57e4,9a55e2ae-caea-48c8-8437-7fa6d560c28d,9a55e2ae-caea-48c8-8437-7fa6d560c28d-2-14,3,t,2026-04-17 08:59:05.282
b5a1cab1-90c8-4f80-b06e-8448b43ac07a,4d064b59-db6f-4c00-a7bd-dd47165afed8,4d064b59-db6f-4c00-a7bd-dd47165afed8-2-20,3,t,2026-04-17 08:59:07.235
4360ec19-11e5-4bb6-b885-602660bef905,ca35df0c-8896-47e7-9dcd-485fa1d8274b,ca35df0c-8896-47e7-9dcd-485fa1d8274b-2-1,3,t,2026-04-17 08:59:12.704
e101d111-9d6f-4e03-bd22-756aa81d4b13,3ab607f7-a0dc-4fe7-9962-162700c52251,3ab607f7-a0dc-4fe7-9962-162700c52251-2-5,3,t,2026-04-17 08:59:49.06
8a61f7db-ed56-4528-93f9-bf89501473dc,1d9c5d60-e2bb-4d62-a4fe-23e4d269f411,1d9c5d60-e2bb-4d62-a4fe-23e4d269f411-2-1,3,t,2026-04-17 08:59:32.693
92f7e6e1-4282-4032-8adf-6d39101436ee,46592f64-4847-4dd0-b9d4-9a8736d9b75e,46592f64-4847-4dd0-b9d4-9a8736d9b75e-2-17,3,t,2026-04-17 08:59:16.594
357a4f4f-a5a9-46ba-aefe-6def1a4d2dc4,d34cebeb-d6e2-4f6e-bf65-cc118d4e996e,d34cebeb-d6e2-4f6e-bf65-cc118d4e996e-2-42,0,f,2026-04-17 08:59:17.206
f861d2ba-95aa-4fc6-9e01-23251d301848,6d3e1cc2-1774-4e0f-bbb7-21f0468e81d0,6d3e1cc2-1774-4e0f-bbb7-21f0468e81d0-2-68,3,t,2026-04-17 08:59:17.908
79197119-eb73-4cc9-95e3-c26dbda338f0,cfcb0c94-546d-4aea-b51f-6523e622e10f,cfcb0c94-546d-4aea-b51f-6523e622e10f-2-17,3,t,2026-04-17 09:00:17.53
abcb0d3c-45c6-4c51-b8c6-fc4a65f7ec1f,ad2ea128-38e3-4ed1-a9e9-612e79f000bd,ad2ea128-38e3-4ed1-a9e9-612e79f000bd-2-20,3,t,2026-04-17 08:59:18.857
e5705064-76f4-4258-a195-af1139a37fba,8e56a4a5-a012-4d03-a49b-1fbbca1953f7,8e56a4a5-a012-4d03-a49b-1fbbca1953f7-2-6,3,t,2026-04-17 09:00:13.627
65686111-86de-4998-b439-90ffd702cea1,41e44d4e-ed4b-41b7-851a-04be3bf4f9ec,41e44d4e-ed4b-41b7-851a-04be3bf4f9ec-2-5,0,f,2026-04-17 09:01:23.337
6fa61c86-3453-4655-a367-bdc3a960b792,fa6ae629-f37f-4409-aba6-c4e071599e36,fa6ae629-f37f-4409-aba6-c4e071599e36-2-2,3,t,2026-04-17 08:59:35.583
ce1c95cf-842f-4e91-abbe-02446771966e,6d3e1cc2-1774-4e0f-bbb7-21f0468e81d0,6d3e1cc2-1774-4e0f-bbb7-21f0468e81d0-2-69,0,f,2026-04-17 09:01:07.758
1fa569c5-a3ef-4d19-b4df-5d9682a2c343,33743ba9-3388-48aa-9d68-4a022f127a6e,33743ba9-3388-48aa-9d68-4a022f127a6e-2-73,3,t,2026-04-17 08:59:37.289
f87e145b-6fcd-4244-babb-5f9517af14c0,7e1289eb-5ee1-4695-aab3-647721240979,7e1289eb-5ee1-4695-aab3-647721240979-2-70,0,f,2026-04-17 08:59:43.83
2541b50a-4d03-470f-b637-e6f90399ed5e,ca35df0c-8896-47e7-9dcd-485fa1d8274b,ca35df0c-8896-47e7-9dcd-485fa1d8274b-2-2,0,f,2026-04-17 09:05:51.968
059f760d-f0d8-47db-8fb6-af36ab7ee425,853a8dae-65c1-4c3b-aa1a-3d082cc81d82,853a8dae-65c1-4c3b-aa1a-3d082cc81d82-2-42,0,f,2026-04-17 08:59:56.11
05e6b7cc-85b7-4375-92cc-e4cd87ddf0b3,9651adcc-6e22-42a6-b506-4924d2dbf61b,9651adcc-6e22-42a6-b506-4924d2dbf61b-2-30,0,f,2026-04-17 09:00:12.669
0367f1a4-182c-4e7a-a29f-b8245fb90afb,9fad1346-db17-4e69-9f23-78eebc0077db,9fad1346-db17-4e69-9f23-78eebc0077db-2-10,3,t,2026-04-17 09:00:14.533
d64ff364-9dcb-482a-80b3-3b45dff283d0,4cf7f052-1d34-4442-9347-3eab9ed2fd67,4cf7f052-1d34-4442-9347-3eab9ed2fd67-2-21,3,t,2026-04-17 09:00:24.227
808d7190-d7db-4c19-9456-9a6ab83d2ad2,bedc8c20-6537-41cd-a397-24a85b8a3a24,bedc8c20-6537-41cd-a397-24a85b8a3a24-2-6,3,t,2026-04-17 09:00:24.219
6b9ff636-0121-42b6-a656-482a75eecc30,01e89da0-052e-4a56-b001-dc55712d8828,01e89da0-052e-4a56-b001-dc55712d8828-2-6,3,t,2026-04-17 09:01:11.045
30fe37ab-93da-463e-b072-388270914d48,5f42d829-f4be-4762-8706-6ee43f14526b,5f42d829-f4be-4762-8706-6ee43f14526b-2-6,3,t,2026-04-17 09:01:35.243
7b197eb2-f283-4ba5-807e-d70f3bca7f6f,c15c0884-27c8-4e33-9f94-d15539014060,c15c0884-27c8-4e33-9f94-d15539014060-2-14,3,t,2026-04-17 09:04:49.241
5d03a03c-1436-4599-befd-cee79f06b4dc,514a5db5-8043-47c7-9e9a-214d7b05ca1b,514a5db5-8043-47c7-9e9a-214d7b05ca1b-2-2,3,t,2026-04-17 09:02:10.938
8870957f-1660-4524-b4e7-510b932cf5be,d39050bd-ce5c-4719-ae39-d694ab777186,d39050bd-ce5c-4719-ae39-d694ab777186-2-9,0,f,2026-04-17 09:00:32.785
29710e50-dbcf-4bce-bc11-8ddcc3e16422,1cb8fb30-5d58-42e9-aeb9-e6d3478e7295,1cb8fb30-5d58-42e9-aeb9-e6d3478e7295-2-13,3,t,2026-04-17 09:00:35.051
c3b6ddec-62f4-4326-9655-a25853133ca5,ad2ea128-38e3-4ed1-a9e9-612e79f000bd,ad2ea128-38e3-4ed1-a9e9-612e79f000bd-2-21,3,t,2026-04-17 09:01:35.869
6b25251e-fe6f-4d8f-886a-e9cb22e434a6,0f87f5ca-90be-407a-a6fe-4bdea6c80f5a,0f87f5ca-90be-407a-a6fe-4bdea6c80f5a-2-12,3,t,2026-04-17 09:03:28.554
aca47bb3-7718-46c4-89ce-a55d295be5b9,0d7df0d3-7223-4b74-8c6c-3aa5b26af7bd,0d7df0d3-7223-4b74-8c6c-3aa5b26af7bd-2-1,3,t,2026-04-17 09:00:45.417
1dd292d6-250c-4914-bb25-d60e7d66242e,0ce229a1-dc58-4760-8475-b76faaa19ffa,0ce229a1-dc58-4760-8475-b76faaa19ffa-2-3,3,t,2026-04-17 09:00:52.533
a53f377b-4a2a-4bed-9169-c2fe4ec1e712,b4e7203d-cf8d-4685-a95e-4b43505d273f,b4e7203d-cf8d-4685-a95e-4b43505d273f-2-6,3,t,2026-04-17 09:01:14.507
ef8ddf97-494d-40bd-9783-651100e6fee1,57fd170e-8fcf-425e-aafb-34331dbe4494,57fd170e-8fcf-425e-aafb-34331dbe4494-2-6,3,t,2026-04-17 09:01:28.625
f3f96c8e-d38c-4563-a5ec-b9477e2ca790,86cf59e4-e80e-41c6-9b0e-7c0b184ab0fc,86cf59e4-e80e-41c6-9b0e-7c0b184ab0fc-2-14,3,t,2026-04-17 09:03:14.467
314273c2-f6c6-47bd-9561-2fee8dc012c3,963fec59-78ac-420b-9d9e-84e6bae46cd0,963fec59-78ac-420b-9d9e-84e6bae46cd0-2-12,0,f,2026-04-17 09:02:11.007
726f6c7f-0701-4c75-88a6-9ee48f575d95,3de4071d-6ac3-4ee3-a5c2-9b21e67ff4b5,3de4071d-6ac3-4ee3-a5c2-9b21e67ff4b5-2-11,0,f,2026-04-17 09:02:47.513
ec829f4b-854a-45b0-9f27-e80dcf105422,4f7c2ed7-83a1-4fa7-ac08-c7c3640fd0b2,4f7c2ed7-83a1-4fa7-ac08-c7c3640fd0b2-2-18,3,t,2026-04-17 09:02:48.685
13c4b58b-ec99-406e-bd3f-febe9c17a664,996b54c6-df4b-42e0-b36a-0b183de8fa03,996b54c6-df4b-42e0-b36a-0b183de8fa03-2-5,0,f,2026-04-17 09:04:56.99
fb909fdd-65ef-4a52-bb17-9803d62c1936,b448b940-e172-4174-ac48-d9961a46b951,b448b940-e172-4174-ac48-d9961a46b951-2-3,0,f,2026-04-17 09:07:07.854
658cc0f1-631f-42d8-b953-2ce089fd2691,1cb8fb30-5d58-42e9-aeb9-e6d3478e7295,1cb8fb30-5d58-42e9-aeb9-e6d3478e7295-2-14,3,t,2026-04-17 09:01:18.569
51598021-761f-4d09-aae3-212a72d90cc9,7e1289eb-5ee1-4695-aab3-647721240979,7e1289eb-5ee1-4695-aab3-647721240979-2-72,0,f,2026-04-17 09:00:26.625
251bffa5-3bf0-4296-a417-99932e5aa9b2,1d7d8a6d-b644-489f-8c94-3b8fe34d9c9a,1d7d8a6d-b644-489f-8c94-3b8fe34d9c9a-2-23,3,t,2026-04-17 09:00:53.264
b7ac4bbc-5e77-4733-a377-bb6636bf7d07,c590bbb6-233c-428e-ba79-dfbfcb024d69,c590bbb6-233c-428e-ba79-dfbfcb024d69-2-4,3,t,2026-04-17 09:00:31.389
f18c635e-f97a-4803-9e0d-7d56758fb146,18ebe6f7-fcde-40f7-9e61-acd799d7c61f,18ebe6f7-fcde-40f7-9e61-acd799d7c61f-2-0,3,t,2026-04-17 09:00:32.537
f6203779-0f6b-47ab-9f5d-fb5bbdd7b5b4,e810366e-1e77-47e9-878d-baae7e38ecfa,e810366e-1e77-47e9-878d-baae7e38ecfa-2-9,3,t,2026-04-17 09:01:14.997
e1a80c7c-8411-4fe5-ac7c-9fa9ab6a143c,0d7df0d3-7223-4b74-8c6c-3aa5b26af7bd,0d7df0d3-7223-4b74-8c6c-3aa5b26af7bd-2-0,3,t,2026-04-17 09:01:08.518
0b474db9-bf2c-4d82-b765-06632a0247c3,9a55e2ae-caea-48c8-8437-7fa6d560c28d,9a55e2ae-caea-48c8-8437-7fa6d560c28d-2-16,3,t,2026-04-17 09:00:41.79
aed87db9-db30-43b0-84a9-cb85c28df778,21d53331-bf7e-4a4a-8242-daa5236fc398,21d53331-bf7e-4a4a-8242-daa5236fc398-2-12,0,f,2026-04-17 09:01:10.119
fcb5b933-d024-49d3-be3a-72dec1c734ae,a037f741-a910-48c8-9024-37930d7b2190,a037f741-a910-48c8-9024-37930d7b2190-2-4,3,t,2026-04-17 09:00:56.6
2306ee35-36e2-4016-b05f-06d9b5f27089,36ee50db-b493-43dc-b9d7-51cc4f4916e0,36ee50db-b493-43dc-b9d7-51cc4f4916e0-2-14,3,t,2026-04-17 09:00:43.042
9a30e814-9060-4976-83a2-14c5c10e440b,10210c31-b852-44a3-a0d2-dc76f7728bc9,10210c31-b852-44a3-a0d2-dc76f7728bc9-2-1,3,t,2026-04-17 09:00:44.394
43f3faf3-300c-450a-9ed4-4f288e62406a,f6af9a1c-b651-4756-81be-bb78380c2bcb,f6af9a1c-b651-4756-81be-bb78380c2bcb-2-41,0,f,2026-04-17 09:32:29.384
9c145ba8-a180-4582-a8f8-dc806704a3b2,21d53331-bf7e-4a4a-8242-daa5236fc398,21d53331-bf7e-4a4a-8242-daa5236fc398-2-13,3,t,2026-04-17 09:02:27.177
11cfcb83-3586-4400-a971-6082e4f63026,976db7d1-71ac-4b46-9871-48fd7f6980dc,976db7d1-71ac-4b46-9871-48fd7f6980dc-2-13,3,t,2026-04-17 09:00:50.569
a8974133-2d42-42a7-88d3-73791619c9c3,853a8dae-65c1-4c3b-aa1a-3d082cc81d82,853a8dae-65c1-4c3b-aa1a-3d082cc81d82-2-47,0,f,2026-04-17 09:33:03.444
b130c5c8-eef7-42b6-9aa7-7a9917137cc8,2157b182-d26f-4929-9ea0-d14b0461db32,2157b182-d26f-4929-9ea0-d14b0461db32-2-57,1,f,2026-04-17 09:00:52.885
2be7fa23-b207-446e-bd98-7aede25e5d0e,10210c31-b852-44a3-a0d2-dc76f7728bc9,10210c31-b852-44a3-a0d2-dc76f7728bc9-2-4,3,t,2026-04-17 09:15:01.814
b2011775-81cf-4ed2-ae1a-50f0e092d965,c909bd23-7897-4dea-8402-2cca7a3df7c6,c909bd23-7897-4dea-8402-2cca7a3df7c6-2-14,3,t,2026-04-17 09:01:18.088
484b66c8-dd96-4908-88a0-eb43b0aa1b88,4626347f-a937-4b7f-8da9-b4a98783e145,4626347f-a937-4b7f-8da9-b4a98783e145-2-9,3,t,2026-04-17 09:01:04.75
73470e52-a37c-45f3-8364-fb94c7930428,0dac11b6-9631-4184-a1c8-fb09702135e9,0dac11b6-9631-4184-a1c8-fb09702135e9-2-2,4,t,2026-04-17 09:01:05.992
394e676b-2c95-40e1-a6a7-b18c83b65fb2,a3e3f98b-4511-430d-8cc5-03e6b557fbee,a3e3f98b-4511-430d-8cc5-03e6b557fbee-2-6,3,t,2026-04-17 09:01:15.839
14ac5619-7e4d-40a9-9296-54ba402cd2af,bad969bd-28dc-4962-9a3f-3cc809904b38,bad969bd-28dc-4962-9a3f-3cc809904b38-2-1,3,t,2026-04-17 09:01:19.709
32830b4a-c4f4-4790-a95c-e9cc8ddbf937,2f2975e7-43f5-486f-8219-e1715b4ee539,2f2975e7-43f5-486f-8219-e1715b4ee539-2-23,3,t,2026-04-17 09:01:18.425
9071c73e-bc70-4f2c-84a0-8c9c34a66665,a037f741-a910-48c8-9024-37930d7b2190,a037f741-a910-48c8-9024-37930d7b2190-2-0,3,t,2026-04-17 09:05:38.794
cff2f1f9-30b2-4d42-a922-23ccfc444226,869341ac-0069-4fc0-8633-3c9aee4b1ea5,869341ac-0069-4fc0-8633-3c9aee4b1ea5-2-41,0,f,2026-04-17 09:01:21.02
4782aca4-9afd-428a-9a9d-39f4044193e2,c590bbb6-233c-428e-ba79-dfbfcb024d69,c590bbb6-233c-428e-ba79-dfbfcb024d69-2-5,3,t,2026-04-17 09:02:25.181
aa03e18d-427c-4ea6-8ee2-731f9a9e2c33,d39050bd-ce5c-4719-ae39-d694ab777186,d39050bd-ce5c-4719-ae39-d694ab777186-2-10,3,t,2026-04-17 09:01:43.219
e18ce6de-bacb-4eb3-9d5a-e97a8b65ded3,3ed8fc13-d8f6-4f15-a66d-be11fce71626,3ed8fc13-d8f6-4f15-a66d-be11fce71626-2-97,5,t,2026-04-17 09:01:27.734
f77cfd9d-c4cc-4430-b93f-2f3e0a6fa7e3,7b2fc2f3-7bed-4c31-81a9-2ec17d2a01ed,7b2fc2f3-7bed-4c31-81a9-2ec17d2a01ed-2-28,0,f,2026-04-17 09:01:26.205
5eda9c75-2214-4a53-bde1-fdab1085dc8f,ca35df0c-8896-47e7-9dcd-485fa1d8274b,ca35df0c-8896-47e7-9dcd-485fa1d8274b-2-3,3,t,2026-04-17 09:02:13.991
d773cd08-7221-49a8-8c5d-717ebb698da8,c7a78f51-0646-4f94-a39a-e0b803b8fff7,c7a78f51-0646-4f94-a39a-e0b803b8fff7-2-102,3,t,2026-04-17 09:02:11.343
257b658d-5741-49d6-8677-f74243b27d30,976db7d1-71ac-4b46-9871-48fd7f6980dc,976db7d1-71ac-4b46-9871-48fd7f6980dc-2-14,3,t,2026-04-17 09:02:59.913
9148f178-b2f1-4e16-b9b7-94564a00fa0b,853a8dae-65c1-4c3b-aa1a-3d082cc81d82,853a8dae-65c1-4c3b-aa1a-3d082cc81d82-2-46,0,f,2026-04-17 09:32:41.411
af021457-a2ad-4fc3-9697-407891cd09e1,eb4ed7f6-e1dd-486e-afc2-43dcedbfe64b,eb4ed7f6-e1dd-486e-afc2-43dcedbfe64b-2-1,3,t,2026-04-17 09:09:19.395
306424ef-5379-4b58-811e-2b41c38148c8,aa79aaac-b075-422b-b9be-a4ba8ac21137,aa79aaac-b075-422b-b9be-a4ba8ac21137-2-11,0,f,2026-04-17 09:01:52.073
37a4af34-e548-42b0-87ff-d9ea5df2b9f4,c14ef5db-05f5-4aac-b1d5-95491a5cc2b5,c14ef5db-05f5-4aac-b1d5-95491a5cc2b5-2-11,0,f,2026-04-17 09:01:55.539
46846a2a-75f5-4ef6-96bc-26c5226599fd,c3ac1670-f197-4065-88b7-abb8a3f55e05,c3ac1670-f197-4065-88b7-abb8a3f55e05-2-1,3,t,2026-04-17 09:02:37.644
65177ea7-10a3-45e4-a29c-32eb5f6e940a,4975effd-c5f3-42c2-8e98-7a5eca5004b6,4975effd-c5f3-42c2-8e98-7a5eca5004b6-2-2,3,t,2026-04-17 09:02:00.437
3406dd83-195d-4939-8525-51369c495263,71af5200-8305-4525-b2fc-af68aaeee385,71af5200-8305-4525-b2fc-af68aaeee385-2-4,3,t,2026-04-17 09:02:13.108
025f1431-d0d4-4695-a6a9-ce66de5d15fc,cfcb0c94-546d-4aea-b51f-6523e622e10f,cfcb0c94-546d-4aea-b51f-6523e622e10f-2-18,3,t,2026-04-17 09:02:19.968
a9ed5747-3ebe-4242-beb4-7b8034e51391,27a69e03-7147-4f1d-8331-650a51e441e2,27a69e03-7147-4f1d-8331-650a51e441e2-2-88,0,f,2026-04-17 09:02:44.293
367b1491-b623-4bf4-86f6-dddb666bceff,0fedeb0b-ce3d-4ea2-be98-c8ea8439b673,0fedeb0b-ce3d-4ea2-be98-c8ea8439b673-2-3,0,f,2026-04-17 09:03:03.419
e09954dd-6d23-4072-b014-3014e44782cc,316d0ef9-3596-406f-974d-3d3bb82172a1,316d0ef9-3596-406f-974d-3d3bb82172a1-2-10,3,t,2026-04-17 09:03:15.369
719f4345-ec44-4740-ae34-9f116af2f52e,fa756c53-780a-4bf9-8913-0c4c9e277df3,fa756c53-780a-4bf9-8913-0c4c9e277df3-2-10,0,f,2026-04-17 09:03:19.478
39f650fd-c700-452b-817a-6d90203d0598,3ab607f7-a0dc-4fe7-9962-162700c52251,3ab607f7-a0dc-4fe7-9962-162700c52251-2-1,3,t,2026-04-17 09:03:25.772
0732a438-6402-41bb-b237-5f37623c4d70,f2c67931-ab51-4f09-a434-df3cc4d0f3c9,f2c67931-ab51-4f09-a434-df3cc4d0f3c9-2-10,0,f,2026-04-17 09:06:06.185
69cd1af8-7fd4-468d-8876-96ba6fd48586,79861957-de90-4a8c-bce9-d0d995c9860a,79861957-de90-4a8c-bce9-d0d995c9860a-2-2,3,t,2026-04-17 09:03:35.162
c80f5bd8-dc12-434c-8f5f-36f3b6d4a31b,9a55e2ae-caea-48c8-8437-7fa6d560c28d,9a55e2ae-caea-48c8-8437-7fa6d560c28d-2-18,3,t,2026-04-17 09:01:52.474
9a62bdb9-6d5d-4130-907d-111fa76e3c26,fa6ae629-f37f-4409-aba6-c4e071599e36,fa6ae629-f37f-4409-aba6-c4e071599e36-2-3,3,t,2026-04-17 09:01:53.269
d201be63-d1d0-428f-850f-bdb978131e5b,01e89da0-052e-4a56-b001-dc55712d8828,01e89da0-052e-4a56-b001-dc55712d8828-2-9,0,f,2026-04-17 09:02:39.809
ac573c49-6cf8-4409-ba9c-dda4e92b05c8,ad2ea128-38e3-4ed1-a9e9-612e79f000bd,ad2ea128-38e3-4ed1-a9e9-612e79f000bd-2-23,3,t,2026-04-17 09:02:51.568
cb1a5602-e308-4e45-9797-aa60867c4068,a3e3f98b-4511-430d-8cc5-03e6b557fbee,a3e3f98b-4511-430d-8cc5-03e6b557fbee-2-9,3,t,2026-04-17 09:02:40.914
25d966c4-5729-465e-b13f-c0dcd035e280,9a55e2ae-caea-48c8-8437-7fa6d560c28d,9a55e2ae-caea-48c8-8437-7fa6d560c28d-2-19,3,t,2026-04-17 09:01:57.988
088d1418-2bc6-460b-8b76-0f22d8a92497,5acfcb89-71a4-4847-b5ba-b747c0f0c58a,5acfcb89-71a4-4847-b5ba-b747c0f0c58a-2-8,0,f,2026-04-17 09:03:40.287
4c545e3c-83c7-4c54-b8aa-2b942922416c,e2dabc7c-955e-44b7-b230-97640bea013e,e2dabc7c-955e-44b7-b230-97640bea013e-2-13,0,f,2026-04-17 09:02:20.802
d162da93-2869-453b-808f-66b92a535192,b36faffd-430e-4c0c-ac9a-4dba748e85a8,b36faffd-430e-4c0c-ac9a-4dba748e85a8-2-7,3,t,2026-04-17 09:02:41.598
783bc29f-3022-4ca9-b38b-d041e65dd266,a8b4b170-9e9a-4433-a6d9-4d26d1f4d697,a8b4b170-9e9a-4433-a6d9-4d26d1f4d697-2-48,3,t,2026-04-17 09:02:21.451
330df989-bbad-4046-8d0a-0aeab314488d,bd262987-52d6-4e1f-acf8-f0b78aa44ee9,bd262987-52d6-4e1f-acf8-f0b78aa44ee9-2-9,3,t,2026-04-17 09:02:55.094
9b4f046b-cf24-41d5-9fba-2a10c9d7beb3,5f42d829-f4be-4762-8706-6ee43f14526b,5f42d829-f4be-4762-8706-6ee43f14526b-2-33,0,f,2026-04-17 09:20:57.13
122d8ecc-5e91-4273-873d-fa506316fe90,18ebe6f7-fcde-40f7-9e61-acd799d7c61f,18ebe6f7-fcde-40f7-9e61-acd799d7c61f-2-1,3,t,2026-04-17 09:04:25.122
30b63fc7-fc46-4217-a59d-39c263def0e4,22413047-2f23-4dc9-861c-024171bcfe51,22413047-2f23-4dc9-861c-024171bcfe51-2-2,0,f,2026-04-17 09:02:31.457
00ab3903-c081-41e4-839c-e83382e60563,d3f2605e-dc00-465c-a66a-1fe00bae1bc8,d3f2605e-dc00-465c-a66a-1fe00bae1bc8-2-27,0,f,2026-04-17 09:02:34.726
7673373c-8931-4684-b84b-ec382cdabc32,835fa953-1c2f-45a5-a661-9679158bc35a,835fa953-1c2f-45a5-a661-9679158bc35a-2-12,0,f,2026-04-17 09:02:44.169
cc6d689d-753e-4950-ab0a-4bc15d5c3c33,289fc8f4-4e54-45ee-8816-dd99f02cd6bb,289fc8f4-4e54-45ee-8816-dd99f02cd6bb-2-18,3,t,2026-04-17 09:04:34.324
7b8c205d-0c5a-40eb-895b-30b1bd3b8bef,2157b182-d26f-4929-9ea0-d14b0461db32,2157b182-d26f-4929-9ea0-d14b0461db32-2-59,1,f,2026-04-17 09:02:48.888
de13d3a0-16ab-4308-918c-78f1043a9a4f,0d7df0d3-7223-4b74-8c6c-3aa5b26af7bd,0d7df0d3-7223-4b74-8c6c-3aa5b26af7bd-2-2,3,t,2026-04-17 09:02:56.932
8f5cd7f9-7ac1-46de-b23b-a1ad7478563c,c350e513-ace9-47c0-89b3-c48b08a6552d,c350e513-ace9-47c0-89b3-c48b08a6552d-2-0,3,t,2026-04-17 09:02:49.541
482dde26-6d27-437d-b4b9-be2e40e6fd7d,41e44d4e-ed4b-41b7-851a-04be3bf4f9ec,41e44d4e-ed4b-41b7-851a-04be3bf4f9ec-2-6,3,t,2026-04-17 09:03:04.291
c76db1ee-1076-4a2b-bf72-6866aa66339c,5c4e6825-9393-45a5-82f2-bbfa1789b3c1,5c4e6825-9393-45a5-82f2-bbfa1789b3c1-2-13,0,f,2026-04-17 09:03:09.511
60129913-3cc0-4758-bc96-d6ac176c0b04,d39050bd-ce5c-4719-ae39-d694ab777186,d39050bd-ce5c-4719-ae39-d694ab777186-2-11,3,t,2026-04-17 09:02:50.595
e7da28d4-e808-4b8e-a8aa-71a13a137c39,f499e6e9-1ef7-4fce-b385-25fb1fc992f6,f499e6e9-1ef7-4fce-b385-25fb1fc992f6-2-10,3,t,2026-04-17 09:04:37.221
c66246c3-5c51-4574-aa7b-f100c800f422,976db7d1-71ac-4b46-9871-48fd7f6980dc,976db7d1-71ac-4b46-9871-48fd7f6980dc-2-35,4,t,2026-04-17 09:23:48.047
ba95a4bc-5904-41ef-a174-2a22d99a9c1f,e3a08443-dd2c-43bf-894d-e428f9cdb716,e3a08443-dd2c-43bf-894d-e428f9cdb716-2-24,3,t,2026-04-17 09:03:10.861
87f4cb46-d0b7-495d-8e18-82a10bb5af52,4f08dd81-6f2e-4cc8-b553-763cdcdae36e,4f08dd81-6f2e-4cc8-b553-763cdcdae36e-2-0,0,f,2026-04-17 09:03:11.802
d2541cc4-8f95-4fb9-ac9a-57c18d476e95,1e4d7928-481a-4e8d-ad61-a9ffbbaa5374,1e4d7928-481a-4e8d-ad61-a9ffbbaa5374-2-25,3,t,2026-04-17 09:21:00.65
375c0ce4-628c-4b22-965c-0d212b1c6123,5447cc7a-9630-4dc1-a474-fca1ddf341e6,5447cc7a-9630-4dc1-a474-fca1ddf341e6-2-9,3,t,2026-04-17 09:06:08.349
ddd55bc1-230a-48c3-9d52-894f42acadc2,21d53331-bf7e-4a4a-8242-daa5236fc398,21d53331-bf7e-4a4a-8242-daa5236fc398-2-14,3,t,2026-04-17 09:03:25.678
8c74882d-a8b9-4e4d-97c4-a371bddeff4a,c590bbb6-233c-428e-ba79-dfbfcb024d69,c590bbb6-233c-428e-ba79-dfbfcb024d69-2-23,0,f,2026-04-17 09:21:50.426
f1851aeb-b2dd-4d9d-8a07-371e8006e424,7ef6d63a-b0af-4be2-a8e0-3784fd609017,7ef6d63a-b0af-4be2-a8e0-3784fd609017-2-7,3,t,2026-04-17 09:21:01.843
f5bbb2ec-f184-4fe8-8706-ea1c41c5bf87,1d17fe91-ffce-4ba1-bd26-f4cbc4c03ab5,1d17fe91-ffce-4ba1-bd26-f4cbc4c03ab5-2-58,0,f,2026-04-17 09:21:08.184
dd5b5111-c3d6-4065-932f-9804894ba98a,cfc602b7-76c8-40fe-8a3f-0227e7ae7f9d,cfc602b7-76c8-40fe-8a3f-0227e7ae7f9d-2-3,3,t,2026-04-17 09:22:14.109
ac4abbfb-4a2c-4286-a06a-10668a111204,cfcb0c94-546d-4aea-b51f-6523e622e10f,cfcb0c94-546d-4aea-b51f-6523e622e10f-2-34,3,t,2026-04-17 09:21:13.428
95767991-c3d7-4734-923c-a99e7dac4534,b36faffd-430e-4c0c-ac9a-4dba748e85a8,b36faffd-430e-4c0c-ac9a-4dba748e85a8-2-19,3,t,2026-04-17 09:23:48.312
a0e1f5ec-e631-4942-af6e-516b6e30f261,22413047-2f23-4dc9-861c-024171bcfe51,22413047-2f23-4dc9-861c-024171bcfe51-2-22,3,t,2026-04-17 09:23:47.441
8036ad40-7644-4f50-84c2-7d341c1d4f83,cb6aa604-8827-4b80-b4ae-7ac9ab41e323,cb6aa604-8827-4b80-b4ae-7ac9ab41e323-2-1,3,t,2026-04-17 09:24:04.953
9ae0d3e2-e3f0-465d-9344-10be4a633030,0dac11b6-9631-4184-a1c8-fb09702135e9,0dac11b6-9631-4184-a1c8-fb09702135e9-2-11,2,f,2026-04-17 09:24:21.851
42ecc02f-b050-4f54-8119-310e07b22080,316d0ef9-3596-406f-974d-3d3bb82172a1,316d0ef9-3596-406f-974d-3d3bb82172a1-2-123,3,t,2026-04-17 09:24:44.841
f5157194-36fb-482c-8305-5a6bff040ac6,17a5a449-32db-47c3-a5e8-5f7368815036,17a5a449-32db-47c3-a5e8-5f7368815036-2-15,3,t,2026-04-17 09:25:04.83
5920cfdf-e2aa-462b-a69a-2e38a9baaca8,afd93135-e8fc-4d52-a2b5-2a4df955e146,afd93135-e8fc-4d52-a2b5-2a4df955e146-2-4,0,f,2026-04-17 09:25:04.917
7f541d68-e403-498c-8db4-16461dd7ceae,2cd8d4c7-3ce7-413b-b1bc-f06ca673a1c7,2cd8d4c7-3ce7-413b-b1bc-f06ca673a1c7-2-27,5,t,2026-04-17 09:25:17.72
8d6bcfe1-feec-46c2-8746-3680799b789d,18ebe6f7-fcde-40f7-9e61-acd799d7c61f,18ebe6f7-fcde-40f7-9e61-acd799d7c61f-2-23,3,t,2026-04-17 09:26:46.193
5f47a8a5-2b63-4cd8-8f60-2dffa7a6071f,168d9ac5-fe98-4413-89ca-c7521f7238d3,168d9ac5-fe98-4413-89ca-c7521f7238d3-2-2,3,t,2026-04-17 09:27:04.439
b3f509b0-a933-452c-98d3-0ef3e3de448c,853a8dae-65c1-4c3b-aa1a-3d082cc81d82,853a8dae-65c1-4c3b-aa1a-3d082cc81d82-2-52,0,f,2026-04-17 09:35:08.174
86d73c95-89ff-4f36-9a3f-87fe53e67d36,c590bbb6-233c-428e-ba79-dfbfcb024d69,c590bbb6-233c-428e-ba79-dfbfcb024d69-2-6,3,t,2026-04-17 09:03:51.31
b2164395-98a8-400c-9e9a-5af36c594b61,9b2bfc86-cd9e-48cc-affa-2645a1b65bd1,9b2bfc86-cd9e-48cc-affa-2645a1b65bd1-2-0,3,t,2026-04-17 09:01:52.265
06229c67-ca1d-4c9b-896a-3626dcd586f6,9fad1346-db17-4e69-9f23-78eebc0077db,9fad1346-db17-4e69-9f23-78eebc0077db-2-13,3,t,2026-04-17 09:03:13.873
08051d2d-7299-4274-9c4c-663220e5e090,9b2bfc86-cd9e-48cc-affa-2645a1b65bd1,9b2bfc86-cd9e-48cc-affa-2645a1b65bd1-2-1,3,t,2026-04-17 09:02:02.181
dce145e6-7800-42b8-a5db-85b4e09c2188,a037f741-a910-48c8-9024-37930d7b2190,a037f741-a910-48c8-9024-37930d7b2190-2-27,0,f,2026-04-17 09:33:14.126
cf0004d9-2f9d-4a72-a912-438348a261cb,d130faf7-1af2-415c-8c43-1b9a8c688fe2,d130faf7-1af2-415c-8c43-1b9a8c688fe2-2-2,3,t,2026-04-17 09:04:13.23
2c5e754a-487e-47e6-83b3-d87a05453b85,3201a497-4a53-41cf-8c80-7953d79d37c5,3201a497-4a53-41cf-8c80-7953d79d37c5-2-2,3,t,2026-04-17 09:03:32.166
a4a7f0e1-ba32-40a3-898d-d31fa4fa6f5f,2b6b5f05-2f37-4d80-a478-b16e450f3358,2b6b5f05-2f37-4d80-a478-b16e450f3358-2-8,3,t,2026-04-17 09:02:45.959
8cebe73d-b200-4511-a413-d5b5104d2094,cd3fce12-0fbc-4c8c-923b-8d0db1d0a4dd,cd3fce12-0fbc-4c8c-923b-8d0db1d0a4dd-2-9,3,t,2026-04-17 09:07:43.561
6206dcac-0693-4d69-9f81-59943b89e22e,7e1289eb-5ee1-4695-aab3-647721240979,7e1289eb-5ee1-4695-aab3-647721240979-2-77,3,t,2026-04-17 09:02:50.274
11bba4ba-8fd7-487b-bb14-9b9113db7c64,1d7d8a6d-b644-489f-8c94-3b8fe34d9c9a,1d7d8a6d-b644-489f-8c94-3b8fe34d9c9a-2-24,3,t,2026-04-17 09:04:26.757
4154c763-a925-42fc-8ba6-b56cf14076a3,4cf7f052-1d34-4442-9347-3eab9ed2fd67,4cf7f052-1d34-4442-9347-3eab9ed2fd67-2-23,0,f,2026-04-17 09:03:02.06
949852be-6218-4ac9-b179-3d53ac3d4d21,ab13ef04-58e1-4218-8444-e601f4f26e84,ab13ef04-58e1-4218-8444-e601f4f26e84-2-44,3,t,2026-04-17 09:03:02.265
4a38f375-2809-4de9-a76d-c606acbeb6af,963fec59-78ac-420b-9d9e-84e6bae46cd0,963fec59-78ac-420b-9d9e-84e6bae46cd0-2-13,1,f,2026-04-17 09:03:03.789
82ab6060-404d-4458-9cd0-017c1f1850bf,b3b85ddf-f0e9-41a1-9e77-b3d6fe57fd92,b3b85ddf-f0e9-41a1-9e77-b3d6fe57fd92-2-5,3,t,2026-04-17 09:03:03.854
efe65579-96d3-49e6-9617-e9dba6f3799a,37d9e26e-10fd-435d-b337-a843a3c2e7e8,37d9e26e-10fd-435d-b337-a843a3c2e7e8-2-26,1,f,2026-04-17 09:03:10.144
7282952c-926b-4b2f-baed-be776f329325,7e1289eb-5ee1-4695-aab3-647721240979,7e1289eb-5ee1-4695-aab3-647721240979-2-78,1,f,2026-04-17 09:03:11.388
6ea57be6-3c76-4575-9784-21d4fa28a83d,5c1c1b08-ad4f-4952-840e-cc58de5aee40,5c1c1b08-ad4f-4952-840e-cc58de5aee40-2-34,0,f,2026-04-17 09:03:26.046
8db31050-e682-4f71-9cea-52234ce50fb9,4868945e-d1c2-4895-946c-d603709e8edf,4868945e-d1c2-4895-946c-d603709e8edf-2-13,3,t,2026-04-17 09:03:27.175
833055b5-49c2-4368-aeab-c0e8288473ee,f6af9a1c-b651-4756-81be-bb78380c2bcb,f6af9a1c-b651-4756-81be-bb78380c2bcb-2-43,0,f,2026-04-17 09:32:56.999
db9e413c-c414-43da-9179-d8b2ea0720fc,4d064b59-db6f-4c00-a7bd-dd47165afed8,4d064b59-db6f-4c00-a7bd-dd47165afed8-2-23,3,t,2026-04-17 09:04:28.999
60b563ef-154a-4acd-8cd0-b88cbcb17a75,9b2bfc86-cd9e-48cc-affa-2645a1b65bd1,9b2bfc86-cd9e-48cc-affa-2645a1b65bd1-2-4,3,t,2026-04-17 09:03:29.808
4f65cdb0-e189-454d-983d-6f0dd183b6c1,4975effd-c5f3-42c2-8e98-7a5eca5004b6,4975effd-c5f3-42c2-8e98-7a5eca5004b6-2-4,3,t,2026-04-17 09:04:39.928
c82f79b4-7b82-4446-824b-4aa35e9f4fd0,316d0ef9-3596-406f-974d-3d3bb82172a1,316d0ef9-3596-406f-974d-3d3bb82172a1-2-14,3,t,2026-04-17 09:03:54.433
9b20a481-d0b6-43c7-a80f-097831aabfc8,4626347f-a937-4b7f-8da9-b4a98783e145,4626347f-a937-4b7f-8da9-b4a98783e145-2-13,3,t,2026-04-17 09:04:26.308
5b63af8f-7b44-4e69-bdc6-dc22f9234b28,aebd5ab0-d995-48cc-9ce2-257757499d18,aebd5ab0-d995-48cc-9ce2-257757499d18-2-0,3,t,2026-04-17 09:06:25.837
2a9d634d-c21e-4419-9ea5-b2063f2eeed1,853a8dae-65c1-4c3b-aa1a-3d082cc81d82,853a8dae-65c1-4c3b-aa1a-3d082cc81d82-2-57,0,f,2026-04-17 09:38:37.804
8c4a0148-cad6-4390-872c-97aac556d382,01e89da0-052e-4a56-b001-dc55712d8828,01e89da0-052e-4a56-b001-dc55712d8828-2-10,0,f,2026-04-17 09:03:50.471
cb3538d3-19e3-47d6-ba55-87ba42ce48c5,996b54c6-df4b-42e0-b36a-0b183de8fa03,996b54c6-df4b-42e0-b36a-0b183de8fa03-2-6,3,t,2026-04-17 09:24:07.248
dc208262-049f-4c6a-a947-6ab67dfe85a6,a276db23-8b57-4fb8-bc06-59bbf14f7100,a276db23-8b57-4fb8-bc06-59bbf14f7100-2-2,0,f,2026-04-17 09:04:01.595
e2caaa92-5849-4bf0-b691-92c967ae8c47,f5e2ef8c-4e28-4665-b659-8de68ae205cd,f5e2ef8c-4e28-4665-b659-8de68ae205cd-2-3,3,t,2026-04-17 09:04:07.609
8a39751f-ffae-4ac4-a193-f27606d6ff01,2b6b5f05-2f37-4d80-a478-b16e450f3358,2b6b5f05-2f37-4d80-a478-b16e450f3358-2-11,0,f,2026-04-17 09:04:02.222
6c1aebe2-0c15-476e-95f5-f390d4b81bd4,1d9c5d60-e2bb-4d62-a4fe-23e4d269f411,1d9c5d60-e2bb-4d62-a4fe-23e4d269f411-2-5,3,t,2026-04-17 09:04:55.051
812e039a-5790-4873-b1c2-b54f37667ad8,9a55e2ae-caea-48c8-8437-7fa6d560c28d,9a55e2ae-caea-48c8-8437-7fa6d560c28d-2-20,3,t,2026-04-17 09:04:03.712
f2fd6f79-5137-4ed2-bad3-c8f89a492b27,f0ab63a2-2e97-4a4a-ace4-8715bb448f47,f0ab63a2-2e97-4a4a-ace4-8715bb448f47-2-32,3,t,2026-04-17 09:08:16.106
9c36e9e3-36e4-4664-be46-bc55e697f306,22413047-2f23-4dc9-861c-024171bcfe51,22413047-2f23-4dc9-861c-024171bcfe51-2-3,3,t,2026-04-17 09:04:09.979
af30bef4-feaa-4042-8a60-95f9dadbe8c8,9651adcc-6e22-42a6-b506-4924d2dbf61b,9651adcc-6e22-42a6-b506-4924d2dbf61b-2-40,3,t,2026-04-17 09:04:18.8
dab7cbf8-5835-40b2-be29-95de372e41bc,1ba4c6b9-4c26-4030-bfde-58ff3da5e5b9,1ba4c6b9-4c26-4030-bfde-58ff3da5e5b9-2-0,3,t,2026-04-17 09:08:44.117
340b481e-8d7b-4506-a249-30965a90043f,c350e513-ace9-47c0-89b3-c48b08a6552d,c350e513-ace9-47c0-89b3-c48b08a6552d-2-2,3,t,2026-04-17 09:04:37.861
6b9ff548-910b-4c9b-b837-37255111bd69,7c24664f-2c5e-4883-a66c-0bc3798693b5,7c24664f-2c5e-4883-a66c-0bc3798693b5-2-1,0,f,2026-04-17 09:04:25.759
2d4ed5ec-4f97-4604-9d56-aea075bad961,0ce229a1-dc58-4760-8475-b76faaa19ffa,0ce229a1-dc58-4760-8475-b76faaa19ffa-2-6,3,t,2026-04-17 09:05:37.554
6580b080-d88e-4270-bd8b-df932dc1369d,d39050bd-ce5c-4719-ae39-d694ab777186,d39050bd-ce5c-4719-ae39-d694ab777186-2-12,3,t,2026-04-17 09:04:33.361
1cf0c417-e6ca-4c49-8c5b-bcb1b6531546,514a5db5-8043-47c7-9e9a-214d7b05ca1b,514a5db5-8043-47c7-9e9a-214d7b05ca1b-2-4,0,f,2026-04-17 09:04:45.892
a02a59c5-931a-4e75-9c5b-75eb0679ddb7,5c4e6825-9393-45a5-82f2-bbfa1789b3c1,5c4e6825-9393-45a5-82f2-bbfa1789b3c1-2-14,3,t,2026-04-17 09:05:38.958
599360d1-7cae-4000-94b8-a7adb8bdebfd,3de4071d-6ac3-4ee3-a5c2-9b21e67ff4b5,3de4071d-6ac3-4ee3-a5c2-9b21e67ff4b5-2-12,3,t,2026-04-17 09:06:10.893
3cfc6659-3a81-4a74-8fa7-dc88fcd6f5c1,8ee0c564-0f11-4ba9-b34e-cac68081767c,8ee0c564-0f11-4ba9-b34e-cac68081767c-2-10,0,f,2026-04-17 09:06:44.197
0c7b2508-5c4b-4556-8f19-d4379b1bdd90,b448b940-e172-4174-ac48-d9961a46b951,b448b940-e172-4174-ac48-d9961a46b951-2-4,0,f,2026-04-17 09:07:41.782
c602b02f-44ed-46c7-bb12-e373ad8f5b7b,c14ef5db-05f5-4aac-b1d5-95491a5cc2b5,c14ef5db-05f5-4aac-b1d5-95491a5cc2b5-2-12,0,f,2026-04-17 09:03:53.175
0c34d697-f19f-43df-99a1-252c2c4fcc6b,a3e3f98b-4511-430d-8cc5-03e6b557fbee,a3e3f98b-4511-430d-8cc5-03e6b557fbee-2-14,3,t,2026-04-17 09:05:03.426
a2cf7c08-24bf-4545-be83-69a3c0d01a3b,b4e7203d-cf8d-4685-a95e-4b43505d273f,b4e7203d-cf8d-4685-a95e-4b43505d273f-2-10,0,f,2026-04-17 09:05:05.436
d0f0b574-c3cf-4cb3-aa73-ff2c9d8f8786,add279af-2d44-4ee5-a302-878d603890fd,add279af-2d44-4ee5-a302-878d603890fd-2-1,3,t,2026-04-17 09:04:05.27
5ff4307d-54cc-4902-9ad6-e383afb91ef4,7e1289eb-5ee1-4695-aab3-647721240979,7e1289eb-5ee1-4695-aab3-647721240979-2-98,1,f,2026-04-17 09:04:21.989
95f954df-d389-4a97-b60f-bccd56832078,9b2bfc86-cd9e-48cc-affa-2645a1b65bd1,9b2bfc86-cd9e-48cc-affa-2645a1b65bd1-2-2,3,t,2026-04-17 09:05:23.898
f9dc83d4-78bc-491a-9ac0-a6457791dd21,2157b182-d26f-4929-9ea0-d14b0461db32,2157b182-d26f-4929-9ea0-d14b0461db32-2-62,1,f,2026-04-17 09:05:24.688
7a6f76d2-e0d1-4ab0-ad87-33a277cb0a79,b448b940-e172-4174-ac48-d9961a46b951,b448b940-e172-4174-ac48-d9961a46b951-2-5,3,t,2026-04-17 09:05:06.003
eeadf996-0daf-4378-92c4-3376a732f4ab,5f42d829-f4be-4762-8706-6ee43f14526b,5f42d829-f4be-4762-8706-6ee43f14526b-2-10,3,t,2026-04-17 09:04:48.195
164b0bd6-b256-4c0b-a60e-916cb7d44d00,57fd170e-8fcf-425e-aafb-34331dbe4494,57fd170e-8fcf-425e-aafb-34331dbe4494-2-11,0,f,2026-04-17 09:05:10.09
b211ccbd-8137-473b-8dbc-022745046771,79861957-de90-4a8c-bce9-d0d995c9860a,79861957-de90-4a8c-bce9-d0d995c9860a-2-4,3,t,2026-04-17 09:04:51.947
f9e3d243-142e-416a-bf8d-31bef2df9bc6,de3ff6b8-3451-42be-abc6-cf91f7ffe348,de3ff6b8-3451-42be-abc6-cf91f7ffe348-2-9,3,t,2026-04-17 09:06:43.198
13b46c9e-263b-4b34-8911-413e231b126b,9a55e2ae-caea-48c8-8437-7fa6d560c28d,9a55e2ae-caea-48c8-8437-7fa6d560c28d-2-21,3,t,2026-04-17 09:04:56.217
1573e6c5-af89-464f-8689-eb27a1cb87b6,5d48f615-bb08-49d7-9d29-de098d96d55c,5d48f615-bb08-49d7-9d29-de098d96d55c-2-21,3,t,2026-04-17 09:05:47.727
1cfb4a38-b066-4623-abf7-d54fc18e25bb,5d48f615-bb08-49d7-9d29-de098d96d55c,5d48f615-bb08-49d7-9d29-de098d96d55c-2-20,3,t,2026-04-17 09:05:00.402
d3771f8b-1bfe-4e74-b6df-86b8d63cb8cd,c909bd23-7897-4dea-8402-2cca7a3df7c6,c909bd23-7897-4dea-8402-2cca7a3df7c6-2-17,3,t,2026-04-17 09:05:26.517
818631c3-8d94-48b4-8b6e-82d538d495e4,e2dabc7c-955e-44b7-b230-97640bea013e,e2dabc7c-955e-44b7-b230-97640bea013e-2-16,3,t,2026-04-17 09:05:14.586
b093cea3-6d1e-4734-8916-2a8985c03af7,f6af9a1c-b651-4756-81be-bb78380c2bcb,f6af9a1c-b651-4756-81be-bb78380c2bcb-2-47,0,f,2026-04-17 09:34:31.639
274196c9-a626-49cc-8ef1-01bf2331def7,941a564c-77b9-48d6-920a-648da559328e,941a564c-77b9-48d6-920a-648da559328e-2-0,0,f,2026-04-17 09:08:31.697
60933137-001f-4157-96f7-3b60a80afe7a,9a55e2ae-caea-48c8-8437-7fa6d560c28d,9a55e2ae-caea-48c8-8437-7fa6d560c28d-2-22,3,t,2026-04-17 09:05:14.892
8366c0be-20e0-4e57-b35f-b0c4dd0536fc,7ef6d63a-b0af-4be2-a8e0-3784fd609017,7ef6d63a-b0af-4be2-a8e0-3784fd609017-2-0,3,t,2026-04-17 09:06:06.053
b05c6e14-0796-46d9-910f-faa91b49d095,902cdc82-6e20-450c-955f-c13491ebf0ef,902cdc82-6e20-450c-955f-c13491ebf0ef-2-1,3,t,2026-04-17 09:06:19.32
8a0bd563-177b-4cbb-9ee0-f754311e3d1b,316d0ef9-3596-406f-974d-3d3bb82172a1,316d0ef9-3596-406f-974d-3d3bb82172a1-2-19,3,t,2026-04-17 09:05:21.645
4cbd1de1-a544-445a-bc63-e365b1c5afbe,01e89da0-052e-4a56-b001-dc55712d8828,01e89da0-052e-4a56-b001-dc55712d8828-2-13,0,f,2026-04-17 09:06:07.574
08c6285b-21b5-401e-ab38-82118496551f,514a5db5-8043-47c7-9e9a-214d7b05ca1b,514a5db5-8043-47c7-9e9a-214d7b05ca1b-2-5,0,f,2026-04-17 09:05:34.899
3f849b95-2c95-497f-9a50-02e21dfc5613,1df7744c-4296-4a4a-a293-6431531fce9a,1df7744c-4296-4a4a-a293-6431531fce9a-2-0,0,f,2026-04-17 09:06:19.561
0cb44979-0d6a-4a35-b096-88b4c330d650,bd262987-52d6-4e1f-acf8-f0b78aa44ee9,bd262987-52d6-4e1f-acf8-f0b78aa44ee9-2-6,2,f,2026-04-17 09:05:49.117
8103d472-fc87-44f5-97aa-6a2e8db2f8cb,c590bbb6-233c-428e-ba79-dfbfcb024d69,c590bbb6-233c-428e-ba79-dfbfcb024d69-2-7,0,f,2026-04-17 09:10:11.077
06f5e003-d745-40e9-a51d-acce1f812670,7b350d11-7774-4d4f-9b2d-3721b7c4c72d,7b350d11-7774-4d4f-9b2d-3721b7c4c72d-2-28,3,t,2026-04-17 09:05:49.512
e326a17a-fef2-48fb-b6c9-a3f45bcd34a5,bad969bd-28dc-4962-9a3f-3cc809904b38,bad969bd-28dc-4962-9a3f-3cc809904b38-2-13,2,f,2026-04-17 09:05:54.284
8348632e-b827-4553-8d6d-eb43cae21021,e34b9241-22a9-4da5-a69b-90c53ec1b42a,e34b9241-22a9-4da5-a69b-90c53ec1b42a-2-10,0,f,2026-04-17 09:06:20.944
3aaff8a9-78c1-4fbb-942b-5b99b78568d0,27c9b426-bbfa-4f74-b733-37e4e75d3e10,27c9b426-bbfa-4f74-b733-37e4e75d3e10-2-2,3,t,2026-04-17 09:06:43.357
9888586c-2e56-4626-867a-eafb46aa1484,b36faffd-430e-4c0c-ac9a-4dba748e85a8,b36faffd-430e-4c0c-ac9a-4dba748e85a8-2-8,3,t,2026-04-17 09:06:08.689
2978b21c-2c15-42c3-8f5e-3066c6327f5b,41e44d4e-ed4b-41b7-851a-04be3bf4f9ec,41e44d4e-ed4b-41b7-851a-04be3bf4f9ec-2-8,0,f,2026-04-17 09:07:11.595
3405ce05-e067-44f7-a01d-d4fde0d71ef2,5acfcb89-71a4-4847-b5ba-b747c0f0c58a,5acfcb89-71a4-4847-b5ba-b747c0f0c58a-2-25,0,f,2026-04-17 09:24:40.869
d3b1eade-7247-4748-980d-811d280b07bf,4626347f-a937-4b7f-8da9-b4a98783e145,4626347f-a937-4b7f-8da9-b4a98783e145-2-14,3,t,2026-04-17 09:06:34.826
39ca4f65-b082-41aa-8232-2f93b7c5164b,2b8e121d-6660-4971-b514-d55a5ff3b6bc,2b8e121d-6660-4971-b514-d55a5ff3b6bc-2-7,3,t,2026-04-17 09:09:35.682
3388004d-b5d4-453f-b35a-e85e3337db9f,b36faffd-430e-4c0c-ac9a-4dba748e85a8,b36faffd-430e-4c0c-ac9a-4dba748e85a8-2-17,3,t,2026-04-17 09:21:47.243
f6adef62-f9db-42ba-acf4-e7d452c14810,4f7c2ed7-83a1-4fa7-ac08-c7c3640fd0b2,4f7c2ed7-83a1-4fa7-ac08-c7c3640fd0b2-2-20,3,t,2026-04-17 09:09:52.706
6ebdfc92-cd8c-4b49-88b9-85d51df807a4,58d01453-bdf3-462d-b2cc-cc8e0a11f4bd,58d01453-bdf3-462d-b2cc-cc8e0a11f4bd-2-7,3,t,2026-04-17 09:24:00.353
eb991a7e-4d71-47b4-9ee3-bb76826b14a4,ea4f0316-df7a-437a-b8ce-63548e33cc5a,ea4f0316-df7a-437a-b8ce-63548e33cc5a-2-46,3,t,2026-04-17 09:24:03.708
46f7a2b2-90d8-407b-b39c-e64d8a8aaa60,3ab607f7-a0dc-4fe7-9962-162700c52251,3ab607f7-a0dc-4fe7-9962-162700c52251-2-13,3,t,2026-04-17 09:25:02.816
2ca78176-fa7b-441e-9a62-f7d24d3c315a,b4b098bd-438e-49a9-ad66-57cfc51fd272,b4b098bd-438e-49a9-ad66-57cfc51fd272-2-73,3,t,2026-04-17 09:25:15.656
53abba32-2ed1-4ee5-8aa8-7b97c7108c4a,7428391c-79d7-4f38-961c-2eae701e9b59,7428391c-79d7-4f38-961c-2eae701e9b59-2-32,3,t,2026-04-17 09:25:23.086
a528fb55-c316-4fe2-9430-663bf7647f15,08ffa16d-5fda-48dc-97ba-0fa8ad2ec214,08ffa16d-5fda-48dc-97ba-0fa8ad2ec214-2-4,3,t,2026-04-17 09:26:15.975
dbf10ba0-887f-4e62-9054-84fa03753b2b,ee1ce29b-7c86-48cd-850f-f5a8ee856031,ee1ce29b-7c86-48cd-850f-f5a8ee856031-2-6,3,t,2026-04-17 09:26:01.291
99faa026-04dc-4a78-84bd-da2de3397997,5f297ad6-4f5c-4a11-b0c4-ff94caaa89bf,5f297ad6-4f5c-4a11-b0c4-ff94caaa89bf-2-10,3,t,2026-04-17 09:27:09.615
f10be5d3-86de-488e-8362-dd117aa89ed2,5f297ad6-4f5c-4a11-b0c4-ff94caaa89bf,5f297ad6-4f5c-4a11-b0c4-ff94caaa89bf-2-3,2,f,2026-04-17 09:03:58.85
824856f3-2c4a-4a28-867d-6f3ff394bcdb,7b2fc2f3-7bed-4c31-81a9-2ec17d2a01ed,7b2fc2f3-7bed-4c31-81a9-2ec17d2a01ed-2-40,0,f,2026-04-17 09:05:13.003
7069264e-e76c-49a9-9e4a-64fe5468810d,bad969bd-28dc-4962-9a3f-3cc809904b38,bad969bd-28dc-4962-9a3f-3cc809904b38-2-2,3,t,2026-04-17 09:04:08.589
30efa5ef-b546-4014-8144-eb46363c914c,ad2ea128-38e3-4ed1-a9e9-612e79f000bd,ad2ea128-38e3-4ed1-a9e9-612e79f000bd-2-26,3,t,2026-04-17 09:04:28.175
753228de-0f13-4850-9e4a-c570c6976e1b,a037f741-a910-48c8-9024-37930d7b2190,a037f741-a910-48c8-9024-37930d7b2190-2-28,5,t,2026-04-17 09:04:08.986
17a889e4-019d-41ff-af31-c516c52851d8,835fa953-1c2f-45a5-a661-9679158bc35a,835fa953-1c2f-45a5-a661-9679158bc35a-2-13,3,t,2026-04-17 09:06:03.881
3d5efbba-5d4e-4949-96c0-d27728ae4399,0dac11b6-9631-4184-a1c8-fb09702135e9,0dac11b6-9631-4184-a1c8-fb09702135e9-2-3,3,t,2026-04-17 09:04:10.077
0a8bf3d6-254f-4741-8129-011b4d0757b3,ccfa1e3b-55c9-4102-9146-6e5cc30549b7,ccfa1e3b-55c9-4102-9146-6e5cc30549b7-2-0,0,f,2026-04-17 09:05:13.014
188d15d8-91c6-40e4-b34f-a9eb86cf7eb6,4f08dd81-6f2e-4cc8-b553-763cdcdae36e,4f08dd81-6f2e-4cc8-b553-763cdcdae36e-2-1,0,f,2026-04-17 09:04:54.802
13606170-986d-4329-9d79-2123ca043d35,ea4f0316-df7a-437a-b8ce-63548e33cc5a,ea4f0316-df7a-437a-b8ce-63548e33cc5a-2-33,4,t,2026-04-17 09:06:20.075
ee755251-b0d0-4be5-8f2a-0bced1ad3f74,a3e3f98b-4511-430d-8cc5-03e6b557fbee,a3e3f98b-4511-430d-8cc5-03e6b557fbee-2-13,3,t,2026-04-17 09:04:14.709
24bbd691-b56a-4ba9-bc70-0fca3c923d6e,6d3e1cc2-1774-4e0f-bbb7-21f0468e81d0,6d3e1cc2-1774-4e0f-bbb7-21f0468e81d0-2-78,0,f,2026-04-17 09:04:15.138
e07973f4-a3df-42df-b101-52a265e6fb1c,e810366e-1e77-47e9-878d-baae7e38ecfa,e810366e-1e77-47e9-878d-baae7e38ecfa-2-14,3,t,2026-04-17 09:04:31.068
cc9e8043-fb21-4f3a-ad17-68258bf788c5,5f42d829-f4be-4762-8706-6ee43f14526b,5f42d829-f4be-4762-8706-6ee43f14526b-2-12,0,f,2026-04-17 09:06:22.163
0555ce7d-1179-4d3d-9e73-31f46957b424,46592f64-4847-4dd0-b9d4-9a8736d9b75e,46592f64-4847-4dd0-b9d4-9a8736d9b75e-2-20,3,t,2026-04-17 09:04:17.195
761c5f9b-d892-44bb-b5ed-aacb0dc63d4b,853a8dae-65c1-4c3b-aa1a-3d082cc81d82,853a8dae-65c1-4c3b-aa1a-3d082cc81d82-2-20,2,f,2026-04-17 09:04:20.508
f16ba14e-526c-477f-92c2-214f7f29007b,17a5a449-32db-47c3-a5e8-5f7368815036,17a5a449-32db-47c3-a5e8-5f7368815036-2-5,3,t,2026-04-17 09:10:51.131
0cb87e7d-db84-413a-88ad-e95fd650b7ee,c3ac1670-f197-4065-88b7-abb8a3f55e05,c3ac1670-f197-4065-88b7-abb8a3f55e05-2-20,3,t,2026-04-17 09:04:35.649
99a67ffc-e813-4bf6-8045-c646111f0ec1,21d53331-bf7e-4a4a-8242-daa5236fc398,21d53331-bf7e-4a4a-8242-daa5236fc398-2-16,0,f,2026-04-17 09:04:36.156
d8782fe2-cae1-47ca-898d-9e23e3fe7b66,e0429249-d96d-48e2-ad56-cc8198adb3fb,e0429249-d96d-48e2-ad56-cc8198adb3fb-2-25,3,t,2026-04-17 09:04:59.444
8c9fd6ca-0c15-4a4d-8389-0c65a963a19c,976db7d1-71ac-4b46-9871-48fd7f6980dc,976db7d1-71ac-4b46-9871-48fd7f6980dc-2-16,3,t,2026-04-17 09:04:38.559
6f89a743-bd2e-4ec9-8d24-df9b829ef2f9,3201a497-4a53-41cf-8c80-7953d79d37c5,3201a497-4a53-41cf-8c80-7953d79d37c5-2-3,3,t,2026-04-17 09:07:57.963
3fdd05fb-1b44-4585-a7f7-ec65381273e8,1545b7f2-2a7b-4355-b97c-111a6091093e,1545b7f2-2a7b-4355-b97c-111a6091093e-2-6,3,t,2026-04-17 09:05:43.405
0cf4d3d8-cda7-4b64-8466-e4027e3c44dd,d3f2605e-dc00-465c-a66a-1fe00bae1bc8,d3f2605e-dc00-465c-a66a-1fe00bae1bc8-2-29,0,f,2026-04-17 09:04:59.846
eb8296db-64ef-4a58-9ae5-20c294698de2,c3ac1670-f197-4065-88b7-abb8a3f55e05,c3ac1670-f197-4065-88b7-abb8a3f55e05-2-21,3,t,2026-04-17 09:54:43.226
0b6a9316-598c-4168-8bde-7f25b069c924,0dac11b6-9631-4184-a1c8-fb09702135e9,0dac11b6-9631-4184-a1c8-fb09702135e9-2-4,3,t,2026-04-17 09:05:00.392
98a23c04-8f12-4b71-817b-bd8474c3f232,006eee1f-7c23-4324-b8e0-3234d930131f,006eee1f-7c23-4324-b8e0-3234d930131f-2-14,3,t,2026-04-17 09:13:01.128
3df43262-0fde-41d6-8673-f948eb3e355a,fa6ae629-f37f-4409-aba6-c4e071599e36,fa6ae629-f37f-4409-aba6-c4e071599e36-2-6,3,t,2026-04-17 09:05:03.563
8399ab46-13f5-43a3-b3b6-d3efea62ed8b,7ed13b91-200d-43c2-ad9e-6ab09842430d,7ed13b91-200d-43c2-ad9e-6ab09842430d-2-1,0,f,2026-04-17 09:06:11.35
cc9dfb0a-79cb-4b44-80bb-d5a460ef9cbb,f5e2ef8c-4e28-4665-b659-8de68ae205cd,f5e2ef8c-4e28-4665-b659-8de68ae205cd-2-18,3,t,2026-04-17 09:05:39.453
4618b412-ed09-44fc-8ecf-076459bb6427,71af5200-8305-4525-b2fc-af68aaeee385,71af5200-8305-4525-b2fc-af68aaeee385-2-5,3,t,2026-04-17 09:06:41.413
64d1f953-9a84-46c7-90a6-a7503850d85c,c696162d-add8-4d23-812d-b07e7b17d6a6,c696162d-add8-4d23-812d-b07e7b17d6a6-2-16,0,f,2026-04-17 09:05:44.413
b06a2baa-de42-40f5-bf16-1f1d8849be9d,7c24664f-2c5e-4883-a66c-0bc3798693b5,7c24664f-2c5e-4883-a66c-0bc3798693b5-2-3,3,t,2026-04-17 09:06:03.705
a4b77f81-393d-4d95-9a1e-dd09a5aa520a,897d03b4-4f5e-4d77-b19e-f7aee227197e,897d03b4-4f5e-4d77-b19e-f7aee227197e-2-1,3,t,2026-04-17 09:06:36.386
8dd82611-7912-4a7d-ae72-701cd79b3030,5acfcb89-71a4-4847-b5ba-b747c0f0c58a,5acfcb89-71a4-4847-b5ba-b747c0f0c58a-2-10,3,t,2026-04-17 09:06:44.864
cf65ab96-fe9d-4ad5-8505-99fbd51f4f81,b90a9c80-0433-49e1-b0ba-06f4234b647e,b90a9c80-0433-49e1-b0ba-06f4234b647e-2-0,3,t,2026-04-17 09:06:45.95
07b38973-3783-42f5-9d27-5a2a56072dcf,963fec59-78ac-420b-9d9e-84e6bae46cd0,963fec59-78ac-420b-9d9e-84e6bae46cd0-2-14,2,f,2026-04-17 09:05:56.4
6d781ec9-b8ba-4f48-adf6-e4e8f7a85255,3ba4307f-c0ed-4239-bbda-f35ba419d93a,3ba4307f-c0ed-4239-bbda-f35ba419d93a-2-8,0,f,2026-04-17 09:06:00.61
7cc82dfd-4429-4c19-b521-ec0b5aa8443a,4975effd-c5f3-42c2-8e98-7a5eca5004b6,4975effd-c5f3-42c2-8e98-7a5eca5004b6-2-6,3,t,2026-04-17 09:06:14.139
03c718f8-820c-478f-af7c-96323d1fd79c,b4c5c04b-ee8f-4aba-95d4-0b2ca4146623,b4c5c04b-ee8f-4aba-95d4-0b2ca4146623-2-13,0,f,2026-04-17 09:10:47.424
c502d959-f058-42e6-95ed-3643efe4410c,79861957-de90-4a8c-bce9-d0d995c9860a,79861957-de90-4a8c-bce9-d0d995c9860a-2-6,3,t,2026-04-17 09:06:31.692
eb0c3cd1-2fc2-4223-b2a0-33e34d264334,4868945e-d1c2-4895-946c-d603709e8edf,4868945e-d1c2-4895-946c-d603709e8edf-2-14,0,f,2026-04-17 09:06:17.985
49e375fd-a254-45cd-961d-746a3272cf40,6706dc6d-2366-466b-a5d2-030aa1c7af67,6706dc6d-2366-466b-a5d2-030aa1c7af67-2-4,0,f,2026-04-17 09:15:42.361
75e658d2-1e60-404f-85cc-07689374ac8e,a57c2f4a-4224-4da8-8026-fc6f6253c6d0,a57c2f4a-4224-4da8-8026-fc6f6253c6d0-2-0,3,t,2026-04-17 09:08:26.4
c15978ba-58df-4f36-ba28-e809cabd63cb,42b10180-eb73-4415-ba4d-00a54ac1d790,42b10180-eb73-4415-ba4d-00a54ac1d790-2-5,0,f,2026-04-17 09:07:53.767
2ffc68c1-75e5-4dda-99d6-6e3826a40dd6,9fad1346-db17-4e69-9f23-78eebc0077db,9fad1346-db17-4e69-9f23-78eebc0077db-2-14,0,f,2026-04-17 09:08:50.665
9582744e-f284-4e88-9e18-a26f869bdb1d,1ba4c6b9-4c26-4030-bfde-58ff3da5e5b9,1ba4c6b9-4c26-4030-bfde-58ff3da5e5b9-2-6,3,t,2026-04-17 09:23:23.891
e87d9d03-2b3f-48a8-9635-e52f10b1bb87,b3b85ddf-f0e9-41a1-9e77-b3d6fe57fd92,b3b85ddf-f0e9-41a1-9e77-b3d6fe57fd92-2-7,0,f,2026-04-17 09:06:20.826
19378444-5ca4-4a59-9994-42cf73d88b68,4cf7f052-1d34-4442-9347-3eab9ed2fd67,4cf7f052-1d34-4442-9347-3eab9ed2fd67-2-26,3,t,2026-04-17 09:04:38.285
872cf422-a313-495e-a0be-9455d20d66b7,bbf30bbe-45d5-4dec-b2b3-f903b2d10658,bbf30bbe-45d5-4dec-b2b3-f903b2d10658-2-89,0,f,2026-04-17 09:05:21.087
9f84bfc1-45b5-466e-aabf-fb02f980bdc3,316d0ef9-3596-406f-974d-3d3bb82172a1,316d0ef9-3596-406f-974d-3d3bb82172a1-2-27,3,t,2026-04-17 09:06:21.638
6395f1d7-19f6-4f4a-a1be-55949359f247,3ab607f7-a0dc-4fe7-9962-162700c52251,3ab607f7-a0dc-4fe7-9962-162700c52251-2-2,3,t,2026-04-17 09:05:25.015
dc8ea42b-9205-4ded-aca6-96d45150388d,9651adcc-6e22-42a6-b506-4924d2dbf61b,9651adcc-6e22-42a6-b506-4924d2dbf61b-2-43,0,f,2026-04-17 09:06:48.945
480f43e2-e0d6-4baa-b022-0cffe6ae1641,d39050bd-ce5c-4719-ae39-d694ab777186,d39050bd-ce5c-4719-ae39-d694ab777186-2-13,3,t,2026-04-17 09:06:23.605
cfa8238a-03dc-4d72-bd79-fde263edbdc7,17a5a449-32db-47c3-a5e8-5f7368815036,17a5a449-32db-47c3-a5e8-5f7368815036-2-6,3,t,2026-04-17 09:05:44.281
57c89ef8-31ee-4785-9075-17bab6a6a6d7,c3ac1670-f197-4065-88b7-abb8a3f55e05,c3ac1670-f197-4065-88b7-abb8a3f55e05-2-2,3,t,2026-04-17 09:07:16.151
88a6fdc9-ce9a-45d9-b798-27ec2855d539,c350e513-ace9-47c0-89b3-c48b08a6552d,c350e513-ace9-47c0-89b3-c48b08a6552d-2-3,3,t,2026-04-17 09:05:49.836
1c1d21c8-aaa4-4fe0-acbb-66b641caf622,d34cebeb-d6e2-4f6e-bf65-cc118d4e996e,d34cebeb-d6e2-4f6e-bf65-cc118d4e996e-2-64,0,f,2026-04-17 09:06:02.872
2851706e-01ed-4f9c-ac56-f5a59fbb6fab,2b6b5f05-2f37-4d80-a478-b16e450f3358,2b6b5f05-2f37-4d80-a478-b16e450f3358-2-12,0,f,2026-04-17 09:06:24.639
42773952-51f2-4232-b35e-a207d697bdc3,21d53331-bf7e-4a4a-8242-daa5236fc398,21d53331-bf7e-4a4a-8242-daa5236fc398-2-21,0,f,2026-04-17 09:06:25.367
abd5e18d-3d0c-4547-bf12-11c2c78b5fdc,1cb8fb30-5d58-42e9-aeb9-e6d3478e7295,1cb8fb30-5d58-42e9-aeb9-e6d3478e7295-2-18,3,t,2026-04-17 09:06:05.884
7601680e-e8c7-477b-a335-fa34c93d9600,22413047-2f23-4dc9-861c-024171bcfe51,22413047-2f23-4dc9-861c-024171bcfe51-2-5,3,t,2026-04-17 09:06:38.134
de61a88d-5337-456f-aefc-2cf61f46f4bc,b448b940-e172-4174-ac48-d9961a46b951,b448b940-e172-4174-ac48-d9961a46b951-2-2,0,f,2026-04-17 09:06:15.08
b729b1f1-bc65-4c9c-b6db-1aa316037c27,99591e75-8017-4d97-aa79-183d057cde08,99591e75-8017-4d97-aa79-183d057cde08-2-137,2,f,2026-04-17 09:06:16.404
62bc5020-c96f-4911-9db3-33a5e1b94ee2,5c1c1b08-ad4f-4952-840e-cc58de5aee40,5c1c1b08-ad4f-4952-840e-cc58de5aee40-2-44,0,f,2026-04-17 09:06:38.731
0aa95e58-c837-40f9-b961-79e10d419d1b,5d48f615-bb08-49d7-9d29-de098d96d55c,5d48f615-bb08-49d7-9d29-de098d96d55c-2-0,0,f,2026-04-17 09:06:34.244
fbcfddb4-648f-4aae-8f74-e90400c8bc44,0f87f5ca-90be-407a-a6fe-4bdea6c80f5a,0f87f5ca-90be-407a-a6fe-4bdea6c80f5a-2-14,3,t,2026-04-17 09:06:34.399
4754a6ae-2973-42bf-9ab5-479d3d84ecd5,3ab607f7-a0dc-4fe7-9962-162700c52251,3ab607f7-a0dc-4fe7-9962-162700c52251-2-6,3,t,2026-04-17 09:06:47.346
e6fc9b46-73e8-4860-b7d0-ee279c7421bc,27a69e03-7147-4f1d-8331-650a51e441e2,27a69e03-7147-4f1d-8331-650a51e441e2-2-97,3,t,2026-04-17 09:06:46.804
5a9cbd4c-efb3-4ae1-a638-0e06bd139805,7b350d11-7774-4d4f-9b2d-3721b7c4c72d,7b350d11-7774-4d4f-9b2d-3721b7c4c72d-2-30,5,t,2026-04-17 09:06:42.993
17a75f44-080d-41e7-9a66-5c92aa345ff9,1e4d7928-481a-4e8d-ad61-a9ffbbaa5374,1e4d7928-481a-4e8d-ad61-a9ffbbaa5374-2-12,3,t,2026-04-17 09:06:49.234
285534e9-8894-477a-8235-267cd21d9b01,2b6b5f05-2f37-4d80-a478-b16e450f3358,2b6b5f05-2f37-4d80-a478-b16e450f3358-2-13,3,t,2026-04-17 09:07:44.913
5cbc07b1-4f0c-42fd-97d9-0a7dd0a8b409,0d7df0d3-7223-4b74-8c6c-3aa5b26af7bd,0d7df0d3-7223-4b74-8c6c-3aa5b26af7bd-2-6,3,t,2026-04-17 09:07:22.692
774320b7-ce64-4d4c-ac67-b78a1e49a407,1cb8fb30-5d58-42e9-aeb9-e6d3478e7295,1cb8fb30-5d58-42e9-aeb9-e6d3478e7295-2-19,3,t,2026-04-17 09:06:54.722
d6808507-9056-4cf9-b37b-0c8356ff1d43,941a564c-77b9-48d6-920a-648da559328e,941a564c-77b9-48d6-920a-648da559328e-2-1,3,t,2026-04-17 09:06:56.73
c3459127-decb-4943-85ec-2cee040e370e,36ee50db-b493-43dc-b9d7-51cc4f4916e0,36ee50db-b493-43dc-b9d7-51cc4f4916e0-2-18,3,t,2026-04-17 09:07:58.859
236fe994-42f0-400a-bdc7-42b9d87e2b23,e3a08443-dd2c-43bf-894d-e428f9cdb716,e3a08443-dd2c-43bf-894d-e428f9cdb716-2-25,0,f,2026-04-17 09:07:01.384
aa1c6078-edcc-4c78-8541-b5cf155ab8b9,514a5db5-8043-47c7-9e9a-214d7b05ca1b,514a5db5-8043-47c7-9e9a-214d7b05ca1b-2-6,3,t,2026-04-17 09:07:14.413
c5d267d5-169f-4301-8c28-839fe6cc3e04,c350e513-ace9-47c0-89b3-c48b08a6552d,c350e513-ace9-47c0-89b3-c48b08a6552d-2-4,3,t,2026-04-17 09:07:40.101
3680f28d-cf6e-4ac3-9ae9-a51dd9e58464,9a55e2ae-caea-48c8-8437-7fa6d560c28d,9a55e2ae-caea-48c8-8437-7fa6d560c28d-2-30,0,f,2026-04-17 09:07:08.387
071536c3-daf5-4147-ac18-e0a5395085d5,d027a5a4-42fd-4396-a3e5-afb28a7f78cc,d027a5a4-42fd-4396-a3e5-afb28a7f78cc-2-2,3,t,2026-04-17 09:09:03.997
8540e12c-c797-4595-896e-0c5166f4be75,a3e3f98b-4511-430d-8cc5-03e6b557fbee,a3e3f98b-4511-430d-8cc5-03e6b557fbee-2-18,0,f,2026-04-17 09:07:13.829
5d588ed7-adfe-42b7-83f3-44e6ddc76288,2f2975e7-43f5-486f-8219-e1715b4ee539,2f2975e7-43f5-486f-8219-e1715b4ee539-2-37,3,t,2026-04-17 09:07:49.377
77882369-4d13-4352-8239-57fb19f088de,ae512a82-7989-4fb2-87f7-abece7160322,ae512a82-7989-4fb2-87f7-abece7160322-2-16,3,t,2026-04-17 09:07:32.652
994c67f1-ce96-4ddc-847e-4d3a15d3b57f,0ef56b5f-5e3d-4ad0-9d83-24e11c5c2e26,0ef56b5f-5e3d-4ad0-9d83-24e11c5c2e26-2-9,3,t,2026-04-17 09:17:35.83
1486ca1e-2868-4651-b000-2719a72e16d1,01e89da0-052e-4a56-b001-dc55712d8828,01e89da0-052e-4a56-b001-dc55712d8828-2-14,0,f,2026-04-17 09:07:36.108
45b35217-22d3-4306-b7ec-abd2d7761956,23224d87-2a2b-4e43-b601-671930d2ad0c,23224d87-2a2b-4e43-b601-671930d2ad0c-2-6,3,t,2026-04-17 09:08:38.857
0fe69f71-a8f3-417c-a498-9bec9e4a61ca,9a55e2ae-caea-48c8-8437-7fa6d560c28d,9a55e2ae-caea-48c8-8437-7fa6d560c28d-2-32,0,f,2026-04-17 09:07:56.653
e7f91fd9-ba50-4f4f-ac77-4241ae23264e,a2dfb5d8-c9ca-4757-b2a8-f13e7dee26b2,a2dfb5d8-c9ca-4757-b2a8-f13e7dee26b2-2-13,0,f,2026-04-17 09:10:48.642
38b24c57-0f5b-4925-a5a1-5e76aecb65b2,0fedeb0b-ce3d-4ea2-be98-c8ea8439b673,0fedeb0b-ce3d-4ea2-be98-c8ea8439b673-2-5,0,f,2026-04-17 09:08:29.679
274caddd-6757-45a8-afb0-37c9c435172d,7b350d11-7774-4d4f-9b2d-3721b7c4c72d,7b350d11-7774-4d4f-9b2d-3721b7c4c72d-2-29,6,t,2026-04-17 09:13:14.026
75471616-fd5f-4542-a460-b039c45cc918,8d0012d2-7ad0-45c3-9775-88525b65c5a6,8d0012d2-7ad0-45c3-9775-88525b65c5a6-2-2,3,t,2026-04-17 09:11:21.915
1755a09f-7b7f-47ca-9da5-b364fa4b060e,9fad1346-db17-4e69-9f23-78eebc0077db,9fad1346-db17-4e69-9f23-78eebc0077db-2-15,0,f,2026-04-17 09:10:23.198
5725607e-1362-4730-8a26-608b4fe37708,bd262987-52d6-4e1f-acf8-f0b78aa44ee9,bd262987-52d6-4e1f-acf8-f0b78aa44ee9-2-10,0,f,2026-04-17 09:12:35.53
9c92d43c-ec4c-477c-9911-924caf191caa,869341ac-0069-4fc0-8633-3c9aee4b1ea5,869341ac-0069-4fc0-8633-3c9aee4b1ea5-2-48,5,t,2026-04-17 09:07:05.396
febcc894-195f-46cc-b427-c35f8bbbd50e,6077991f-156c-447c-a69b-4e2d765b115b,6077991f-156c-447c-a69b-4e2d765b115b-2-1,3,t,2026-04-17 09:08:03.199
e5ff4c1e-c923-4954-8b6f-bf2358c26e3f,17a5a449-32db-47c3-a5e8-5f7368815036,17a5a449-32db-47c3-a5e8-5f7368815036-2-0,0,f,2026-04-17 09:07:08.295
0a350caf-88ab-406b-8230-58f558f291b6,eb4ed7f6-e1dd-486e-afc2-43dcedbfe64b,eb4ed7f6-e1dd-486e-afc2-43dcedbfe64b-2-0,3,t,2026-04-17 09:07:08.302
51b57fee-3387-49cb-b361-5c059d2181c4,ccfa1e3b-55c9-4102-9146-6e5cc30549b7,ccfa1e3b-55c9-4102-9146-6e5cc30549b7-2-1,3,t,2026-04-17 09:08:04.406
815cad71-07b2-4a98-b10e-1532f991d352,0f87f5ca-90be-407a-a6fe-4bdea6c80f5a,0f87f5ca-90be-407a-a6fe-4bdea6c80f5a-2-15,0,f,2026-04-17 09:07:19.875
577f3c93-d096-4f7a-a2ad-6a8c1b3cfad2,316d0ef9-3596-406f-974d-3d3bb82172a1,316d0ef9-3596-406f-974d-3d3bb82172a1-2-28,3,t,2026-04-17 09:07:29.856
204e33fe-fd02-450d-b727-9d5cebf1fb95,e34b9241-22a9-4da5-a69b-90c53ec1b42a,e34b9241-22a9-4da5-a69b-90c53ec1b42a-2-21,3,t,2026-04-17 09:21:16.44
59ccffc1-690a-4cb9-92aa-407144cf8ef5,5d48f615-bb08-49d7-9d29-de098d96d55c,5d48f615-bb08-49d7-9d29-de098d96d55c-2-7,3,t,2026-04-17 09:21:06.717
b86780a5-9fc8-4c52-9f39-7c91e081598e,69755a35-d3e1-4d6d-b090-a4075401f6be,69755a35-d3e1-4d6d-b090-a4075401f6be-2-55,0,f,2026-04-17 09:07:34.798
a4bf3507-bd6c-4fbd-a94b-fa764bb98990,79861957-de90-4a8c-bce9-d0d995c9860a,79861957-de90-4a8c-bce9-d0d995c9860a-2-7,3,t,2026-04-17 09:07:23.998
4e55f0d8-d6fe-4382-bee3-abbdf2ac6806,9083c549-095d-4e81-9dfb-394c712ae770,9083c549-095d-4e81-9dfb-394c712ae770-2-67,5,t,2026-04-17 09:07:24.382
54725023-68b2-45cf-8549-72382988672f,976db7d1-71ac-4b46-9871-48fd7f6980dc,976db7d1-71ac-4b46-9871-48fd7f6980dc-2-20,3,t,2026-04-17 09:08:11.625
722bff9f-324e-4629-963e-4265827deaa4,57fd170e-8fcf-425e-aafb-34331dbe4494,57fd170e-8fcf-425e-aafb-34331dbe4494-2-14,3,t,2026-04-17 09:07:37.534
b90c555f-a85d-4dee-b57a-a9cbc83352e9,cfc602b7-76c8-40fe-8a3f-0227e7ae7f9d,cfc602b7-76c8-40fe-8a3f-0227e7ae7f9d-2-0,3,t,2026-04-17 09:07:27.022
d60069cb-c462-4e00-b700-b2a2af35e667,963fec59-78ac-420b-9d9e-84e6bae46cd0,963fec59-78ac-420b-9d9e-84e6bae46cd0-2-16,2,f,2026-04-17 09:07:37.697
59f4ba5f-dcea-4003-b735-8df33883c908,21d53331-bf7e-4a4a-8242-daa5236fc398,21d53331-bf7e-4a4a-8242-daa5236fc398-2-23,3,t,2026-04-17 09:07:46.452
88fa7d1a-7332-406a-9d88-220d6ea94672,7ef6d63a-b0af-4be2-a8e0-3784fd609017,7ef6d63a-b0af-4be2-a8e0-3784fd609017-2-5,3,t,2026-04-17 09:08:14.094
18771031-bec3-4f98-be06-837db2fd9da8,d39050bd-ce5c-4719-ae39-d694ab777186,d39050bd-ce5c-4719-ae39-d694ab777186-2-14,3,t,2026-04-17 09:07:49.002
22f9b3d0-fa5f-4837-9d1c-bb0a66361116,22413047-2f23-4dc9-861c-024171bcfe51,22413047-2f23-4dc9-861c-024171bcfe51-2-20,3,t,2026-04-17 09:21:25.446
337bdcc3-0a87-42a7-bbdd-5764999770e1,b4b098bd-438e-49a9-ad66-57cfc51fd272,b4b098bd-438e-49a9-ad66-57cfc51fd272-2-9,3,t,2026-04-17 09:07:53.164
62783491-9dee-41cd-917c-16763fd926c9,c14ef5db-05f5-4aac-b1d5-95491a5cc2b5,c14ef5db-05f5-4aac-b1d5-95491a5cc2b5-2-14,0,f,2026-04-17 09:07:58.348
0f57f2ff-9f84-43ac-b1b6-d0ddf05b9ea5,c7a78f51-0646-4f94-a39a-e0b803b8fff7,c7a78f51-0646-4f94-a39a-e0b803b8fff7-2-120,3,t,2026-04-17 09:08:16.682
11cea567-cc7b-4e69-b9a8-81f102017c10,ff0050af-b573-4178-a75c-7c6480e584a3,ff0050af-b573-4178-a75c-7c6480e584a3-2-109,3,t,2026-04-17 09:21:13.403
1aabf053-a65b-4503-a48e-641d6b78c9dc,4975effd-c5f3-42c2-8e98-7a5eca5004b6,4975effd-c5f3-42c2-8e98-7a5eca5004b6-2-7,3,t,2026-04-17 09:08:19.618
b81f2e0e-54e3-45f2-928e-5388ce5f27b3,289fc8f4-4e54-45ee-8816-dd99f02cd6bb,289fc8f4-4e54-45ee-8816-dd99f02cd6bb-2-20,0,f,2026-04-17 09:08:40.273
8110b02a-5e87-49fe-ae2e-2bd498ee2da4,e810366e-1e77-47e9-878d-baae7e38ecfa,e810366e-1e77-47e9-878d-baae7e38ecfa-2-18,0,f,2026-04-17 09:08:45.325
be86cdc0-b98d-425c-86df-6c18781ba9d6,c909bd23-7897-4dea-8402-2cca7a3df7c6,c909bd23-7897-4dea-8402-2cca7a3df7c6-2-38,0,f,2026-04-17 09:21:15.123
c963fe13-83d7-4a7b-9038-14893ef93d3f,33743ba9-3388-48aa-9d68-4a022f127a6e,33743ba9-3388-48aa-9d68-4a022f127a6e-2-83,0,f,2026-04-17 09:16:34.509
863155e6-8f70-49a2-a269-e75cda1b7871,0909b68c-aaca-4bf2-a2cd-bbdeecdee3e8,0909b68c-aaca-4bf2-a2cd-bbdeecdee3e8-2-3,3,t,2026-04-17 09:21:15.522
c1702bf3-11e3-48d0-a08b-f07591c09148,d130faf7-1af2-415c-8c43-1b9a8c688fe2,d130faf7-1af2-415c-8c43-1b9a8c688fe2-2-28,3,t,2026-04-17 09:21:18.268
2d5868de-f0cc-4971-8a16-a7d0943ee5cc,d34cebeb-d6e2-4f6e-bf65-cc118d4e996e,d34cebeb-d6e2-4f6e-bf65-cc118d4e996e-2-102,3,t,2026-04-17 09:21:15.927
6bc62430-6304-4b6d-ae65-890af4319154,f2c67931-ab51-4f09-a434-df3cc4d0f3c9,f2c67931-ab51-4f09-a434-df3cc4d0f3c9-2-33,3,t,2026-04-17 09:21:19.211
25423eef-f0bc-4342-b067-3720e563abee,273c5a32-3806-4ebf-bedd-56ad0f50c61d,273c5a32-3806-4ebf-bedd-56ad0f50c61d-2-66,1,f,2026-04-17 09:21:19.782
3ef29ed5-d220-4e96-827a-d654e54a4e0a,0d7df0d3-7223-4b74-8c6c-3aa5b26af7bd,0d7df0d3-7223-4b74-8c6c-3aa5b26af7bd-2-10,3,t,2026-04-17 09:21:39.839
3e13f830-6793-4a2a-aff3-8b8f0c44c64d,0dac11b6-9631-4184-a1c8-fb09702135e9,0dac11b6-9631-4184-a1c8-fb09702135e9-2-9,3,t,2026-04-17 09:21:24.155
344f66bf-87e7-49b8-9d48-6f4fad03aa32,0b32d4cc-c2f4-4667-98d4-6ac9580694ec,0b32d4cc-c2f4-4667-98d4-6ac9580694ec-2-3,3,t,2026-04-17 09:21:29.791
c67835e0-9f50-48f1-a0a2-b64b28b42aea,0ce229a1-dc58-4760-8475-b76faaa19ffa,0ce229a1-dc58-4760-8475-b76faaa19ffa-2-19,3,t,2026-04-17 09:22:49.494
f056f18b-c91d-45fa-9b63-8a6cb3e35696,319d9117-957e-472c-ae32-07a254740eab,319d9117-957e-472c-ae32-07a254740eab-2-3,3,t,2026-04-17 09:21:39.025
b3275ae6-9cef-4734-8185-5678d1f7ef96,58d01453-bdf3-462d-b2cc-cc8e0a11f4bd,58d01453-bdf3-462d-b2cc-cc8e0a11f4bd-2-4,3,t,2026-04-17 09:21:40.577
669c1b44-84d6-44ce-92da-0a0ceb68694e,17a5a449-32db-47c3-a5e8-5f7368815036,17a5a449-32db-47c3-a5e8-5f7368815036-2-11,3,t,2026-04-17 09:21:45.029
c69dc425-66d6-41a4-baf1-a552c8f2f737,941a564c-77b9-48d6-920a-648da559328e,941a564c-77b9-48d6-920a-648da559328e-2-8,1,f,2026-04-17 09:21:47.67
50eb9b56-70f4-4f69-92d3-852d03c0f58a,00692797-40c5-4e3a-8bc9-f642cc8c3845,00692797-40c5-4e3a-8bc9-f642cc8c3845-2-7,3,t,2026-04-17 09:23:13.654
385c65a7-5fa1-4984-a6e2-ddfba376e409,7ef6d63a-b0af-4be2-a8e0-3784fd609017,7ef6d63a-b0af-4be2-a8e0-3784fd609017-2-8,0,f,2026-04-17 09:21:54.429
28839c3e-30bc-49ca-995d-5abbde70ae88,f6c99088-8b12-4bb0-a68c-2d2bcb90282b,f6c99088-8b12-4bb0-a68c-2d2bcb90282b-2-47,0,f,2026-04-17 09:22:08.479
484276d5-6ee0-4f4c-8829-cfbd074697a3,cfcb0c94-546d-4aea-b51f-6523e622e10f,cfcb0c94-546d-4aea-b51f-6523e622e10f-2-35,0,f,2026-04-17 09:22:41.646
a338906f-0477-4a1a-a6b5-231ebd9c6da8,7b350d11-7774-4d4f-9b2d-3721b7c4c72d,7b350d11-7774-4d4f-9b2d-3721b7c4c72d-2-34,4,t,2026-04-17 09:23:37.806
3addb8da-99cd-4a35-a993-2509e875eef8,c590bbb6-233c-428e-ba79-dfbfcb024d69,c590bbb6-233c-428e-ba79-dfbfcb024d69-2-9,3,t,2026-04-17 09:08:35.996
4046be5b-3e67-44eb-9b65-1e3ac3f7861d,7e427b2a-9406-4473-a854-547395a4f8df,7e427b2a-9406-4473-a854-547395a4f8df-2-14,3,t,2026-04-17 09:09:12.38
094ccf8b-e828-41a4-963b-ea06b1ee230f,22413047-2f23-4dc9-861c-024171bcfe51,22413047-2f23-4dc9-861c-024171bcfe51-2-6,3,t,2026-04-17 09:08:14.119
8e529c9e-770e-4b56-ba97-2875021d02e5,17a5a449-32db-47c3-a5e8-5f7368815036,17a5a449-32db-47c3-a5e8-5f7368815036-2-1,3,t,2026-04-17 09:08:14.517
0cabed6d-a60d-470e-93c1-345b13d189b4,d3f2605e-dc00-465c-a66a-1fe00bae1bc8,d3f2605e-dc00-465c-a66a-1fe00bae1bc8-2-32,3,t,2026-04-17 09:07:52.718
e3083249-7153-43c6-bd00-955c3485d454,cfcb0c94-546d-4aea-b51f-6523e622e10f,cfcb0c94-546d-4aea-b51f-6523e622e10f-2-19,3,t,2026-04-17 09:07:53.688
ad6e227e-9192-4efb-a86a-4e446af66820,d0f0e917-cd51-470b-8476-db9f2ccd33b4,d0f0e917-cd51-470b-8476-db9f2ccd33b4-2-1,4,t,2026-04-17 09:07:53.994
a284604b-f675-4cd8-b0b1-5e3bcea49b2f,8ee0c564-0f11-4ba9-b34e-cac68081767c,8ee0c564-0f11-4ba9-b34e-cac68081767c-2-11,1,f,2026-04-17 09:07:55.267
d1927f6a-0175-4387-a03a-58c1d4180a8f,7b350d11-7774-4d4f-9b2d-3721b7c4c72d,7b350d11-7774-4d4f-9b2d-3721b7c4c72d-2-31,3,t,2026-04-17 09:10:01.952
df85b179-d5ca-4647-9d92-4739a15ed7a9,5f297ad6-4f5c-4a11-b0c4-ff94caaa89bf,5f297ad6-4f5c-4a11-b0c4-ff94caaa89bf-2-4,3,t,2026-04-17 09:09:08.445
36f38a2f-ec3c-47a6-8575-94e90ccc2f5e,fa6ae629-f37f-4409-aba6-c4e071599e36,fa6ae629-f37f-4409-aba6-c4e071599e36-2-9,0,f,2026-04-17 09:08:46.489
f368067c-569b-4d9f-8d21-1c48e5cd3a5b,99591e75-8017-4d97-aa79-183d057cde08,99591e75-8017-4d97-aa79-183d057cde08-2-106,2,f,2026-04-17 09:08:06.383
59572985-0f82-4889-87bd-932be924ac1e,bbf30bbe-45d5-4dec-b2b3-f903b2d10658,bbf30bbe-45d5-4dec-b2b3-f903b2d10658-2-94,0,f,2026-04-17 09:08:08.009
ce814af3-23fc-41cc-9e54-ec648a755f3b,e2dabc7c-955e-44b7-b230-97640bea013e,e2dabc7c-955e-44b7-b230-97640bea013e-2-20,3,t,2026-04-17 09:08:09.014
06727b65-763b-4a3b-a2e9-c4932745c72b,a3d745bf-e3f4-411c-97b5-2cd475f193f6,a3d745bf-e3f4-411c-97b5-2cd475f193f6-2-0,3,t,2026-04-17 09:11:04.721
1599e6ef-b533-46cf-ab69-b8679eb56a4d,835fa953-1c2f-45a5-a661-9679158bc35a,835fa953-1c2f-45a5-a661-9679158bc35a-2-14,3,t,2026-04-17 09:09:35.427
0cbc2465-a617-4e89-bbe9-1298e9b41164,c909bd23-7897-4dea-8402-2cca7a3df7c6,c909bd23-7897-4dea-8402-2cca7a3df7c6-2-20,3,t,2026-04-17 09:08:36.468
c4f55f70-b691-4564-b10c-2c29c8503a51,c696162d-add8-4d23-812d-b07e7b17d6a6,c696162d-add8-4d23-812d-b07e7b17d6a6-2-18,1,f,2026-04-17 09:08:38.452
8280812c-a775-41a3-9e37-e7bcde4a8837,f7bba0b2-be7b-4062-81a6-c85cfc91c69b,f7bba0b2-be7b-4062-81a6-c85cfc91c69b-2-33,4,t,2026-04-17 09:08:28.431
f50d0af3-aebb-46c6-b796-f9be2c6f20db,27a69e03-7147-4f1d-8331-650a51e441e2,27a69e03-7147-4f1d-8331-650a51e441e2-2-102,1,f,2026-04-17 09:08:32.27
20c8921e-c126-44fd-999f-902d7884bc2f,bb853852-9b60-4bd7-88a3-63012845d3c9,bb853852-9b60-4bd7-88a3-63012845d3c9-2-6,3,t,2026-04-17 09:21:15.595
4b3482d1-d505-4892-b720-70292fe9fa8c,2157b182-d26f-4929-9ea0-d14b0461db32,2157b182-d26f-4929-9ea0-d14b0461db32-2-108,1,f,2026-04-17 09:08:42.24
ba2e88f9-4aef-4a1a-9b79-6309d2dc2aa9,ae512a82-7989-4fb2-87f7-abece7160322,ae512a82-7989-4fb2-87f7-abece7160322-2-17,2,f,2026-04-17 09:08:46.912
c2d7fd83-182a-442a-992a-abce59de9b6e,4626347f-a937-4b7f-8da9-b4a98783e145,4626347f-a937-4b7f-8da9-b4a98783e145-2-16,3,t,2026-04-17 09:10:01.378
061bde99-7dd4-47cf-b65a-056939cbddb4,7ed13b91-200d-43c2-ad9e-6ab09842430d,7ed13b91-200d-43c2-ad9e-6ab09842430d-2-2,3,t,2026-04-17 09:09:56.23
c19aed84-aafe-4c58-ab92-09ad8482544b,d3f2605e-dc00-465c-a66a-1fe00bae1bc8,d3f2605e-dc00-465c-a66a-1fe00bae1bc8-2-33,1,f,2026-04-17 09:08:58.152
451e986e-ea0d-4661-afd8-b7dd10185a9a,1d9c5d60-e2bb-4d62-a4fe-23e4d269f411,1d9c5d60-e2bb-4d62-a4fe-23e4d269f411-2-6,3,t,2026-04-17 09:08:57.058
623ef387-ed7b-4b66-a10c-be8c3226a4be,1cb8fb30-5d58-42e9-aeb9-e6d3478e7295,1cb8fb30-5d58-42e9-aeb9-e6d3478e7295-2-21,3,t,2026-04-17 09:09:03.104
9bbcaede-6e2e-47b9-b933-2fdddfd3b8fd,42b10180-eb73-4415-ba4d-00a54ac1d790,42b10180-eb73-4415-ba4d-00a54ac1d790-2-6,3,t,2026-04-17 09:09:08.846
78279fb4-91c2-4f8c-b7cf-2c36f171d9a5,f6af9a1c-b651-4756-81be-bb78380c2bcb,f6af9a1c-b651-4756-81be-bb78380c2bcb-2-52,0,f,2026-04-17 09:35:44.713
13720b85-bacb-41a6-b9f9-155826c6f69c,1d7d8a6d-b644-489f-8c94-3b8fe34d9c9a,1d7d8a6d-b644-489f-8c94-3b8fe34d9c9a-2-27,0,f,2026-04-17 09:09:11.121
57303c5b-79ea-4541-946c-55fff369072f,f7bba0b2-be7b-4062-81a6-c85cfc91c69b,f7bba0b2-be7b-4062-81a6-c85cfc91c69b-2-34,0,f,2026-04-17 09:09:11.858
dcbc4af8-8277-4af9-939a-96735d143029,e3a08443-dd2c-43bf-894d-e428f9cdb716,e3a08443-dd2c-43bf-894d-e428f9cdb716-2-26,3,t,2026-04-17 09:09:49.97
5a4ff320-56bb-4aa8-83b4-2ac03522eaa9,514a5db5-8043-47c7-9e9a-214d7b05ca1b,514a5db5-8043-47c7-9e9a-214d7b05ca1b-2-8,0,f,2026-04-17 09:09:13.604
4093ab38-ddb4-42bd-9b9f-3e054ffa23f0,5efac7b6-2605-4f18-9a35-2a71e7d6bdc0,5efac7b6-2605-4f18-9a35-2a71e7d6bdc0-2-58,0,f,2026-04-17 09:09:14.771
59466ae9-76cb-44b9-a6b7-9ee247414c94,01e89da0-052e-4a56-b001-dc55712d8828,01e89da0-052e-4a56-b001-dc55712d8828-2-16,0,f,2026-04-17 09:09:15.361
6f9f2505-425b-4e0b-aa3f-faba7b591ccd,897d03b4-4f5e-4d77-b19e-f7aee227197e,897d03b4-4f5e-4d77-b19e-f7aee227197e-2-2,3,t,2026-04-17 09:10:14.225
6a803f43-924a-4746-aab9-c0601f38c38b,5663fefd-383e-49e3-bcd7-1f674cd95c7d,5663fefd-383e-49e3-bcd7-1f674cd95c7d-2-10,3,t,2026-04-17 09:09:55.285
8e0972b2-cb33-41e3-af8a-f5f8513fd6dc,1c81e191-a57e-415c-8fbe-d214bb1df9d0,1c81e191-a57e-415c-8fbe-d214bb1df9d0-2-1,3,t,2026-04-17 09:10:13.672
fc2ffb55-33fe-48c2-b46a-9f05e8a29500,d39050bd-ce5c-4719-ae39-d694ab777186,d39050bd-ce5c-4719-ae39-d694ab777186-2-15,3,t,2026-04-17 09:09:57.087
6a83d46e-5748-43d4-8875-31f9f419b711,4f08dd81-6f2e-4cc8-b553-763cdcdae36e,4f08dd81-6f2e-4cc8-b553-763cdcdae36e-2-5,0,f,2026-04-17 09:10:03.775
af1e2da6-955c-455b-a2f0-6a48b3254b83,de3ff6b8-3451-42be-abc6-cf91f7ffe348,de3ff6b8-3451-42be-abc6-cf91f7ffe348-2-11,0,f,2026-04-17 09:11:21.871
442031ac-69cd-4684-bafd-541a013a5188,5d48f615-bb08-49d7-9d29-de098d96d55c,5d48f615-bb08-49d7-9d29-de098d96d55c-2-2,3,t,2026-04-17 09:10:08.524
19745d9f-baa1-43f8-94c8-3b7da25c9822,3ba4307f-c0ed-4239-bbda-f35ba419d93a,3ba4307f-c0ed-4239-bbda-f35ba419d93a-2-9,2,f,2026-04-17 09:11:24.81
dfd22be3-2732-4e33-9b12-48b3474c7d4d,0909b68c-aaca-4bf2-a2cd-bbdeecdee3e8,0909b68c-aaca-4bf2-a2cd-bbdeecdee3e8-2-0,0,f,2026-04-17 09:12:17.895
73184e1c-617f-427e-abb9-093e475ac052,71af5200-8305-4525-b2fc-af68aaeee385,71af5200-8305-4525-b2fc-af68aaeee385-2-6,3,t,2026-04-17 09:15:51.092
0aeb7840-1700-43d7-a7e1-f1e167a89c36,e2dabc7c-955e-44b7-b230-97640bea013e,e2dabc7c-955e-44b7-b230-97640bea013e-2-21,1,f,2026-04-17 09:35:21.508
f73a6223-35bd-4e59-9198-c7185a231b3c,18ebe6f7-fcde-40f7-9e61-acd799d7c61f,18ebe6f7-fcde-40f7-9e61-acd799d7c61f-2-6,3,t,2026-04-17 09:09:42.627
09d0323f-3b56-42fc-81ca-e275e0b370e6,853a8dae-65c1-4c3b-aa1a-3d082cc81d82,853a8dae-65c1-4c3b-aa1a-3d082cc81d82-2-68,3,t,2026-04-17 09:07:44.831
a59fc222-5bfe-4123-af0f-02d97bdae130,cb6aa604-8827-4b80-b4ae-7ac9ab41e323,cb6aa604-8827-4b80-b4ae-7ac9ab41e323-2-0,3,t,2026-04-17 09:11:33.245
ecbf6407-ef6c-4c9c-a793-5c0aeaeafa84,4868945e-d1c2-4895-946c-d603709e8edf,4868945e-d1c2-4895-946c-d603709e8edf-2-16,3,t,2026-04-17 09:09:26.02
d1ee3c73-6e15-4b91-b8b6-ab6521f0b5f6,316d0ef9-3596-406f-974d-3d3bb82172a1,316d0ef9-3596-406f-974d-3d3bb82172a1-2-31,3,t,2026-04-17 09:08:01.617
298cfdd5-103f-41e3-8d9e-992a5a9d4ff3,5c4e6825-9393-45a5-82f2-bbfa1789b3c1,5c4e6825-9393-45a5-82f2-bbfa1789b3c1-2-16,0,f,2026-04-17 09:09:00.438
4d0e3c17-67f8-4725-a257-8b9f939403f0,7c24664f-2c5e-4883-a66c-0bc3798693b5,7c24664f-2c5e-4883-a66c-0bc3798693b5-2-4,0,f,2026-04-17 09:09:00.779
037d45ac-afdc-43f8-a208-cf3848a6fb6b,1e4d7928-481a-4e8d-ad61-a9ffbbaa5374,1e4d7928-481a-4e8d-ad61-a9ffbbaa5374-2-13,3,t,2026-04-17 09:08:04.702
550a2f72-4413-4a45-a04a-d2d6d9109ce3,add279af-2d44-4ee5-a302-878d603890fd,add279af-2d44-4ee5-a302-878d603890fd-2-6,3,t,2026-04-17 09:09:00.895
a514cc6e-c661-4aea-9d8a-60800bf608c2,3ab607f7-a0dc-4fe7-9962-162700c52251,3ab607f7-a0dc-4fe7-9962-162700c52251-2-3,3,t,2026-04-17 09:08:12.262
4c3ca8a0-9a7b-4b7a-9689-3ea827c8c254,b3b85ddf-f0e9-41a1-9e77-b3d6fe57fd92,b3b85ddf-f0e9-41a1-9e77-b3d6fe57fd92-2-9,2,f,2026-04-17 09:09:14.415
05b6f781-bf0b-4d06-a256-2491406676e9,9fad1346-db17-4e69-9f23-78eebc0077db,9fad1346-db17-4e69-9f23-78eebc0077db-2-16,3,t,2026-04-17 09:09:37.634
25c5bf50-2db8-4c5b-95fe-cc743d82d67a,19369cc7-101f-4580-a45c-d3a728230d91,19369cc7-101f-4580-a45c-d3a728230d91-2-0,0,f,2026-04-17 09:21:05.307
af12bf96-c89f-4413-b418-c26f45b2a68e,cfc602b7-76c8-40fe-8a3f-0227e7ae7f9d,cfc602b7-76c8-40fe-8a3f-0227e7ae7f9d-2-1,3,t,2026-04-17 09:08:22.333
e4e8ad72-3253-472a-b0ec-260f9d17342a,1df7744c-4296-4a4a-a293-6431531fce9a,1df7744c-4296-4a4a-a293-6431531fce9a-2-1,0,f,2026-04-17 09:08:30.015
081c5582-ce63-4687-8566-09358d3f3e5f,d90b640e-7008-4861-8197-64e64a901462,d90b640e-7008-4861-8197-64e64a901462-2-0,0,f,2026-04-17 09:08:30.503
f6b0bad1-1ed3-43e8-b96e-83285cafce55,a3e3f98b-4511-430d-8cc5-03e6b557fbee,a3e3f98b-4511-430d-8cc5-03e6b557fbee-2-21,0,f,2026-04-17 09:08:31.02
c1690fb4-3c03-44c0-a3fa-38a560da7bce,cfcb0c94-546d-4aea-b51f-6523e622e10f,cfcb0c94-546d-4aea-b51f-6523e622e10f-2-20,3,t,2026-04-17 09:09:30.719
1c4b022f-216f-4896-afe5-68a9bb7567bc,e34b9241-22a9-4da5-a69b-90c53ec1b42a,e34b9241-22a9-4da5-a69b-90c53ec1b42a-2-11,0,f,2026-04-17 09:08:50.501
cc1b6611-d89d-403d-bc4e-8c61bd2f1a03,aebd5ab0-d995-48cc-9ce2-257757499d18,aebd5ab0-d995-48cc-9ce2-257757499d18-2-2,1,f,2026-04-17 09:08:51.068
3fa32b30-882f-4ee3-ba59-d987772d07e8,d0f0e917-cd51-470b-8476-db9f2ccd33b4,d0f0e917-cd51-470b-8476-db9f2ccd33b4-2-2,2,f,2026-04-17 09:09:05.495
8501a143-c0b1-4897-9e85-3d7e5f5386ad,1e4d7928-481a-4e8d-ad61-a9ffbbaa5374,1e4d7928-481a-4e8d-ad61-a9ffbbaa5374-2-14,3,t,2026-04-17 09:09:05.754
950ef0bd-9cc9-4854-9c73-19325f673bf9,c350e513-ace9-47c0-89b3-c48b08a6552d,c350e513-ace9-47c0-89b3-c48b08a6552d-2-5,3,t,2026-04-17 09:12:47.302
27c4226c-2e23-43a1-8936-61a96afd3e56,1df7744c-4296-4a4a-a293-6431531fce9a,1df7744c-4296-4a4a-a293-6431531fce9a-2-2,0,f,2026-04-17 09:09:17.102
257e00ad-a2ed-4166-972a-3b73119478f6,27a69e03-7147-4f1d-8331-650a51e441e2,27a69e03-7147-4f1d-8331-650a51e441e2-2-127,3,t,2026-04-17 09:09:18.001
de686077-f8b9-47ba-b618-98fe269d52ce,a90cc6ed-473d-44c4-b771-109130f5a335,a90cc6ed-473d-44c4-b771-109130f5a335-2-2,3,t,2026-04-17 09:10:47.489
fa3781dd-bf47-4f10-be13-42db3ce96e56,976db7d1-71ac-4b46-9871-48fd7f6980dc,976db7d1-71ac-4b46-9871-48fd7f6980dc-2-21,3,t,2026-04-17 09:09:19.466
3c7a8034-1853-4964-aaeb-bf757bf03757,9a9af92a-7c5d-49ec-953f-9f230f9c3bc5,9a9af92a-7c5d-49ec-953f-9f230f9c3bc5-2-57,0,f,2026-04-17 09:09:31.498
1abbdcbc-ab05-45a7-8a22-7ac017605111,ad2ea128-38e3-4ed1-a9e9-612e79f000bd,ad2ea128-38e3-4ed1-a9e9-612e79f000bd-2-37,3,t,2026-04-17 09:09:20.018
386f3a95-3dd0-41b8-802d-9c1fccddd741,316d0ef9-3596-406f-974d-3d3bb82172a1,316d0ef9-3596-406f-974d-3d3bb82172a1-2-21,3,t,2026-04-17 09:09:59.244
89f36a3f-f6c4-497f-b8fb-718729f11362,b90a9c80-0433-49e1-b0ba-06f4234b647e,b90a9c80-0433-49e1-b0ba-06f4234b647e-2-1,3,t,2026-04-17 09:10:36.687
5393bba7-9062-4c49-babd-f31405a48da6,985ae1b0-6dbe-493b-a5bc-20516e53dbbe,985ae1b0-6dbe-493b-a5bc-20516e53dbbe-2-7,0,f,2026-04-17 09:10:02.868
d0cbb97f-5b78-4548-af12-5f812d5c5deb,ead70ca2-d28d-4b61-bcb9-4ef84c465d57,ead70ca2-d28d-4b61-bcb9-4ef84c465d57-2-9,0,f,2026-04-17 09:12:52.185
a98e5880-c9e8-48ce-985a-965f70279682,4975effd-c5f3-42c2-8e98-7a5eca5004b6,4975effd-c5f3-42c2-8e98-7a5eca5004b6-2-8,3,t,2026-04-17 09:09:49.177
2535d486-5c43-43e2-b9c7-9b79861b1dff,c350e513-ace9-47c0-89b3-c48b08a6552d,c350e513-ace9-47c0-89b3-c48b08a6552d-2-6,3,t,2026-04-17 09:09:59.468
20965a56-3e8e-4315-b59b-22a7489665ea,60f514c4-c7b7-498a-ac4d-72eb6ecb7de4,60f514c4-c7b7-498a-ac4d-72eb6ecb7de4-2-10,0,f,2026-04-17 09:09:52.927
775be1d6-d7f8-4263-abbc-c2acadfa36eb,2e13985a-37c2-46b1-a116-d696630cc868,2e13985a-37c2-46b1-a116-d696630cc868-2-27,0,f,2026-04-17 09:09:59.964
bb615765-6fc7-4604-ab28-c5d44786e493,902cdc82-6e20-450c-955f-c13491ebf0ef,902cdc82-6e20-450c-955f-c13491ebf0ef-2-3,0,f,2026-04-17 09:10:09.143
76f7edb5-9bfb-4b6b-90be-b792cae8d46e,bbf30bbe-45d5-4dec-b2b3-f903b2d10658,bbf30bbe-45d5-4dec-b2b3-f903b2d10658-2-98,0,f,2026-04-17 09:10:09.754
85fef2df-1099-48a9-9c02-379b1ba1f61a,9b2bfc86-cd9e-48cc-affa-2645a1b65bd1,9b2bfc86-cd9e-48cc-affa-2645a1b65bd1-2-6,3,t,2026-04-17 09:10:56.633
bfcd1cc5-04d2-41ed-8d82-1e4949b17fdd,b36faffd-430e-4c0c-ac9a-4dba748e85a8,b36faffd-430e-4c0c-ac9a-4dba748e85a8-2-10,3,t,2026-04-17 09:10:48.344
77e6918e-a3a7-415c-b369-9aeb661d7ec7,bedc8c20-6537-41cd-a397-24a85b8a3a24,bedc8c20-6537-41cd-a397-24a85b8a3a24-2-10,3,t,2026-04-17 09:10:31.716
3891cacb-633e-454b-867f-f1ae7830c15f,2cd8d4c7-3ce7-413b-b1bc-f06ca673a1c7,2cd8d4c7-3ce7-413b-b1bc-f06ca673a1c7-2-1,0,f,2026-04-17 09:18:38.412
f29c366b-5ba0-4197-b7f9-d2cf7cfe3b91,a037f741-a910-48c8-9024-37930d7b2190,a037f741-a910-48c8-9024-37930d7b2190-2-29,4,t,2026-04-17 09:10:22.012
05ca449d-bb71-405b-b808-93ebaeb1f4f0,0ce229a1-dc58-4760-8475-b76faaa19ffa,0ce229a1-dc58-4760-8475-b76faaa19ffa-2-10,3,t,2026-04-17 09:11:43.329
e5fc61e9-7d91-426a-a80c-c52600cc3d1c,b90a9c80-0433-49e1-b0ba-06f4234b647e,b90a9c80-0433-49e1-b0ba-06f4234b647e-2-2,3,t,2026-04-17 09:11:32.677
d5361619-3a20-4508-83f7-92e00f9406af,7b2f5f37-d75f-42c7-a64b-e7d6da909f2e,7b2f5f37-d75f-42c7-a64b-e7d6da909f2e-2-1,3,t,2026-04-17 09:11:37.624
9263d592-e759-4644-b8cc-b47b1a5bcc6c,273c5a32-3806-4ebf-bedd-56ad0f50c61d,273c5a32-3806-4ebf-bedd-56ad0f50c61d-2-34,0,f,2026-04-17 09:22:34.417
88fe54ce-18c1-4ef0-a771-e8ad2149017d,79861957-de90-4a8c-bce9-d0d995c9860a,79861957-de90-4a8c-bce9-d0d995c9860a-2-9,3,t,2026-04-17 09:09:37.961
8df6f61c-7811-420e-8fd0-cf25654d143c,d39050bd-ce5c-4719-ae39-d694ab777186,d39050bd-ce5c-4719-ae39-d694ab777186-2-16,3,t,2026-04-17 09:10:17.366
615c705c-6888-49a7-9478-31e401eba615,2b8e121d-6660-4971-b514-d55a5ff3b6bc,2b8e121d-6660-4971-b514-d55a5ff3b6bc-2-8,1,f,2026-04-17 09:09:49.244
9d89402a-1516-4073-a0e8-20ab72b057d1,9651adcc-6e22-42a6-b506-4924d2dbf61b,9651adcc-6e22-42a6-b506-4924d2dbf61b-2-55,0,f,2026-04-17 09:11:23.715
5a2c057a-f41a-41cb-acce-adce0b7dbfc7,963fec59-78ac-420b-9d9e-84e6bae46cd0,963fec59-78ac-420b-9d9e-84e6bae46cd0-2-18,1,f,2026-04-17 09:09:53.231
bebe97d0-2376-4854-bb60-be878da3c8d6,2f2975e7-43f5-486f-8219-e1715b4ee539,2f2975e7-43f5-486f-8219-e1715b4ee539-2-44,0,f,2026-04-17 09:10:18.479
89862738-cfb5-4f57-bcf5-69ac64bcae57,3ab607f7-a0dc-4fe7-9962-162700c52251,3ab607f7-a0dc-4fe7-9962-162700c52251-2-7,3,t,2026-04-17 09:09:57.603
22a05b56-ea04-4bbc-90de-1d9ee5e81dc5,1df7744c-4296-4a4a-a293-6431531fce9a,1df7744c-4296-4a4a-a293-6431531fce9a-2-3,0,f,2026-04-17 09:09:57.857
fbc45090-046a-4f10-b2cd-1986fd55eba9,6a804deb-cef1-4cdc-95c7-6574a1e7577a,6a804deb-cef1-4cdc-95c7-6574a1e7577a-2-9,0,f,2026-04-17 09:43:01.691
0d982ebb-69f9-42c6-94b2-04c09c718d17,cfc602b7-76c8-40fe-8a3f-0227e7ae7f9d,cfc602b7-76c8-40fe-8a3f-0227e7ae7f9d-2-2,3,t,2026-04-17 09:18:56.275
02fdc255-ce0c-415f-8121-147c4dac140e,d130faf7-1af2-415c-8c43-1b9a8c688fe2,d130faf7-1af2-415c-8c43-1b9a8c688fe2-2-3,3,t,2026-04-17 09:11:01.202
56840591-7212-4102-a47d-59012128a7d7,a3e3f98b-4511-430d-8cc5-03e6b557fbee,a3e3f98b-4511-430d-8cc5-03e6b557fbee-2-26,3,t,2026-04-17 09:10:43.77
2140b988-c49d-4dc6-a8af-173205926146,2b6b5f05-2f37-4d80-a478-b16e450f3358,2b6b5f05-2f37-4d80-a478-b16e450f3358-2-9,3,t,2026-04-17 09:10:06.904
23afb577-4342-4f64-b2b1-ed2aa64188db,e2dabc7c-955e-44b7-b230-97640bea013e,e2dabc7c-955e-44b7-b230-97640bea013e-2-23,0,f,2026-04-17 09:10:09.156
69919726-4389-45e6-b4db-e0fb23e69f87,853a8dae-65c1-4c3b-aa1a-3d082cc81d82,853a8dae-65c1-4c3b-aa1a-3d082cc81d82-2-73,0,f,2026-04-17 09:10:10.318
deff244e-ac94-402f-a588-04c27be23800,4d064b59-db6f-4c00-a7bd-dd47165afed8,4d064b59-db6f-4c00-a7bd-dd47165afed8-2-39,0,f,2026-04-17 09:10:10.503
cf29c757-d7cb-4754-bc55-3178ad920b41,8e56a4a5-a012-4d03-a49b-1fbbca1953f7,8e56a4a5-a012-4d03-a49b-1fbbca1953f7-2-10,0,f,2026-04-17 09:10:16.158
b9bdae17-f14b-40ea-8be2-4fb9f9487306,1d9c5d60-e2bb-4d62-a4fe-23e4d269f411,1d9c5d60-e2bb-4d62-a4fe-23e4d269f411-2-7,0,f,2026-04-17 09:11:24.609
aad23cde-01d4-49dd-a121-eb60a3f2be95,e810366e-1e77-47e9-878d-baae7e38ecfa,e810366e-1e77-47e9-878d-baae7e38ecfa-2-20,3,t,2026-04-17 09:10:16.884
4a7d6b5e-8a6a-4b0e-9c81-a052a12087d4,fb712d44-ab94-48e2-8548-1144205eb581,fb712d44-ab94-48e2-8548-1144205eb581-2-4,3,t,2026-04-17 09:10:27.2
68a744f9-56bf-4c97-9cd6-1fd2bc04866b,f0ab63a2-2e97-4a4a-ace4-8715bb448f47,f0ab63a2-2e97-4a4a-ace4-8715bb448f47-2-37,3,t,2026-04-17 09:11:55.569
248693f9-53ab-4303-980a-c938c295aed1,4f7c2ed7-83a1-4fa7-ac08-c7c3640fd0b2,4f7c2ed7-83a1-4fa7-ac08-c7c3640fd0b2-2-21,3,t,2026-04-17 09:10:40.382
0af0f327-e84e-45c6-a7bd-191dec56c15a,006eee1f-7c23-4324-b8e0-3234d930131f,006eee1f-7c23-4324-b8e0-3234d930131f-2-16,2,f,2026-04-17 09:10:41.53
c92c0e6c-cffb-4fea-bde2-1ee3612026ca,86cf59e4-e80e-41c6-9b0e-7c0b184ab0fc,86cf59e4-e80e-41c6-9b0e-7c0b184ab0fc-2-20,3,t,2026-04-17 09:11:03.971
306d7589-df52-4c48-99bf-59707b5a83c5,5acfcb89-71a4-4847-b5ba-b747c0f0c58a,5acfcb89-71a4-4847-b5ba-b747c0f0c58a-2-14,3,t,2026-04-17 09:10:48.175
126cb048-b241-4269-8f72-d1d3b4790a2d,963fec59-78ac-420b-9d9e-84e6bae46cd0,963fec59-78ac-420b-9d9e-84e6bae46cd0-2-20,1,f,2026-04-17 09:10:52.433
32cfb744-9cf7-47ad-b746-fd4a46390796,b4e7203d-cf8d-4685-a95e-4b43505d273f,b4e7203d-cf8d-4685-a95e-4b43505d273f-2-18,3,t,2026-04-17 09:12:52.225
eb3ebe35-8e06-45c5-8dc3-802d419a8062,f7bba0b2-be7b-4062-81a6-c85cfc91c69b,f7bba0b2-be7b-4062-81a6-c85cfc91c69b-2-36,3,t,2026-04-17 09:10:53.653
6433c3f9-d2cd-4c74-87cd-f22a7b7c7f8b,7c24664f-2c5e-4883-a66c-0bc3798693b5,7c24664f-2c5e-4883-a66c-0bc3798693b5-2-6,3,t,2026-04-17 09:11:33.142
0f2ad39c-48ad-419d-83f1-c4fda0b2846a,01e89da0-052e-4a56-b001-dc55712d8828,01e89da0-052e-4a56-b001-dc55712d8828-2-17,3,t,2026-04-17 09:11:14.197
b05a0f56-925a-4ef6-be15-6176f9919172,8c965050-a932-4536-9444-4170909450b3,8c965050-a932-4536-9444-4170909450b3-2-1,3,t,2026-04-17 09:12:03.771
358c0c01-1214-44e2-a7e1-6bcd484b84e0,d39050bd-ce5c-4719-ae39-d694ab777186,d39050bd-ce5c-4719-ae39-d694ab777186-2-18,3,t,2026-04-17 09:11:35.927
67f5c66d-358d-4fc2-8403-33fbf22bda68,fb712d44-ab94-48e2-8548-1144205eb581,fb712d44-ab94-48e2-8548-1144205eb581-2-6,3,t,2026-04-17 09:11:27.02
0f7c7ce8-8cf6-437c-b39b-0a6ab0d0cfdc,36ee50db-b493-43dc-b9d7-51cc4f4916e0,36ee50db-b493-43dc-b9d7-51cc4f4916e0-2-20,3,t,2026-04-17 09:11:37.218
6a5d2052-2404-440c-bfbc-aa1a66040bfa,0dac11b6-9631-4184-a1c8-fb09702135e9,0dac11b6-9631-4184-a1c8-fb09702135e9-2-5,3,t,2026-04-17 09:11:31.044
85646ad4-6758-41c3-b000-0583c5eb028e,dbba1f0b-1211-44f1-b727-2bd457c6203b,dbba1f0b-1211-44f1-b727-2bd457c6203b-2-6,1,f,2026-04-17 09:11:31.172
b839c67b-3594-437a-9c73-e28cdfdd7c79,256d4acd-1891-4ae4-a35f-20468f225bea,256d4acd-1891-4ae4-a35f-20468f225bea-2-41,3,t,2026-04-17 09:12:02.208
3f7aa273-e309-49a0-a15f-d4e798058d10,4f08dd81-6f2e-4cc8-b553-763cdcdae36e,4f08dd81-6f2e-4cc8-b553-763cdcdae36e-2-6,3,t,2026-04-17 09:12:59.163
2feff037-f022-4aa0-acf6-f0f7a827f6bf,0f87f5ca-90be-407a-a6fe-4bdea6c80f5a,0f87f5ca-90be-407a-a6fe-4bdea6c80f5a-2-17,3,t,2026-04-17 09:12:05.079
0967b06a-a1a0-42bf-8a8c-ff04271ad966,b4c5c04b-ee8f-4aba-95d4-0b2ca4146623,b4c5c04b-ee8f-4aba-95d4-0b2ca4146623-2-14,1,f,2026-04-17 09:11:59.799
b744fa87-94e3-4d93-82f2-7f90e5288835,21d53331-bf7e-4a4a-8242-daa5236fc398,21d53331-bf7e-4a4a-8242-daa5236fc398-2-27,0,f,2026-04-17 09:12:03.03
7000ddd6-6c17-4b3a-8ad4-b7ea1916f7de,de3ff6b8-3451-42be-abc6-cf91f7ffe348,de3ff6b8-3451-42be-abc6-cf91f7ffe348-2-16,0,f,2026-04-17 09:20:29.364
478710fb-f03a-4819-ab24-bd1e75b2b211,42b10180-eb73-4415-ba4d-00a54ac1d790,42b10180-eb73-4415-ba4d-00a54ac1d790-2-8,3,t,2026-04-17 09:15:30.418
f98183be-5696-4a16-ac4e-8fb8f5b237fb,00692797-40c5-4e3a-8bc9-f642cc8c3845,00692797-40c5-4e3a-8bc9-f642cc8c3845-2-4,0,f,2026-04-17 09:13:26.647
521a081f-2068-4f8f-af75-c08912a89339,ccfa1e3b-55c9-4102-9146-6e5cc30549b7,ccfa1e3b-55c9-4102-9146-6e5cc30549b7-2-2,3,t,2026-04-17 09:14:00.186
d797cda8-3ec3-44e3-b781-2e74c3f05416,2e13985a-37c2-46b1-a116-d696630cc868,2e13985a-37c2-46b1-a116-d696630cc868-2-32,0,f,2026-04-17 09:18:30.775
459a480b-09f9-4915-a9b3-4a49f4dfee5b,a3e3f98b-4511-430d-8cc5-03e6b557fbee,a3e3f98b-4511-430d-8cc5-03e6b557fbee-2-24,3,t,2026-04-17 09:09:57.073
d5fe777b-8f52-44b0-9c0e-84317c10611c,319d9117-957e-472c-ae32-07a254740eab,319d9117-957e-472c-ae32-07a254740eab-2-0,3,t,2026-04-17 09:10:04.459
9eddeae6-d738-41ec-94e5-be613d9cc3de,514a5db5-8043-47c7-9e9a-214d7b05ca1b,514a5db5-8043-47c7-9e9a-214d7b05ca1b-2-9,0,f,2026-04-17 09:10:18.098
6b7ffacd-a29d-4774-b3ff-0dc91c19a5c6,1e4d7928-481a-4e8d-ad61-a9ffbbaa5374,1e4d7928-481a-4e8d-ad61-a9ffbbaa5374-2-15,0,f,2026-04-17 09:10:25.442
aae9e76c-c4ad-4c5d-b81e-1823cf3272ea,b4b098bd-438e-49a9-ad66-57cfc51fd272,b4b098bd-438e-49a9-ad66-57cfc51fd272-2-43,0,f,2026-04-17 09:10:51.229
af5832cf-9c66-45a7-87a9-91bf70c3328f,c909bd23-7897-4dea-8402-2cca7a3df7c6,c909bd23-7897-4dea-8402-2cca7a3df7c6-2-21,3,t,2026-04-17 09:11:16.563
0583839a-a125-467f-8716-35581b14cbdb,0ef56b5f-5e3d-4ad0-9d83-24e11c5c2e26,0ef56b5f-5e3d-4ad0-9d83-24e11c5c2e26-2-11,3,t,2026-04-17 09:24:18.292
d41a98b1-d4ce-4840-9889-65fcccb455c2,cfcb0c94-546d-4aea-b51f-6523e622e10f,cfcb0c94-546d-4aea-b51f-6523e622e10f-2-21,3,t,2026-04-17 09:11:27.72
88cb2fd9-05b2-4e14-a935-db4fa017b872,1e4d7928-481a-4e8d-ad61-a9ffbbaa5374,1e4d7928-481a-4e8d-ad61-a9ffbbaa5374-2-26,3,t,2026-04-17 09:21:39.942
79c62cee-62d6-4d5d-8024-577fefab020d,f0ab63a2-2e97-4a4a-ace4-8715bb448f47,f0ab63a2-2e97-4a4a-ace4-8715bb448f47-2-44,0,f,2026-04-17 09:21:46.864
77570583-2c55-43ce-864c-01aecde6a790,ea4f0316-df7a-437a-b8ce-63548e33cc5a,ea4f0316-df7a-437a-b8ce-63548e33cc5a-2-35,5,t,2026-04-17 09:11:46.222
f0baacee-1f40-4fea-a202-6c82660b7c35,fa756c53-780a-4bf9-8913-0c4c9e277df3,fa756c53-780a-4bf9-8913-0c4c9e277df3-2-42,0,f,2026-04-17 09:21:47.083
7c637f79-489b-4dac-b6f4-5819484e4800,27c9b426-bbfa-4f74-b733-37e4e75d3e10,27c9b426-bbfa-4f74-b733-37e4e75d3e10-2-4,3,t,2026-04-17 09:11:58.205
d3c1d179-ee84-4c5c-82b9-a7d458439ae2,add279af-2d44-4ee5-a302-878d603890fd,add279af-2d44-4ee5-a302-878d603890fd-2-26,0,f,2026-04-17 09:23:07.037
cbe629d4-0e67-4137-b8e2-6c1d98d6e634,5447cc7a-9630-4dc1-a474-fca1ddf341e6,5447cc7a-9630-4dc1-a474-fca1ddf341e6-2-13,3,t,2026-04-17 09:12:22.154
55e22b80-e922-4c72-97d3-be2ced9757f6,a57c2f4a-4224-4da8-8026-fc6f6253c6d0,a57c2f4a-4224-4da8-8026-fc6f6253c6d0-2-1,3,t,2026-04-17 09:12:28.465
9a58704b-8994-449a-9360-fab45de1ca6f,f6c99088-8b12-4bb0-a68c-2d2bcb90282b,f6c99088-8b12-4bb0-a68c-2d2bcb90282b-2-48,0,f,2026-04-17 09:23:07.22
67373d29-ef69-403c-8a28-fbc34c9f211f,1c81e191-a57e-415c-8fbe-d214bb1df9d0,1c81e191-a57e-415c-8fbe-d214bb1df9d0-2-6,3,t,2026-04-17 09:15:06.84
1d287090-f0d3-46ab-a798-d5f8b2d13bcd,ccfa1e3b-55c9-4102-9146-6e5cc30549b7,ccfa1e3b-55c9-4102-9146-6e5cc30549b7-2-7,3,t,2026-04-17 09:22:06.962
51be7a20-c5ff-4a96-b43b-c7436c724e99,2f2975e7-43f5-486f-8219-e1715b4ee539,2f2975e7-43f5-486f-8219-e1715b4ee539-2-81,0,f,2026-04-17 09:22:09.022
4127bda7-400e-4ad9-a6cc-47a3d2cd7471,0dac11b6-9631-4184-a1c8-fb09702135e9,0dac11b6-9631-4184-a1c8-fb09702135e9-2-10,3,t,2026-04-17 09:22:23.327
9336c474-bb8d-4efe-b203-9c61772d7476,2f2975e7-43f5-486f-8219-e1715b4ee539,2f2975e7-43f5-486f-8219-e1715b4ee539-2-90,3,t,2026-04-17 09:25:44.316
98447cfb-88f3-40f5-a140-4a012cd94e9c,7b350d11-7774-4d4f-9b2d-3721b7c4c72d,7b350d11-7774-4d4f-9b2d-3721b7c4c72d-2-37,4,t,2026-04-17 09:22:09.972
032b45b3-30a4-405c-b73f-09e919427fcf,b90a9c80-0433-49e1-b0ba-06f4234b647e,b90a9c80-0433-49e1-b0ba-06f4234b647e-2-29,3,t,2026-04-17 09:22:17.049
314d8350-665e-4cac-89d2-88a629f91f78,5447cc7a-9630-4dc1-a474-fca1ddf341e6,5447cc7a-9630-4dc1-a474-fca1ddf341e6-2-21,2,f,2026-04-17 09:24:30.072
7237ade8-8351-4d93-b4ab-af17138cb0d0,5f297ad6-4f5c-4a11-b0c4-ff94caaa89bf,5f297ad6-4f5c-4a11-b0c4-ff94caaa89bf-2-9,2,f,2026-04-17 09:22:31.344
192bd17c-6a84-4531-bc7a-8bf57149cd9c,d027a5a4-42fd-4396-a3e5-afb28a7f78cc,d027a5a4-42fd-4396-a3e5-afb28a7f78cc-2-7,3,t,2026-04-17 09:25:17.606
0ff23ef3-fbda-4e49-9b96-cca3fc3a13ff,fa6ae629-f37f-4409-aba6-c4e071599e36,fa6ae629-f37f-4409-aba6-c4e071599e36-2-15,0,f,2026-04-17 09:22:31.856
4769e768-5beb-46c7-a38f-dc35b8e4b169,7b350d11-7774-4d4f-9b2d-3721b7c4c72d,7b350d11-7774-4d4f-9b2d-3721b7c4c72d-2-20,3,t,2026-04-17 09:30:17.053
e251f2e7-a87a-4bd8-98fa-cd14b9b2afb9,4f08dd81-6f2e-4cc8-b553-763cdcdae36e,4f08dd81-6f2e-4cc8-b553-763cdcdae36e-2-13,0,f,2026-04-17 09:23:35.401
b14adaf3-4771-4b9b-b711-4907a97f3478,4a3472ef-4168-42ef-bd3e-75b067f3d9ae,4a3472ef-4168-42ef-bd3e-75b067f3d9ae-2-2,3,t,2026-04-17 09:23:06.889
c2687bab-2f98-437e-a4bc-0218fb5ee8c6,bedc8c20-6537-41cd-a397-24a85b8a3a24,bedc8c20-6537-41cd-a397-24a85b8a3a24-2-27,3,t,2026-04-17 09:24:07.201
3177d954-b081-4a04-ba79-491ca671834c,3b87423f-faa3-41f0-8c7a-842466473516,3b87423f-faa3-41f0-8c7a-842466473516-2-10,1,f,2026-04-17 09:24:07.744
5212c0cf-efd9-4cf2-933c-4940e979aca6,7ef6d63a-b0af-4be2-a8e0-3784fd609017,7ef6d63a-b0af-4be2-a8e0-3784fd609017-2-9,3,t,2026-04-17 09:24:54.388
d7745b9b-0e83-4473-b660-f01000288c0d,51bf8b84-0573-47bc-8ae9-056c9b8819c7,51bf8b84-0573-47bc-8ae9-056c9b8819c7-2-6,3,t,2026-04-17 09:25:35.278
3ef9b391-13e3-46b9-b17c-a71576a90660,4a3472ef-4168-42ef-bd3e-75b067f3d9ae,4a3472ef-4168-42ef-bd3e-75b067f3d9ae-2-4,3,t,2026-04-17 09:24:41.348
b46efdce-668f-4ae6-9617-43bca092bf2c,c3ac1670-f197-4065-88b7-abb8a3f55e05,c3ac1670-f197-4065-88b7-abb8a3f55e05-2-6,3,t,2026-04-17 09:26:03.393
253ca831-30bd-4bf4-ba74-d832f8ce0945,ee1ce29b-7c86-48cd-850f-f5a8ee856031,ee1ce29b-7c86-48cd-850f-f5a8ee856031-2-5,0,f,2026-04-17 09:24:53.147
a27c5824-7a7e-4cba-9b68-919b8794caab,08ffa16d-5fda-48dc-97ba-0fa8ad2ec214,08ffa16d-5fda-48dc-97ba-0fa8ad2ec214-2-3,0,f,2026-04-17 09:25:02.909
dcc9fc9a-845b-4d69-93a4-44efb8e54c39,c350e513-ace9-47c0-89b3-c48b08a6552d,c350e513-ace9-47c0-89b3-c48b08a6552d-2-16,3,t,2026-04-17 09:25:13.405
e2c6f18a-27d2-4eeb-b8a9-e4c9f2ad8128,7b2f5f37-d75f-42c7-a64b-e7d6da909f2e,7b2f5f37-d75f-42c7-a64b-e7d6da909f2e-2-5,3,t,2026-04-17 09:25:14.138
df94f48b-5792-4f69-9ed5-71dd1eb02e33,739b9181-f4e6-44f3-9f82-b8dc34c81fa5,739b9181-f4e6-44f3-9f82-b8dc34c81fa5-2-7,3,t,2026-04-17 09:25:40.434
5ace83da-0c99-4c4f-9fdc-0005219e90dc,5d48f615-bb08-49d7-9d29-de098d96d55c,5d48f615-bb08-49d7-9d29-de098d96d55c-2-8,3,t,2026-04-17 09:25:16.781
285ed344-bc45-49d1-b37c-6d7ab8ad3dc3,58d01453-bdf3-462d-b2cc-cc8e0a11f4bd,58d01453-bdf3-462d-b2cc-cc8e0a11f4bd-2-9,3,t,2026-04-17 09:25:18.315
e7124267-497b-4e68-a393-428a1960101b,835fa953-1c2f-45a5-a661-9679158bc35a,835fa953-1c2f-45a5-a661-9679158bc35a-2-36,0,f,2026-04-17 09:26:47.206
524038c3-3085-40ba-9aa0-2b9a9cebcda6,8d0012d2-7ad0-45c3-9775-88525b65c5a6,8d0012d2-7ad0-45c3-9775-88525b65c5a6-2-9,3,t,2026-04-17 09:26:50.393
3df4a89b-dfdb-466c-9e07-5671b649540d,51bf8b84-0573-47bc-8ae9-056c9b8819c7,51bf8b84-0573-47bc-8ae9-056c9b8819c7-2-5,0,f,2026-04-17 09:29:57.285
9e4af268-8b55-4ec0-95e5-42d8217c4838,27a69e03-7147-4f1d-8331-650a51e441e2,27a69e03-7147-4f1d-8331-650a51e441e2-2-130,0,f,2026-04-17 09:11:00.544
db14bd44-961f-4a73-8d02-5cb60cff2d62,316d0ef9-3596-406f-974d-3d3bb82172a1,316d0ef9-3596-406f-974d-3d3bb82172a1-2-22,3,t,2026-04-17 09:10:25.799
c44b4a99-dea6-4c4e-8884-3abd609a5777,b85831fc-729d-438e-ad48-2c5b42a4b482,b85831fc-729d-438e-ad48-2c5b42a4b482-2-5,1,f,2026-04-17 09:11:00.727
358d9a0d-e652-4546-a685-26caaba1a491,41e44d4e-ed4b-41b7-851a-04be3bf4f9ec,41e44d4e-ed4b-41b7-851a-04be3bf4f9ec-2-11,3,t,2026-04-17 09:12:32.282
7189e942-afc3-449e-a737-bae4be5c0288,ea4f0316-df7a-437a-b8ce-63548e33cc5a,ea4f0316-df7a-437a-b8ce-63548e33cc5a-2-37,5,t,2026-04-17 09:10:39.285
f8c1a19e-4975-494a-b8fd-b980ebdd3c02,3ed8fc13-d8f6-4f15-a66d-be11fce71626,3ed8fc13-d8f6-4f15-a66d-be11fce71626-2-120,3,t,2026-04-17 09:10:45.83
741d844d-39fe-4527-b022-2e1dbc3924a0,4d064b59-db6f-4c00-a7bd-dd47165afed8,4d064b59-db6f-4c00-a7bd-dd47165afed8-2-40,3,t,2026-04-17 09:11:13.686
e22d6f88-f365-4eee-98db-d32610032dec,eb4ed7f6-e1dd-486e-afc2-43dcedbfe64b,eb4ed7f6-e1dd-486e-afc2-43dcedbfe64b-2-2,3,t,2026-04-17 09:10:46.606
af0e90bb-5a15-43ff-b6af-4dbd0201465e,2f2975e7-43f5-486f-8219-e1715b4ee539,2f2975e7-43f5-486f-8219-e1715b4ee539-2-45,0,f,2026-04-17 09:10:48.612
cb0d2a9a-5e8a-41c2-909c-1137966e7806,9fad1346-db17-4e69-9f23-78eebc0077db,9fad1346-db17-4e69-9f23-78eebc0077db-2-21,0,f,2026-04-17 09:36:01.147
e8a17b08-814e-418f-a7fa-7f0a8615dd1a,34b9808d-e4cc-445e-a140-14627ed72ebe,34b9808d-e4cc-445e-a140-14627ed72ebe-2-1,0,f,2026-04-17 09:14:10.645
5df00642-cfa1-4ccd-a1b3-93b08fd00e67,fb712d44-ab94-48e2-8548-1144205eb581,fb712d44-ab94-48e2-8548-1144205eb581-2-5,3,t,2026-04-17 09:11:03.167
f079a539-d43c-42a2-af90-ee0c4389e022,d39050bd-ce5c-4719-ae39-d694ab777186,d39050bd-ce5c-4719-ae39-d694ab777186-2-17,3,t,2026-04-17 09:10:59.964
bed4105e-497e-482d-848a-3b6072b2e453,4868945e-d1c2-4895-946c-d603709e8edf,4868945e-d1c2-4895-946c-d603709e8edf-2-18,0,f,2026-04-17 09:11:41.005
60976747-1c1d-4398-af8a-bd7ca288110e,69755a35-d3e1-4d6d-b090-a4075401f6be,69755a35-d3e1-4d6d-b090-a4075401f6be-2-64,4,t,2026-04-17 09:11:04.576
d8016d01-5782-497d-b716-e1a7dff5ed23,3201a497-4a53-41cf-8c80-7953d79d37c5,3201a497-4a53-41cf-8c80-7953d79d37c5-2-4,3,t,2026-04-17 09:11:14.911
17c228a7-bb51-480f-abac-b14fda8ce6e4,2cd8d4c7-3ce7-413b-b1bc-f06ca673a1c7,2cd8d4c7-3ce7-413b-b1bc-f06ca673a1c7-2-2,3,t,2026-04-17 09:11:10.821
92293881-bbd4-4781-813b-6f568a97e59d,c350e513-ace9-47c0-89b3-c48b08a6552d,c350e513-ace9-47c0-89b3-c48b08a6552d-2-1,3,t,2026-04-17 09:11:10.943
e7d76662-21e3-45a9-a79a-1c2751d211cc,3ab607f7-a0dc-4fe7-9962-162700c52251,3ab607f7-a0dc-4fe7-9962-162700c52251-2-4,3,t,2026-04-17 09:11:15.258
c064a7e1-e4b0-4b56-9e2a-b4000960a881,6077991f-156c-447c-a69b-4e2d765b115b,6077991f-156c-447c-a69b-4e2d765b115b-2-6,3,t,2026-04-17 09:11:42.652
356aa613-108f-475e-a3e5-d07fffcfa9ed,d046f7bb-6c8b-4921-bd3a-a1787d4a85aa,d046f7bb-6c8b-4921-bd3a-a1787d4a85aa-2-0,3,t,2026-04-17 09:11:45.661
01817c07-27c5-4cd1-9d9c-42a1aad5509c,b36faffd-430e-4c0c-ac9a-4dba748e85a8,b36faffd-430e-4c0c-ac9a-4dba748e85a8-2-9,3,t,2026-04-17 09:11:20.4
b386cf95-ca79-4ea3-a1f8-d514b0e75a33,4975effd-c5f3-42c2-8e98-7a5eca5004b6,4975effd-c5f3-42c2-8e98-7a5eca5004b6-2-9,3,t,2026-04-17 09:11:32.023
2eae2fb2-338e-48a6-a966-b24e48ecfb09,add279af-2d44-4ee5-a302-878d603890fd,add279af-2d44-4ee5-a302-878d603890fd-2-10,3,t,2026-04-17 09:11:28.607
0b0db3e7-936a-41f8-92c2-dde031cfa789,5f42d829-f4be-4762-8706-6ee43f14526b,5f42d829-f4be-4762-8706-6ee43f14526b-2-20,3,t,2026-04-17 09:12:28.019
f5c44a6f-f46b-4c9c-9f87-83a7724a0ead,8eacf413-c251-4506-b63c-8b2960144356,8eacf413-c251-4506-b63c-8b2960144356-2-1,0,f,2026-04-17 09:11:46.604
9f401279-e035-4baf-93c3-f2056da81d4f,e3a08443-dd2c-43bf-894d-e428f9cdb716,e3a08443-dd2c-43bf-894d-e428f9cdb716-2-27,0,f,2026-04-17 09:11:34.844
9d75da3c-3390-4b2a-908f-186dae27aca9,d90b640e-7008-4861-8197-64e64a901462,d90b640e-7008-4861-8197-64e64a901462-2-1,3,t,2026-04-17 09:12:07.786
be35473e-d551-4a60-87ec-bca9c71d9a81,7ef6d63a-b0af-4be2-a8e0-3784fd609017,7ef6d63a-b0af-4be2-a8e0-3784fd609017-2-2,3,t,2026-04-17 09:11:43.406
b072a7b6-5365-4cd2-af93-669edf8fd4b7,17a5a449-32db-47c3-a5e8-5f7368815036,17a5a449-32db-47c3-a5e8-5f7368815036-2-7,3,t,2026-04-17 09:11:38.739
5d124cfa-0cc3-4eda-989a-ce6a14dc4585,22413047-2f23-4dc9-861c-024171bcfe51,22413047-2f23-4dc9-861c-024171bcfe51-2-10,3,t,2026-04-17 09:11:54.281
e3c5f469-6b98-4b3b-8684-6db090b3928d,3b87423f-faa3-41f0-8c7a-842466473516,3b87423f-faa3-41f0-8c7a-842466473516-2-0,0,f,2026-04-17 09:11:57.105
f5f3ac76-fc18-4661-9401-42d36e2e3840,d39050bd-ce5c-4719-ae39-d694ab777186,d39050bd-ce5c-4719-ae39-d694ab777186-2-19,3,t,2026-04-17 09:11:57.339
6f025560-0e2a-4469-a20c-ce1057398273,a2dfb5d8-c9ca-4757-b2a8-f13e7dee26b2,a2dfb5d8-c9ca-4757-b2a8-f13e7dee26b2-2-14,1,f,2026-04-17 09:11:58.53
c0e3cb6e-21df-42ca-9003-c2ebcaf266ac,a276db23-8b57-4fb8-bc06-59bbf14f7100,a276db23-8b57-4fb8-bc06-59bbf14f7100-2-12,3,t,2026-04-17 09:12:31.815
e2b62bf6-9d29-4e7d-addf-f7ef90aebe47,2b6b5f05-2f37-4d80-a478-b16e450f3358,2b6b5f05-2f37-4d80-a478-b16e450f3358-2-17,3,t,2026-04-17 09:12:24.415
02b9316e-1322-4e2e-9b24-036b1ea56871,1545b7f2-2a7b-4355-b97c-111a6091093e,1545b7f2-2a7b-4355-b97c-111a6091093e-2-13,0,f,2026-04-17 09:12:14.443
38d6e787-635a-4f8d-80a6-aa50f2d1d3d6,6a2053e0-87ba-489f-a3c8-4a2b6ff8f1f4,6a2053e0-87ba-489f-a3c8-4a2b6ff8f1f4-2-2,3,t,2026-04-17 09:12:18.781
9c41ea07-cb20-48cc-ab89-834f3745f805,e34b9241-22a9-4da5-a69b-90c53ec1b42a,e34b9241-22a9-4da5-a69b-90c53ec1b42a-2-14,3,t,2026-04-17 09:12:34.688
a9295f14-3aa7-442f-ba4d-ff2d2e905636,1df7744c-4296-4a4a-a293-6431531fce9a,1df7744c-4296-4a4a-a293-6431531fce9a-2-6,3,t,2026-04-17 09:14:41.894
6944d672-b942-40f9-af3c-c375e247eaee,5f297ad6-4f5c-4a11-b0c4-ff94caaa89bf,5f297ad6-4f5c-4a11-b0c4-ff94caaa89bf-2-5,3,t,2026-04-17 09:12:27.942
5f17c72b-291d-492f-b14d-de7dd6c1e928,2b8e121d-6660-4971-b514-d55a5ff3b6bc,2b8e121d-6660-4971-b514-d55a5ff3b6bc-2-27,2,f,2026-04-17 09:13:34.448
2689eda8-b2e6-42b1-80f6-14bffe4cc87f,4626347f-a937-4b7f-8da9-b4a98783e145,4626347f-a937-4b7f-8da9-b4a98783e145-2-17,0,f,2026-04-17 09:15:15.994
98748f4a-0e69-4e56-886b-cb5567f4abd3,5d48f615-bb08-49d7-9d29-de098d96d55c,5d48f615-bb08-49d7-9d29-de098d96d55c-2-6,3,t,2026-04-17 09:12:45.404
c5ccbbff-0c5e-4f97-9f8d-11990805888d,316d0ef9-3596-406f-974d-3d3bb82172a1,316d0ef9-3596-406f-974d-3d3bb82172a1-2-24,3,t,2026-04-17 09:12:44.482
6f56931e-7677-4291-adfe-3ef5dbc1d3ca,aa79aaac-b075-422b-b9be-a4ba8ac21137,aa79aaac-b075-422b-b9be-a4ba8ac21137-2-32,0,f,2026-04-17 09:12:57.284
c9eb215f-9162-48c3-ace6-35b487cf3b40,fa6ae629-f37f-4409-aba6-c4e071599e36,fa6ae629-f37f-4409-aba6-c4e071599e36-2-10,0,f,2026-04-17 09:13:35.336
83288a75-0c0a-40c3-8fe1-f61fdd883791,e3a08443-dd2c-43bf-894d-e428f9cdb716,e3a08443-dd2c-43bf-894d-e428f9cdb716-2-28,0,f,2026-04-17 09:12:02.479
3a921d69-a068-4cfe-8c0b-615696c48076,941a564c-77b9-48d6-920a-648da559328e,941a564c-77b9-48d6-920a-648da559328e-2-3,3,t,2026-04-17 09:12:02.845
cdf3edbf-b130-4ec9-bde9-94152406d67e,7c24664f-2c5e-4883-a66c-0bc3798693b5,7c24664f-2c5e-4883-a66c-0bc3798693b5-2-7,0,f,2026-04-17 09:12:33.352
86a9e69f-bc86-4ef6-b19e-0612e43ec16e,57fd170e-8fcf-425e-aafb-34331dbe4494,57fd170e-8fcf-425e-aafb-34331dbe4494-2-20,3,t,2026-04-17 09:12:43.607
f60668da-2f92-4b69-8de4-7b5e58ad30c4,eb4ed7f6-e1dd-486e-afc2-43dcedbfe64b,eb4ed7f6-e1dd-486e-afc2-43dcedbfe64b-2-4,3,t,2026-04-17 09:12:04.187
221ce6b8-0436-46c1-a0d1-cb9486d6a680,5663fefd-383e-49e3-bcd7-1f674cd95c7d,5663fefd-383e-49e3-bcd7-1f674cd95c7d-2-11,4,t,2026-04-17 09:20:09.893
d7de29f9-8971-4e1f-80c4-e8a52701105a,a7731f21-6ce1-4d01-914b-1d25018210bc,a7731f21-6ce1-4d01-914b-1d25018210bc-2-8,3,t,2026-04-17 09:14:07.507
4348ee6f-0944-470e-b14e-7b185d4841c5,2157b182-d26f-4929-9ea0-d14b0461db32,2157b182-d26f-4929-9ea0-d14b0461db32-2-116,1,f,2026-04-17 09:12:43.777
adaf1fef-07c7-4a89-8bd1-f3e17f940d30,1cb8fb30-5d58-42e9-aeb9-e6d3478e7295,1cb8fb30-5d58-42e9-aeb9-e6d3478e7295-2-27,3,t,2026-04-17 09:12:37.022
59ba0f73-20d4-46b5-8058-b5cb23303e53,99591e75-8017-4d97-aa79-183d057cde08,99591e75-8017-4d97-aa79-183d057cde08-2-96,0,f,2026-04-17 09:12:37.1
abfd0afa-8919-4013-826f-cacb8232ba36,a3d745bf-e3f4-411c-97b5-2cd475f193f6,a3d745bf-e3f4-411c-97b5-2cd475f193f6-2-1,3,t,2026-04-17 09:12:19.018
a69123cb-e96a-4d22-afd3-d2c6d0bc5aaf,f7bba0b2-be7b-4062-81a6-c85cfc91c69b,f7bba0b2-be7b-4062-81a6-c85cfc91c69b-2-41,0,f,2026-04-17 09:12:19.844
3fba76ff-9fd7-4d1f-a09c-6e6f339c2cd2,46592f64-4847-4dd0-b9d4-9a8736d9b75e,46592f64-4847-4dd0-b9d4-9a8736d9b75e-2-25,3,t,2026-04-17 09:12:22.004
dc264198-ee35-46bb-9973-4d2916f8b992,f6af9a1c-b651-4756-81be-bb78380c2bcb,f6af9a1c-b651-4756-81be-bb78380c2bcb-2-62,3,t,2026-04-17 09:12:58.881
b2a1270e-903b-4d2a-93e7-4dfa8b540001,7ef6d63a-b0af-4be2-a8e0-3784fd609017,7ef6d63a-b0af-4be2-a8e0-3784fd609017-2-3,3,t,2026-04-17 09:12:32.178
3b81453d-66b3-457f-bbdd-9bbd0bca2f3d,3ed8fc13-d8f6-4f15-a66d-be11fce71626,3ed8fc13-d8f6-4f15-a66d-be11fce71626-2-115,0,f,2026-04-17 09:12:50.655
2757fabf-3692-471b-8ccd-d2b0d605fe19,8e56a4a5-a012-4d03-a49b-1fbbca1953f7,8e56a4a5-a012-4d03-a49b-1fbbca1953f7-2-12,0,f,2026-04-17 09:12:47.666
b19fc3d8-0b5e-4b03-b94a-42547577fac3,4868945e-d1c2-4895-946c-d603709e8edf,4868945e-d1c2-4895-946c-d603709e8edf-2-19,0,f,2026-04-17 09:13:17.825
31cea779-7a0d-4acf-b7a5-1620ab7d14ff,4975effd-c5f3-42c2-8e98-7a5eca5004b6,4975effd-c5f3-42c2-8e98-7a5eca5004b6-2-10,3,t,2026-04-17 09:12:42.349
af58d205-8a52-498c-a576-ba889dffb50a,976db7d1-71ac-4b46-9871-48fd7f6980dc,976db7d1-71ac-4b46-9871-48fd7f6980dc-2-26,3,t,2026-04-17 09:13:49.419
4df52245-59de-4101-bcdb-e538639a6d16,8d0012d2-7ad0-45c3-9775-88525b65c5a6,8d0012d2-7ad0-45c3-9775-88525b65c5a6-2-4,3,t,2026-04-17 09:12:47.337
cd2d7a91-9559-4233-b2bf-9915a20dfb65,d39050bd-ce5c-4719-ae39-d694ab777186,d39050bd-ce5c-4719-ae39-d694ab777186-2-20,3,t,2026-04-17 09:12:48.489
8a0fe988-273f-4e88-9caf-0b99dea6d8a8,f6c99088-8b12-4bb0-a68c-2d2bcb90282b,f6c99088-8b12-4bb0-a68c-2d2bcb90282b-2-30,0,f,2026-04-17 09:12:53.849
5d1ba211-3c78-473c-be0a-fa0092b50ea8,a037f741-a910-48c8-9024-37930d7b2190,a037f741-a910-48c8-9024-37930d7b2190-2-30,5,t,2026-04-17 09:12:49.742
47068552-fbae-4737-bc2c-ad309fbb46c6,cb6aa604-8827-4b80-b4ae-7ac9ab41e323,cb6aa604-8827-4b80-b4ae-7ac9ab41e323-2-2,3,t,2026-04-17 09:26:46.842
95c542b9-69a4-4397-b386-35e60f173e2c,b90a9c80-0433-49e1-b0ba-06f4234b647e,b90a9c80-0433-49e1-b0ba-06f4234b647e-2-27,3,t,2026-04-17 09:15:37.17
496aa3d6-367b-43e8-9a71-c404120415e2,2e13985a-37c2-46b1-a116-d696630cc868,2e13985a-37c2-46b1-a116-d696630cc868-2-33,3,t,2026-04-17 09:12:57.956
d5e1cdc0-c646-4f56-97c4-98fcaa8d9ffd,d027a5a4-42fd-4396-a3e5-afb28a7f78cc,d027a5a4-42fd-4396-a3e5-afb28a7f78cc-2-4,3,t,2026-04-17 09:14:18.652
90dbaea4-6b01-4056-8f69-366cdf0a8deb,de3ff6b8-3451-42be-abc6-cf91f7ffe348,de3ff6b8-3451-42be-abc6-cf91f7ffe348-2-13,2,f,2026-04-17 09:13:02.892
9715a852-8380-4cd2-a0b2-ef670d926e55,6a804deb-cef1-4cdc-95c7-6574a1e7577a,6a804deb-cef1-4cdc-95c7-6574a1e7577a-2-1,3,t,2026-04-17 09:13:22.96
630401a7-3741-46b5-8019-3e8bffbb4cb7,f499e6e9-1ef7-4fce-b385-25fb1fc992f6,f499e6e9-1ef7-4fce-b385-25fb1fc992f6-2-21,3,t,2026-04-17 09:13:15.302
08775273-a0c4-48c5-95ba-7c059580d279,c14ef5db-05f5-4aac-b1d5-95491a5cc2b5,c14ef5db-05f5-4aac-b1d5-95491a5cc2b5-2-32,0,f,2026-04-17 09:13:14.708
d0d02202-254d-4e5f-bb06-4dc2e2f2f0c9,897d03b4-4f5e-4d77-b19e-f7aee227197e,897d03b4-4f5e-4d77-b19e-f7aee227197e-2-4,0,f,2026-04-17 09:13:19.862
98dd2b69-068a-4c01-84ad-18182eb39cd0,1d7d8a6d-b644-489f-8c94-3b8fe34d9c9a,1d7d8a6d-b644-489f-8c94-3b8fe34d9c9a-2-37,0,f,2026-04-17 09:13:24.749
fe8dba96-6df4-44fb-9a06-e32890f6e32b,4cf7f052-1d34-4442-9347-3eab9ed2fd67,4cf7f052-1d34-4442-9347-3eab9ed2fd67-2-45,0,f,2026-04-17 09:13:25.426
188f759c-d44b-495a-9709-c0ccbe82b62b,5acfcb89-71a4-4847-b5ba-b747c0f0c58a,5acfcb89-71a4-4847-b5ba-b747c0f0c58a-2-16,3,t,2026-04-17 09:14:56.437
f1de6749-ea74-419a-a843-cff566db6dc0,2cd8d4c7-3ce7-413b-b1bc-f06ca673a1c7,2cd8d4c7-3ce7-413b-b1bc-f06ca673a1c7-2-4,3,t,2026-04-17 09:13:43.425
08fcfb88-ad37-481f-a33b-2405f253527c,6077991f-156c-447c-a69b-4e2d765b115b,6077991f-156c-447c-a69b-4e2d765b115b-2-40,3,t,2026-04-17 09:14:37.974
2ed6cc1e-18b8-4389-981a-e80a472bd421,bbf30bbe-45d5-4dec-b2b3-f903b2d10658,bbf30bbe-45d5-4dec-b2b3-f903b2d10658-2-102,3,t,2026-04-17 09:13:42.501
a6627c7f-7f65-4678-9994-e335f8c71503,60f514c4-c7b7-498a-ac4d-72eb6ecb7de4,60f514c4-c7b7-498a-ac4d-72eb6ecb7de4-2-13,3,t,2026-04-17 09:14:46.954
3a8324d1-759d-4682-8387-06f914af290c,cd3fce12-0fbc-4c8c-923b-8d0db1d0a4dd,cd3fce12-0fbc-4c8c-923b-8d0db1d0a4dd-2-12,0,f,2026-04-17 09:13:45.203
b4433c28-9d0d-412d-97be-925640c6ea27,902cdc82-6e20-450c-955f-c13491ebf0ef,902cdc82-6e20-450c-955f-c13491ebf0ef-2-6,3,t,2026-04-17 09:15:13.898
ae5cf06e-edd9-43df-8eea-2cdb36180d18,d4ecfa36-8cae-4f49-bb89-7cdcd67cb290,d4ecfa36-8cae-4f49-bb89-7cdcd67cb290-2-1,3,t,2026-04-17 09:15:06.304
03d3db5c-b9ab-4c72-a8e4-15892bd15dc3,d130faf7-1af2-415c-8c43-1b9a8c688fe2,d130faf7-1af2-415c-8c43-1b9a8c688fe2-2-4,3,t,2026-04-17 09:19:32.412
dcff1d9d-134e-4a58-88d9-2a61f5e6f317,8c965050-a932-4536-9444-4170909450b3,8c965050-a932-4536-9444-4170909450b3-2-2,3,t,2026-04-17 09:15:59.479
4e5af36c-231b-43ed-9138-da56c7542f83,319d9117-957e-472c-ae32-07a254740eab,319d9117-957e-472c-ae32-07a254740eab-2-1,3,t,2026-04-17 09:16:22.487
86fb5323-244b-4321-9c25-599c9671a617,7ef6d63a-b0af-4be2-a8e0-3784fd609017,7ef6d63a-b0af-4be2-a8e0-3784fd609017-2-4,0,f,2026-04-17 09:16:30.905
e2afd26f-7476-4a7a-a345-63bceed4a1b5,a3d745bf-e3f4-411c-97b5-2cd475f193f6,a3d745bf-e3f4-411c-97b5-2cd475f193f6-2-2,3,t,2026-04-17 09:14:31.651
750bf5b9-ca48-4276-8937-bd437ca91458,1e4d7928-481a-4e8d-ad61-a9ffbbaa5374,1e4d7928-481a-4e8d-ad61-a9ffbbaa5374-2-20,3,t,2026-04-17 09:13:54.846
4e4fd151-5c3a-4b4f-8951-c41fadc39f1a,c909bd23-7897-4dea-8402-2cca7a3df7c6,c909bd23-7897-4dea-8402-2cca7a3df7c6-2-23,3,t,2026-04-17 09:13:08.668
03a0aa73-bc89-4858-bf2d-c8eca690bd52,ae512a82-7989-4fb2-87f7-abece7160322,ae512a82-7989-4fb2-87f7-abece7160322-2-30,1,f,2026-04-17 09:13:12.538
24aa6ce9-9ffb-426f-b039-1393d29c5b27,9a9af92a-7c5d-49ec-953f-9f230f9c3bc5,9a9af92a-7c5d-49ec-953f-9f230f9c3bc5-2-68,3,t,2026-04-17 09:13:55.802
ef0628f8-a5b7-43a2-aa42-a7013b1e3e5d,9b2bfc86-cd9e-48cc-affa-2645a1b65bd1,9b2bfc86-cd9e-48cc-affa-2645a1b65bd1-2-7,3,t,2026-04-17 09:13:23.196
eb5afdea-5ee4-4a29-a624-92b732dea8ee,2b6b5f05-2f37-4d80-a478-b16e450f3358,2b6b5f05-2f37-4d80-a478-b16e450f3358-2-10,3,t,2026-04-17 09:13:28.12
e9c7b06c-f1c8-4191-ac91-c582d382a976,f7bba0b2-be7b-4062-81a6-c85cfc91c69b,f7bba0b2-be7b-4062-81a6-c85cfc91c69b-2-48,0,f,2026-04-17 09:13:28.877
dfbede4f-18e0-4ad8-962c-1dbd1f812639,2f2975e7-43f5-486f-8219-e1715b4ee539,2f2975e7-43f5-486f-8219-e1715b4ee539-2-54,0,f,2026-04-17 09:13:39.127
d5397d7a-baa4-4f6a-98fe-195a64ad242d,316d0ef9-3596-406f-974d-3d3bb82172a1,316d0ef9-3596-406f-974d-3d3bb82172a1-2-26,3,t,2026-04-17 09:14:38.469
2a529853-0e0c-4296-a3a5-1c08415980b8,34b9808d-e4cc-445e-a140-14627ed72ebe,34b9808d-e4cc-445e-a140-14627ed72ebe-2-2,3,t,2026-04-17 09:13:59.257
83a23a66-3a5b-4bdb-a184-9faa1bbf3edf,a3e3f98b-4511-430d-8cc5-03e6b557fbee,a3e3f98b-4511-430d-8cc5-03e6b557fbee-2-43,0,f,2026-04-17 09:14:59.087
0e3fc742-1b05-4de6-a412-d930ed1c7d71,c590bbb6-233c-428e-ba79-dfbfcb024d69,c590bbb6-233c-428e-ba79-dfbfcb024d69-2-14,3,t,2026-04-17 09:13:45.654
bd75f283-6d7a-4749-aa08-0b90b9e003b8,bd262987-52d6-4e1f-acf8-f0b78aa44ee9,bd262987-52d6-4e1f-acf8-f0b78aa44ee9-2-11,3,t,2026-04-17 09:14:39.817
9f03aaa4-1c0b-4486-b0a8-6a2f93bef6ce,a276db23-8b57-4fb8-bc06-59bbf14f7100,a276db23-8b57-4fb8-bc06-59bbf14f7100-2-13,3,t,2026-04-17 09:14:00.823
a5cb6f99-b3ca-4d33-9c44-ec8fe7da8829,e3a08443-dd2c-43bf-894d-e428f9cdb716,e3a08443-dd2c-43bf-894d-e428f9cdb716-2-34,3,t,2026-04-17 09:14:10.003
d63b9cb5-045c-4697-83d9-14434c18a958,f7bba0b2-be7b-4062-81a6-c85cfc91c69b,f7bba0b2-be7b-4062-81a6-c85cfc91c69b-2-54,0,f,2026-04-17 09:14:59.984
8ecf93b5-d08f-4454-b288-74ec0f791a44,1cb8fb30-5d58-42e9-aeb9-e6d3478e7295,1cb8fb30-5d58-42e9-aeb9-e6d3478e7295-2-28,5,t,2026-04-17 09:13:51.65
f3421289-fc96-4b41-8ea7-32ee48cf0d90,5447cc7a-9630-4dc1-a474-fca1ddf341e6,5447cc7a-9630-4dc1-a474-fca1ddf341e6-2-14,0,f,2026-04-17 09:14:21.01
e2120ed0-c669-4e32-b09c-fa983c0bcf62,7ed13b91-200d-43c2-ad9e-6ab09842430d,7ed13b91-200d-43c2-ad9e-6ab09842430d-2-6,3,t,2026-04-17 09:16:08.399
5290be0e-9668-461b-9a20-5c3dcf3e7f81,f2c67931-ab51-4f09-a434-df3cc4d0f3c9,f2c67931-ab51-4f09-a434-df3cc4d0f3c9-2-21,3,t,2026-04-17 09:14:54.163
da789ed9-ae30-4c6f-8c63-947a144ade76,fb712d44-ab94-48e2-8548-1144205eb581,fb712d44-ab94-48e2-8548-1144205eb581-2-41,3,t,2026-04-17 09:14:21.973
4f8c7331-9d22-45b6-9b8e-958d3f11f94b,1ba4c6b9-4c26-4030-bfde-58ff3da5e5b9,1ba4c6b9-4c26-4030-bfde-58ff3da5e5b9-2-1,0,f,2026-04-17 09:14:30.121
32ad8035-1266-4e6e-b446-d50682aa8f5a,b36faffd-430e-4c0c-ac9a-4dba748e85a8,b36faffd-430e-4c0c-ac9a-4dba748e85a8-2-12,3,t,2026-04-17 09:14:41.901
26d15d8e-5318-466d-809f-78417df868c9,c590bbb6-233c-428e-ba79-dfbfcb024d69,c590bbb6-233c-428e-ba79-dfbfcb024d69-2-16,3,t,2026-04-17 09:15:20.265
d9025d8e-9cbe-4f1f-a95e-a49365a2b4ba,01e89da0-052e-4a56-b001-dc55712d8828,01e89da0-052e-4a56-b001-dc55712d8828-2-20,0,f,2026-04-17 09:15:15.6
ce6b5d6d-d9f9-4d77-a7fd-b4ad075167bb,10210c31-b852-44a3-a0d2-dc76f7728bc9,10210c31-b852-44a3-a0d2-dc76f7728bc9-2-2,3,t,2026-04-17 09:14:47.674
50cf61ed-3d15-43cf-b611-49b8f2244b25,941a564c-77b9-48d6-920a-648da559328e,941a564c-77b9-48d6-920a-648da559328e-2-6,3,t,2026-04-17 09:16:56.669
186d9121-a1b3-430f-b2af-316e8aeb4bec,a90cc6ed-473d-44c4-b771-109130f5a335,a90cc6ed-473d-44c4-b771-109130f5a335-2-5,3,t,2026-04-17 09:15:35.389
866ff55f-c0dc-43ba-a4ae-f6892086553a,3b87423f-faa3-41f0-8c7a-842466473516,3b87423f-faa3-41f0-8c7a-842466473516-2-3,2,f,2026-04-17 09:15:21.407
f9a7ee7f-8f55-4d3e-8d25-f9f37e56e488,2b6b5f05-2f37-4d80-a478-b16e450f3358,2b6b5f05-2f37-4d80-a478-b16e450f3358-2-14,3,t,2026-04-17 09:15:07.414
913601f1-a3e4-494c-aa54-7f75b442fb1b,c350e513-ace9-47c0-89b3-c48b08a6552d,c350e513-ace9-47c0-89b3-c48b08a6552d-2-10,3,t,2026-04-17 09:15:12.521
c8fc417e-0452-43e5-aa40-23b7cbe9fa73,f6af9a1c-b651-4756-81be-bb78380c2bcb,f6af9a1c-b651-4756-81be-bb78380c2bcb-2-63,3,t,2026-04-17 09:15:11.419
7af85685-7f66-48fb-b9e0-44bcb2890d70,1d9c5d60-e2bb-4d62-a4fe-23e4d269f411,1d9c5d60-e2bb-4d62-a4fe-23e4d269f411-2-10,3,t,2026-04-17 09:15:16.264
02fb965c-9aa5-40dd-b773-eaf665914a8c,add279af-2d44-4ee5-a302-878d603890fd,add279af-2d44-4ee5-a302-878d603890fd-2-16,3,t,2026-04-17 09:16:22.644
5b563eb6-ae6d-4b92-bdd9-f875e5c14789,8d0012d2-7ad0-45c3-9775-88525b65c5a6,8d0012d2-7ad0-45c3-9775-88525b65c5a6-2-6,3,t,2026-04-17 09:15:13.936
622ff23e-565f-43dc-a95f-8ad6f49f5ea3,add279af-2d44-4ee5-a302-878d603890fd,add279af-2d44-4ee5-a302-878d603890fd-2-25,0,f,2026-04-17 09:22:04.699
f5a1282c-8837-4cb1-9563-fdf240e9574f,14f5e49b-d78a-4b35-93a4-c14dd523a2cb,14f5e49b-d78a-4b35-93a4-c14dd523a2cb-2-17,0,f,2026-04-17 09:15:55.687
a46b9b87-24ca-4296-90c4-4286888b7e68,e2dabc7c-955e-44b7-b230-97640bea013e,e2dabc7c-955e-44b7-b230-97640bea013e-2-37,3,t,2026-04-17 09:35:02.762
b4a262d0-4202-46e1-a9f3-61a62e52a5c3,6c16aba8-4cc7-4d11-8121-3178a8de1659,6c16aba8-4cc7-4d11-8121-3178a8de1659-2-33,3,t,2026-04-17 09:21:34.631
9221d6b4-4c08-42ae-9a3d-c190332fc973,bf3be56f-d262-4b5c-b920-b3cd94204e7b,bf3be56f-d262-4b5c-b920-b3cd94204e7b-2-2,3,t,2026-04-17 09:24:09.64
8fefa1e6-61be-4967-9c0d-062aa636581d,7b350d11-7774-4d4f-9b2d-3721b7c4c72d,7b350d11-7774-4d4f-9b2d-3721b7c4c72d-2-7,3,t,2026-04-17 09:24:12.093
f9d1d8ec-9611-44d8-a078-1310476527e7,6c16aba8-4cc7-4d11-8121-3178a8de1659,6c16aba8-4cc7-4d11-8121-3178a8de1659-2-34,3,t,2026-04-17 09:25:12.483
109a81d3-916e-4a71-b67a-b3829ca49a0c,ccfa1e3b-55c9-4102-9146-6e5cc30549b7,ccfa1e3b-55c9-4102-9146-6e5cc30549b7-2-8,3,t,2026-04-17 09:25:20.557
dd4be888-c452-495d-b316-56a9d1891de4,2685f831-e1b0-4ad2-a7ef-cf48ff212488,2685f831-e1b0-4ad2-a7ef-cf48ff212488-2-1,3,t,2026-04-17 09:25:14.664
2551975f-7651-48a6-837a-e6c5c0e58e5a,51bf8b84-0573-47bc-8ae9-056c9b8819c7,51bf8b84-0573-47bc-8ae9-056c9b8819c7-2-2,3,t,2026-04-17 09:31:27.332
8bf33c89-7355-4779-a1f4-6f5129d4b3d0,e2dabc7c-955e-44b7-b230-97640bea013e,e2dabc7c-955e-44b7-b230-97640bea013e-2-27,0,f,2026-04-17 09:30:42.849
a8e80c2d-09dc-4ece-845d-0de5a8933ffd,5c2703f1-c588-4abe-9a48-8c4d20a94b61,5c2703f1-c588-4abe-9a48-8c4d20a94b61-2-1,3,t,2026-04-17 09:13:14.477
b6ad8c71-fe30-44e0-b01c-900b836f96d6,7b350d11-7774-4d4f-9b2d-3721b7c4c72d,7b350d11-7774-4d4f-9b2d-3721b7c4c72d-2-36,3,t,2026-04-17 09:14:31.811
089c24ae-8bc7-42bc-ac09-23eb48cc037d,0dac11b6-9631-4184-a1c8-fb09702135e9,0dac11b6-9631-4184-a1c8-fb09702135e9-2-6,3,t,2026-04-17 09:13:14.907
244199dd-ffd2-4c27-9e7d-a53b3c6b959f,fa756c53-780a-4bf9-8913-0c4c9e277df3,fa756c53-780a-4bf9-8913-0c4c9e277df3-2-31,3,t,2026-04-17 09:14:11.728
f111a509-d0f8-4f5f-9a31-ce3a13a1608b,ae512a82-7989-4fb2-87f7-abece7160322,ae512a82-7989-4fb2-87f7-abece7160322-2-32,0,f,2026-04-17 09:14:14.518
fd04a57a-fe8f-41de-9bc2-6f6ae49cb494,eb4ed7f6-e1dd-486e-afc2-43dcedbfe64b,eb4ed7f6-e1dd-486e-afc2-43dcedbfe64b-2-6,3,t,2026-04-17 09:13:17.634
b7815d10-cd38-41d9-8bd5-1433c9a55b94,aa79aaac-b075-422b-b9be-a4ba8ac21137,aa79aaac-b075-422b-b9be-a4ba8ac21137-2-33,0,f,2026-04-17 09:13:47.723
eaaf6e10-50d2-4986-9e51-7989e61e34b9,f0ab63a2-2e97-4a4a-ace4-8715bb448f47,f0ab63a2-2e97-4a4a-ace4-8715bb448f47-2-5,2,f,2026-04-17 09:14:16.063
d3d43392-6500-451d-85c0-51f1f0d5683b,6d3e1cc2-1774-4e0f-bbb7-21f0468e81d0,6d3e1cc2-1774-4e0f-bbb7-21f0468e81d0-2-102,3,t,2026-04-17 09:13:52.67
af5da09c-802d-44f4-8dab-4f25b93f384c,bda9e2c9-c3fd-45d4-b272-0224a1776439,bda9e2c9-c3fd-45d4-b272-0224a1776439-2-39,1,f,2026-04-17 09:13:55.741
7823458d-3ef9-4b46-a062-6eacf26b58aa,add279af-2d44-4ee5-a302-878d603890fd,add279af-2d44-4ee5-a302-878d603890fd-2-14,0,f,2026-04-17 09:14:18.178
1e0c8c08-e6d5-415f-894d-a65bc0711e64,41e44d4e-ed4b-41b7-851a-04be3bf4f9ec,41e44d4e-ed4b-41b7-851a-04be3bf4f9ec-2-13,3,t,2026-04-17 09:15:02.478
0751fda9-b259-46b2-abb9-ca1acb843fea,b36faffd-430e-4c0c-ac9a-4dba748e85a8,b36faffd-430e-4c0c-ac9a-4dba748e85a8-2-11,3,t,2026-04-17 09:13:57.658
b3c69d44-fe36-4206-8c7e-c2931af7f286,4f7c2ed7-83a1-4fa7-ac08-c7c3640fd0b2,4f7c2ed7-83a1-4fa7-ac08-c7c3640fd0b2-2-23,3,t,2026-04-17 09:14:03.379
6a311a5c-6b0f-46a0-a9ab-7cccf85f11e2,4975effd-c5f3-42c2-8e98-7a5eca5004b6,4975effd-c5f3-42c2-8e98-7a5eca5004b6-2-14,3,t,2026-04-17 09:21:36.114
9d1c09aa-08b6-4a31-bb7b-15afe0df9573,19369cc7-101f-4580-a45c-d3a728230d91,19369cc7-101f-4580-a45c-d3a728230d91-2-1,3,t,2026-04-17 09:14:45.381
0ff8ff44-e0a6-4588-a9a3-f605aa8a5092,2b6b5f05-2f37-4d80-a478-b16e450f3358,2b6b5f05-2f37-4d80-a478-b16e450f3358-2-7,3,t,2026-04-17 09:14:32.726
e3a268f1-93bd-473e-bcc5-c9094e488471,eb4ed7f6-e1dd-486e-afc2-43dcedbfe64b,eb4ed7f6-e1dd-486e-afc2-43dcedbfe64b-2-7,3,t,2026-04-17 09:14:20.745
3db297cd-d810-4066-bdcf-dda54865b238,f5e2ef8c-4e28-4665-b659-8de68ae205cd,f5e2ef8c-4e28-4665-b659-8de68ae205cd-2-4,3,t,2026-04-17 09:18:08.66
e2655705-1951-4434-9e69-7327434126c0,8d0012d2-7ad0-45c3-9775-88525b65c5a6,8d0012d2-7ad0-45c3-9775-88525b65c5a6-2-5,3,t,2026-04-17 09:14:34.687
1f333658-1671-4a29-b6f6-3bb5c1cc63ad,0dac11b6-9631-4184-a1c8-fb09702135e9,0dac11b6-9631-4184-a1c8-fb09702135e9-2-7,3,t,2026-04-17 09:14:26.983
bfdb55c6-8cf3-45c4-88cc-b1b594cf95cf,1545b7f2-2a7b-4355-b97c-111a6091093e,1545b7f2-2a7b-4355-b97c-111a6091093e-2-14,3,t,2026-04-17 09:14:29.425
3a658e35-2765-49f3-93a3-5d8c1d69f4fe,00e05954-4303-4f5e-a0ba-efdcebe2e0fb,00e05954-4303-4f5e-a0ba-efdcebe2e0fb-2-21,1,f,2026-04-17 09:14:36.007
27e5ad09-0dfe-442a-aac4-492687cab0af,d046f7bb-6c8b-4921-bd3a-a1787d4a85aa,d046f7bb-6c8b-4921-bd3a-a1787d4a85aa-2-1,3,t,2026-04-17 09:23:11.857
cc385a94-e4a5-48e4-8020-5960cdfa6100,a57c2f4a-4224-4da8-8026-fc6f6253c6d0,a57c2f4a-4224-4da8-8026-fc6f6253c6d0-2-2,3,t,2026-04-17 09:15:14.377
082378bd-79f7-4345-b172-68545783970b,86cf59e4-e80e-41c6-9b0e-7c0b184ab0fc,86cf59e4-e80e-41c6-9b0e-7c0b184ab0fc-2-21,0,f,2026-04-17 09:15:07.942
e46a301e-f2d5-4d8f-be1d-f4167d85cc69,e3a08443-dd2c-43bf-894d-e428f9cdb716,e3a08443-dd2c-43bf-894d-e428f9cdb716-2-35,0,f,2026-04-17 09:14:50.378
52dd1b20-4a00-4861-8fc8-83f40a1fdb5b,e34b9241-22a9-4da5-a69b-90c53ec1b42a,e34b9241-22a9-4da5-a69b-90c53ec1b42a-2-16,0,f,2026-04-17 09:14:53.667
0ebbe6bf-fe86-4f82-a689-370eb8952a60,aa79aaac-b075-422b-b9be-a4ba8ac21137,aa79aaac-b075-422b-b9be-a4ba8ac21137-2-35,0,f,2026-04-17 09:14:58.426
8aea8aaf-3fe6-4029-bbc3-4b224ca7ac3d,e3a08443-dd2c-43bf-894d-e428f9cdb716,e3a08443-dd2c-43bf-894d-e428f9cdb716-2-36,0,f,2026-04-17 09:15:09.115
1cd45fed-494c-47e8-b241-6ee445ffd51e,a037f741-a910-48c8-9024-37930d7b2190,a037f741-a910-48c8-9024-37930d7b2190-2-20,3,t,2026-04-17 09:40:19.199
bc31fe70-482b-4e2e-b051-f8471d12f557,1cb8fb30-5d58-42e9-aeb9-e6d3478e7295,1cb8fb30-5d58-42e9-aeb9-e6d3478e7295-2-37,0,f,2026-04-17 09:21:50.96
352a3459-017e-4a8d-ab6c-8a35c8d792dd,2cd8d4c7-3ce7-413b-b1bc-f06ca673a1c7,2cd8d4c7-3ce7-413b-b1bc-f06ca673a1c7-2-5,3,t,2026-04-17 09:15:06.294
ec54f0ee-b68e-4439-a5ac-0c760e4c5855,5663fefd-383e-49e3-bcd7-1f674cd95c7d,5663fefd-383e-49e3-bcd7-1f674cd95c7d-2-12,3,t,2026-04-17 09:15:20.059
cec86335-324d-4358-9955-62fc46f29d0e,514a5db5-8043-47c7-9e9a-214d7b05ca1b,514a5db5-8043-47c7-9e9a-214d7b05ca1b-2-13,3,t,2026-04-17 09:15:33.583
90afb732-fc7c-47d8-b9ee-31427e1df4c5,17a5a449-32db-47c3-a5e8-5f7368815036,17a5a449-32db-47c3-a5e8-5f7368815036-2-10,3,t,2026-04-17 09:15:16.396
38b42836-bd13-4040-b02f-e7c13af471d5,fa6ae629-f37f-4409-aba6-c4e071599e36,fa6ae629-f37f-4409-aba6-c4e071599e36-2-12,0,f,2026-04-17 09:15:18.859
e782ea2a-ebe7-4e0b-b6bf-e48f301fb9b1,cfcb0c94-546d-4aea-b51f-6523e622e10f,cfcb0c94-546d-4aea-b51f-6523e622e10f-2-27,4,t,2026-04-17 09:15:24.217
e915e85c-2337-461a-9860-c68e6e468ba8,0ce229a1-dc58-4760-8475-b76faaa19ffa,0ce229a1-dc58-4760-8475-b76faaa19ffa-2-14,3,t,2026-04-17 09:15:48.02
11a4292e-91a6-4e4b-9142-be6870432230,bbf30bbe-45d5-4dec-b2b3-f903b2d10658,bbf30bbe-45d5-4dec-b2b3-f903b2d10658-2-103,3,t,2026-04-17 09:17:05.032
9cdda363-e0b5-4f14-8783-3c1fad0f6862,0fedeb0b-ce3d-4ea2-be98-c8ea8439b673,0fedeb0b-ce3d-4ea2-be98-c8ea8439b673-2-6,4,t,2026-04-17 09:17:58.049
46a9dfb3-fe4e-4a7b-9aac-7a18d084d32f,08ffa16d-5fda-48dc-97ba-0fa8ad2ec214,08ffa16d-5fda-48dc-97ba-0fa8ad2ec214-2-2,3,t,2026-04-17 09:21:43.731
a7c338c6-1380-41f0-937a-0a5e691f50f0,b4b098bd-438e-49a9-ad66-57cfc51fd272,b4b098bd-438e-49a9-ad66-57cfc51fd272-2-67,0,f,2026-04-17 09:21:43.608
b943e31d-18ee-4a7d-bf3a-03a2645d0fdb,ea4f0316-df7a-437a-b8ce-63548e33cc5a,ea4f0316-df7a-437a-b8ce-63548e33cc5a-2-38,4,t,2026-04-17 09:21:48.53
6cdb0aa2-efbc-4da4-b36f-6639f08fa657,c7a78f51-0646-4f94-a39a-e0b803b8fff7,c7a78f51-0646-4f94-a39a-e0b803b8fff7-2-6,3,t,2026-04-17 09:23:21.493
16958c88-79d7-4e55-8ebd-130a8c1e9812,6a804deb-cef1-4cdc-95c7-6574a1e7577a,6a804deb-cef1-4cdc-95c7-6574a1e7577a-2-2,0,f,2026-04-17 09:38:19.503
a49b077a-3661-4360-8ac4-33966fb13515,8c7484f8-84c2-475a-97e2-859b7abc6883,8c7484f8-84c2-475a-97e2-859b7abc6883-2-0,0,f,2026-04-17 09:24:17.743
ed290b17-71e4-41c9-bc3a-5d14f4cb29f9,963fec59-78ac-420b-9d9e-84e6bae46cd0,963fec59-78ac-420b-9d9e-84e6bae46cd0-2-23,0,f,2026-04-17 09:13:27.532
56c3dfb0-a8bc-4ee7-b457-eb147e78b725,1d17fe91-ffce-4ba1-bd26-f4cbc4c03ab5,1d17fe91-ffce-4ba1-bd26-f4cbc4c03ab5-2-45,4,t,2026-04-17 09:15:15.667
9ed30b59-2020-4b6d-8cc3-1b48b143898a,316d0ef9-3596-406f-974d-3d3bb82172a1,316d0ef9-3596-406f-974d-3d3bb82172a1-2-38,3,t,2026-04-17 09:13:27.806
ead25fed-cbdd-4eb2-8554-459ac80aa721,7b2fc2f3-7bed-4c31-81a9-2ec17d2a01ed,7b2fc2f3-7bed-4c31-81a9-2ec17d2a01ed-2-69,0,f,2026-04-17 09:15:17.815
08b6a2e6-3931-4862-ac3e-e0557f3a9b0e,3ab607f7-a0dc-4fe7-9962-162700c52251,3ab607f7-a0dc-4fe7-9962-162700c52251-2-8,3,t,2026-04-17 09:13:50.686
dd217d3d-e728-48e8-b65d-4793e0329fbb,eb4ed7f6-e1dd-486e-afc2-43dcedbfe64b,eb4ed7f6-e1dd-486e-afc2-43dcedbfe64b-2-5,3,t,2026-04-17 09:13:54.952
5473c6ea-ab18-42ae-9cb5-e46dd8e16da1,6077991f-156c-447c-a69b-4e2d765b115b,6077991f-156c-447c-a69b-4e2d765b115b-2-41,0,f,2026-04-17 09:15:32.094
e7b567bd-ddd9-4815-9ed8-55baa4e24472,d39050bd-ce5c-4719-ae39-d694ab777186,d39050bd-ce5c-4719-ae39-d694ab777186-2-22,3,t,2026-04-17 09:14:14.881
d6bf7aa8-333f-42fe-a149-20cf2c70995d,21d53331-bf7e-4a4a-8242-daa5236fc398,21d53331-bf7e-4a4a-8242-daa5236fc398-2-36,0,f,2026-04-17 09:15:29.352
af388e52-7504-4065-9559-9b3956b82544,1d7d8a6d-b644-489f-8c94-3b8fe34d9c9a,1d7d8a6d-b644-489f-8c94-3b8fe34d9c9a-2-38,4,t,2026-04-17 09:14:17.557
a3d6efc7-6b99-4d4d-ab8b-39619c23edd9,4d064b59-db6f-4c00-a7bd-dd47165afed8,4d064b59-db6f-4c00-a7bd-dd47165afed8-2-51,0,f,2026-04-17 09:14:31.609
3dc9f32f-6ba4-4458-8d58-2a4080c9fc7a,3ed8fc13-d8f6-4f15-a66d-be11fce71626,3ed8fc13-d8f6-4f15-a66d-be11fce71626-2-116,0,f,2026-04-17 09:14:33.584
684f4f47-be2d-491a-acc5-39208b7b0357,57fd170e-8fcf-425e-aafb-34331dbe4494,57fd170e-8fcf-425e-aafb-34331dbe4494-2-23,3,t,2026-04-17 09:15:20.96
4561ef72-232e-40d4-8934-5718225de946,27c9b426-bbfa-4f74-b733-37e4e75d3e10,27c9b426-bbfa-4f74-b733-37e4e75d3e10-2-5,3,t,2026-04-17 09:15:41.931
861d5700-5663-45f5-aadd-294f479e32fe,8e56a4a5-a012-4d03-a49b-1fbbca1953f7,8e56a4a5-a012-4d03-a49b-1fbbca1953f7-2-13,3,t,2026-04-17 09:14:36.923
8b832933-a944-4efa-a207-30e15ab3dd85,0d7df0d3-7223-4b74-8c6c-3aa5b26af7bd,0d7df0d3-7223-4b74-8c6c-3aa5b26af7bd-2-5,3,t,2026-04-17 09:14:46.453
e87e87c2-2d06-4358-b50f-581e4f5b11e5,ccfa1e3b-55c9-4102-9146-6e5cc30549b7,ccfa1e3b-55c9-4102-9146-6e5cc30549b7-2-3,0,f,2026-04-17 09:15:35.23
ef92c136-88a6-428d-a510-227ba08f98aa,b36faffd-430e-4c0c-ac9a-4dba748e85a8,b36faffd-430e-4c0c-ac9a-4dba748e85a8-2-13,3,t,2026-04-17 09:15:23.496
fb1bae38-4da9-483c-beb2-6a71bcdd294c,d39050bd-ce5c-4719-ae39-d694ab777186,d39050bd-ce5c-4719-ae39-d694ab777186-2-24,3,t,2026-04-17 09:15:30.763
7e067943-cd3e-45a0-afa8-b542c014e50e,3ab607f7-a0dc-4fe7-9962-162700c52251,3ab607f7-a0dc-4fe7-9962-162700c52251-2-9,3,t,2026-04-17 09:17:06.477
cee10d5f-9443-4600-b998-728ff235b2c8,7b350d11-7774-4d4f-9b2d-3721b7c4c72d,7b350d11-7774-4d4f-9b2d-3721b7c4c72d-2-35,3,t,2026-04-17 09:23:01.541
37307508-c143-4f62-a3fa-719e79acccf7,1e4d7928-481a-4e8d-ad61-a9ffbbaa5374,1e4d7928-481a-4e8d-ad61-a9ffbbaa5374-2-21,3,t,2026-04-17 09:15:39.98
a23f9e0d-5ac5-4ce7-9ff8-2383592b9333,5f42d829-f4be-4762-8706-6ee43f14526b,5f42d829-f4be-4762-8706-6ee43f14526b-2-23,3,t,2026-04-17 09:16:26.344
7594403e-0d58-4b61-91a3-36ad4bd61fe5,f6af9a1c-b651-4756-81be-bb78380c2bcb,f6af9a1c-b651-4756-81be-bb78380c2bcb-2-64,3,t,2026-04-17 09:15:54.084
2f0e9f93-3ef1-4cb0-9cd8-301ab1e16b9b,7b350d11-7774-4d4f-9b2d-3721b7c4c72d,7b350d11-7774-4d4f-9b2d-3721b7c4c72d-2-5,1,f,2026-04-17 09:15:42.141
f5f1cae0-65b9-478f-aac2-6997c14fa8f5,5c2703f1-c588-4abe-9a48-8c4d20a94b61,5c2703f1-c588-4abe-9a48-8c4d20a94b61-2-3,3,t,2026-04-17 09:16:20.233
fc92979b-4558-445e-9c0d-289af3baf00e,4f7c2ed7-83a1-4fa7-ac08-c7c3640fd0b2,4f7c2ed7-83a1-4fa7-ac08-c7c3640fd0b2-2-24,0,f,2026-04-17 09:15:45.084
25014c8d-9f82-4891-a680-17abf08265a9,3201a497-4a53-41cf-8c80-7953d79d37c5,3201a497-4a53-41cf-8c80-7953d79d37c5-2-5,3,t,2026-04-17 09:19:57.195
7d52f462-caf0-46ed-b622-5a6a842ee4a5,22413047-2f23-4dc9-861c-024171bcfe51,22413047-2f23-4dc9-861c-024171bcfe51-2-14,3,t,2026-04-17 09:15:48.724
a061d71f-a3b8-4381-8cda-f8b502cd1700,10210c31-b852-44a3-a0d2-dc76f7728bc9,10210c31-b852-44a3-a0d2-dc76f7728bc9-2-6,3,t,2026-04-17 09:16:03.291
1cb0dfac-187e-46bb-a492-b55ed5c1cd2b,a276db23-8b57-4fb8-bc06-59bbf14f7100,a276db23-8b57-4fb8-bc06-59bbf14f7100-2-14,3,t,2026-04-17 09:17:00.563
c9286d9c-a8b1-4297-a88a-93047bc00fd0,7b2f5f37-d75f-42c7-a64b-e7d6da909f2e,7b2f5f37-d75f-42c7-a64b-e7d6da909f2e-2-2,3,t,2026-04-17 09:15:53.986
4b6c518d-8c15-43b4-8b60-13f25d61b588,ab13ef04-58e1-4218-8444-e601f4f26e84,ab13ef04-58e1-4218-8444-e601f4f26e84-2-76,0,f,2026-04-17 09:15:51.397
222906e0-1c7b-4e56-8323-d13146b3047c,e3a08443-dd2c-43bf-894d-e428f9cdb716,e3a08443-dd2c-43bf-894d-e428f9cdb716-2-37,0,f,2026-04-17 09:16:38.891
720bbba6-cc8d-4f94-b923-dd866d37dc2c,b448b940-e172-4174-ac48-d9961a46b951,b448b940-e172-4174-ac48-d9961a46b951-2-6,3,t,2026-04-17 09:16:49.497
313668c0-f328-4feb-a52b-7b7cdab3b352,ff0050af-b573-4178-a75c-7c6480e584a3,ff0050af-b573-4178-a75c-7c6480e584a3-2-30,0,f,2026-04-17 09:16:01.798
d1583d36-8927-472c-b570-b5d86fbc423e,9b2bfc86-cd9e-48cc-affa-2645a1b65bd1,9b2bfc86-cd9e-48cc-affa-2645a1b65bd1-2-9,3,t,2026-04-17 09:16:05.249
a8f729cd-f897-4225-a263-ae32488572cf,fb712d44-ab94-48e2-8548-1144205eb581,fb712d44-ab94-48e2-8548-1144205eb581-2-44,0,f,2026-04-17 09:16:06.198
0c3d4511-e8b4-40fa-ac55-26ebc00fa907,00692797-40c5-4e3a-8bc9-f642cc8c3845,00692797-40c5-4e3a-8bc9-f642cc8c3845-2-6,3,t,2026-04-17 09:17:59.463
4869534d-e9b1-4d44-b0fe-5409f0dc28a3,fa6ae629-f37f-4409-aba6-c4e071599e36,fa6ae629-f37f-4409-aba6-c4e071599e36-2-13,3,t,2026-04-17 09:19:43.234
0fd9575a-70db-4b0a-acc1-231ac5ce6bde,897d03b4-4f5e-4d77-b19e-f7aee227197e,897d03b4-4f5e-4d77-b19e-f7aee227197e-2-6,3,t,2026-04-17 09:16:25.91
43a48958-bf12-4d31-9eb3-1c5de70802af,46592f64-4847-4dd0-b9d4-9a8736d9b75e,46592f64-4847-4dd0-b9d4-9a8736d9b75e-2-27,3,t,2026-04-17 09:16:15.711
e508523d-3a3f-4778-b7e8-11dfa95a540b,996b54c6-df4b-42e0-b36a-0b183de8fa03,996b54c6-df4b-42e0-b36a-0b183de8fa03-2-24,2,f,2026-04-17 09:16:17.286
360d7c52-5294-4cda-a9fd-68bd0d887d48,b3b85ddf-f0e9-41a1-9e77-b3d6fe57fd92,b3b85ddf-f0e9-41a1-9e77-b3d6fe57fd92-2-12,3,t,2026-04-17 09:16:41.044
91620a53-7706-44a1-a681-8994a6a18403,1ba4c6b9-4c26-4030-bfde-58ff3da5e5b9,1ba4c6b9-4c26-4030-bfde-58ff3da5e5b9-2-2,0,f,2026-04-17 09:16:51.07
85532e9f-acd6-44b0-8372-3c41ec70d833,bd262987-52d6-4e1f-acf8-f0b78aa44ee9,bd262987-52d6-4e1f-acf8-f0b78aa44ee9-2-19,0,f,2026-04-17 09:18:32.549
7eb44cd5-b697-45c6-aedb-9bc2515f24e6,ff0050af-b573-4178-a75c-7c6480e584a3,ff0050af-b573-4178-a75c-7c6480e584a3-2-28,4,t,2026-04-17 09:17:29.28
ca367aae-d3ed-4d3c-b66b-089b4f610c70,2e13985a-37c2-46b1-a116-d696630cc868,2e13985a-37c2-46b1-a116-d696630cc868-2-35,3,t,2026-04-17 09:16:30.787
b002ce6f-bc05-401f-92b1-03b0dcbe61fd,7e427b2a-9406-4473-a854-547395a4f8df,7e427b2a-9406-4473-a854-547395a4f8df-2-17,3,t,2026-04-17 09:15:53.965
ea81af38-6f9d-421b-8a6b-c7b5a16a8c2f,f6af9a1c-b651-4756-81be-bb78380c2bcb,f6af9a1c-b651-4756-81be-bb78380c2bcb-2-67,3,t,2026-04-17 09:16:33.727
e764446c-c533-4729-afa6-2e0c09edcf0c,d39050bd-ce5c-4719-ae39-d694ab777186,d39050bd-ce5c-4719-ae39-d694ab777186-2-25,3,t,2026-04-17 09:15:54.979
fbca8354-b474-4718-b6cc-265bd4a7b849,c14ef5db-05f5-4aac-b1d5-95491a5cc2b5,c14ef5db-05f5-4aac-b1d5-95491a5cc2b5-2-40,0,f,2026-04-17 09:16:34.384
96c60cc2-2da3-48af-9ae8-4d648b1beb07,2b6b5f05-2f37-4d80-a478-b16e450f3358,2b6b5f05-2f37-4d80-a478-b16e450f3358-2-18,3,t,2026-04-17 09:16:00.406
eb7859d5-2f4d-4c02-96dc-4d21911db513,d4ecfa36-8cae-4f49-bb89-7cdcd67cb290,d4ecfa36-8cae-4f49-bb89-7cdcd67cb290-2-34,1,f,2026-04-17 09:21:54.29
0f7cda3b-99e9-4c38-9423-41791ff89de8,42b10180-eb73-4415-ba4d-00a54ac1d790,42b10180-eb73-4415-ba4d-00a54ac1d790-2-9,0,f,2026-04-17 09:17:49.925
e04b8f95-dcda-4d4c-85de-a08bcccf991b,a57c2f4a-4224-4da8-8026-fc6f6253c6d0,a57c2f4a-4224-4da8-8026-fc6f6253c6d0-2-3,2,f,2026-04-17 09:16:57.939
dd9ba69f-147e-4fda-964d-1d136a675197,8eacf413-c251-4506-b63c-8b2960144356,8eacf413-c251-4506-b63c-8b2960144356-2-6,3,t,2026-04-17 09:16:37.373
5416a959-df62-4443-b06d-6c3871264f5f,514a5db5-8043-47c7-9e9a-214d7b05ca1b,514a5db5-8043-47c7-9e9a-214d7b05ca1b-2-14,3,t,2026-04-17 09:16:07.974
33cfe014-25e5-4339-a583-20f76e7a42ef,853a8dae-65c1-4c3b-aa1a-3d082cc81d82,853a8dae-65c1-4c3b-aa1a-3d082cc81d82-2-87,3,t,2026-04-17 09:16:12.845
58ecd0d7-da77-4600-8617-801763b1ea29,18ebe6f7-fcde-40f7-9e61-acd799d7c61f,18ebe6f7-fcde-40f7-9e61-acd799d7c61f-2-9,0,f,2026-04-17 09:16:17.796
66accdea-ac07-45cb-b3e6-1e8e17d1901a,5663fefd-383e-49e3-bcd7-1f674cd95c7d,5663fefd-383e-49e3-bcd7-1f674cd95c7d-2-13,3,t,2026-04-17 09:17:50.626
f3d71e71-c642-481d-9a48-50a91692d0fc,f2c67931-ab51-4f09-a434-df3cc4d0f3c9,f2c67931-ab51-4f09-a434-df3cc4d0f3c9-2-60,4,t,2026-04-17 09:16:22.657
c14eb88b-ce1e-4934-80a9-999a10cd0137,27c9b426-bbfa-4f74-b733-37e4e75d3e10,27c9b426-bbfa-4f74-b733-37e4e75d3e10-2-19,3,t,2026-04-17 09:17:00.683
b9e059be-2af6-42ab-838f-c7a18d90aed0,2cd8d4c7-3ce7-413b-b1bc-f06ca673a1c7,2cd8d4c7-3ce7-413b-b1bc-f06ca673a1c7-2-6,3,t,2026-04-17 09:16:49.069
7dafc8cd-b73d-4738-b663-396c5bdb9ec3,46592f64-4847-4dd0-b9d4-9a8736d9b75e,46592f64-4847-4dd0-b9d4-9a8736d9b75e-2-29,0,f,2026-04-17 09:17:25.149
b94f3d91-e948-49f9-a7e1-3d5858f08080,2203422e-29bb-488a-9083-af667800af35,2203422e-29bb-488a-9083-af667800af35-2-5,1,f,2026-04-17 09:16:51.224
f525e873-1460-46d8-9666-cd97964ede2e,01e89da0-052e-4a56-b001-dc55712d8828,01e89da0-052e-4a56-b001-dc55712d8828-2-21,3,t,2026-04-17 09:17:29.55
6eb4db7c-48a3-4e15-847a-bc2d6f3c8c30,2b6b5f05-2f37-4d80-a478-b16e450f3358,2b6b5f05-2f37-4d80-a478-b16e450f3358-2-19,3,t,2026-04-17 09:17:01.586
aaecea1e-9a38-40ff-acc5-4b685702717d,7c24664f-2c5e-4883-a66c-0bc3798693b5,7c24664f-2c5e-4883-a66c-0bc3798693b5-2-9,3,t,2026-04-17 09:17:11.018
807dcf42-f969-432a-b627-2d1527063bf8,f6c99088-8b12-4bb0-a68c-2d2bcb90282b,f6c99088-8b12-4bb0-a68c-2d2bcb90282b-2-38,3,t,2026-04-17 09:17:04.271
0eb2693a-7a36-4b4b-8635-272717b7c42d,d39050bd-ce5c-4719-ae39-d694ab777186,d39050bd-ce5c-4719-ae39-d694ab777186-2-26,3,t,2026-04-17 09:17:37.3
0f23d7e6-4edb-4871-bd81-073255b12141,c590bbb6-233c-428e-ba79-dfbfcb024d69,c590bbb6-233c-428e-ba79-dfbfcb024d69-2-19,0,f,2026-04-17 09:17:05.886
f62ec39e-80ab-4a0c-9e4f-7b632a6e3f6a,dbba1f0b-1211-44f1-b727-2bd457c6203b,dbba1f0b-1211-44f1-b727-2bd457c6203b-2-4,0,f,2026-04-17 09:17:12.12
0a3e4669-f089-4163-be96-4d19984ecfba,c909bd23-7897-4dea-8402-2cca7a3df7c6,c909bd23-7897-4dea-8402-2cca7a3df7c6-2-27,0,f,2026-04-17 09:17:15.706
a0772ac4-c9f4-4b52-b94d-fdec27f7dfe0,6c16aba8-4cc7-4d11-8121-3178a8de1659,6c16aba8-4cc7-4d11-8121-3178a8de1659-2-28,0,f,2026-04-17 09:17:19.482
9fb0646b-9040-4b19-8d05-c566c5f1463d,eb4ed7f6-e1dd-486e-afc2-43dcedbfe64b,eb4ed7f6-e1dd-486e-afc2-43dcedbfe64b-2-8,2,f,2026-04-17 09:17:20.301
042696a6-0281-45fb-9d8d-b20ce90962cb,14f5e49b-d78a-4b35-93a4-c14dd523a2cb,14f5e49b-d78a-4b35-93a4-c14dd523a2cb-2-18,3,t,2026-04-17 09:20:48.116
1f66a2fc-a5b2-4f4b-a5ca-57a6d82bcc03,4626347f-a937-4b7f-8da9-b4a98783e145,4626347f-a937-4b7f-8da9-b4a98783e145-2-21,0,f,2026-04-17 09:17:24.067
f14a32ba-c79a-4426-a395-7f2c036e5275,902cdc82-6e20-450c-955f-c13491ebf0ef,902cdc82-6e20-450c-955f-c13491ebf0ef-2-9,3,t,2026-04-17 09:18:20.542
cca126f8-cab1-4e7b-877e-a46d40e2a46b,6706dc6d-2366-466b-a5d2-030aa1c7af67,6706dc6d-2366-466b-a5d2-030aa1c7af67-2-6,3,t,2026-04-17 09:20:05.508
f0a53785-cfc7-4ff8-9f90-e42748518460,6a2053e0-87ba-489f-a3c8-4a2b6ff8f1f4,6a2053e0-87ba-489f-a3c8-4a2b6ff8f1f4-2-6,3,t,2026-04-17 09:17:29.864
2231a351-f2fd-4ce1-87d7-700d554723d3,8e56a4a5-a012-4d03-a49b-1fbbca1953f7,8e56a4a5-a012-4d03-a49b-1fbbca1953f7-2-14,3,t,2026-04-17 09:26:26.798
a96a064a-ac90-4c32-90b5-70e58631aabd,f6af9a1c-b651-4756-81be-bb78380c2bcb,f6af9a1c-b651-4756-81be-bb78380c2bcb-2-72,3,t,2026-04-17 09:17:42.041
5ae29008-c9a4-464a-a1a0-fa07016f1423,41381924-e27e-4530-9a9c-d8e32f9c1f21,41381924-e27e-4530-9a9c-d8e32f9c1f21-2-65,0,f,2026-04-17 09:17:43.433
986f283a-0c81-4e66-af44-f6a66a93408f,79861957-de90-4a8c-bce9-d0d995c9860a,79861957-de90-4a8c-bce9-d0d995c9860a-2-13,3,t,2026-04-17 09:18:10.032
a95690ec-af77-49cb-97c9-e972016fe2e4,9a9af92a-7c5d-49ec-953f-9f230f9c3bc5,9a9af92a-7c5d-49ec-953f-9f230f9c3bc5-2-73,3,t,2026-04-17 09:17:54.023
93f2959c-2c69-4ea9-845d-218cae7855f2,e0429249-d96d-48e2-ad56-cc8198adb3fb,e0429249-d96d-48e2-ad56-cc8198adb3fb-2-53,3,t,2026-04-17 09:17:54.349
953fb0a4-5e5f-4fcf-9f61-81297fbf1af1,0d7df0d3-7223-4b74-8c6c-3aa5b26af7bd,0d7df0d3-7223-4b74-8c6c-3aa5b26af7bd-2-3,0,f,2026-04-17 09:17:53.371
9d15b9c1-c8ef-4ddd-b3bd-98fe0e9c1902,10210c31-b852-44a3-a0d2-dc76f7728bc9,10210c31-b852-44a3-a0d2-dc76f7728bc9-2-7,0,f,2026-04-17 09:31:21.848
7395511a-5c50-4532-924c-455a7edb6fdd,514a5db5-8043-47c7-9e9a-214d7b05ca1b,514a5db5-8043-47c7-9e9a-214d7b05ca1b-2-16,0,f,2026-04-17 09:18:00.844
cf2b5629-683b-4acb-a758-79ec294e4c03,4868945e-d1c2-4895-946c-d603709e8edf,4868945e-d1c2-4895-946c-d603709e8edf-2-23,0,f,2026-04-17 09:18:16.034
bef84338-401a-468a-9bc4-7cb8081f68ce,5c4e6825-9393-45a5-82f2-bbfa1789b3c1,5c4e6825-9393-45a5-82f2-bbfa1789b3c1-2-20,3,t,2026-04-17 09:18:53.223
8ec9ec65-4a14-46ce-9ae0-a89a5193fc0e,f6c99088-8b12-4bb0-a68c-2d2bcb90282b,f6c99088-8b12-4bb0-a68c-2d2bcb90282b-2-40,0,f,2026-04-17 09:18:36.987
869913bf-5877-4b1c-8a0c-c1a4f3e6370a,006eee1f-7c23-4324-b8e0-3234d930131f,006eee1f-7c23-4324-b8e0-3234d930131f-2-21,0,f,2026-04-17 09:19:56.477
decd3754-8f3e-4af9-a4b7-aa7b4db752d0,c15c0884-27c8-4e33-9f94-d15539014060,c15c0884-27c8-4e33-9f94-d15539014060-2-6,1,f,2026-04-17 09:15:52.123
1cb7d2f5-2b55-4233-8dd4-001549b1d6d5,f7bba0b2-be7b-4062-81a6-c85cfc91c69b,f7bba0b2-be7b-4062-81a6-c85cfc91c69b-2-57,0,f,2026-04-17 09:15:55.358
29d715f6-c483-4388-b29b-4674f0f20346,316d0ef9-3596-406f-974d-3d3bb82172a1,316d0ef9-3596-406f-974d-3d3bb82172a1-2-25,3,t,2026-04-17 09:15:56.636
fa703c89-ff64-4dce-81e1-154bb0f85677,ae512a82-7989-4fb2-87f7-abece7160322,ae512a82-7989-4fb2-87f7-abece7160322-2-35,1,f,2026-04-17 09:15:58.586
d32e3f24-cb1f-45d6-9007-b7d0ebe68410,1d7d8a6d-b644-489f-8c94-3b8fe34d9c9a,1d7d8a6d-b644-489f-8c94-3b8fe34d9c9a-2-42,0,f,2026-04-17 09:16:02.935
e30e2067-1a71-4761-82b5-c1f22ff6c00a,1e4d7928-481a-4e8d-ad61-a9ffbbaa5374,1e4d7928-481a-4e8d-ad61-a9ffbbaa5374-2-22,0,f,2026-04-17 09:16:55.362
6d7fda4a-8aa3-456c-ba6f-28df8db4e1ad,514a5db5-8043-47c7-9e9a-214d7b05ca1b,514a5db5-8043-47c7-9e9a-214d7b05ca1b-2-20,3,t,2026-04-17 09:21:58.549
251bec1b-9f1a-4d2d-91bb-13dfa5535d55,f0ab63a2-2e97-4a4a-ace4-8715bb448f47,f0ab63a2-2e97-4a4a-ace4-8715bb448f47-2-39,2,f,2026-04-17 09:16:58.309
e2a99afc-a995-43ae-880f-0823dd79fb8d,0b32d4cc-c2f4-4667-98d4-6ac9580694ec,0b32d4cc-c2f4-4667-98d4-6ac9580694ec-2-1,3,t,2026-04-17 09:16:16.388
d568b946-3979-46b0-944a-bbb9d8c233ab,cfcb0c94-546d-4aea-b51f-6523e622e10f,cfcb0c94-546d-4aea-b51f-6523e622e10f-2-31,0,f,2026-04-17 09:16:17.758
b5c217a3-0ef8-46a2-9035-aa47e3ce545d,6a804deb-cef1-4cdc-95c7-6574a1e7577a,6a804deb-cef1-4cdc-95c7-6574a1e7577a-2-6,1,f,2026-04-17 09:16:18.861
4af519ba-4a57-41d4-a0f8-13cffb8a57d5,7b350d11-7774-4d4f-9b2d-3721b7c4c72d,7b350d11-7774-4d4f-9b2d-3721b7c4c72d-2-32,3,t,2026-04-17 09:17:28.066
0dd27c8a-a520-4953-8afd-2ac7fe6a6cc7,5d48f615-bb08-49d7-9d29-de098d96d55c,5d48f615-bb08-49d7-9d29-de098d96d55c-2-4,3,t,2026-04-17 09:16:23.044
0d5ed7e4-6597-4907-95cd-86ad0ed2df17,996b54c6-df4b-42e0-b36a-0b183de8fa03,996b54c6-df4b-42e0-b36a-0b183de8fa03-2-18,3,t,2026-04-17 09:21:12.534
dd3a1118-a543-48a2-ae2a-d0fa7ef851b4,6077991f-156c-447c-a69b-4e2d765b115b,6077991f-156c-447c-a69b-4e2d765b115b-2-42,0,f,2026-04-17 09:16:32.465
2d435aa0-e71b-40d1-a4e9-a6374d03267d,ad2ea128-38e3-4ed1-a9e9-612e79f000bd,ad2ea128-38e3-4ed1-a9e9-612e79f000bd-2-50,3,t,2026-04-17 09:16:37.654
607c3a21-6a32-4e4f-ade0-33266e8431b9,2b6b5f05-2f37-4d80-a478-b16e450f3358,2b6b5f05-2f37-4d80-a478-b16e450f3358-2-20,3,t,2026-04-17 09:17:58.001
d12b53ee-4fe9-4842-8a80-15568332d5a9,4975effd-c5f3-42c2-8e98-7a5eca5004b6,4975effd-c5f3-42c2-8e98-7a5eca5004b6-2-11,3,t,2026-04-17 09:16:38.945
053abab5-1569-42b1-afd8-801c54b5fccc,79861957-de90-4a8c-bce9-d0d995c9860a,79861957-de90-4a8c-bce9-d0d995c9860a-2-12,3,t,2026-04-17 09:16:59.624
34c7fe3f-82b9-4f93-a76e-77dd539ca598,2157b182-d26f-4929-9ea0-d14b0461db32,2157b182-d26f-4929-9ea0-d14b0461db32-2-120,1,f,2026-04-17 09:16:45.162
abb645e1-0705-45e4-b6ad-3a4178c9b660,835fa953-1c2f-45a5-a661-9679158bc35a,835fa953-1c2f-45a5-a661-9679158bc35a-2-26,0,f,2026-04-17 09:18:04.823
b5362135-1340-4682-8117-09dee8d8f1af,a90cc6ed-473d-44c4-b771-109130f5a335,a90cc6ed-473d-44c4-b771-109130f5a335-2-6,3,t,2026-04-17 09:17:33.12
0b4b267d-e225-44a6-b8e4-9e882ee5e1ed,9083c549-095d-4e81-9dfb-394c712ae770,9083c549-095d-4e81-9dfb-394c712ae770-2-97,4,t,2026-04-17 09:16:48.579
33fdfe9f-d52a-4341-931b-6661221b9d06,e810366e-1e77-47e9-878d-baae7e38ecfa,e810366e-1e77-47e9-878d-baae7e38ecfa-2-23,3,t,2026-04-17 09:17:06.491
16efe0c0-8042-43ec-ab23-1ad1b8c13016,ccfa1e3b-55c9-4102-9146-6e5cc30549b7,ccfa1e3b-55c9-4102-9146-6e5cc30549b7-2-4,3,t,2026-04-17 09:16:51.014
d97f29d6-f227-41f2-884f-6822f4e5b3b5,d4ecfa36-8cae-4f49-bb89-7cdcd67cb290,d4ecfa36-8cae-4f49-bb89-7cdcd67cb290-2-29,0,f,2026-04-17 09:17:09.111
75d416b5-da00-4716-8db6-eec8bc9cafd1,7e427b2a-9406-4473-a854-547395a4f8df,7e427b2a-9406-4473-a854-547395a4f8df-2-18,0,f,2026-04-17 09:17:21.974
a46221ce-e20d-4c68-9038-862c934e90f4,e2dabc7c-955e-44b7-b230-97640bea013e,e2dabc7c-955e-44b7-b230-97640bea013e-2-52,1,f,2026-04-17 09:17:26.401
bc22b01c-ed2e-4883-8cbb-2e5b110fe565,256d4acd-1891-4ae4-a35f-20468f225bea,256d4acd-1891-4ae4-a35f-20468f225bea-2-55,0,f,2026-04-17 09:17:38.215
c9585ea4-665d-415a-ad25-d4f4951b881d,e810366e-1e77-47e9-878d-baae7e38ecfa,e810366e-1e77-47e9-878d-baae7e38ecfa-2-36,0,f,2026-04-17 09:22:04.648
cb1455ff-8eda-43c0-b8e2-7f2063915cf8,c909bd23-7897-4dea-8402-2cca7a3df7c6,c909bd23-7897-4dea-8402-2cca7a3df7c6-2-28,0,f,2026-04-17 09:17:48.591
fac7b68a-56df-4f20-b061-a20bccd9013f,b4e7203d-cf8d-4685-a95e-4b43505d273f,b4e7203d-cf8d-4685-a95e-4b43505d273f-2-19,0,f,2026-04-17 09:17:56.583
628e7530-4b56-4ba9-9566-ad13c9ac4e23,b36faffd-430e-4c0c-ac9a-4dba748e85a8,b36faffd-430e-4c0c-ac9a-4dba748e85a8-2-14,0,f,2026-04-17 09:17:57.974
c1d8e594-0021-4b63-bbeb-ac9c27040788,0ce229a1-dc58-4760-8475-b76faaa19ffa,0ce229a1-dc58-4760-8475-b76faaa19ffa-2-16,3,t,2026-04-17 09:18:58.356
55827048-e610-4b3b-8b26-68906b1767d9,bd262987-52d6-4e1f-acf8-f0b78aa44ee9,bd262987-52d6-4e1f-acf8-f0b78aa44ee9-2-20,0,f,2026-04-17 09:19:03.378
d26ed1ec-5b0a-4a8c-a316-e69a38ec0403,c350e513-ace9-47c0-89b3-c48b08a6552d,c350e513-ace9-47c0-89b3-c48b08a6552d-2-8,0,f,2026-04-17 09:20:00.541
e1fd2d79-9eee-4562-bf78-2235ded8933a,129f2a12-36ee-4f40-8504-029cfb337c03,129f2a12-36ee-4f40-8504-029cfb337c03-2-3,0,f,2026-04-17 09:22:45.712
6982dbdc-3981-477f-86f4-833b77271f20,3ab607f7-a0dc-4fe7-9962-162700c52251,3ab607f7-a0dc-4fe7-9962-162700c52251-2-11,3,t,2026-04-17 09:22:01.349
2161220d-0039-4847-867b-925a8c15721f,4f7c2ed7-83a1-4fa7-ac08-c7c3640fd0b2,4f7c2ed7-83a1-4fa7-ac08-c7c3640fd0b2-2-35,0,f,2026-04-17 09:22:12.994
17f4aa97-2b88-403c-8e33-b59a0841289a,3b87423f-faa3-41f0-8c7a-842466473516,3b87423f-faa3-41f0-8c7a-842466473516-2-6,3,t,2026-04-17 09:22:16.98
f0e93d0f-8498-465a-9b35-c5ea8d52cc94,09616f14-bdbc-4a08-81a4-460e529179a2,09616f14-bdbc-4a08-81a4-460e529179a2-2-4,0,f,2026-04-17 09:22:18.762
6e3f0486-08fa-445f-accc-a8ec13f7117e,8c965050-a932-4536-9444-4170909450b3,8c965050-a932-4536-9444-4170909450b3-2-4,3,t,2026-04-17 09:23:43.213
76365e3a-aa25-42dd-930c-3a79c78a5c8e,d90b640e-7008-4861-8197-64e64a901462,d90b640e-7008-4861-8197-64e64a901462-2-6,3,t,2026-04-17 09:23:55.15
d3488e10-59b0-4343-bfd3-a2469689b74a,71af5200-8305-4525-b2fc-af68aaeee385,71af5200-8305-4525-b2fc-af68aaeee385-2-8,2,f,2026-04-17 09:23:29.371
84f493b5-2f9f-4c7c-822b-74146b6137d8,ee1ce29b-7c86-48cd-850f-f5a8ee856031,ee1ce29b-7c86-48cd-850f-f5a8ee856031-2-2,2,f,2026-04-17 09:33:55.033
918bc77a-59ef-4318-b32c-85ac8b349d9d,7afa437d-92ff-461c-a526-7bcc284e9e63,7afa437d-92ff-461c-a526-7bcc284e9e63-2-0,2,f,2026-04-17 09:35:24.386
0f2d731b-8e80-4c92-9bc2-cd0613484e1b,853a8dae-65c1-4c3b-aa1a-3d082cc81d82,853a8dae-65c1-4c3b-aa1a-3d082cc81d82-2-88,0,f,2026-04-17 09:45:31.835
74687de4-a869-46dd-aacc-f79c024ade8f,0909b68c-aaca-4bf2-a2cd-bbdeecdee3e8,0909b68c-aaca-4bf2-a2cd-bbdeecdee3e8-2-2,3,t,2026-04-17 09:17:49.627
62c8dae2-f5bb-48d9-b9d6-916d3c503ec1,0a1c2caf-5fab-4238-934a-49f53a889a64,0a1c2caf-5fab-4238-934a-49f53a889a64-2-2,3,t,2026-04-17 09:17:12.677
3a181a29-07b1-4552-a4b9-22622d8d5ed0,d34cebeb-d6e2-4f6e-bf65-cc118d4e996e,d34cebeb-d6e2-4f6e-bf65-cc118d4e996e-2-104,1,f,2026-04-17 09:24:14.974
199ee288-24ca-42aa-8204-a19d5a3040ec,a3d745bf-e3f4-411c-97b5-2cd475f193f6,a3d745bf-e3f4-411c-97b5-2cd475f193f6-2-3,3,t,2026-04-17 09:17:28.93
efadf74a-195d-49a2-8d20-0f9d76ea63b0,7ed13b91-200d-43c2-ad9e-6ab09842430d,7ed13b91-200d-43c2-ad9e-6ab09842430d-2-7,3,t,2026-04-17 09:20:54.343
de2f3685-4176-417e-bd53-a49d8fc5f88d,9b2bfc86-cd9e-48cc-affa-2645a1b65bd1,9b2bfc86-cd9e-48cc-affa-2645a1b65bd1-2-10,3,t,2026-04-17 09:18:45.159
2e8f9e46-9611-47f1-a431-c8ce250c88e6,f499e6e9-1ef7-4fce-b385-25fb1fc992f6,f499e6e9-1ef7-4fce-b385-25fb1fc992f6-2-62,3,t,2026-04-17 09:17:33.634
4dc0f350-3931-43ef-a7fe-3b84eea5373a,d4ecfa36-8cae-4f49-bb89-7cdcd67cb290,d4ecfa36-8cae-4f49-bb89-7cdcd67cb290-2-30,0,f,2026-04-17 09:17:35.134
fd1b0285-7ee8-4981-b199-b9c1603736ce,897d03b4-4f5e-4d77-b19e-f7aee227197e,897d03b4-4f5e-4d77-b19e-f7aee227197e-2-7,3,t,2026-04-17 09:21:08.683
751a89c9-f435-4a5b-b8e1-5c034e9a652d,4f08dd81-6f2e-4cc8-b553-763cdcdae36e,4f08dd81-6f2e-4cc8-b553-763cdcdae36e-2-10,3,t,2026-04-17 09:18:08.052
cf31eeaf-f0a5-4225-8d83-126fd54fd6d8,cfcb0c94-546d-4aea-b51f-6523e622e10f,cfcb0c94-546d-4aea-b51f-6523e622e10f-2-32,3,t,2026-04-17 09:17:38.656
51ffe4b2-c690-4781-9dc5-136842452e9e,d4ecfa36-8cae-4f49-bb89-7cdcd67cb290,d4ecfa36-8cae-4f49-bb89-7cdcd67cb290-2-31,0,f,2026-04-17 09:18:13.595
fab6e57f-95e9-42a4-bffe-1d9bfa814da5,1c81e191-a57e-415c-8fbe-d214bb1df9d0,1c81e191-a57e-415c-8fbe-d214bb1df9d0-2-7,3,t,2026-04-17 09:19:03.879
28f804d7-1998-4ae0-be23-4f69104c0b4a,c14ef5db-05f5-4aac-b1d5-95491a5cc2b5,c14ef5db-05f5-4aac-b1d5-95491a5cc2b5-2-43,0,f,2026-04-17 09:17:44.145
40464979-fe84-414d-864c-8aa4aa061f30,4975effd-c5f3-42c2-8e98-7a5eca5004b6,4975effd-c5f3-42c2-8e98-7a5eca5004b6-2-12,3,t,2026-04-17 09:18:19.547
08ae87cc-f798-4a7c-a16f-c35d18c67c74,319d9117-957e-472c-ae32-07a254740eab,319d9117-957e-472c-ae32-07a254740eab-2-2,3,t,2026-04-17 09:19:37.484
941fa881-97ab-448f-ad5e-297de78af2e5,9083c549-095d-4e81-9dfb-394c712ae770,9083c549-095d-4e81-9dfb-394c712ae770-2-99,6,t,2026-04-17 09:17:44.856
ff5b6d93-2d7d-4504-b270-937c4c401816,c590bbb6-233c-428e-ba79-dfbfcb024d69,c590bbb6-233c-428e-ba79-dfbfcb024d69-2-20,0,f,2026-04-17 09:17:46.844
40a08b85-54bb-4c4b-85c5-422db6a3576c,1ea25203-f0cf-4df2-9c93-50f24187f149,1ea25203-f0cf-4df2-9c93-50f24187f149-2-0,0,f,2026-04-17 09:18:20.492
3075b767-b691-40f1-bfcb-0f2ad90670dd,8d0012d2-7ad0-45c3-9775-88525b65c5a6,8d0012d2-7ad0-45c3-9775-88525b65c5a6-2-7,3,t,2026-04-17 09:18:21.864
fac018b0-78a2-4896-8a55-eff0a470c442,1e4d7928-481a-4e8d-ad61-a9ffbbaa5374,1e4d7928-481a-4e8d-ad61-a9ffbbaa5374-2-23,0,f,2026-04-17 09:18:25.304
a0bf0bd6-bc9e-4018-aa45-dcc6a345d6f1,cd3fce12-0fbc-4c8c-923b-8d0db1d0a4dd,cd3fce12-0fbc-4c8c-923b-8d0db1d0a4dd-2-15,0,f,2026-04-17 09:22:27.881
76678065-49bd-49d4-bca5-e24814cb7448,2157b182-d26f-4929-9ea0-d14b0461db32,2157b182-d26f-4929-9ea0-d14b0461db32-2-126,3,t,2026-04-17 09:18:26.665
ecc97e13-e92f-4cf3-a36d-58480e11082b,17a5a449-32db-47c3-a5e8-5f7368815036,17a5a449-32db-47c3-a5e8-5f7368815036-2-14,3,t,2026-04-17 09:24:29.321
3d29e3ea-c5f7-497d-9f6c-7bed62f6200a,41e44d4e-ed4b-41b7-851a-04be3bf4f9ec,41e44d4e-ed4b-41b7-851a-04be3bf4f9ec-2-14,3,t,2026-04-17 09:18:33.507
63f954f7-64ec-4503-8cb0-adee1361be54,1df7744c-4296-4a4a-a293-6431531fce9a,1df7744c-4296-4a4a-a293-6431531fce9a-2-16,3,t,2026-04-17 09:27:38.374
5274a598-6bb6-4869-af28-8a1c34488561,7ef6d63a-b0af-4be2-a8e0-3784fd609017,7ef6d63a-b0af-4be2-a8e0-3784fd609017-2-6,3,t,2026-04-17 09:18:41.169
88c4401f-5f59-4be3-a61e-a91f760568ca,ca35df0c-8896-47e7-9dcd-485fa1d8274b,ca35df0c-8896-47e7-9dcd-485fa1d8274b-2-68,0,f,2026-04-17 09:22:39.175
1c9a3f7f-0aa8-4915-9e85-9887f397f74e,5f42d829-f4be-4762-8706-6ee43f14526b,5f42d829-f4be-4762-8706-6ee43f14526b-2-35,0,f,2026-04-17 09:22:47.298
797be27b-a466-4414-bee6-7a31de564fc4,21d53331-bf7e-4a4a-8242-daa5236fc398,21d53331-bf7e-4a4a-8242-daa5236fc398-2-60,3,t,2026-04-17 09:24:16.601
f6a0f899-f74c-4c17-a73b-9e47b7607aba,6a2053e0-87ba-489f-a3c8-4a2b6ff8f1f4,6a2053e0-87ba-489f-a3c8-4a2b6ff8f1f4-2-9,3,t,2026-04-17 09:23:03.231
869207fe-a4ea-4d21-8a94-5e8d59fcad58,0ce229a1-dc58-4760-8475-b76faaa19ffa,0ce229a1-dc58-4760-8475-b76faaa19ffa-2-20,3,t,2026-04-17 09:24:12.345
b42953e3-8d55-4277-852b-e1c716482d80,60f514c4-c7b7-498a-ac4d-72eb6ecb7de4,60f514c4-c7b7-498a-ac4d-72eb6ecb7de4-2-20,3,t,2026-04-17 09:25:04.107
4e0d9ca4-18d9-4576-8369-b75222742011,9651adcc-6e22-42a6-b506-4924d2dbf61b,9651adcc-6e22-42a6-b506-4924d2dbf61b-2-70,4,t,2026-04-17 09:24:33.286
681e92af-c1ea-4ac4-a7c2-6e595f3e4782,4975effd-c5f3-42c2-8e98-7a5eca5004b6,4975effd-c5f3-42c2-8e98-7a5eca5004b6-2-17,3,t,2026-04-17 09:24:39.357
f9207a8e-396d-4c51-87ce-d4569febbaff,f6c99088-8b12-4bb0-a68c-2d2bcb90282b,f6c99088-8b12-4bb0-a68c-2d2bcb90282b-2-52,0,f,2026-04-17 09:24:42.941
57f7ba90-71bb-48ff-bfb1-a422a0b1ad2c,5f42d829-f4be-4762-8706-6ee43f14526b,5f42d829-f4be-4762-8706-6ee43f14526b-2-40,0,f,2026-04-17 09:24:44.68
a9502e21-b742-40a0-9ebf-d11e49732187,58d01453-bdf3-462d-b2cc-cc8e0a11f4bd,58d01453-bdf3-462d-b2cc-cc8e0a11f4bd-2-8,3,t,2026-04-17 09:24:49.653
c72634f6-1179-4a71-9560-bfb523a426bb,34b9808d-e4cc-445e-a140-14627ed72ebe,34b9808d-e4cc-445e-a140-14627ed72ebe-2-7,2,f,2026-04-17 09:25:02.094
11054f25-460f-4028-8c8e-58f84737f70c,4f08dd81-6f2e-4cc8-b553-763cdcdae36e,4f08dd81-6f2e-4cc8-b553-763cdcdae36e-2-14,3,t,2026-04-17 09:25:54.556
7d3f88d5-2276-4f02-aa1d-902df10a4a2d,0fedeb0b-ce3d-4ea2-be98-c8ea8439b673,0fedeb0b-ce3d-4ea2-be98-c8ea8439b673-2-10,3,t,2026-04-17 09:25:14.775
a9f5a0d2-0d9b-4f07-a49b-a69f77faaa79,b448b940-e172-4174-ac48-d9961a46b951,b448b940-e172-4174-ac48-d9961a46b951-2-16,3,t,2026-04-17 09:26:55.068
953c13a2-2604-49b3-b4c3-576f4dcd03f9,2157b182-d26f-4929-9ea0-d14b0461db32,2157b182-d26f-4929-9ea0-d14b0461db32-2-128,3,t,2026-04-17 09:25:19.854
17e12d75-d603-4f01-b648-a778d144fb66,a90cc6ed-473d-44c4-b771-109130f5a335,a90cc6ed-473d-44c4-b771-109130f5a335-2-9,3,t,2026-04-17 09:25:35.088
03fddb32-3525-410c-b5a1-967b86e36f88,514a5db5-8043-47c7-9e9a-214d7b05ca1b,514a5db5-8043-47c7-9e9a-214d7b05ca1b-2-26,3,t,2026-04-17 09:25:42.478
b42b8814-b2b4-41bf-9215-a37c521b816d,996b54c6-df4b-42e0-b36a-0b183de8fa03,996b54c6-df4b-42e0-b36a-0b183de8fa03-2-13,1,f,2026-04-17 09:30:29.016
801f7c20-15c7-4ac7-bcbf-09ec6ca05605,19369cc7-101f-4580-a45c-d3a728230d91,19369cc7-101f-4580-a45c-d3a728230d91-2-3,0,f,2026-04-17 09:39:55.305
7bbd0fec-f35f-4e76-98a7-a7cc32afd719,a037f741-a910-48c8-9024-37930d7b2190,a037f741-a910-48c8-9024-37930d7b2190-2-1,1,f,2026-04-17 09:17:58.763
3e289f55-fae8-4649-af8a-2fe3d6d713c1,ab13ef04-58e1-4218-8444-e601f4f26e84,ab13ef04-58e1-4218-8444-e601f4f26e84-2-81,0,f,2026-04-17 09:18:37.272
2e8f16eb-5316-44bb-ac0e-f5710e74eddd,add279af-2d44-4ee5-a302-878d603890fd,add279af-2d44-4ee5-a302-878d603890fd-2-20,3,t,2026-04-17 09:18:07.571
8fd4582d-eb0c-4e1c-98d5-c66f10279f90,d39050bd-ce5c-4719-ae39-d694ab777186,d39050bd-ce5c-4719-ae39-d694ab777186-2-27,4,t,2026-04-17 09:18:38.723
a3ff60b4-9067-4ba2-a735-f0b8824a3faf,0dac11b6-9631-4184-a1c8-fb09702135e9,0dac11b6-9631-4184-a1c8-fb09702135e9-2-8,3,t,2026-04-17 09:18:29.994
d7bf933f-5be7-4c6a-b552-9d44599770ef,2cd8d4c7-3ce7-413b-b1bc-f06ca673a1c7,2cd8d4c7-3ce7-413b-b1bc-f06ca673a1c7-2-7,3,t,2026-04-17 09:18:11.79
ff6cd01d-5147-4bf6-aca7-3c5dc3cc22d0,9fad1346-db17-4e69-9f23-78eebc0077db,9fad1346-db17-4e69-9f23-78eebc0077db-2-12,1,f,2026-04-17 09:18:13.157
36a183e8-fa9c-4637-b367-29232666f9f8,c909bd23-7897-4dea-8402-2cca7a3df7c6,c909bd23-7897-4dea-8402-2cca7a3df7c6-2-30,0,f,2026-04-17 09:18:13.168
dba947fd-3720-4498-a0c8-1e7ca09f2daa,27c9b426-bbfa-4f74-b733-37e4e75d3e10,27c9b426-bbfa-4f74-b733-37e4e75d3e10-2-17,1,f,2026-04-17 09:18:13.58
af064406-aa7f-4666-ae45-0052bfadef62,ccfa1e3b-55c9-4102-9146-6e5cc30549b7,ccfa1e3b-55c9-4102-9146-6e5cc30549b7-2-20,3,t,2026-04-17 09:18:15.025
7c7aeace-3ab7-481b-914a-7416a38cb7f2,f499e6e9-1ef7-4fce-b385-25fb1fc992f6,f499e6e9-1ef7-4fce-b385-25fb1fc992f6-2-27,0,f,2026-04-17 09:18:17.317
06df2f8f-c49b-4d47-9faa-c33f14975543,d027a5a4-42fd-4396-a3e5-afb28a7f78cc,d027a5a4-42fd-4396-a3e5-afb28a7f78cc-2-6,3,t,2026-04-17 09:19:54.387
63fb88de-d18c-4544-beed-921c4f110955,bbf30bbe-45d5-4dec-b2b3-f903b2d10658,bbf30bbe-45d5-4dec-b2b3-f903b2d10658-2-104,2,f,2026-04-17 09:20:05.892
96cea73d-995d-4d7c-b13c-9a57854ddf56,2b6b5f05-2f37-4d80-a478-b16e450f3358,2b6b5f05-2f37-4d80-a478-b16e450f3358-2-21,3,t,2026-04-17 09:18:37.945
1fb88c3d-2d11-4e79-accc-8cb28796ebd3,9a9af92a-7c5d-49ec-953f-9f230f9c3bc5,9a9af92a-7c5d-49ec-953f-9f230f9c3bc5-2-74,5,t,2026-04-17 09:18:20.013
f226e86b-6172-45cd-bab2-51811201a385,1df7744c-4296-4a4a-a293-6431531fce9a,1df7744c-4296-4a4a-a293-6431531fce9a-2-10,3,t,2026-04-17 09:19:16.681
eca94500-00d6-4a2e-a132-fc8ff956b36b,e810366e-1e77-47e9-878d-baae7e38ecfa,e810366e-1e77-47e9-878d-baae7e38ecfa-2-25,0,f,2026-04-17 09:18:35.386
06c2214d-d4e1-423a-850c-95d3c3885473,cd3fce12-0fbc-4c8c-923b-8d0db1d0a4dd,cd3fce12-0fbc-4c8c-923b-8d0db1d0a4dd-2-14,1,f,2026-04-17 09:18:35.776
10e4a2f2-04cd-4319-ab1a-a74cc06e6534,5acfcb89-71a4-4847-b5ba-b747c0f0c58a,5acfcb89-71a4-4847-b5ba-b747c0f0c58a-2-21,0,f,2026-04-17 09:18:40.285
a121aae8-7843-4daa-beab-a0613d1a7e94,22413047-2f23-4dc9-861c-024171bcfe51,22413047-2f23-4dc9-861c-024171bcfe51-2-18,3,t,2026-04-17 09:18:38.187
c0b58092-c581-48dd-88be-8fdeef1213fc,ae512a82-7989-4fb2-87f7-abece7160322,ae512a82-7989-4fb2-87f7-abece7160322-2-41,0,f,2026-04-17 09:18:38.205
378b3475-835e-43b3-935c-75892acc4684,58d01453-bdf3-462d-b2cc-cc8e0a11f4bd,58d01453-bdf3-462d-b2cc-cc8e0a11f4bd-2-0,0,f,2026-04-17 09:18:43.005
f5641332-555b-4cba-ac33-94ebd19562e6,e3a08443-dd2c-43bf-894d-e428f9cdb716,e3a08443-dd2c-43bf-894d-e428f9cdb716-2-41,0,f,2026-04-17 09:18:40.347
82297050-422f-4db6-83d0-d81f4a3dcdbe,71af5200-8305-4525-b2fc-af68aaeee385,71af5200-8305-4525-b2fc-af68aaeee385-2-10,3,t,2026-04-17 09:19:30.006
c638dd44-4857-432b-b911-1144fb15be98,9a9af92a-7c5d-49ec-953f-9f230f9c3bc5,9a9af92a-7c5d-49ec-953f-9f230f9c3bc5-2-75,4,t,2026-04-17 09:18:42.942
6427c812-c270-4430-a944-9efb2c622a42,fa756c53-780a-4bf9-8913-0c4c9e277df3,fa756c53-780a-4bf9-8913-0c4c9e277df3-2-37,0,f,2026-04-17 09:18:44.504
64721dc5-0f16-4009-ac2b-0f4062785ec4,b3b85ddf-f0e9-41a1-9e77-b3d6fe57fd92,b3b85ddf-f0e9-41a1-9e77-b3d6fe57fd92-2-14,1,f,2026-04-17 09:18:45.919
6abb0c36-8bb6-4c69-8d32-75d7b3f77d9a,20fa5705-5dac-4748-9f9d-6986571e65f1,20fa5705-5dac-4748-9f9d-6986571e65f1-2-0,3,t,2026-04-17 09:18:49.008
07a23b36-5b42-4dde-8f82-b4ce5b2e725d,0ef56b5f-5e3d-4ad0-9d83-24e11c5c2e26,0ef56b5f-5e3d-4ad0-9d83-24e11c5c2e26-2-10,3,t,2026-04-17 09:19:27.135
1be43459-0740-4cbf-8b3e-0921430dbefb,6a2053e0-87ba-489f-a3c8-4a2b6ff8f1f4,6a2053e0-87ba-489f-a3c8-4a2b6ff8f1f4-2-7,3,t,2026-04-17 09:18:53.592
b06356f0-1dfe-4724-b6b8-6845e5abfc1c,e34b9241-22a9-4da5-a69b-90c53ec1b42a,e34b9241-22a9-4da5-a69b-90c53ec1b42a-2-20,3,t,2026-04-17 09:19:11.462
db02ef79-5507-4a1a-8678-52e8d276331f,de3ff6b8-3451-42be-abc6-cf91f7ffe348,de3ff6b8-3451-42be-abc6-cf91f7ffe348-2-14,0,f,2026-04-17 09:19:11.505
3270c300-7486-4c42-83a4-6f7977652d48,b4e7203d-cf8d-4685-a95e-4b43505d273f,b4e7203d-cf8d-4685-a95e-4b43505d273f-2-20,3,t,2026-04-17 09:19:35.645
c6c3cdcf-edf7-4fe2-bd2a-ab398944e131,4626347f-a937-4b7f-8da9-b4a98783e145,4626347f-a937-4b7f-8da9-b4a98783e145-2-23,3,t,2026-04-17 09:19:03.378
e84b78c5-38bd-4d52-b3ea-a372b1b36128,b90a9c80-0433-49e1-b0ba-06f4234b647e,b90a9c80-0433-49e1-b0ba-06f4234b647e-2-28,3,t,2026-04-17 09:19:31.684
62f550fb-86ae-442d-8dbc-05a33d5c3f32,19369cc7-101f-4580-a45c-d3a728230d91,19369cc7-101f-4580-a45c-d3a728230d91-2-5,3,t,2026-04-17 09:19:03.778
8e8fba05-3353-4625-8e0c-fde92ab13e45,bedc8c20-6537-41cd-a397-24a85b8a3a24,bedc8c20-6537-41cd-a397-24a85b8a3a24-2-20,3,t,2026-04-17 09:19:06.604
c9cd8379-45ee-4f8f-9b4c-2009bbd773d2,ff0050af-b573-4178-a75c-7c6480e584a3,ff0050af-b573-4178-a75c-7c6480e584a3-2-32,5,t,2026-04-17 09:19:06.312
cf86362e-d229-4595-bc25-80708582ca02,1d9c5d60-e2bb-4d62-a4fe-23e4d269f411,1d9c5d60-e2bb-4d62-a4fe-23e4d269f411-2-14,3,t,2026-04-17 09:20:42.604
476050c7-de38-432f-b933-f23737872004,7b2f5f37-d75f-42c7-a64b-e7d6da909f2e,7b2f5f37-d75f-42c7-a64b-e7d6da909f2e-2-3,3,t,2026-04-17 09:20:46.226
b8352a4f-0073-4e82-8eca-cb049b0546d2,d4ecfa36-8cae-4f49-bb89-7cdcd67cb290,d4ecfa36-8cae-4f49-bb89-7cdcd67cb290-2-32,3,t,2026-04-17 09:19:38.78
7aaf2a48-b730-4377-9e5a-437c68fe4480,835fa953-1c2f-45a5-a661-9679158bc35a,835fa953-1c2f-45a5-a661-9679158bc35a-2-27,0,f,2026-04-17 09:19:38.122
a6627647-8bc8-44eb-b626-8c0ae2e082a6,7b350d11-7774-4d4f-9b2d-3721b7c4c72d,7b350d11-7774-4d4f-9b2d-3721b7c4c72d-2-33,3,t,2026-04-17 09:20:35.083
7cbc6f78-577c-4fbc-b380-3a03b57644d8,44c86309-3836-4229-a747-e4bd365ac093,44c86309-3836-4229-a747-e4bd365ac093-2-0,3,t,2026-04-17 09:27:24.751
71d89ff7-57ba-44bd-bf92-c0d4dc323ebb,c7cebb6f-4ce3-4ec5-8846-3ed1bf6c8dbe,c7cebb6f-4ce3-4ec5-8846-3ed1bf6c8dbe-2-27,3,t,2026-04-17 09:20:40.229
e41031ee-cb56-43ea-b00c-5cf0ec8a37be,a7731f21-6ce1-4d01-914b-1d25018210bc,a7731f21-6ce1-4d01-914b-1d25018210bc-2-5,3,t,2026-04-17 09:21:02.552
7cb4834e-07f2-40f2-81d3-a402a37869c5,8c965050-a932-4536-9444-4170909450b3,8c965050-a932-4536-9444-4170909450b3-2-3,0,f,2026-04-17 09:24:46.116
63b049da-9508-40bb-81b1-dd1e5717dc77,c14ef5db-05f5-4aac-b1d5-95491a5cc2b5,c14ef5db-05f5-4aac-b1d5-95491a5cc2b5-2-48,0,f,2026-04-17 09:19:24.111
d69e2837-5e54-46f0-b8b6-dd7b2f7b26ca,1e4d7928-481a-4e8d-ad61-a9ffbbaa5374,1e4d7928-481a-4e8d-ad61-a9ffbbaa5374-2-24,0,f,2026-04-17 09:19:47.276
f3a0ac17-5963-4408-99a6-9c19b2db0f48,79861957-de90-4a8c-bce9-d0d995c9860a,79861957-de90-4a8c-bce9-d0d995c9860a-2-14,3,t,2026-04-17 09:18:58.004
3bdf62bd-2510-4fe1-a113-c5f99cfd290e,01e89da0-052e-4a56-b001-dc55712d8828,01e89da0-052e-4a56-b001-dc55712d8828-2-22,1,f,2026-04-17 09:19:01.764
128e72d9-02bc-4a72-8ab0-a37252f3ee2b,4d064b59-db6f-4c00-a7bd-dd47165afed8,4d064b59-db6f-4c00-a7bd-dd47165afed8-2-66,0,f,2026-04-17 09:19:28.511
7bd54a92-36b2-4cfa-8a83-7d21bb54fa19,1df7744c-4296-4a4a-a293-6431531fce9a,1df7744c-4296-4a4a-a293-6431531fce9a-2-11,0,f,2026-04-17 09:20:10.964
74e0df51-a0c0-4cee-8a48-55c30b392af1,c909bd23-7897-4dea-8402-2cca7a3df7c6,c909bd23-7897-4dea-8402-2cca7a3df7c6-2-34,0,f,2026-04-17 09:19:34.068
94765c99-0ef8-43fa-8c43-1236480454b8,3ed8fc13-d8f6-4f15-a66d-be11fce71626,3ed8fc13-d8f6-4f15-a66d-be11fce71626-2-32,0,f,2026-04-17 09:19:49.162
7d4e2db5-da1d-4628-8a09-65357d3680a2,ab13ef04-58e1-4218-8444-e601f4f26e84,ab13ef04-58e1-4218-8444-e601f4f26e84-2-82,6,t,2026-04-17 09:19:03.824
2021db24-79a7-4233-8ed4-5bddb25a5d58,256d4acd-1891-4ae4-a35f-20468f225bea,256d4acd-1891-4ae4-a35f-20468f225bea-2-60,0,f,2026-04-17 09:19:49.632
c8b94f07-cd64-442e-835b-6b31ec9d099e,2b6b5f05-2f37-4d80-a478-b16e450f3358,2b6b5f05-2f37-4d80-a478-b16e450f3358-2-22,3,t,2026-04-17 09:19:08.386
926a4a79-2449-416c-b622-17340a44b6d4,c590bbb6-233c-428e-ba79-dfbfcb024d69,c590bbb6-233c-428e-ba79-dfbfcb024d69-2-21,3,t,2026-04-17 09:19:10.791
d6befa18-6a88-452a-b647-634d23a5aadc,e0429249-d96d-48e2-ad56-cc8198adb3fb,e0429249-d96d-48e2-ad56-cc8198adb3fb-2-57,0,f,2026-04-17 09:19:53.391
58e42405-c0d3-4ea7-bc16-7b8b805b4d01,5f42d829-f4be-4762-8706-6ee43f14526b,5f42d829-f4be-4762-8706-6ee43f14526b-2-28,0,f,2026-04-17 09:19:13.589
5dafd75e-d212-4a4d-874c-6f55bc75d348,514a5db5-8043-47c7-9e9a-214d7b05ca1b,514a5db5-8043-47c7-9e9a-214d7b05ca1b-2-18,3,t,2026-04-17 09:19:37.126
a2e2c47e-f3f4-4fa8-800f-f38efb6bd1d7,33743ba9-3388-48aa-9d68-4a022f127a6e,33743ba9-3388-48aa-9d68-4a022f127a6e-2-94,0,f,2026-04-17 09:19:39.106
b33e0f83-31ed-4219-b54b-fcf408833f7a,d39050bd-ce5c-4719-ae39-d694ab777186,d39050bd-ce5c-4719-ae39-d694ab777186-2-28,3,t,2026-04-17 09:19:18.425
0c7458a1-483e-4192-8526-7bb03ca038bf,41e44d4e-ed4b-41b7-851a-04be3bf4f9ec,41e44d4e-ed4b-41b7-851a-04be3bf4f9ec-2-16,3,t,2026-04-17 09:21:01.991
7e13b54d-a636-4c60-a2d5-7be82a471c5a,f2c67931-ab51-4f09-a434-df3cc4d0f3c9,f2c67931-ab51-4f09-a434-df3cc4d0f3c9-2-32,0,f,2026-04-17 09:19:42.729
37f64b27-ed42-43a4-9a74-77acbd68b2a7,985ae1b0-6dbe-493b-a5bc-20516e53dbbe,985ae1b0-6dbe-493b-a5bc-20516e53dbbe-2-30,3,t,2026-04-17 09:23:01.091
1a9d4114-566a-4a46-9624-c61cc03939ba,7c24664f-2c5e-4883-a66c-0bc3798693b5,7c24664f-2c5e-4883-a66c-0bc3798693b5-2-11,1,f,2026-04-17 09:19:20.72
ac744ad0-e799-46ce-b266-e1efa2f98fb4,976db7d1-71ac-4b46-9871-48fd7f6980dc,976db7d1-71ac-4b46-9871-48fd7f6980dc-2-28,5,t,2026-04-17 09:19:20.863
978df2fc-6c30-462f-8551-8ce6856e0211,f0ab63a2-2e97-4a4a-ace4-8715bb448f47,f0ab63a2-2e97-4a4a-ace4-8715bb448f47-2-40,2,f,2026-04-17 09:19:44.324
c3142796-52da-4fe1-aa29-1824f39c9c54,ab13ef04-58e1-4218-8444-e601f4f26e84,ab13ef04-58e1-4218-8444-e601f4f26e84-2-87,3,t,2026-04-17 09:19:47.068
158a84f3-0b21-4ec3-8663-e6f2bff96909,7428391c-79d7-4f38-961c-2eae701e9b59,7428391c-79d7-4f38-961c-2eae701e9b59-2-0,3,t,2026-04-17 09:21:04.149
b40b614a-0ee0-48bb-939c-e69d97b06076,2cd8d4c7-3ce7-413b-b1bc-f06ca673a1c7,2cd8d4c7-3ce7-413b-b1bc-f06ca673a1c7-2-8,3,t,2026-04-17 09:20:12.535
ed2d2688-8e6d-4d30-a68d-5e358f2ecdba,5f42d829-f4be-4762-8706-6ee43f14526b,5f42d829-f4be-4762-8706-6ee43f14526b-2-32,0,f,2026-04-17 09:20:13.477
2a4bfd8b-a10c-44cd-b23d-b452117ecb97,6a804deb-cef1-4cdc-95c7-6574a1e7577a,6a804deb-cef1-4cdc-95c7-6574a1e7577a-2-10,3,t,2026-04-17 09:37:27.527
30417644-44b3-4b60-a62d-a5ce43eb7ea0,fa6ae629-f37f-4409-aba6-c4e071599e36,fa6ae629-f37f-4409-aba6-c4e071599e36-2-14,0,f,2026-04-17 09:21:13.543
b8e9a495-d4ab-49ec-85c3-f29651f902ab,8eacf413-c251-4506-b63c-8b2960144356,8eacf413-c251-4506-b63c-8b2960144356-2-10,3,t,2026-04-17 09:20:36.083
f6e11593-2b59-4082-98e5-70596761da59,19369cc7-101f-4580-a45c-d3a728230d91,19369cc7-101f-4580-a45c-d3a728230d91-2-2,0,f,2026-04-17 09:26:34.302
fe1c06bb-fe45-4f56-b2d9-edc7a83320cf,add279af-2d44-4ee5-a302-878d603890fd,add279af-2d44-4ee5-a302-878d603890fd-2-23,0,f,2026-04-17 09:20:43.356
8bef41ee-0d56-456a-b9c8-79ef0473a7ae,f0ab63a2-2e97-4a4a-ace4-8715bb448f47,f0ab63a2-2e97-4a4a-ace4-8715bb448f47-2-46,0,f,2026-04-17 09:22:32.986
e8183683-392a-460d-8c91-804ae0b4c384,5acfcb89-71a4-4847-b5ba-b747c0f0c58a,5acfcb89-71a4-4847-b5ba-b747c0f0c58a-2-23,3,t,2026-04-17 09:21:47.197
54fba16c-c655-4e99-8fc2-b237952e9933,17a5a449-32db-47c3-a5e8-5f7368815036,17a5a449-32db-47c3-a5e8-5f7368815036-2-12,3,t,2026-04-17 09:22:39.062
d0d7b9a5-622f-4863-a186-65645bba2314,739b9181-f4e6-44f3-9f82-b8dc34c81fa5,739b9181-f4e6-44f3-9f82-b8dc34c81fa5-2-6,3,t,2026-04-17 09:23:37.517
7cebae8f-99c5-4e52-8f31-60b07f3c1579,2e13985a-37c2-46b1-a116-d696630cc868,2e13985a-37c2-46b1-a116-d696630cc868-2-42,4,t,2026-04-17 09:22:43.571
9d36d42a-578d-4ce6-972e-07cf6e3eb455,4975effd-c5f3-42c2-8e98-7a5eca5004b6,4975effd-c5f3-42c2-8e98-7a5eca5004b6-2-15,3,t,2026-04-17 09:22:43.501
569f51df-180b-454d-8cc5-9d42febaafcc,1e4d7928-481a-4e8d-ad61-a9ffbbaa5374,1e4d7928-481a-4e8d-ad61-a9ffbbaa5374-2-27,5,t,2026-04-17 09:22:50.581
384ecf03-df7a-4550-b5db-da80f3bc165f,1c81e191-a57e-415c-8fbe-d214bb1df9d0,1c81e191-a57e-415c-8fbe-d214bb1df9d0-2-9,3,t,2026-04-17 09:23:35.577
c705b0aa-599a-4007-b0e9-38c043b86b92,0fe6c4b2-51f6-4335-8018-6048d4d289a1,0fe6c4b2-51f6-4335-8018-6048d4d289a1-2-2,3,t,2026-04-17 09:24:07.316
b6b33f78-2be0-4988-902c-d2f1a3511cf5,941a564c-77b9-48d6-920a-648da559328e,941a564c-77b9-48d6-920a-648da559328e-2-10,0,f,2026-04-17 09:23:10.967
8e22a4a6-e300-42d0-aa66-0cc5b7a480cb,17a5a449-32db-47c3-a5e8-5f7368815036,17a5a449-32db-47c3-a5e8-5f7368815036-2-13,3,t,2026-04-17 09:23:18.455
8e06571c-f42f-41b7-8dd0-c0b8a50a11c1,5acfcb89-71a4-4847-b5ba-b747c0f0c58a,5acfcb89-71a4-4847-b5ba-b747c0f0c58a-2-24,3,t,2026-04-17 09:23:22.412
9bfe062a-ceda-4be0-ac41-3f09f641f3dd,41e44d4e-ed4b-41b7-851a-04be3bf4f9ec,41e44d4e-ed4b-41b7-851a-04be3bf4f9ec-2-20,3,t,2026-04-17 09:24:04.389
6fd9b410-7e2b-490b-918f-fee9d4005435,2157b182-d26f-4929-9ea0-d14b0461db32,2157b182-d26f-4929-9ea0-d14b0461db32-2-127,0,f,2026-04-17 09:23:54.61
9f523b2e-c899-4063-b007-28168c902253,996b54c6-df4b-42e0-b36a-0b183de8fa03,996b54c6-df4b-42e0-b36a-0b183de8fa03-2-14,3,t,2026-04-17 09:38:09.618
e2257a8d-8939-4b32-9bcf-a17b1214bd1f,6c16aba8-4cc7-4d11-8121-3178a8de1659,6c16aba8-4cc7-4d11-8121-3178a8de1659-2-21,3,t,2026-04-17 09:23:24.591
51b220fb-7eb8-40ca-82f0-1c0042619ac0,42b10180-eb73-4415-ba4d-00a54ac1d790,42b10180-eb73-4415-ba4d-00a54ac1d790-2-10,3,t,2026-04-17 09:19:49.282
8c989650-4bec-4e32-a7b9-53b581b0db64,e8ec8ac3-72eb-420a-80e3-1be06708b38c,e8ec8ac3-72eb-420a-80e3-1be06708b38c-2-1,3,t,2026-04-17 09:18:58.436
686ef1e1-6e31-4c76-bc34-a951ed6aa31d,b19ce3ea-90c7-4c5f-b1fd-2bbef2efb0a4,b19ce3ea-90c7-4c5f-b1fd-2bbef2efb0a4-2-109,1,f,2026-04-17 09:19:50.714
9a5d2d64-eb35-4987-9fa8-a869142092bb,f6af9a1c-b651-4756-81be-bb78380c2bcb,f6af9a1c-b651-4756-81be-bb78380c2bcb-2-87,4,t,2026-04-17 09:19:03.672
d8b9ac86-c5b2-4342-9fb7-f03383acaf60,e810366e-1e77-47e9-878d-baae7e38ecfa,e810366e-1e77-47e9-878d-baae7e38ecfa-2-29,0,f,2026-04-17 09:19:53.331
475b513a-8a7f-48c6-a92f-e8d15cba3577,9083c549-095d-4e81-9dfb-394c712ae770,9083c549-095d-4e81-9dfb-394c712ae770-2-102,3,t,2026-04-17 09:19:06.427
8e3fa0bd-3971-45c8-927c-22ef42fea086,79861957-de90-4a8c-bce9-d0d995c9860a,79861957-de90-4a8c-bce9-d0d995c9860a-2-15,3,t,2026-04-17 09:19:08.195
24b96d16-f397-46cd-b1b7-96b364d88b5f,22413047-2f23-4dc9-861c-024171bcfe51,22413047-2f23-4dc9-861c-024171bcfe51-2-21,3,t,2026-04-17 09:22:39.616
a5d7da7b-b625-4791-a1bf-83ce14b1226e,c3ac1670-f197-4065-88b7-abb8a3f55e05,c3ac1670-f197-4065-88b7-abb8a3f55e05-2-3,3,t,2026-04-17 09:21:02.752
17bb976f-13e0-402a-a297-5395519bdc11,a90cc6ed-473d-44c4-b771-109130f5a335,a90cc6ed-473d-44c4-b771-109130f5a335-2-7,3,t,2026-04-17 09:19:19.522
ace8be10-19ac-4bb0-ac8a-d4089b93f007,1cb8fb30-5d58-42e9-aeb9-e6d3478e7295,1cb8fb30-5d58-42e9-aeb9-e6d3478e7295-2-38,2,f,2026-04-17 09:22:40.623
65099eb2-c14f-48fb-bc4e-8637475124b1,e810366e-1e77-47e9-878d-baae7e38ecfa,e810366e-1e77-47e9-878d-baae7e38ecfa-2-26,0,f,2026-04-17 09:19:31.403
46ac3c7e-a689-4eb5-a7c8-3e97f9089f55,902cdc82-6e20-450c-955f-c13491ebf0ef,902cdc82-6e20-450c-955f-c13491ebf0ef-2-13,3,t,2026-04-17 09:21:28.251
d74ba9ac-1730-4364-8865-f97c894d954f,58d01453-bdf3-462d-b2cc-cc8e0a11f4bd,58d01453-bdf3-462d-b2cc-cc8e0a11f4bd-2-2,3,t,2026-04-17 09:20:02.851
34716e87-2095-4b3e-a8cb-9d4d0675eaac,9083c549-095d-4e81-9dfb-394c712ae770,9083c549-095d-4e81-9dfb-394c712ae770-2-120,3,t,2026-04-17 09:19:41.749
1d598a31-e842-42f2-a241-e8ba047efd48,f6c99088-8b12-4bb0-a68c-2d2bcb90282b,f6c99088-8b12-4bb0-a68c-2d2bcb90282b-2-41,0,f,2026-04-17 09:19:44.381
0f9c1187-b00b-4066-8d99-d88112b98615,8d0012d2-7ad0-45c3-9775-88525b65c5a6,8d0012d2-7ad0-45c3-9775-88525b65c5a6-2-8,3,t,2026-04-17 09:21:52.032
158d882d-709a-4d69-a8c3-576b38e1f22a,3ab607f7-a0dc-4fe7-9962-162700c52251,3ab607f7-a0dc-4fe7-9962-162700c52251-2-10,3,t,2026-04-17 09:20:08.474
e19e708c-c2c8-47ff-85c2-430fd62b5a24,ccfa1e3b-55c9-4102-9146-6e5cc30549b7,ccfa1e3b-55c9-4102-9146-6e5cc30549b7-2-5,0,f,2026-04-17 09:20:11.724
d40d4552-caf6-4fc4-b2a4-468e7296cd83,afd93135-e8fc-4d52-a2b5-2a4df955e146,afd93135-e8fc-4d52-a2b5-2a4df955e146-2-2,3,t,2026-04-17 09:22:16.09
0a2495b2-00bc-40f8-b58f-56d5b0ed2daf,9a9af92a-7c5d-49ec-953f-9f230f9c3bc5,9a9af92a-7c5d-49ec-953f-9f230f9c3bc5-2-77,3,t,2026-04-17 09:20:18.479
f62097be-3623-46ee-a7df-1fb245da8f17,a276db23-8b57-4fb8-bc06-59bbf14f7100,a276db23-8b57-4fb8-bc06-59bbf14f7100-2-16,0,f,2026-04-17 09:20:24.457
464aab59-1c9e-4ba9-935c-bc455eca5d32,c590bbb6-233c-428e-ba79-dfbfcb024d69,c590bbb6-233c-428e-ba79-dfbfcb024d69-2-22,0,f,2026-04-17 09:20:27.473
3c028b1b-895e-458d-8174-ed3f3f30ace8,006eee1f-7c23-4324-b8e0-3234d930131f,006eee1f-7c23-4324-b8e0-3234d930131f-2-22,0,f,2026-04-17 09:20:32.685
5dec896e-0f59-4035-bebc-c45ab583e017,86cf59e4-e80e-41c6-9b0e-7c0b184ab0fc,86cf59e4-e80e-41c6-9b0e-7c0b184ab0fc-2-26,3,t,2026-04-17 09:20:38.562
39b5cc48-31d9-49e6-92de-45cd113dd0bd,1df7744c-4296-4a4a-a293-6431531fce9a,1df7744c-4296-4a4a-a293-6431531fce9a-2-13,0,f,2026-04-17 09:22:32.894
7c05fe62-997e-4918-adf9-a177027db996,23224d87-2a2b-4e43-b601-671930d2ad0c,23224d87-2a2b-4e43-b601-671930d2ad0c-2-14,3,t,2026-04-17 09:20:49.862
110d7245-447d-41b8-94b1-bbd619a875ed,f499e6e9-1ef7-4fce-b385-25fb1fc992f6,f499e6e9-1ef7-4fce-b385-25fb1fc992f6-2-32,1,f,2026-04-17 09:22:53.904
0f00c0d0-ee86-4388-b730-b8cb2cd0f26f,cfc602b7-76c8-40fe-8a3f-0227e7ae7f9d,cfc602b7-76c8-40fe-8a3f-0227e7ae7f9d-2-4,3,t,2026-04-17 09:23:26.174
18008cf6-6481-4e42-939b-b67ff3160976,976db7d1-71ac-4b46-9871-48fd7f6980dc,976db7d1-71ac-4b46-9871-48fd7f6980dc-2-34,3,t,2026-04-17 09:22:35.926
271e2597-bd39-4de1-9b28-a18b5189007e,f7bba0b2-be7b-4062-81a6-c85cfc91c69b,f7bba0b2-be7b-4062-81a6-c85cfc91c69b-2-74,0,f,2026-04-17 09:23:20.32
3d420284-2460-4e6d-82e1-be7d2d4c0da3,6706dc6d-2366-466b-a5d2-030aa1c7af67,6706dc6d-2366-466b-a5d2-030aa1c7af67-2-7,2,f,2026-04-17 09:22:57.434
2dac310e-67cb-4f2c-9c83-df3b8c085703,18ebe6f7-fcde-40f7-9e61-acd799d7c61f,18ebe6f7-fcde-40f7-9e61-acd799d7c61f-2-20,3,t,2026-04-17 09:23:05.357
41728a8a-8db8-4b3c-9e80-c68b34a6ca52,f2c67931-ab51-4f09-a434-df3cc4d0f3c9,f2c67931-ab51-4f09-a434-df3cc4d0f3c9-2-35,4,t,2026-04-17 09:23:07.498
f002ba72-eee1-4286-9a08-2095aa15102a,b448b940-e172-4174-ac48-d9961a46b951,b448b940-e172-4174-ac48-d9961a46b951-2-14,3,t,2026-04-17 09:23:19.385
c121de33-dc1e-458b-85f5-7c7f27f1a9f2,a7d55219-3a56-4459-ab06-848c1a483037,a7d55219-3a56-4459-ab06-848c1a483037-2-4,0,f,2026-04-17 09:23:23.809
4f3d6715-2239-4163-9409-354498972bf4,bd262987-52d6-4e1f-acf8-f0b78aa44ee9,bd262987-52d6-4e1f-acf8-f0b78aa44ee9-2-16,3,t,2026-04-17 09:24:59.346
b1436676-5e59-4c45-a6cf-896a900c099a,58d01453-bdf3-462d-b2cc-cc8e0a11f4bd,58d01453-bdf3-462d-b2cc-cc8e0a11f4bd-2-6,3,t,2026-04-17 09:23:25.984
9ce911c7-7ee5-40cf-a9f0-fc57e36ce42b,b3b85ddf-f0e9-41a1-9e77-b3d6fe57fd92,b3b85ddf-f0e9-41a1-9e77-b3d6fe57fd92-2-17,1,f,2026-04-17 09:23:30.567
094c4bff-5c1d-4702-9967-b6517787e35c,3c6306dc-eec2-41c2-8d8b-f95096887ac8,3c6306dc-eec2-41c2-8d8b-f95096887ac8-2-0,3,t,2026-04-17 09:23:32.226
fdd9aac6-a919-4000-864b-482e008f99be,d130faf7-1af2-415c-8c43-1b9a8c688fe2,d130faf7-1af2-415c-8c43-1b9a8c688fe2-2-32,3,t,2026-04-17 09:24:04.791
2a956232-bf86-4c5d-abe4-d882a1e9ecf0,c590bbb6-233c-428e-ba79-dfbfcb024d69,c590bbb6-233c-428e-ba79-dfbfcb024d69-2-24,3,t,2026-04-17 09:24:42.894
124108bb-d9e9-4128-a18f-2db73fa0b03f,ee1ce29b-7c86-48cd-850f-f5a8ee856031,ee1ce29b-7c86-48cd-850f-f5a8ee856031-2-4,0,f,2026-04-17 09:24:13.249
5d02e71b-a55d-48da-9024-4bbd24a6039c,9b2bfc86-cd9e-48cc-affa-2645a1b65bd1,9b2bfc86-cd9e-48cc-affa-2645a1b65bd1-2-12,3,t,2026-04-17 09:24:33.166
69fa768e-c506-44a3-8ceb-9ee64cd13a53,fa6ae629-f37f-4409-aba6-c4e071599e36,fa6ae629-f37f-4409-aba6-c4e071599e36-2-16,0,f,2026-04-17 09:25:10.142
283e45d9-2eb4-4454-842f-66491a1ec20c,f7bba0b2-be7b-4062-81a6-c85cfc91c69b,f7bba0b2-be7b-4062-81a6-c85cfc91c69b-2-77,0,f,2026-04-17 09:27:27.563
dc26e992-ae9a-469a-836b-0d5f258e81e9,129f2a12-36ee-4f40-8504-029cfb337c03,129f2a12-36ee-4f40-8504-029cfb337c03-2-6,1,f,2026-04-17 09:25:32.019
bb9921fb-b0c6-4db8-8d91-b3eb92def36e,b90a9c80-0433-49e1-b0ba-06f4234b647e,b90a9c80-0433-49e1-b0ba-06f4234b647e-2-52,4,t,2026-04-17 09:25:32.669
a12454e8-4f80-4021-8b85-37116e0c495a,3201a497-4a53-41cf-8c80-7953d79d37c5,3201a497-4a53-41cf-8c80-7953d79d37c5-2-6,3,t,2026-04-17 09:25:33.819
2c4eda74-e13d-49d1-adeb-816426dfccdc,22413047-2f23-4dc9-861c-024171bcfe51,22413047-2f23-4dc9-861c-024171bcfe51-2-26,3,t,2026-04-17 09:25:44.428
5ffc4a3d-5e9b-40e5-9469-14aa566d9c2b,aa79aaac-b075-422b-b9be-a4ba8ac21137,aa79aaac-b075-422b-b9be-a4ba8ac21137-2-52,0,f,2026-04-17 09:26:30.981
8e3e8058-8825-4e71-9d4b-f2643b91ed01,7afa437d-92ff-461c-a526-7bcc284e9e63,7afa437d-92ff-461c-a526-7bcc284e9e63-2-3,2,f,2026-04-17 09:26:51.725
a4998b37-920a-416c-860b-d117467ecda1,bf3be56f-d262-4b5c-b920-b3cd94204e7b,bf3be56f-d262-4b5c-b920-b3cd94204e7b-2-3,3,t,2026-04-17 09:28:19.486
f2bc148e-8a6f-4cc3-b3cc-d918b5bb3fac,af396e60-26b6-432a-8422-e4deb7c06937,af396e60-26b6-432a-8422-e4deb7c06937-2-0,0,f,2026-04-17 09:29:54.782
e2157792-951e-46e3-853d-19703ec4eba6,e34b9241-22a9-4da5-a69b-90c53ec1b42a,e34b9241-22a9-4da5-a69b-90c53ec1b42a-2-26,0,f,2026-04-17 09:25:41.551
e19dbffa-3627-42d2-8d14-64bb417ebdc6,ba1b79f1-b218-42e0-90c9-515c590bfb5c,ba1b79f1-b218-42e0-90c9-515c590bfb5c-2-7,1,f,2026-04-17 09:25:47.612
bb9f5262-da10-4f40-8b28-760967796d82,7b2f5f37-d75f-42c7-a64b-e7d6da909f2e,7b2f5f37-d75f-42c7-a64b-e7d6da909f2e-2-6,3,t,2026-04-17 09:26:35.069
a9e76e95-8edc-4c4d-8eb8-b62aa6e2074f,b36faffd-430e-4c0c-ac9a-4dba748e85a8,b36faffd-430e-4c0c-ac9a-4dba748e85a8-2-20,3,t,2026-04-17 09:25:48.552
c3186da1-e635-4e29-954e-971acced4ad6,a037f741-a910-48c8-9024-37930d7b2190,a037f741-a910-48c8-9024-37930d7b2190-2-39,1,f,2026-04-17 09:25:50.157
70fa9d4a-856b-42fd-8293-535e433eb750,4d064b59-db6f-4c00-a7bd-dd47165afed8,4d064b59-db6f-4c00-a7bd-dd47165afed8-2-80,0,f,2026-04-17 09:26:06.575
b6656775-8596-4993-84ae-2e603ecef9d9,4975effd-c5f3-42c2-8e98-7a5eca5004b6,4975effd-c5f3-42c2-8e98-7a5eca5004b6-2-18,3,t,2026-04-17 09:25:50.32
0b1e7286-1636-473c-8ded-8c12e0388205,bedc8c20-6537-41cd-a397-24a85b8a3a24,bedc8c20-6537-41cd-a397-24a85b8a3a24-2-28,0,f,2026-04-17 09:25:54.237
486169dc-7589-434e-94b1-716785f21997,52fb53ed-992a-40b7-a284-d0ef206d8b3b,52fb53ed-992a-40b7-a284-d0ef206d8b3b-2-2,3,t,2026-04-17 09:44:35.666
16813917-fdc3-4d90-9255-a33e9f1efd59,3c6306dc-eec2-41c2-8d8b-f95096887ac8,3c6306dc-eec2-41c2-8d8b-f95096887ac8-2-2,3,t,2026-04-17 09:25:55.247
4aeb87f2-4d2e-4d73-9b2c-150c21647660,4f7c2ed7-83a1-4fa7-ac08-c7c3640fd0b2,4f7c2ed7-83a1-4fa7-ac08-c7c3640fd0b2-2-37,3,t,2026-04-17 09:25:56.144
a2c6dd14-d252-46b4-9209-9d53f6f6022b,976db7d1-71ac-4b46-9871-48fd7f6980dc,976db7d1-71ac-4b46-9871-48fd7f6980dc-2-37,3,t,2026-04-17 09:25:56.91
9acc4fff-f85c-42e1-90e3-ccba193c6ed4,23e7680d-44ec-4c81-a8e0-a217af0db21c,23e7680d-44ec-4c81-a8e0-a217af0db21c-2-4,3,t,2026-04-17 09:25:58.098
e5944fb2-4c35-4e7a-a08a-5a3093c3b607,b19ce3ea-90c7-4c5f-b1fd-2bbef2efb0a4,b19ce3ea-90c7-4c5f-b1fd-2bbef2efb0a4-2-122,2,f,2026-04-17 09:26:15.993
5413772e-c0f6-4a94-937d-a3b4431382a2,a3e3f98b-4511-430d-8cc5-03e6b557fbee,a3e3f98b-4511-430d-8cc5-03e6b557fbee-2-82,3,t,2026-04-17 09:25:59.556
6cbeeb4e-c818-4fdc-837d-0ad1db62ec0f,17a5a449-32db-47c3-a5e8-5f7368815036,17a5a449-32db-47c3-a5e8-5f7368815036-2-17,3,t,2026-04-17 09:26:00.578
88e5c266-b44d-4381-a70b-0b32c532e489,1d17fe91-ffce-4ba1-bd26-f4cbc4c03ab5,1d17fe91-ffce-4ba1-bd26-f4cbc4c03ab5-2-72,0,f,2026-04-17 09:26:03.902
0fb9dbc3-98ba-467e-8e5b-7bb8f86fbf27,10210c31-b852-44a3-a0d2-dc76f7728bc9,10210c31-b852-44a3-a0d2-dc76f7728bc9-2-3,3,t,2026-04-17 09:27:14.233
60890ddc-2075-4cb2-b134-6a5a54b876cf,316d0ef9-3596-406f-974d-3d3bb82172a1,316d0ef9-3596-406f-974d-3d3bb82172a1-2-126,3,t,2026-04-17 09:26:20.273
6f972033-0c0a-4bb9-97e0-2b79923b87c5,60f514c4-c7b7-498a-ac4d-72eb6ecb7de4,60f514c4-c7b7-498a-ac4d-72eb6ecb7de4-2-21,3,t,2026-04-17 09:26:35.669
76af592a-4ee1-4020-bcfa-52df2d563cd9,0fe6c4b2-51f6-4335-8018-6048d4d289a1,0fe6c4b2-51f6-4335-8018-6048d4d289a1-2-4,3,t,2026-04-17 09:27:38.787
9029af1d-c2e3-4672-b595-66954175423c,b4b098bd-438e-49a9-ad66-57cfc51fd272,b4b098bd-438e-49a9-ad66-57cfc51fd272-2-82,3,t,2026-04-17 09:26:35.868
1cb54851-31ba-465b-b1cf-aff6f43b3857,17a5a449-32db-47c3-a5e8-5f7368815036,17a5a449-32db-47c3-a5e8-5f7368815036-2-18,3,t,2026-04-17 09:26:26.773
9d4d8ce8-c9c2-4827-b862-f3ab500e9eb6,0a1c2caf-5fab-4238-934a-49f53a889a64,0a1c2caf-5fab-4238-934a-49f53a889a64-2-7,2,f,2026-04-17 09:26:29.826
1d5788dd-62a8-4f7e-a92a-31eed3b834e2,f6c99088-8b12-4bb0-a68c-2d2bcb90282b,f6c99088-8b12-4bb0-a68c-2d2bcb90282b-2-55,0,f,2026-04-17 09:26:32.405
d49f8852-74bc-439c-bf79-56197a9982c5,495d6ec5-2846-4068-b1a9-afa26ece5ac9,495d6ec5-2846-4068-b1a9-afa26ece5ac9-2-20,3,t,2026-04-17 09:26:39.434
dbefd447-7b7f-4bd7-835b-88083f360181,902cdc82-6e20-450c-955f-c13491ebf0ef,902cdc82-6e20-450c-955f-c13491ebf0ef-2-16,3,t,2026-04-17 09:26:58.613
053bbc79-7fbc-4edd-86ca-a5e9d91c1a32,3b87423f-faa3-41f0-8c7a-842466473516,3b87423f-faa3-41f0-8c7a-842466473516-2-7,1,f,2026-04-17 09:26:34.402
e270d8b3-02f6-48a5-91d6-c8a3e22bdcf9,4975effd-c5f3-42c2-8e98-7a5eca5004b6,4975effd-c5f3-42c2-8e98-7a5eca5004b6-2-19,3,t,2026-04-17 09:26:35.345
e09f6d1a-9df9-41e4-93f1-dda2b45fd58f,8c7484f8-84c2-475a-97e2-859b7abc6883,8c7484f8-84c2-475a-97e2-859b7abc6883-2-1,3,t,2026-04-17 09:26:37.969
2eda3f96-1932-4ecc-9837-8d028abdc622,c590bbb6-233c-428e-ba79-dfbfcb024d69,c590bbb6-233c-428e-ba79-dfbfcb024d69-2-26,0,f,2026-04-17 09:32:35.98
e7f5ff77-488c-417f-af27-f4724814c268,897d03b4-4f5e-4d77-b19e-f7aee227197e,897d03b4-4f5e-4d77-b19e-f7aee227197e-2-9,3,t,2026-04-17 09:28:41.866
62a2cbc1-d51e-4d27-ae96-8ccf3f6a174c,1d9c5d60-e2bb-4d62-a4fe-23e4d269f411,1d9c5d60-e2bb-4d62-a4fe-23e4d269f411-2-20,3,t,2026-04-17 09:27:49.513
f4edc317-11f5-4f27-87fe-ba5005d3710c,afd93135-e8fc-4d52-a2b5-2a4df955e146,afd93135-e8fc-4d52-a2b5-2a4df955e146-2-5,0,f,2026-04-17 09:26:47.17
550b12c4-9ebb-4204-8263-c8cd5a107db5,fa6ae629-f37f-4409-aba6-c4e071599e36,fa6ae629-f37f-4409-aba6-c4e071599e36-2-17,0,f,2026-04-17 09:26:48.86
6a18e24e-6f71-48ad-adc3-840cd5f0765b,3ab607f7-a0dc-4fe7-9962-162700c52251,3ab607f7-a0dc-4fe7-9962-162700c52251-2-14,3,t,2026-04-17 09:27:01.193
5c02203a-1770-4aa3-9286-5475cbb838c6,09616f14-bdbc-4a08-81a4-460e529179a2,09616f14-bdbc-4a08-81a4-460e529179a2-2-19,2,f,2026-04-17 09:27:00.252
7190f902-581d-46a9-a284-3d79a894ddad,0fae6e06-cdbd-4916-912b-1b5686e37eb1,0fae6e06-cdbd-4916-912b-1b5686e37eb1-2-0,3,t,2026-04-17 09:27:58.825
61c21492-ff4e-4c5a-bca8-383da903779d,7ef6d63a-b0af-4be2-a8e0-3784fd609017,7ef6d63a-b0af-4be2-a8e0-3784fd609017-2-10,3,t,2026-04-17 09:28:01.009
560c293d-4c00-4f20-b6dc-c49670d3f435,6c16aba8-4cc7-4d11-8121-3178a8de1659,6c16aba8-4cc7-4d11-8121-3178a8de1659-2-36,0,f,2026-04-17 09:27:02.727
b7831369-3f02-4ac9-bee6-b61b6788367a,2f2975e7-43f5-486f-8219-e1715b4ee539,2f2975e7-43f5-486f-8219-e1715b4ee539-2-91,3,t,2026-04-17 09:27:14.214
e91b5dd7-22c2-4c4f-bdac-2ff4a9244c40,0ce229a1-dc58-4760-8475-b76faaa19ffa,0ce229a1-dc58-4760-8475-b76faaa19ffa-2-21,3,t,2026-04-17 09:27:21.934
a0baa2d6-c91a-4f17-bd1e-a5a8ed7d261a,cfc602b7-76c8-40fe-8a3f-0227e7ae7f9d,cfc602b7-76c8-40fe-8a3f-0227e7ae7f9d-2-7,3,t,2026-04-17 09:27:34.587
aa2b2bfb-c747-4f52-be36-8199d1507895,58d01453-bdf3-462d-b2cc-cc8e0a11f4bd,58d01453-bdf3-462d-b2cc-cc8e0a11f4bd-2-10,3,t,2026-04-17 09:27:46.328
09da1656-cf83-4fc6-8e2c-3e55232c0679,1c81e191-a57e-415c-8fbe-d214bb1df9d0,1c81e191-a57e-415c-8fbe-d214bb1df9d0-2-11,0,f,2026-04-17 09:27:53.808
97049bcf-6943-42e1-a5ab-55b4737bf58e,5d48f615-bb08-49d7-9d29-de098d96d55c,5d48f615-bb08-49d7-9d29-de098d96d55c-2-9,3,t,2026-04-17 09:28:22.916
93c1c5da-efa6-4525-990c-3a202718d86a,a7731f21-6ce1-4d01-914b-1d25018210bc,a7731f21-6ce1-4d01-914b-1d25018210bc-2-2,0,f,2026-04-17 09:38:00.559
bbfee633-8057-4b1e-bf40-b07ce9724ed8,bb853852-9b60-4bd7-88a3-63012845d3c9,bb853852-9b60-4bd7-88a3-63012845d3c9-2-10,3,t,2026-04-17 09:26:37.82
cd90ec71-44b8-4b21-8eb7-e85108414bf2,316d0ef9-3596-406f-974d-3d3bb82172a1,316d0ef9-3596-406f-974d-3d3bb82172a1-2-120,3,t,2026-04-17 09:26:54.284
051f51db-3394-4586-b065-29dc26303586,941a564c-77b9-48d6-920a-648da559328e,941a564c-77b9-48d6-920a-648da559328e-2-13,3,t,2026-04-17 09:26:54.453
36b5a75f-71aa-44d0-90b6-a9b61bc578ed,a90cc6ed-473d-44c4-b771-109130f5a335,a90cc6ed-473d-44c4-b771-109130f5a335-2-10,3,t,2026-04-17 09:27:02.728
f0ed2e41-e9e5-4618-82fd-f531be097961,7b2fc2f3-7bed-4c31-81a9-2ec17d2a01ed,7b2fc2f3-7bed-4c31-81a9-2ec17d2a01ed-2-102,3,t,2026-04-17 09:27:51.915
b3ba0063-f4ba-41c4-81c9-9946c4c179bb,c3ac1670-f197-4065-88b7-abb8a3f55e05,c3ac1670-f197-4065-88b7-abb8a3f55e05-2-7,3,t,2026-04-17 09:27:58.064
c40e4161-cf80-4ed1-ba5a-2ff9602ce25f,aa79aaac-b075-422b-b9be-a4ba8ac21137,aa79aaac-b075-422b-b9be-a4ba8ac21137-2-53,3,t,2026-04-17 09:28:30.985
53d4bff3-7d3a-485a-bf10-6161349b96d0,0a1c2caf-5fab-4238-934a-49f53a889a64,0a1c2caf-5fab-4238-934a-49f53a889a64-2-8,3,t,2026-04-17 09:29:16.916
66e9bb86-27a9-4937-8b3a-26bd7e0f22e7,8c965050-a932-4536-9444-4170909450b3,8c965050-a932-4536-9444-4170909450b3-2-6,3,t,2026-04-17 09:26:50.062
f6c92f11-f46a-49b3-bd38-03b4a815fbab,3ed8fc13-d8f6-4f15-a66d-be11fce71626,3ed8fc13-d8f6-4f15-a66d-be11fce71626-2-51,1,f,2026-04-17 09:27:20.815
86d0e6f0-a8b1-437d-981b-dfcf12a0f929,17a5a449-32db-47c3-a5e8-5f7368815036,17a5a449-32db-47c3-a5e8-5f7368815036-2-19,3,t,2026-04-17 09:26:55.165
af4984b0-25c2-4f8e-8cf6-a37dba6b3255,316d0ef9-3596-406f-974d-3d3bb82172a1,316d0ef9-3596-406f-974d-3d3bb82172a1-2-138,4,t,2026-04-17 09:27:15.038
034e236f-6b13-4ff6-9836-3dd858c0392e,9b2bfc86-cd9e-48cc-affa-2645a1b65bd1,9b2bfc86-cd9e-48cc-affa-2645a1b65bd1-2-13,3,t,2026-04-17 09:26:55.477
0e039c2b-1d15-434b-93a8-a3103775955d,d130faf7-1af2-415c-8c43-1b9a8c688fe2,d130faf7-1af2-415c-8c43-1b9a8c688fe2-2-35,3,t,2026-04-17 09:26:56.192
7e63a666-b400-4fe0-9544-d51ba4d02960,a3d745bf-e3f4-411c-97b5-2cd475f193f6,a3d745bf-e3f4-411c-97b5-2cd475f193f6-2-8,3,t,2026-04-17 09:26:56.62
95fc4845-cc32-4b50-8e90-d72cdb5d8671,b90a9c80-0433-49e1-b0ba-06f4234b647e,b90a9c80-0433-49e1-b0ba-06f4234b647e-2-5,3,t,2026-04-17 09:26:59.331
42086930-496e-4c38-baf5-a3982dae8ae5,5acfcb89-71a4-4847-b5ba-b747c0f0c58a,5acfcb89-71a4-4847-b5ba-b747c0f0c58a-2-27,1,f,2026-04-17 09:27:21.233
e2bbac15-f3b9-4003-8745-d9d36dd7107a,6a2053e0-87ba-489f-a3c8-4a2b6ff8f1f4,6a2053e0-87ba-489f-a3c8-4a2b6ff8f1f4-2-11,3,t,2026-04-17 09:27:00.869
7fbfbe2a-6843-468c-a9b2-ba8b12a7b0cc,514a5db5-8043-47c7-9e9a-214d7b05ca1b,514a5db5-8043-47c7-9e9a-214d7b05ca1b-2-31,3,t,2026-04-17 09:27:05.476
2c17d785-6c0a-4e1d-91a3-3fd9b2fcab04,129f2a12-36ee-4f40-8504-029cfb337c03,129f2a12-36ee-4f40-8504-029cfb337c03-2-7,1,f,2026-04-17 09:27:08.208
4f1a1ef1-e2a9-4b60-9de9-a361926527cd,ee1ce29b-7c86-48cd-850f-f5a8ee856031,ee1ce29b-7c86-48cd-850f-f5a8ee856031-2-7,1,f,2026-04-17 09:27:11.974
689a4655-49c3-40a8-8c0b-eb04555d84d7,2cd8d4c7-3ce7-413b-b1bc-f06ca673a1c7,2cd8d4c7-3ce7-413b-b1bc-f06ca673a1c7-2-28,3,t,2026-04-17 09:27:12.891
46b3d920-7977-4a48-887d-90cea3bf6199,7428391c-79d7-4f38-961c-2eae701e9b59,7428391c-79d7-4f38-961c-2eae701e9b59-2-40,4,t,2026-04-17 09:27:18.085
508175ee-2379-4945-a6b1-a9ff7cdad7d7,ca35df0c-8896-47e7-9dcd-485fa1d8274b,ca35df0c-8896-47e7-9dcd-485fa1d8274b-2-77,0,f,2026-04-17 09:27:18.315
dda0342a-9bdd-4759-a401-ebb7d8f2a80e,b4e7203d-cf8d-4685-a95e-4b43505d273f,b4e7203d-cf8d-4685-a95e-4b43505d273f-2-23,0,f,2026-04-17 09:27:19.94
c0d9431b-3527-454a-956d-054c511cb7fe,b90a9c80-0433-49e1-b0ba-06f4234b647e,b90a9c80-0433-49e1-b0ba-06f4234b647e-2-6,3,t,2026-04-17 09:29:09.352
f8407c4f-0e2a-48e9-9019-44f72037f2ce,3c6306dc-eec2-41c2-8d8b-f95096887ac8,3c6306dc-eec2-41c2-8d8b-f95096887ac8-2-4,3,t,2026-04-17 09:29:36.61
e13dcdf0-4ffd-481a-bfdc-8ee0385f8399,8e56a4a5-a012-4d03-a49b-1fbbca1953f7,8e56a4a5-a012-4d03-a49b-1fbbca1953f7-2-15,0,f,2026-04-17 09:27:58.492
7c543e66-bbf0-4be2-88b6-403a0bf26afc,6a2053e0-87ba-489f-a3c8-4a2b6ff8f1f4,6a2053e0-87ba-489f-a3c8-4a2b6ff8f1f4-2-12,3,t,2026-04-17 09:27:26.306
2b90606f-7e78-4c91-84a9-9d97759cdf49,cd63e7c5-8d29-4d59-adaa-e76fbbc1aabd,cd63e7c5-8d29-4d59-adaa-e76fbbc1aabd-2-73,0,f,2026-04-17 09:27:30.899
ad44d6da-6b45-4d5c-b844-b94f87ceddf2,1e4d7928-481a-4e8d-ad61-a9ffbbaa5374,1e4d7928-481a-4e8d-ad61-a9ffbbaa5374-2-29,4,t,2026-04-17 09:27:26.729
58928618-7490-4270-9a76-43ac4a2ecd53,4626347f-a937-4b7f-8da9-b4a98783e145,4626347f-a937-4b7f-8da9-b4a98783e145-2-37,0,f,2026-04-17 09:27:31.662
88bf2a21-7d2c-4554-8232-3a90f8043d6a,e8ec8ac3-72eb-420a-80e3-1be06708b38c,e8ec8ac3-72eb-420a-80e3-1be06708b38c-2-3,3,t,2026-04-17 09:28:04.261
29f46d60-ee2d-4fbc-bf02-2e1bb7a0bc9c,4975effd-c5f3-42c2-8e98-7a5eca5004b6,4975effd-c5f3-42c2-8e98-7a5eca5004b6-2-20,3,t,2026-04-17 09:27:32.563
cb99206f-c597-420c-bb51-11298f067cf0,ee167702-12fb-4e79-9b71-c1a3d0ee55dd,ee167702-12fb-4e79-9b71-c1a3d0ee55dd-2-3,3,t,2026-04-17 09:29:04.549
dbc69f83-8ba0-42b9-b7cc-c075808e03ad,739b9181-f4e6-44f3-9f82-b8dc34c81fa5,739b9181-f4e6-44f3-9f82-b8dc34c81fa5-2-8,0,f,2026-04-17 09:27:34.937
4455b052-c846-4042-8de3-91b972e3fe2a,ccfa1e3b-55c9-4102-9146-6e5cc30549b7,ccfa1e3b-55c9-4102-9146-6e5cc30549b7-2-21,3,t,2026-04-17 09:27:57.838
c0728bf1-ef0e-446a-8db8-68506d8203df,d130faf7-1af2-415c-8c43-1b9a8c688fe2,d130faf7-1af2-415c-8c43-1b9a8c688fe2-2-36,3,t,2026-04-17 09:27:44.175
e5a22c27-2bea-4692-8bd0-ea178dc27401,a57c2f4a-4224-4da8-8026-fc6f6253c6d0,a57c2f4a-4224-4da8-8026-fc6f6253c6d0-2-30,3,t,2026-04-17 09:27:36.709
002bc49e-359f-4b23-bd25-8989a9d45ed6,1a94d1fc-a7f8-4bf4-a15e-d0ac8d2c0f3e,1a94d1fc-a7f8-4bf4-a15e-d0ac8d2c0f3e-2-1,5,t,2026-04-17 09:27:40.723
eb45b56f-4ee1-4bf9-b3bd-fb7f21eef95b,bedc8c20-6537-41cd-a397-24a85b8a3a24,bedc8c20-6537-41cd-a397-24a85b8a3a24-2-30,0,f,2026-04-17 09:27:38.317
7cfda94f-d602-463d-b58d-338fc59bd40d,c590bbb6-233c-428e-ba79-dfbfcb024d69,c590bbb6-233c-428e-ba79-dfbfcb024d69-2-27,3,t,2026-04-17 09:28:21.971
28b940df-7de3-4a14-9dcf-56498e121d8c,57fd170e-8fcf-425e-aafb-34331dbe4494,57fd170e-8fcf-425e-aafb-34331dbe4494-2-47,3,t,2026-04-17 09:27:41.912
8a0477ca-7a91-40c4-819b-09fd2b58caeb,b19ce3ea-90c7-4c5f-b1fd-2bbef2efb0a4,b19ce3ea-90c7-4c5f-b1fd-2bbef2efb0a4-2-125,0,f,2026-04-17 09:27:44.288
20f980c8-ba0b-4dc6-a6e6-6f22b683f520,f0ab63a2-2e97-4a4a-ace4-8715bb448f47,f0ab63a2-2e97-4a4a-ace4-8715bb448f47-2-52,0,f,2026-04-17 09:27:57.346
eaadcca7-6cc0-40b9-8686-1b21517cf02f,08ffa16d-5fda-48dc-97ba-0fa8ad2ec214,08ffa16d-5fda-48dc-97ba-0fa8ad2ec214-2-5,0,f,2026-04-17 09:27:46.474
1aa37b24-168c-4752-98af-3e143508fd19,006eee1f-7c23-4324-b8e0-3234d930131f,006eee1f-7c23-4324-b8e0-3234d930131f-2-30,0,f,2026-04-17 09:27:56.291
59eb5849-358c-4ce1-9d41-9f88b685c346,71af5200-8305-4525-b2fc-af68aaeee385,71af5200-8305-4525-b2fc-af68aaeee385-2-18,0,f,2026-04-17 09:28:03.028
ad1e3f3f-6bca-4938-bd91-34dc5cb67473,ff0050af-b573-4178-a75c-7c6480e584a3,ff0050af-b573-4178-a75c-7c6480e584a3-2-6,3,t,2026-04-17 09:28:30.188
c0638e80-8aa8-4bbd-b784-0e0227659e2f,4a3472ef-4168-42ef-bd3e-75b067f3d9ae,4a3472ef-4168-42ef-bd3e-75b067f3d9ae-2-5,3,t,2026-04-17 09:29:09.527
2cb64b35-4c91-4a2f-9d52-9168b1769ae1,aebd5ab0-d995-48cc-9ce2-257757499d18,aebd5ab0-d995-48cc-9ce2-257757499d18-2-1,3,t,2026-04-17 09:29:07.661
65c2a49b-4626-4cc0-a38d-8da7ff242bb6,2685f831-e1b0-4ad2-a7ef-cf48ff212488,2685f831-e1b0-4ad2-a7ef-cf48ff212488-2-2,3,t,2026-04-17 09:42:36.289
920bd2bf-e503-40ed-aa5c-2a3e2b69be9b,52fb53ed-992a-40b7-a284-d0ef206d8b3b,52fb53ed-992a-40b7-a284-d0ef206d8b3b-2-17,3,t,2026-04-17 09:42:07.86
48af42ec-eed9-4c9a-8b60-a76b357c6a9a,495d6ec5-2846-4068-b1a9-afa26ece5ac9,495d6ec5-2846-4068-b1a9-afa26ece5ac9-2-18,4,t,2026-04-17 09:46:35.872
376530b0-cb14-44d5-b93f-3de8b160cb2d,9b2bfc86-cd9e-48cc-affa-2645a1b65bd1,9b2bfc86-cd9e-48cc-affa-2645a1b65bd1-2-16,3,t,2026-04-17 09:28:54.416
1f752b1e-26d3-4e2b-b00d-59dbdf30a4b2,6a2053e0-87ba-489f-a3c8-4a2b6ff8f1f4,6a2053e0-87ba-489f-a3c8-4a2b6ff8f1f4-2-20,3,t,2026-04-17 09:28:27.66
98eaa72c-3195-43f7-8fc7-2bb8fde47498,d4ecfa36-8cae-4f49-bb89-7cdcd67cb290,d4ecfa36-8cae-4f49-bb89-7cdcd67cb290-2-47,3,t,2026-04-17 09:27:49.293
20bad40e-bc54-4134-8bce-8f5f316f9f95,7afa437d-92ff-461c-a526-7bcc284e9e63,7afa437d-92ff-461c-a526-7bcc284e9e63-2-4,3,t,2026-04-17 09:28:39.819
66cbac04-3dd0-4f9f-b0d2-33ed880899f4,4975effd-c5f3-42c2-8e98-7a5eca5004b6,4975effd-c5f3-42c2-8e98-7a5eca5004b6-2-27,4,t,2026-04-17 09:28:40.09
9f611e8d-3882-4cda-b0d3-72aefbda04c4,0909b68c-aaca-4bf2-a2cd-bbdeecdee3e8,0909b68c-aaca-4bf2-a2cd-bbdeecdee3e8-2-5,3,t,2026-04-17 09:27:50.803
f3c12ba6-c3f7-440c-ae17-6b0361516998,23224d87-2a2b-4e43-b601-671930d2ad0c,23224d87-2a2b-4e43-b601-671930d2ad0c-2-22,1,f,2026-04-17 09:27:59.93
69db96bc-42b9-421a-9bca-aee5e88177b0,b36faffd-430e-4c0c-ac9a-4dba748e85a8,b36faffd-430e-4c0c-ac9a-4dba748e85a8-2-21,3,t,2026-04-17 09:28:28.344
ec0db797-eda1-4043-972c-86fc261367ff,f6c99088-8b12-4bb0-a68c-2d2bcb90282b,f6c99088-8b12-4bb0-a68c-2d2bcb90282b-2-59,0,f,2026-04-17 09:28:29.524
db83fe6d-5566-4f8d-bdc6-ba98bb2566c3,c3ac1670-f197-4065-88b7-abb8a3f55e05,c3ac1670-f197-4065-88b7-abb8a3f55e05-2-8,3,t,2026-04-17 09:30:08.071
56209f68-ee55-4a32-8b29-a88858f1c12b,4f08dd81-6f2e-4cc8-b553-763cdcdae36e,4f08dd81-6f2e-4cc8-b553-763cdcdae36e-2-16,0,f,2026-04-17 09:28:43.709
54e418f1-e3dd-412d-a6aa-010393fbd077,4aa59ff8-da67-4892-bffb-557d6cccf237,4aa59ff8-da67-4892-bffb-557d6cccf237-2-4,3,t,2026-04-17 09:28:30.493
c1721554-2858-4907-a630-9a3f76c1b44d,514a5db5-8043-47c7-9e9a-214d7b05ca1b,514a5db5-8043-47c7-9e9a-214d7b05ca1b-2-32,6,t,2026-04-17 09:28:06.696
b7322574-ebc1-47c0-bf9f-6d4d84b961a0,cd3fce12-0fbc-4c8c-923b-8d0db1d0a4dd,cd3fce12-0fbc-4c8c-923b-8d0db1d0a4dd-2-17,0,f,2026-04-17 09:28:16.519
4943f929-5260-4865-b482-c4262ab142be,129f2a12-36ee-4f40-8504-029cfb337c03,129f2a12-36ee-4f40-8504-029cfb337c03-2-8,3,t,2026-04-17 09:28:59.694
78dc3830-7214-4095-8bae-debbf1a102c6,316d0ef9-3596-406f-974d-3d3bb82172a1,316d0ef9-3596-406f-974d-3d3bb82172a1-2-104,3,t,2026-04-17 09:29:25.924
a3452224-fa1f-4688-ab86-686fc0ca40ef,52fb53ed-992a-40b7-a284-d0ef206d8b3b,52fb53ed-992a-40b7-a284-d0ef206d8b3b-2-4,3,t,2026-04-17 09:28:24.928
2b85af4a-da23-4906-994d-14dad4fc833e,1d7d8a6d-b644-489f-8c94-3b8fe34d9c9a,1d7d8a6d-b644-489f-8c94-3b8fe34d9c9a-2-72,0,f,2026-04-17 09:28:36.507
c788a57a-ecc5-4243-9dc1-e6fe9a818778,08ffa16d-5fda-48dc-97ba-0fa8ad2ec214,08ffa16d-5fda-48dc-97ba-0fa8ad2ec214-2-6,3,t,2026-04-17 09:28:37.288
1d4cf4f6-9121-4fe1-9ad2-c1f6302c7244,7b2fc2f3-7bed-4c31-81a9-2ec17d2a01ed,7b2fc2f3-7bed-4c31-81a9-2ec17d2a01ed-2-103,3,t,2026-04-17 09:28:46.953
594fc7c9-e4b9-4fd8-bedd-364ba87eb92f,976db7d1-71ac-4b46-9871-48fd7f6980dc,976db7d1-71ac-4b46-9871-48fd7f6980dc-2-39,4,t,2026-04-17 09:29:04.22
c27fdf70-d2d4-4047-8574-c3b0ea41541f,495d6ec5-2846-4068-b1a9-afa26ece5ac9,495d6ec5-2846-4068-b1a9-afa26ece5ac9-2-3,3,t,2026-04-17 09:31:15.373
390e45af-1f23-45ee-ab03-f14919d493bb,5c2703f1-c588-4abe-9a48-8c4d20a94b61,5c2703f1-c588-4abe-9a48-8c4d20a94b61-2-4,3,t,2026-04-17 09:28:47.129
effeadc8-f3c9-4cfc-bd2e-a9b9fcc6f59b,4f7c2ed7-83a1-4fa7-ac08-c7c3640fd0b2,4f7c2ed7-83a1-4fa7-ac08-c7c3640fd0b2-2-42,0,f,2026-04-17 09:28:52.089
af1e355c-45b7-4917-a213-333f22cde0fb,9b2bfc86-cd9e-48cc-affa-2645a1b65bd1,9b2bfc86-cd9e-48cc-affa-2645a1b65bd1-2-14,3,t,2026-04-17 09:29:33.764
34839868-61fc-4bed-8f49-1edfbe4da96a,a037f741-a910-48c8-9024-37930d7b2190,a037f741-a910-48c8-9024-37930d7b2190-2-34,3,t,2026-04-17 09:29:08.871
a4783fbb-d150-472e-9d8a-2fb7b8f2389e,ee1ce29b-7c86-48cd-850f-f5a8ee856031,ee1ce29b-7c86-48cd-850f-f5a8ee856031-2-9,3,t,2026-04-17 09:30:10.877
eb83c013-5f00-438f-ae12-18279a49ad33,1ba4c6b9-4c26-4030-bfde-58ff3da5e5b9,1ba4c6b9-4c26-4030-bfde-58ff3da5e5b9-2-10,3,t,2026-04-17 09:29:31.923
2cc06aa0-a70f-4d14-96f1-e141177100d8,d130faf7-1af2-415c-8c43-1b9a8c688fe2,d130faf7-1af2-415c-8c43-1b9a8c688fe2-2-37,3,t,2026-04-17 09:29:30.627
1a594288-20af-45fe-9291-4e92422f837b,ff0050af-b573-4178-a75c-7c6480e584a3,ff0050af-b573-4178-a75c-7c6480e584a3-2-7,2,f,2026-04-17 09:29:31.162
25e5f1d2-5e13-49c2-a685-cfa53667b6d7,941a564c-77b9-48d6-920a-648da559328e,941a564c-77b9-48d6-920a-648da559328e-2-14,3,t,2026-04-17 09:29:27.693
e56aaae6-e5fb-4462-9877-efa868e5de21,4975effd-c5f3-42c2-8e98-7a5eca5004b6,4975effd-c5f3-42c2-8e98-7a5eca5004b6-2-30,3,t,2026-04-17 09:29:39.678
ca58ffd1-cb23-4f24-b462-88560a47daf3,a037f741-a910-48c8-9024-37930d7b2190,a037f741-a910-48c8-9024-37930d7b2190-2-32,4,t,2026-04-17 09:29:46.065
ad790daf-ccd6-4193-bfd0-18f521e6e82a,08ffa16d-5fda-48dc-97ba-0fa8ad2ec214,08ffa16d-5fda-48dc-97ba-0fa8ad2ec214-2-7,3,t,2026-04-17 09:30:37.447
542ef9ff-3190-4826-b582-8bb55eb0bca4,a57c2f4a-4224-4da8-8026-fc6f6253c6d0,a57c2f4a-4224-4da8-8026-fc6f6253c6d0-2-32,3,t,2026-04-17 09:30:16.669
ff3e7cc2-6a86-4aec-ad51-8d85916ee277,8eacf413-c251-4506-b63c-8b2960144356,8eacf413-c251-4506-b63c-8b2960144356-2-5,3,t,2026-04-17 09:30:48.99
77dc87e1-27fb-4ea9-a481-190754912536,897d03b4-4f5e-4d77-b19e-f7aee227197e,897d03b4-4f5e-4d77-b19e-f7aee227197e-2-10,0,f,2026-04-17 09:30:00.952
b5821474-1d61-44fd-b922-6d15f371e0f7,6077991f-156c-447c-a69b-4e2d765b115b,6077991f-156c-447c-a69b-4e2d765b115b-2-74,0,f,2026-04-17 09:30:09.245
67298e0e-0aac-46b0-8819-ed2b9cfa7c53,d90b640e-7008-4861-8197-64e64a901462,d90b640e-7008-4861-8197-64e64a901462-2-8,0,f,2026-04-17 09:30:12.218
c72b816d-f6e0-4bab-b87c-8f25c1fb3d6e,0d7df0d3-7223-4b74-8c6c-3aa5b26af7bd,0d7df0d3-7223-4b74-8c6c-3aa5b26af7bd-2-23,3,t,2026-04-17 09:30:14.314
fff6b95a-e88a-4b89-a7d7-5bb4e3fec02e,e810366e-1e77-47e9-878d-baae7e38ecfa,e810366e-1e77-47e9-878d-baae7e38ecfa-2-104,3,t,2026-04-17 09:30:13.801
41dc1b49-dbbc-4db2-8b7e-6b7c2f955850,add279af-2d44-4ee5-a302-878d603890fd,add279af-2d44-4ee5-a302-878d603890fd-2-39,3,t,2026-04-17 09:30:15.897
196d3355-3d13-4d9d-af4f-a4b6e8f181da,1df7744c-4296-4a4a-a293-6431531fce9a,1df7744c-4296-4a4a-a293-6431531fce9a-2-17,3,t,2026-04-17 09:30:41.869
5d691fba-0129-49eb-a109-c5b7e4d33663,902cdc82-6e20-450c-955f-c13491ebf0ef,902cdc82-6e20-450c-955f-c13491ebf0ef-2-18,3,t,2026-04-17 09:31:42.329
be610c93-e121-4636-995e-de0f9acc5744,739b9181-f4e6-44f3-9f82-b8dc34c81fa5,739b9181-f4e6-44f3-9f82-b8dc34c81fa5-2-9,0,f,2026-04-17 09:31:30.278
e6a7e16b-dae1-49b6-a8b7-89873389d7c4,319d9117-957e-472c-ae32-07a254740eab,319d9117-957e-472c-ae32-07a254740eab-2-5,3,t,2026-04-17 09:32:17.499
04529842-0d80-43de-9827-b8d0b7482b4e,19369cc7-101f-4580-a45c-d3a728230d91,19369cc7-101f-4580-a45c-d3a728230d91-2-8,0,f,2026-04-17 09:37:12.868
d7f63fe2-c6ee-4e89-9f41-328508d89d25,316d0ef9-3596-406f-974d-3d3bb82172a1,316d0ef9-3596-406f-974d-3d3bb82172a1-2-102,3,t,2026-04-17 09:27:50.659
50866b5b-ab96-4dc9-881f-73dc700d0f27,e810366e-1e77-47e9-878d-baae7e38ecfa,e810366e-1e77-47e9-878d-baae7e38ecfa-2-102,3,t,2026-04-17 09:28:13.931
1c8d71df-b308-48e5-b563-30e296c92a94,902cdc82-6e20-450c-955f-c13491ebf0ef,902cdc82-6e20-450c-955f-c13491ebf0ef-2-17,3,t,2026-04-17 09:28:48.327
114a3991-54c1-4ec6-88e3-1be857ff904b,0fae6e06-cdbd-4916-912b-1b5686e37eb1,0fae6e06-cdbd-4916-912b-1b5686e37eb1-2-1,3,t,2026-04-17 10:02:36.08
315aed08-e8e7-4e4c-814c-ee1370b5a16c,3ed8fc13-d8f6-4f15-a66d-be11fce71626,3ed8fc13-d8f6-4f15-a66d-be11fce71626-2-52,0,f,2026-04-17 09:28:17.592
9ea0239d-1533-46a2-b27f-13fc2299530b,c14ef5db-05f5-4aac-b1d5-95491a5cc2b5,c14ef5db-05f5-4aac-b1d5-95491a5cc2b5-2-111,0,f,2026-04-17 09:29:05.086
9cc9d52b-e4ed-4f78-8153-154409568667,1e4d7928-481a-4e8d-ad61-a9ffbbaa5374,1e4d7928-481a-4e8d-ad61-a9ffbbaa5374-2-30,3,t,2026-04-17 09:28:29.228
e2137954-da48-4663-ab94-eabfaaebcf12,a3d745bf-e3f4-411c-97b5-2cd475f193f6,a3d745bf-e3f4-411c-97b5-2cd475f193f6-2-20,3,t,2026-04-17 09:28:32.019
bfbb0b69-fa5e-4201-84a5-52aa10acadd6,5447cc7a-9630-4dc1-a474-fca1ddf341e6,5447cc7a-9630-4dc1-a474-fca1ddf341e6-2-32,0,f,2026-04-17 09:29:12.998
e6ca5041-c0aa-4a06-8268-efea624a7cbb,168d9ac5-fe98-4413-89ca-c7521f7238d3,168d9ac5-fe98-4413-89ca-c7521f7238d3-2-4,3,t,2026-04-17 09:29:37.667
690657f2-f4d1-4a69-8a6c-ae2057aeb0ae,316d0ef9-3596-406f-974d-3d3bb82172a1,316d0ef9-3596-406f-974d-3d3bb82172a1-2-108,3,t,2026-04-17 09:28:34.654
469ea614-e7cb-42c1-8173-af6b54bbd5ca,8e22e569-7e6d-405b-ab7c-1e37deaab668,8e22e569-7e6d-405b-ab7c-1e37deaab668-2-9,1,f,2026-04-17 09:28:34.704
097280e5-aec0-4dc0-b823-e16886556d71,0b32d4cc-c2f4-4667-98d4-6ac9580694ec,0b32d4cc-c2f4-4667-98d4-6ac9580694ec-2-6,3,t,2026-04-17 09:29:13.026
4bac779b-5423-4891-84d7-0a2cc84c243a,a3e3f98b-4511-430d-8cc5-03e6b557fbee,a3e3f98b-4511-430d-8cc5-03e6b557fbee-2-93,3,t,2026-04-17 09:28:35.623
8a795da2-9925-47a4-a115-8b137a9da78f,4d064b59-db6f-4c00-a7bd-dd47165afed8,4d064b59-db6f-4c00-a7bd-dd47165afed8-2-90,0,f,2026-04-17 09:28:35.665
cee1f256-899c-4265-91c6-89ffc0985cde,d39050bd-ce5c-4719-ae39-d694ab777186,d39050bd-ce5c-4719-ae39-d694ab777186-2-50,3,t,2026-04-17 09:29:26.908
1296a380-3cd9-43f6-83fb-cddd2cdfa8d2,c350e513-ace9-47c0-89b3-c48b08a6552d,c350e513-ace9-47c0-89b3-c48b08a6552d-2-24,0,f,2026-04-17 09:28:46.886
1a07d667-bb97-4e77-91a8-aba4ce7bbcaf,b19ce3ea-90c7-4c5f-b1fd-2bbef2efb0a4,b19ce3ea-90c7-4c5f-b1fd-2bbef2efb0a4-2-2,1,f,2026-04-17 09:29:17.926
8eda6733-c1bc-4a63-99fe-4b6268570e1c,e810366e-1e77-47e9-878d-baae7e38ecfa,e810366e-1e77-47e9-878d-baae7e38ecfa-2-103,3,t,2026-04-17 09:28:55.852
e379b9a3-a008-4b51-b6db-c40071648371,18ebe6f7-fcde-40f7-9e61-acd799d7c61f,18ebe6f7-fcde-40f7-9e61-acd799d7c61f-2-27,0,f,2026-04-17 09:29:27.406
0b22baa3-19bc-4477-945c-672daf378fd6,52fb53ed-992a-40b7-a284-d0ef206d8b3b,52fb53ed-992a-40b7-a284-d0ef206d8b3b-2-6,3,t,2026-04-17 09:31:05.443
ec1aaeb1-b1ab-4830-adda-3d9fda39e73a,0fe6c4b2-51f6-4335-8018-6048d4d289a1,0fe6c4b2-51f6-4335-8018-6048d4d289a1-2-6,3,t,2026-04-17 09:29:18.897
e7e4a527-2d35-478f-9d43-9d0fb5f9bccc,23e7680d-44ec-4c81-a8e0-a217af0db21c,23e7680d-44ec-4c81-a8e0-a217af0db21c-2-1,3,t,2026-04-17 09:29:01.37
37028b55-3e52-4052-bd48-bb66e33d284e,6a804deb-cef1-4cdc-95c7-6574a1e7577a,6a804deb-cef1-4cdc-95c7-6574a1e7577a-2-23,3,t,2026-04-17 09:29:21.876
707d8c9a-8c04-41fa-92e6-067a5f37d98f,d046f7bb-6c8b-4921-bd3a-a1787d4a85aa,d046f7bb-6c8b-4921-bd3a-a1787d4a85aa-2-5,1,f,2026-04-17 09:29:23.418
dc5b4f23-18c0-4299-8a84-10bb113b1b09,c350e513-ace9-47c0-89b3-c48b08a6552d,c350e513-ace9-47c0-89b3-c48b08a6552d-2-25,3,t,2026-04-17 09:29:32.695
2149550b-0a4a-46fb-8d1d-43accc4dcfda,3ed8fc13-d8f6-4f15-a66d-be11fce71626,3ed8fc13-d8f6-4f15-a66d-be11fce71626-2-56,0,f,2026-04-17 09:29:24.08
0742479e-8c22-47da-bb8d-1d9748740cac,af396e60-26b6-432a-8422-e4deb7c06937,af396e60-26b6-432a-8422-e4deb7c06937-2-1,3,t,2026-04-17 09:29:24.162
5f53ca16-db67-4d2c-90c7-92cad1087647,7b2f5f37-d75f-42c7-a64b-e7d6da909f2e,7b2f5f37-d75f-42c7-a64b-e7d6da909f2e-2-7,3,t,2026-04-17 09:29:34.503
eb8e5fce-9b9f-4816-a705-558118dcce89,b36faffd-430e-4c0c-ac9a-4dba748e85a8,b36faffd-430e-4c0c-ac9a-4dba748e85a8-2-22,3,t,2026-04-17 09:29:59.614
fd6dfc27-8295-45bd-8f0b-caef34b1eebc,ad2ea128-38e3-4ed1-a9e9-612e79f000bd,ad2ea128-38e3-4ed1-a9e9-612e79f000bd-2-102,3,t,2026-04-17 09:31:17.133
ee412da6-19b7-4641-b280-24022621265b,b4e7203d-cf8d-4685-a95e-4b43505d273f,b4e7203d-cf8d-4685-a95e-4b43505d273f-2-25,3,t,2026-04-17 09:30:09.45
28704a3d-d97a-435f-ac30-711da3e88400,7afa437d-92ff-461c-a526-7bcc284e9e63,7afa437d-92ff-461c-a526-7bcc284e9e63-2-5,2,f,2026-04-17 09:30:22.419
e84724c1-4a4d-428f-b633-f885641fbcd1,3201a497-4a53-41cf-8c80-7953d79d37c5,3201a497-4a53-41cf-8c80-7953d79d37c5-2-9,3,t,2026-04-17 09:31:33.088
10fd4a05-b55e-4a5e-85f5-a0a37d10aed5,f5e2ef8c-4e28-4665-b659-8de68ae205cd,f5e2ef8c-4e28-4665-b659-8de68ae205cd-2-5,0,f,2026-04-17 09:31:33.509
99756048-f27b-4eaa-bbce-28e31606d134,681a0041-3f56-4baf-9f99-de49e187b870,681a0041-3f56-4baf-9f99-de49e187b870-2-4,3,t,2026-04-17 09:32:36.967
afb995e0-de3d-4b57-ac9c-b76a51173415,95b4713c-2d16-4eca-8fe7-b71e4ebdc3db,95b4713c-2d16-4eca-8fe7-b71e4ebdc3db-2-0,3,t,2026-04-17 09:53:33.909
87b47e5a-9f0a-443f-b282-6be8fd34b0c2,0bf990e4-8545-4dbb-8253-87e4953f00ab,0bf990e4-8545-4dbb-8253-87e4953f00ab-2-0,0,f,2026-04-17 10:00:08.873
430d31dc-6c3b-40ae-9660-ccc4744c4115,ccfa1e3b-55c9-4102-9146-6e5cc30549b7,ccfa1e3b-55c9-4102-9146-6e5cc30549b7-2-29,0,f,2026-04-17 09:29:49.571
cd0cd265-af72-40e3-b466-f6544bb39a98,976db7d1-71ac-4b46-9871-48fd7f6980dc,976db7d1-71ac-4b46-9871-48fd7f6980dc-2-40,0,f,2026-04-17 09:29:58.09
76e45ed5-4454-49f8-8347-b7b670606f49,21d53331-bf7e-4a4a-8242-daa5236fc398,21d53331-bf7e-4a4a-8242-daa5236fc398-2-70,0,f,2026-04-17 09:30:02.262
e403eeaa-cc1b-4b0f-840a-fd38552233ec,8e22e569-7e6d-405b-ab7c-1e37deaab668,8e22e569-7e6d-405b-ab7c-1e37deaab668-2-2,3,t,2026-04-17 09:30:04.988
f0af6b9b-c004-4732-a1ad-7a1335889ec9,c7cebb6f-4ce3-4ec5-8846-3ed1bf6c8dbe,c7cebb6f-4ce3-4ec5-8846-3ed1bf6c8dbe-2-1,3,t,2026-04-17 09:30:07.621
127215c3-2e34-4d9d-b251-ffd9012c55bc,4aa59ff8-da67-4892-bffb-557d6cccf237,4aa59ff8-da67-4892-bffb-557d6cccf237-2-6,2,f,2026-04-17 09:30:45.329
2e81c455-dc92-459b-90a8-11eecb3bd491,09616f14-bdbc-4a08-81a4-460e529179a2,09616f14-bdbc-4a08-81a4-460e529179a2-2-8,3,t,2026-04-17 09:31:18.857
64a853db-6425-4376-a709-130cd65475a5,0fe6c4b2-51f6-4335-8018-6048d4d289a1,0fe6c4b2-51f6-4335-8018-6048d4d289a1-2-7,3,t,2026-04-17 09:30:11.847
ca9dea50-7f9d-4b67-a848-861f70a96702,3b87423f-faa3-41f0-8c7a-842466473516,3b87423f-faa3-41f0-8c7a-842466473516-2-13,1,f,2026-04-17 09:30:14.147
8da00dab-f19b-434f-96ba-0e2e7f77a9ee,006eee1f-7c23-4324-b8e0-3234d930131f,006eee1f-7c23-4324-b8e0-3234d930131f-2-32,3,t,2026-04-17 09:30:28.387
fd5c88bc-e736-4382-88e0-76191d447d56,58d01453-bdf3-462d-b2cc-cc8e0a11f4bd,58d01453-bdf3-462d-b2cc-cc8e0a11f4bd-2-12,3,t,2026-04-17 09:30:14.355
265c4aa7-2339-40b7-a949-cfab6ee7809b,9b2bfc86-cd9e-48cc-affa-2645a1b65bd1,9b2bfc86-cd9e-48cc-affa-2645a1b65bd1-2-18,3,t,2026-04-17 09:30:36.899
d86f17de-ec44-4895-8cf3-9db116aca7c5,a276db23-8b57-4fb8-bc06-59bbf14f7100,a276db23-8b57-4fb8-bc06-59bbf14f7100-2-18,3,t,2026-04-17 09:30:20.208
c3060baa-f3e2-4250-a90e-fcfe5b59b4f6,a7d55219-3a56-4459-ab06-848c1a483037,a7d55219-3a56-4459-ab06-848c1a483037-2-6,3,t,2026-04-17 09:34:19.813
f9bc4bc2-ffeb-4566-b869-3d19a5c23e6f,ccfa1e3b-55c9-4102-9146-6e5cc30549b7,ccfa1e3b-55c9-4102-9146-6e5cc30549b7-2-30,4,t,2026-04-17 09:30:37.408
f4167692-3f94-4733-b3b3-cb2671d455d8,316d0ef9-3596-406f-974d-3d3bb82172a1,316d0ef9-3596-406f-974d-3d3bb82172a1-2-146,3,t,2026-04-17 09:30:29.428
b6126dcb-b1ff-4f65-a4ac-0d7897b57104,9b2bfc86-cd9e-48cc-affa-2645a1b65bd1,9b2bfc86-cd9e-48cc-affa-2645a1b65bd1-2-17,3,t,2026-04-17 09:30:22.548
86648241-2f85-4f7e-9217-d587f058a5e7,129f2a12-36ee-4f40-8504-029cfb337c03,129f2a12-36ee-4f40-8504-029cfb337c03-2-9,2,f,2026-04-17 09:30:30.447
8843c315-2cd2-4c8d-8199-8b70e9eb3733,514a5db5-8043-47c7-9e9a-214d7b05ca1b,514a5db5-8043-47c7-9e9a-214d7b05ca1b-2-37,3,t,2026-04-17 09:30:23.068
73d16101-a8ca-4b63-9193-ac3e300f4ec9,ff0050af-b573-4178-a75c-7c6480e584a3,ff0050af-b573-4178-a75c-7c6480e584a3-2-9,1,f,2026-04-17 09:30:23.266
855a3238-f4e1-4dcc-8fc6-8de6cc9f7a05,7ef6d63a-b0af-4be2-a8e0-3784fd609017,7ef6d63a-b0af-4be2-a8e0-3784fd609017-2-11,3,t,2026-04-17 09:30:31.322
5499d928-0b4b-4161-88c0-4cc17f456841,fa6ae629-f37f-4409-aba6-c4e071599e36,fa6ae629-f37f-4409-aba6-c4e071599e36-2-23,0,f,2026-04-17 09:30:34.485
df409254-62ce-49be-881a-87b39a7288ad,b36faffd-430e-4c0c-ac9a-4dba748e85a8,b36faffd-430e-4c0c-ac9a-4dba748e85a8-2-23,3,t,2026-04-17 09:30:42.824
a6e4f637-fe87-45a0-9ca5-7c83606ac0d8,1a94d1fc-a7f8-4bf4-a15e-d0ac8d2c0f3e,1a94d1fc-a7f8-4bf4-a15e-d0ac8d2c0f3e-2-2,3,t,2026-04-17 09:30:38.414
eb350373-8dde-45f1-8229-55c672b10753,3ab607f7-a0dc-4fe7-9962-162700c52251,3ab607f7-a0dc-4fe7-9962-162700c52251-2-15,3,t,2026-04-17 09:30:43.847
36305f05-1e92-467f-af4c-c6408a013cb9,ae512a82-7989-4fb2-87f7-abece7160322,ae512a82-7989-4fb2-87f7-abece7160322-2-72,0,f,2026-04-17 09:30:43.866
b5e4109a-473a-42de-aff9-8b6577763668,d39050bd-ce5c-4719-ae39-d694ab777186,d39050bd-ce5c-4719-ae39-d694ab777186-2-51,4,t,2026-04-17 09:30:41.299
127e77f0-cbf4-4773-b1bc-44b6cfc4b0ba,9b2bfc86-cd9e-48cc-affa-2645a1b65bd1,9b2bfc86-cd9e-48cc-affa-2645a1b65bd1-2-19,3,t,2026-04-17 09:30:49.71
5b2c2119-f1a1-4fbd-8cc0-5d50062b815c,4a3472ef-4168-42ef-bd3e-75b067f3d9ae,4a3472ef-4168-42ef-bd3e-75b067f3d9ae-2-6,3,t,2026-04-17 09:31:28.517
a667e00b-24d3-4495-bec3-775c8ccf999a,4f08dd81-6f2e-4cc8-b553-763cdcdae36e,4f08dd81-6f2e-4cc8-b553-763cdcdae36e-2-18,3,t,2026-04-17 09:31:05.509
3cc7c482-5ae1-4e6a-a664-0593309156e2,6a2053e0-87ba-489f-a3c8-4a2b6ff8f1f4,6a2053e0-87ba-489f-a3c8-4a2b6ff8f1f4-2-32,3,t,2026-04-17 09:30:55.322
8ab27923-0670-4149-8078-df3b27824f07,19369cc7-101f-4580-a45c-d3a728230d91,19369cc7-101f-4580-a45c-d3a728230d91-2-9,0,f,2026-04-17 09:37:56.893
073e21b3-0525-4aa1-9e9e-1bce86b8ea94,6c16aba8-4cc7-4d11-8121-3178a8de1659,6c16aba8-4cc7-4d11-8121-3178a8de1659-2-42,0,f,2026-04-17 09:30:58.734
835f8782-6642-4d77-971b-91b515133c5a,cb6aa604-8827-4b80-b4ae-7ac9ab41e323,cb6aa604-8827-4b80-b4ae-7ac9ab41e323-2-3,0,f,2026-04-17 09:31:00.405
9cf28f5d-ae4c-4c60-b0b7-7b0f1318217e,8e56a4a5-a012-4d03-a49b-1fbbca1953f7,8e56a4a5-a012-4d03-a49b-1fbbca1953f7-2-18,3,t,2026-04-17 09:32:11.106
548c95d0-5be5-427e-9c68-86fae951cea7,7ef6d63a-b0af-4be2-a8e0-3784fd609017,7ef6d63a-b0af-4be2-a8e0-3784fd609017-2-12,0,f,2026-04-17 09:31:12.98
49a31ced-36a2-43c9-b4f1-3d1df28d8ff3,1e4d7928-481a-4e8d-ad61-a9ffbbaa5374,1e4d7928-481a-4e8d-ad61-a9ffbbaa5374-2-31,4,t,2026-04-17 09:31:12.684
6244675e-a2ac-45ad-8784-65473cc191ed,3c6306dc-eec2-41c2-8d8b-f95096887ac8,3c6306dc-eec2-41c2-8d8b-f95096887ac8-2-5,3,t,2026-04-17 09:31:25.776
866606f7-7f37-4051-ab32-73e0f00c57c6,c3ac1670-f197-4065-88b7-abb8a3f55e05,c3ac1670-f197-4065-88b7-abb8a3f55e05-2-9,3,t,2026-04-17 09:32:45.361
52f56561-5150-4bd1-aa4b-b1c90eb04bec,ee167702-12fb-4e79-9b71-c1a3d0ee55dd,ee167702-12fb-4e79-9b71-c1a3d0ee55dd-2-4,0,f,2026-04-17 09:31:21.47
231b70db-496c-4b44-9421-8822408b62f4,18ebe6f7-fcde-40f7-9e61-acd799d7c61f,18ebe6f7-fcde-40f7-9e61-acd799d7c61f-2-31,0,f,2026-04-17 09:31:25.262
842c73c3-c2bd-4655-903e-d8d0c525ff31,c350e513-ace9-47c0-89b3-c48b08a6552d,c350e513-ace9-47c0-89b3-c48b08a6552d-2-27,0,f,2026-04-17 09:31:33.631
93eea898-7901-4e36-ba7e-b70967f81a70,1d9c5d60-e2bb-4d62-a4fe-23e4d269f411,1d9c5d60-e2bb-4d62-a4fe-23e4d269f411-2-23,3,t,2026-04-17 09:32:52.762
bf8f08e0-76b6-4a9d-8d2a-0d40b16c91ed,c590bbb6-233c-428e-ba79-dfbfcb024d69,c590bbb6-233c-428e-ba79-dfbfcb024d69-2-29,4,t,2026-04-17 09:31:40.617
eb525708-12a4-4546-9f98-1e97eee7b5c8,afd93135-e8fc-4d52-a2b5-2a4df955e146,afd93135-e8fc-4d52-a2b5-2a4df955e146-2-6,2,f,2026-04-17 09:32:04.686
3c1f39be-8dd6-47f5-893a-16152b5d1c24,d027a5a4-42fd-4396-a3e5-afb28a7f78cc,d027a5a4-42fd-4396-a3e5-afb28a7f78cc-2-9,3,t,2026-04-17 09:34:59.054
db36591e-9135-4558-addf-00674220fb67,a3d745bf-e3f4-411c-97b5-2cd475f193f6,a3d745bf-e3f4-411c-97b5-2cd475f193f6-2-21,3,t,2026-04-17 09:35:05.13
a19f444a-f4a0-46cd-9727-3f1b50b60dda,bd262987-52d6-4e1f-acf8-f0b78aa44ee9,bd262987-52d6-4e1f-acf8-f0b78aa44ee9-2-13,1,f,2026-04-17 09:30:52.776
844226b1-ebf3-44ed-8def-80c11f61a676,168d9ac5-fe98-4413-89ca-c7521f7238d3,168d9ac5-fe98-4413-89ca-c7521f7238d3-2-6,3,t,2026-04-17 09:30:53.515
ddb6625c-caee-46d9-8d1a-2ad3f344e909,4d064b59-db6f-4c00-a7bd-dd47165afed8,4d064b59-db6f-4c00-a7bd-dd47165afed8-2-99,1,f,2026-04-17 09:30:54.277
aec95b2a-c677-424a-852b-8e57931c9c6d,2e13985a-37c2-46b1-a116-d696630cc868,2e13985a-37c2-46b1-a116-d696630cc868-2-87,1,f,2026-04-17 09:31:12.678
a0a2b0de-ccd7-4ae3-b16b-83b1f77f81a1,5447cc7a-9630-4dc1-a474-fca1ddf341e6,5447cc7a-9630-4dc1-a474-fca1ddf341e6-2-37,3,t,2026-04-17 09:32:03.534
7ce5fff9-9087-4dfb-a7e9-fd07904bb977,8e22e569-7e6d-405b-ab7c-1e37deaab668,8e22e569-7e6d-405b-ab7c-1e37deaab668-2-4,3,t,2026-04-17 09:31:15.895
f38ca809-c74e-4ab6-9846-414dcaa19ba6,9b2bfc86-cd9e-48cc-affa-2645a1b65bd1,9b2bfc86-cd9e-48cc-affa-2645a1b65bd1-2-20,3,t,2026-04-17 09:32:08.551
f7125e93-3bd3-4e96-96ea-4e23d44b9b58,e691efa7-d7b7-493d-9a07-64415b0953da,e691efa7-d7b7-493d-9a07-64415b0953da-2-45,4,t,2026-04-17 09:31:26.003
e8dd2d97-10a7-46bb-b97c-c6404f48657d,6a2053e0-87ba-489f-a3c8-4a2b6ff8f1f4,6a2053e0-87ba-489f-a3c8-4a2b6ff8f1f4-2-42,3,t,2026-04-17 09:33:11.821
e4a8c089-fd08-4d92-a1e3-f5860087ad8b,7ed13b91-200d-43c2-ad9e-6ab09842430d,7ed13b91-200d-43c2-ad9e-6ab09842430d-2-13,3,t,2026-04-17 09:32:18.421
7aeb99bd-bec3-4f16-92ba-d89eede32d80,8eacf413-c251-4506-b63c-8b2960144356,8eacf413-c251-4506-b63c-8b2960144356-2-12,1,f,2026-04-17 09:31:46.041
2181e9aa-40e2-4de2-92af-67bf48cd38ba,7b2f5f37-d75f-42c7-a64b-e7d6da909f2e,7b2f5f37-d75f-42c7-a64b-e7d6da909f2e-2-8,3,t,2026-04-17 09:33:32.723
46c5f158-894d-46bd-9774-64806eda210c,10210c31-b852-44a3-a0d2-dc76f7728bc9,10210c31-b852-44a3-a0d2-dc76f7728bc9-2-8,0,f,2026-04-17 09:33:36.657
570d61e2-8c6f-47cd-83fe-d9225992e12d,495d6ec5-2846-4068-b1a9-afa26ece5ac9,495d6ec5-2846-4068-b1a9-afa26ece5ac9-2-6,3,t,2026-04-17 09:32:19.271
f1964098-dcd7-46a5-ae2f-d4eac64c09e9,6a2053e0-87ba-489f-a3c8-4a2b6ff8f1f4,6a2053e0-87ba-489f-a3c8-4a2b6ff8f1f4-2-33,5,t,2026-04-17 09:31:47.63
a198904e-934e-4f2a-baf3-c4639c2470f0,8c7484f8-84c2-475a-97e2-859b7abc6883,8c7484f8-84c2-475a-97e2-859b7abc6883-2-2,3,t,2026-04-17 09:32:19.274
aac4ca45-b8ce-440e-b34a-44771b89037a,7afa437d-92ff-461c-a526-7bcc284e9e63,7afa437d-92ff-461c-a526-7bcc284e9e63-2-6,3,t,2026-04-17 09:31:49.254
52605e5b-36e4-4e6a-a31b-dfbc0def3159,f6c99088-8b12-4bb0-a68c-2d2bcb90282b,f6c99088-8b12-4bb0-a68c-2d2bcb90282b-2-65,1,f,2026-04-17 09:31:49.348
cada9529-b500-42c7-8370-e02efd9b01f2,1df7744c-4296-4a4a-a293-6431531fce9a,1df7744c-4296-4a4a-a293-6431531fce9a-2-19,3,t,2026-04-17 09:33:38.734
0dc1ff0c-ddb2-490e-8ead-939647bd620e,ba1b79f1-b218-42e0-90c9-515c590bfb5c,ba1b79f1-b218-42e0-90c9-515c590bfb5c-2-10,0,f,2026-04-17 09:33:44.303
200e9560-a74f-4728-8143-8b5fc9029177,02a5f640-7742-4622-a181-86ce4bf7afdc,02a5f640-7742-4622-a181-86ce4bf7afdc-2-59,0,f,2026-04-17 09:58:53.931
277828b8-99d3-4c5d-893b-355de7a9f236,5d48f615-bb08-49d7-9d29-de098d96d55c,5d48f615-bb08-49d7-9d29-de098d96d55c-2-11,3,t,2026-04-17 09:32:23.993
df2c09ab-b59b-417c-93b2-b53183ef73cc,1c81e191-a57e-415c-8fbe-d214bb1df9d0,1c81e191-a57e-415c-8fbe-d214bb1df9d0-2-12,3,t,2026-04-17 09:32:25.006
4e2ac360-bb92-412f-8b3e-99bf46b4600c,08ffa16d-5fda-48dc-97ba-0fa8ad2ec214,08ffa16d-5fda-48dc-97ba-0fa8ad2ec214-2-8,0,f,2026-04-17 09:32:39.898
ad9fd4cd-7d81-4cd1-8eac-73bb8b097514,0a1c2caf-5fab-4238-934a-49f53a889a64,0a1c2caf-5fab-4238-934a-49f53a889a64-2-9,3,t,2026-04-17 09:32:48.878
66646efb-2602-44fc-9c76-0322a00686a3,495d6ec5-2846-4068-b1a9-afa26ece5ac9,495d6ec5-2846-4068-b1a9-afa26ece5ac9-2-5,3,t,2026-04-17 09:30:59.854
cdad5100-1b71-4ba3-b4af-befd1b772415,3b87423f-faa3-41f0-8c7a-842466473516,3b87423f-faa3-41f0-8c7a-842466473516-2-16,3,t,2026-04-17 09:31:05.747
0b10d0cd-672f-431f-8048-fb3ab9f03608,41e44d4e-ed4b-41b7-851a-04be3bf4f9ec,41e44d4e-ed4b-41b7-851a-04be3bf4f9ec-2-32,3,t,2026-04-17 09:33:02.559
58cd4460-d9d5-4249-bfa3-96f3d6c3b814,2685f831-e1b0-4ad2-a7ef-cf48ff212488,2685f831-e1b0-4ad2-a7ef-cf48ff212488-2-5,3,t,2026-04-17 09:31:59.642
45828fb1-04f2-4c17-81bb-c790304d6fc7,8d0012d2-7ad0-45c3-9775-88525b65c5a6,8d0012d2-7ad0-45c3-9775-88525b65c5a6-2-12,3,t,2026-04-17 09:33:03.408
ebb093e9-8b50-415c-abb7-25bb292ebf02,52fb53ed-992a-40b7-a284-d0ef206d8b3b,52fb53ed-992a-40b7-a284-d0ef206d8b3b-2-7,3,t,2026-04-17 09:32:25.135
58ff70f4-940a-49a4-9970-6f2b1cdcdfea,4626347f-a937-4b7f-8da9-b4a98783e145,4626347f-a937-4b7f-8da9-b4a98783e145-2-46,3,t,2026-04-17 09:33:13.149
e3cc5a43-706c-42d6-ba05-b40e0091b617,44c86309-3836-4229-a747-e4bd365ac093,44c86309-3836-4229-a747-e4bd365ac093-2-1,3,t,2026-04-17 09:32:25.925
32489b09-19af-4c9e-9e24-cc09eff17185,4f08dd81-6f2e-4cc8-b553-763cdcdae36e,4f08dd81-6f2e-4cc8-b553-763cdcdae36e-2-20,3,t,2026-04-17 09:33:43.951
61bbbed9-84a8-4815-873f-6c42b75ff1ae,681a0041-3f56-4baf-9f99-de49e187b870,681a0041-3f56-4baf-9f99-de49e187b870-2-1,3,t,2026-04-17 09:34:54.564
7d7a14ca-d9cd-4ada-863c-2434cf8e5484,bda87e9c-8e4a-420b-8e9d-5b1dc1485648,bda87e9c-8e4a-420b-8e9d-5b1dc1485648-2-1,3,t,2026-04-17 09:32:45.89
499f88b2-394d-4503-92e8-100691e3ccbb,b36faffd-430e-4c0c-ac9a-4dba748e85a8,b36faffd-430e-4c0c-ac9a-4dba748e85a8-2-25,3,t,2026-04-17 09:32:46.371
5ef7be78-3985-4f1c-9a1a-553ffac0201f,a3e3f98b-4511-430d-8cc5-03e6b557fbee,a3e3f98b-4511-430d-8cc5-03e6b557fbee-2-106,3,t,2026-04-17 09:32:50.01
ae24de03-1f1e-4704-b943-c2a5387a3f69,897d03b4-4f5e-4d77-b19e-f7aee227197e,897d03b4-4f5e-4d77-b19e-f7aee227197e-2-13,3,t,2026-04-17 09:32:56.606
9a139742-5495-4695-821c-b5ee87084f1e,d09d7e68-5479-4db3-85c6-55ce2229906f,d09d7e68-5479-4db3-85c6-55ce2229906f-2-2,3,t,2026-04-17 09:36:30.244
9c9e6420-e00b-42fb-879c-aed1255eecd9,6492e27e-18a2-4530-9fd1-f768b90de974,6492e27e-18a2-4530-9fd1-f768b90de974-2-1,0,f,2026-04-17 09:36:40.048
2dadfeca-cee0-4f1c-b26d-bf21ec75229a,f6af9a1c-b651-4756-81be-bb78380c2bcb,f6af9a1c-b651-4756-81be-bb78380c2bcb-2-37,0,f,2026-04-17 09:31:32.645
28db589e-bdd6-4d03-9ffb-ad6712d713ff,ad2ea128-38e3-4ed1-a9e9-612e79f000bd,ad2ea128-38e3-4ed1-a9e9-612e79f000bd-2-103,3,t,2026-04-17 09:32:26.301
42211091-bb1f-4ea2-95ef-66d387b73880,0fe6c4b2-51f6-4335-8018-6048d4d289a1,0fe6c4b2-51f6-4335-8018-6048d4d289a1-2-8,3,t,2026-04-17 09:31:42.176
8159aa1d-dd2d-4351-b11e-57a8b00f416a,5c2703f1-c588-4abe-9a48-8c4d20a94b61,5c2703f1-c588-4abe-9a48-8c4d20a94b61-2-5,3,t,2026-04-17 09:31:03.169
1e81deb7-7308-4560-811c-2e00fedec09c,514a5db5-8043-47c7-9e9a-214d7b05ca1b,514a5db5-8043-47c7-9e9a-214d7b05ca1b-2-38,6,t,2026-04-17 09:31:03.666
c8467dcf-fcfc-4a3a-aa72-d1cb3d3e25ac,19369cc7-101f-4580-a45c-d3a728230d91,19369cc7-101f-4580-a45c-d3a728230d91-2-10,3,t,2026-04-17 09:32:18.771
a5406a16-610f-41c5-9899-d494f92a4096,b36faffd-430e-4c0c-ac9a-4dba748e85a8,b36faffd-430e-4c0c-ac9a-4dba748e85a8-2-24,3,t,2026-04-17 09:31:05.656
37fb655e-17fb-4669-9c24-58eecf01315b,006eee1f-7c23-4324-b8e0-3234d930131f,006eee1f-7c23-4324-b8e0-3234d930131f-2-34,0,f,2026-04-17 09:32:51.08
8f19e1f6-0e91-4d14-bc23-af0db80aa5f3,d09d7e68-5479-4db3-85c6-55ce2229906f,d09d7e68-5479-4db3-85c6-55ce2229906f-2-0,3,t,2026-04-17 09:31:08.467
9a49ad11-b506-4f3c-8369-8ea1a62baac4,c350e513-ace9-47c0-89b3-c48b08a6552d,c350e513-ace9-47c0-89b3-c48b08a6552d-2-29,0,f,2026-04-17 09:32:29.636
be74af3b-144c-4374-8989-38c91a65e16e,a90cc6ed-473d-44c4-b771-109130f5a335,a90cc6ed-473d-44c4-b771-109130f5a335-2-13,3,t,2026-04-17 09:32:10.604
ec9363dc-df0e-4680-98b3-befdd7427bfb,a037f741-a910-48c8-9024-37930d7b2190,a037f741-a910-48c8-9024-37930d7b2190-2-36,3,t,2026-04-17 09:31:57.821
c5b5bca3-664f-4a92-aedd-91b4f7937614,4975effd-c5f3-42c2-8e98-7a5eca5004b6,4975effd-c5f3-42c2-8e98-7a5eca5004b6-2-22,3,t,2026-04-17 09:31:22.11
987bc866-f180-4b77-82e8-a2b82a3931bf,01e89da0-052e-4a56-b001-dc55712d8828,01e89da0-052e-4a56-b001-dc55712d8828-2-58,0,f,2026-04-17 09:31:58.576
681ddca8-1b19-4772-b3a7-3d5874ca52fe,3ab607f7-a0dc-4fe7-9962-162700c52251,3ab607f7-a0dc-4fe7-9962-162700c52251-2-16,3,t,2026-04-17 09:31:22.379
4efd8a0c-2711-47f9-8283-91fe6782018f,f6c99088-8b12-4bb0-a68c-2d2bcb90282b,f6c99088-8b12-4bb0-a68c-2d2bcb90282b-2-67,1,f,2026-04-17 09:31:23.373
c3974d59-c389-4069-96b1-d48b2f0048e4,ff0050af-b573-4178-a75c-7c6480e584a3,ff0050af-b573-4178-a75c-7c6480e584a3-2-1,2,f,2026-04-17 09:31:26.754
213c9d42-5fda-4d35-835f-aa5477fe40b6,58d01453-bdf3-462d-b2cc-cc8e0a11f4bd,58d01453-bdf3-462d-b2cc-cc8e0a11f4bd-2-13,3,t,2026-04-17 09:31:59.177
42128f1c-8cfd-4b17-8954-0c2f8b6e4c23,514a5db5-8043-47c7-9e9a-214d7b05ca1b,514a5db5-8043-47c7-9e9a-214d7b05ca1b-2-40,0,f,2026-04-17 09:32:04.124
89b6a45f-c42d-4c01-b232-c357bdb9b968,a3e3f98b-4511-430d-8cc5-03e6b557fbee,a3e3f98b-4511-430d-8cc5-03e6b557fbee-2-102,3,t,2026-04-17 09:31:30.486
225b39b0-d273-434e-acb2-ec2454b46743,aeaad491-0cc9-4538-9c99-6e5b7bd30d1b,aeaad491-0cc9-4538-9c99-6e5b7bd30d1b-2-1,3,t,2026-04-17 09:31:31.635
d00fbdb9-314c-4060-b239-9a8e7a376c0c,ccfa1e3b-55c9-4102-9146-6e5cc30549b7,ccfa1e3b-55c9-4102-9146-6e5cc30549b7-2-31,6,t,2026-04-17 09:32:11.427
7a3b6e8f-7eb4-49c0-aaf1-c061026cc63f,0909b68c-aaca-4bf2-a2cd-bbdeecdee3e8,0909b68c-aaca-4bf2-a2cd-bbdeecdee3e8-2-6,3,t,2026-04-17 09:32:08.335
78cce46a-453a-4fda-8f5d-3124b160d7d1,5f297ad6-4f5c-4a11-b0c4-ff94caaa89bf,5f297ad6-4f5c-4a11-b0c4-ff94caaa89bf-2-12,1,f,2026-04-17 09:32:08.737
3920efed-e6d4-4ac3-b4f6-cd365e3fd8b9,d130faf7-1af2-415c-8c43-1b9a8c688fe2,d130faf7-1af2-415c-8c43-1b9a8c688fe2-2-41,0,f,2026-04-17 09:32:09.599
abf2f4ba-5314-41d1-a5dd-2fc59262937e,2f2975e7-43f5-486f-8219-e1715b4ee539,2f2975e7-43f5-486f-8219-e1715b4ee539-2-102,3,t,2026-04-17 09:32:20.779
cc29dbb9-6f71-4f9a-9f92-70d5a278298d,514a5db5-8043-47c7-9e9a-214d7b05ca1b,514a5db5-8043-47c7-9e9a-214d7b05ca1b-2-41,0,f,2026-04-17 09:32:21.388
cc7a114c-98aa-4423-96af-97e6d18e9e4a,bd262987-52d6-4e1f-acf8-f0b78aa44ee9,bd262987-52d6-4e1f-acf8-f0b78aa44ee9-2-14,1,f,2026-04-17 09:32:24.263
6a1c4361-cb90-4e2b-8305-047f5ba583a3,23e7680d-44ec-4c81-a8e0-a217af0db21c,23e7680d-44ec-4c81-a8e0-a217af0db21c-2-2,3,t,2026-04-17 09:32:12.897
c2c95c67-b988-4726-a549-04bdc312114d,6077991f-156c-447c-a69b-4e2d765b115b,6077991f-156c-447c-a69b-4e2d765b115b-2-77,0,f,2026-04-17 09:32:48.09
af7c20cc-20cc-4b07-9653-c9acab070b06,5447cc7a-9630-4dc1-a474-fca1ddf341e6,5447cc7a-9630-4dc1-a474-fca1ddf341e6-2-38,0,f,2026-04-17 09:32:48.604
7cd66380-9ddc-4cd5-a242-b52d29266b77,58d01453-bdf3-462d-b2cc-cc8e0a11f4bd,58d01453-bdf3-462d-b2cc-cc8e0a11f4bd-2-11,3,t,2026-04-17 09:32:35.442
aa1e6fae-3287-482c-9693-383d93104171,0b32d4cc-c2f4-4667-98d4-6ac9580694ec,0b32d4cc-c2f4-4667-98d4-6ac9580694ec-2-8,3,t,2026-04-17 09:32:35.134
79b7bfa7-a8a9-4747-ba37-6b8cef9a8c1a,b90a9c80-0433-49e1-b0ba-06f4234b647e,b90a9c80-0433-49e1-b0ba-06f4234b647e-2-30,3,t,2026-04-17 09:32:43.937
d13b7dee-a6dc-4aee-ba87-7a175340955c,d39050bd-ce5c-4719-ae39-d694ab777186,d39050bd-ce5c-4719-ae39-d694ab777186-2-54,4,t,2026-04-17 09:32:36.021
36137a37-50ad-48d9-a614-6d8a5ed5d3bb,3c6306dc-eec2-41c2-8d8b-f95096887ac8,3c6306dc-eec2-41c2-8d8b-f95096887ac8-2-6,3,t,2026-04-17 09:34:09.234
337f4cba-2734-4f33-aaaf-fa883ced1dc4,0fe6c4b2-51f6-4335-8018-6048d4d289a1,0fe6c4b2-51f6-4335-8018-6048d4d289a1-2-9,0,f,2026-04-17 09:32:53.966
3af48591-6d89-4612-a590-fc3595f86c99,a7731f21-6ce1-4d01-914b-1d25018210bc,a7731f21-6ce1-4d01-914b-1d25018210bc-2-6,3,t,2026-04-17 09:36:05.823
8265eeee-4b35-4d16-9223-8ccf8fcd52f0,2685f831-e1b0-4ad2-a7ef-cf48ff212488,2685f831-e1b0-4ad2-a7ef-cf48ff212488-2-4,3,t,2026-04-17 09:33:04.146
cd92806a-31d7-4ba1-8d6f-434bde9db562,ee167702-12fb-4e79-9b71-c1a3d0ee55dd,ee167702-12fb-4e79-9b71-c1a3d0ee55dd-2-5,3,t,2026-04-17 09:33:05.893
60542c24-db20-44ac-98eb-7155a6892b63,110b144f-49c6-4389-956c-8da441b92de7,110b144f-49c6-4389-956c-8da441b92de7-2-9,0,f,2026-04-17 09:33:06.405
867e1939-a331-4cde-9ea5-c068372c33c7,4975effd-c5f3-42c2-8e98-7a5eca5004b6,4975effd-c5f3-42c2-8e98-7a5eca5004b6-2-23,3,t,2026-04-17 09:33:09.635
a2cfa1d4-0d49-4dbe-aabf-169ddc840082,7ef6d63a-b0af-4be2-a8e0-3784fd609017,7ef6d63a-b0af-4be2-a8e0-3784fd609017-2-13,3,t,2026-04-17 09:33:28.2
16a9a71c-01c4-4809-bf1b-8efd21488ca5,b19ce3ea-90c7-4c5f-b1fd-2bbef2efb0a4,b19ce3ea-90c7-4c5f-b1fd-2bbef2efb0a4-2-148,0,f,2026-04-17 09:33:25.402
71309a75-05d9-4988-9a52-93d08646c6a8,09616f14-bdbc-4a08-81a4-460e529179a2,09616f14-bdbc-4a08-81a4-460e529179a2-2-10,0,f,2026-04-17 09:33:45.801
12e76536-b4cb-422c-a540-fa80d3ff8189,da0aed5b-5f53-43fb-ba2a-cdc731072ed2,da0aed5b-5f53-43fb-ba2a-cdc731072ed2-2-72,0,f,2026-04-17 09:33:46.101
a20e0e7d-3d31-44b6-8642-8e7ca9cf5e5f,cfc602b7-76c8-40fe-8a3f-0227e7ae7f9d,cfc602b7-76c8-40fe-8a3f-0227e7ae7f9d-2-60,4,t,2026-04-17 09:34:31.942
77325e85-935f-4239-af7d-5aa62deaceb5,5f42d829-f4be-4762-8706-6ee43f14526b,5f42d829-f4be-4762-8706-6ee43f14526b-2-67,0,f,2026-04-17 09:33:17.765
be27845a-43d6-4674-aab4-8b2ef804db5e,a3e3f98b-4511-430d-8cc5-03e6b557fbee,a3e3f98b-4511-430d-8cc5-03e6b557fbee-2-103,3,t,2026-04-17 09:34:35.281
c46aea42-fe44-4e8c-881b-3eae4de8ff57,ee1ce29b-7c86-48cd-850f-f5a8ee856031,ee1ce29b-7c86-48cd-850f-f5a8ee856031-2-11,2,f,2026-04-17 09:35:06.325
8a4b9aea-f3f8-4721-87e1-3d0c224c9652,5d48f615-bb08-49d7-9d29-de098d96d55c,5d48f615-bb08-49d7-9d29-de098d96d55c-2-14,3,t,2026-04-17 09:33:11.513
eacb20f5-6167-41ab-a29c-b2491c031149,08ffa16d-5fda-48dc-97ba-0fa8ad2ec214,08ffa16d-5fda-48dc-97ba-0fa8ad2ec214-2-9,3,t,2026-04-17 09:34:16.647
e00e6405-801b-43fe-a692-b1520314d782,ad2ea128-38e3-4ed1-a9e9-612e79f000bd,ad2ea128-38e3-4ed1-a9e9-612e79f000bd-2-104,3,t,2026-04-17 09:34:01.107
5765e6fc-315e-4d6c-9914-ad2bbbfbe21f,3ab607f7-a0dc-4fe7-9962-162700c52251,3ab607f7-a0dc-4fe7-9962-162700c52251-2-19,3,t,2026-04-17 09:33:36.463
b4aa50f3-564d-4b1f-8278-a505e45f58a9,168d9ac5-fe98-4413-89ca-c7521f7238d3,168d9ac5-fe98-4413-89ca-c7521f7238d3-2-7,1,f,2026-04-17 09:33:19.857
97313193-491d-4973-9ae6-8b62cd09dda6,ccfa1e3b-55c9-4102-9146-6e5cc30549b7,ccfa1e3b-55c9-4102-9146-6e5cc30549b7-2-33,4,t,2026-04-17 09:33:20.296
c08231eb-01b4-4c11-b85c-9c411880fbb0,bf3be56f-d262-4b5c-b920-b3cd94204e7b,bf3be56f-d262-4b5c-b920-b3cd94204e7b-2-6,3,t,2026-04-17 09:34:17.873
1b9a8e94-b594-4b78-bb5d-6e1a0d799df3,f0ab63a2-2e97-4a4a-ace4-8715bb448f47,f0ab63a2-2e97-4a4a-ace4-8715bb448f47-2-64,1,f,2026-04-17 09:33:24.798
d1a755e8-190e-4242-86c8-0ef48051ae92,7b2f5f37-d75f-42c7-a64b-e7d6da909f2e,7b2f5f37-d75f-42c7-a64b-e7d6da909f2e-2-9,3,t,2026-04-17 09:33:50.563
b5007ed9-23cf-46af-9e1f-8d44cddf5772,af396e60-26b6-432a-8422-e4deb7c06937,af396e60-26b6-432a-8422-e4deb7c06937-2-3,3,t,2026-04-17 09:33:25.45
10203cb3-41ac-40ac-be9f-70fe6196e7d8,319d9117-957e-472c-ae32-07a254740eab,319d9117-957e-472c-ae32-07a254740eab-2-6,3,t,2026-04-17 09:33:36.621
7dbe3a86-b364-4e03-a19a-bbf3aa9f1773,7b2f5f37-d75f-42c7-a64b-e7d6da909f2e,7b2f5f37-d75f-42c7-a64b-e7d6da909f2e-2-10,3,t,2026-04-17 09:34:07.146
cb93de55-d195-42f3-8ba2-8ba46dd42bef,21d53331-bf7e-4a4a-8242-daa5236fc398,21d53331-bf7e-4a4a-8242-daa5236fc398-2-77,0,f,2026-04-17 09:33:30.034
3ac0313f-280b-4163-876f-8cf435bd198d,23e7680d-44ec-4c81-a8e0-a217af0db21c,23e7680d-44ec-4c81-a8e0-a217af0db21c-2-6,3,t,2026-04-17 09:33:39.314
7fe0a7d5-d4a4-439a-b6c6-e386dab37fbb,d39050bd-ce5c-4719-ae39-d694ab777186,d39050bd-ce5c-4719-ae39-d694ab777186-2-55,3,t,2026-04-17 09:33:30.304
b1d0e4a0-0f05-4518-a614-5538d478a7fe,f6af9a1c-b651-4756-81be-bb78380c2bcb,f6af9a1c-b651-4756-81be-bb78380c2bcb-2-45,0,f,2026-04-17 09:33:31.144
88beead9-10f9-4194-8b07-063f446e06e9,ff0050af-b573-4178-a75c-7c6480e584a3,ff0050af-b573-4178-a75c-7c6480e584a3-2-29,1,f,2026-04-17 09:33:33.044
25fc9f4c-e538-448a-9275-eaa0033c7826,902cdc82-6e20-450c-955f-c13491ebf0ef,902cdc82-6e20-450c-955f-c13491ebf0ef-2-23,3,t,2026-04-17 09:34:30.527
a6066129-2f88-4ff5-9fde-95e46b7c5e19,2f2975e7-43f5-486f-8219-e1715b4ee539,2f2975e7-43f5-486f-8219-e1715b4ee539-2-103,3,t,2026-04-17 09:33:33.836
4131f19e-99ca-46c0-8f6d-ac44426d9348,3b87423f-faa3-41f0-8c7a-842466473516,3b87423f-faa3-41f0-8c7a-842466473516-2-24,1,f,2026-04-17 09:33:43.627
d2fe0ab9-0b34-4051-85c7-7cbbdc1a508f,2685f831-e1b0-4ad2-a7ef-cf48ff212488,2685f831-e1b0-4ad2-a7ef-cf48ff212488-2-6,3,t,2026-04-17 09:34:11.092
904998cc-6ed5-4f00-b317-d6a7fb65bb5a,9b2bfc86-cd9e-48cc-affa-2645a1b65bd1,9b2bfc86-cd9e-48cc-affa-2645a1b65bd1-2-21,3,t,2026-04-17 09:33:45.837
35e3586b-ec4d-4d43-8790-1929476a5ef0,110b144f-49c6-4389-956c-8da441b92de7,110b144f-49c6-4389-956c-8da441b92de7-2-11,0,f,2026-04-17 09:33:54.229
920f30c8-0c5a-4589-b948-9f5cddae74db,cb6aa604-8827-4b80-b4ae-7ac9ab41e323,cb6aa604-8827-4b80-b4ae-7ac9ab41e323-2-5,0,f,2026-04-17 09:33:55.295
ef7c1fba-a72f-4105-9407-b363a4e72dfc,8c965050-a932-4536-9444-4170909450b3,8c965050-a932-4536-9444-4170909450b3-2-10,3,t,2026-04-17 09:33:59.784
84a694c0-b936-4c2a-8c27-8198611b9924,897d03b4-4f5e-4d77-b19e-f7aee227197e,897d03b4-4f5e-4d77-b19e-f7aee227197e-2-14,0,f,2026-04-17 09:34:00.428
1d3e7676-94f6-4ad1-b5c5-a9377c7298da,7428391c-79d7-4f38-961c-2eae701e9b59,7428391c-79d7-4f38-961c-2eae701e9b59-2-1,3,t,2026-04-17 09:34:02.89
40d5c3bd-7637-485f-960d-54e72d39a5da,835fa953-1c2f-45a5-a661-9679158bc35a,835fa953-1c2f-45a5-a661-9679158bc35a-2-49,0,f,2026-04-17 09:34:02.062
81aa3cf1-151a-4c3a-9e4d-c26397f70f68,6077991f-156c-447c-a69b-4e2d765b115b,6077991f-156c-447c-a69b-4e2d765b115b-2-78,0,f,2026-04-17 09:34:24.928
0a11d75a-d0ab-4a50-92b5-c12a4f6b4c19,e8ec8ac3-72eb-420a-80e3-1be06708b38c,e8ec8ac3-72eb-420a-80e3-1be06708b38c-2-6,3,t,2026-04-17 09:34:32.063
75214459-034c-44b7-9584-bb3601ae2b9d,7afa437d-92ff-461c-a526-7bcc284e9e63,7afa437d-92ff-461c-a526-7bcc284e9e63-2-7,3,t,2026-04-17 09:34:06.122
41146753-7eda-4ba0-85fd-40c100e1fb60,7ed13b91-200d-43c2-ad9e-6ab09842430d,7ed13b91-200d-43c2-ad9e-6ab09842430d-2-14,3,t,2026-04-17 09:34:03.35
ab2c80fb-2490-4061-9007-f4a3ae657551,0ff9973f-4597-43ee-bb87-975152c88d6c,0ff9973f-4597-43ee-bb87-975152c88d6c-2-1,3,t,2026-04-17 09:34:28.879
4e210462-9ae9-43bd-bb50-ee991f9d23df,22413047-2f23-4dc9-861c-024171bcfe51,22413047-2f23-4dc9-861c-024171bcfe51-2-36,0,f,2026-04-17 09:34:06.884
9bf8caee-5735-49b1-9f66-5e5aa461098b,fa6ae629-f37f-4409-aba6-c4e071599e36,fa6ae629-f37f-4409-aba6-c4e071599e36-2-26,0,f,2026-04-17 09:34:09.249
2e3bee4c-dd72-432b-8a08-d7981b417c0d,f6af9a1c-b651-4756-81be-bb78380c2bcb,f6af9a1c-b651-4756-81be-bb78380c2bcb-2-46,0,f,2026-04-17 09:34:10.94
ee38ee41-914d-4366-9360-f0b400afaef2,5447cc7a-9630-4dc1-a474-fca1ddf341e6,5447cc7a-9630-4dc1-a474-fca1ddf341e6-2-39,0,f,2026-04-17 09:34:11.743
48269cc9-e920-4c44-9420-38730a36cfef,5f42d829-f4be-4762-8706-6ee43f14526b,5f42d829-f4be-4762-8706-6ee43f14526b-2-71,0,f,2026-04-17 09:34:16.53
f001549e-ff8d-406b-9761-8c0b04c89dcf,495d6ec5-2846-4068-b1a9-afa26ece5ac9,495d6ec5-2846-4068-b1a9-afa26ece5ac9-2-9,0,f,2026-04-17 09:34:24.661
d320116c-b57c-426f-a49c-abcd8dbd76c9,3ed8fc13-d8f6-4f15-a66d-be11fce71626,3ed8fc13-d8f6-4f15-a66d-be11fce71626-2-62,0,f,2026-04-17 09:34:35.897
10ccf5d6-89cd-4cac-be5a-bfbfa93c5eaf,a90cc6ed-473d-44c4-b771-109130f5a335,a90cc6ed-473d-44c4-b771-109130f5a335-2-14,3,t,2026-04-17 09:34:47.556
8decad5d-91d2-4022-af2f-5461ac58bb6d,c590bbb6-233c-428e-ba79-dfbfcb024d69,c590bbb6-233c-428e-ba79-dfbfcb024d69-2-31,0,f,2026-04-17 09:34:39.6
096d33e7-cf91-47b6-8211-c130aea5ea13,4a1eecad-0ac4-40d1-9f3d-d1b6815a3247,4a1eecad-0ac4-40d1-9f3d-d1b6815a3247-2-1,3,t,2026-04-17 09:35:00.279
afca3d91-cc09-4e93-a8e5-40d53e116a6a,44c86309-3836-4229-a747-e4bd365ac093,44c86309-3836-4229-a747-e4bd365ac093-2-2,3,t,2026-04-17 09:35:57.863
d900286a-0456-44f4-900f-c9f4c41c399a,c3602a51-1e5e-4155-9236-80ac9f4eb974,c3602a51-1e5e-4155-9236-80ac9f4eb974-2-5,3,t,2026-04-17 09:35:09.384
ae79df78-e2ce-4f18-9813-379ea35554a9,ccfa1e3b-55c9-4102-9146-6e5cc30549b7,ccfa1e3b-55c9-4102-9146-6e5cc30549b7-2-34,0,f,2026-04-17 09:49:18.825
c263ecab-bdd9-49b2-a84a-535fd24b5c27,739b9181-f4e6-44f3-9f82-b8dc34c81fa5,739b9181-f4e6-44f3-9f82-b8dc34c81fa5-2-10,0,f,2026-04-17 09:35:46.968
7837c177-7a95-4104-b48c-734dbd6d049a,58d01453-bdf3-462d-b2cc-cc8e0a11f4bd,58d01453-bdf3-462d-b2cc-cc8e0a11f4bd-2-14,3,t,2026-04-17 09:34:11.819
c71e856f-fdcd-45b7-bf62-5fb95eb3a086,f5e2ef8c-4e28-4665-b659-8de68ae205cd,f5e2ef8c-4e28-4665-b659-8de68ae205cd-2-6,3,t,2026-04-17 09:34:16.684
e04a6f6f-b9da-4aa0-9367-6ab0b5b750cd,afd93135-e8fc-4d52-a2b5-2a4df955e146,afd93135-e8fc-4d52-a2b5-2a4df955e146-2-7,1,f,2026-04-17 09:34:29.313
6ce7dc7b-74d8-4111-a1e9-3388e924415f,ad2ea128-38e3-4ed1-a9e9-612e79f000bd,ad2ea128-38e3-4ed1-a9e9-612e79f000bd-2-105,3,t,2026-04-17 09:34:31.107
a3888c07-9b4a-4fc6-a083-12d246b24f10,cf48e95c-ccd3-4508-839c-a0c78ad5d6af,cf48e95c-ccd3-4508-839c-a0c78ad5d6af-2-54,0,f,2026-04-17 09:36:39.347
fc218bc2-e90e-422b-a632-1e045302d0da,9b2bfc86-cd9e-48cc-affa-2645a1b65bd1,9b2bfc86-cd9e-48cc-affa-2645a1b65bd1-2-23,3,t,2026-04-17 09:36:06.498
b0e1ab99-4d20-4385-b261-f61563a9bc78,0b32d4cc-c2f4-4667-98d4-6ac9580694ec,0b32d4cc-c2f4-4667-98d4-6ac9580694ec-2-7,3,t,2026-04-17 09:34:41.3
bf409f25-f116-4fcd-9dda-370ee305cc86,57fd170e-8fcf-425e-aafb-34331dbe4494,57fd170e-8fcf-425e-aafb-34331dbe4494-2-71,0,f,2026-04-17 09:36:44.678
3ec8214a-319e-4e6d-8c3d-52279513324c,ee167702-12fb-4e79-9b71-c1a3d0ee55dd,ee167702-12fb-4e79-9b71-c1a3d0ee55dd-2-6,3,t,2026-04-17 09:34:45.555
45f78c23-5a31-4f6d-b7bc-b758b24672a9,3ed8fc13-d8f6-4f15-a66d-be11fce71626,3ed8fc13-d8f6-4f15-a66d-be11fce71626-2-68,3,t,2026-04-17 09:36:17.525
b7458ebd-3dcc-401e-bf4b-8d438ecace4f,110b144f-49c6-4389-956c-8da441b92de7,110b144f-49c6-4389-956c-8da441b92de7-2-13,0,f,2026-04-17 09:34:50.808
f27841dd-4ced-4398-bd2a-b0d9683a9aa8,3201a497-4a53-41cf-8c80-7953d79d37c5,3201a497-4a53-41cf-8c80-7953d79d37c5-2-12,0,f,2026-04-17 09:37:00.038
40547a7f-0237-4690-b7c8-3f1064f48e43,95b4713c-2d16-4eca-8fe7-b71e4ebdc3db,95b4713c-2d16-4eca-8fe7-b71e4ebdc3db-2-2,3,t,2026-04-17 09:34:51.874
5650943f-5062-4ac8-96c4-e295795fa11f,7afa437d-92ff-461c-a526-7bcc284e9e63,7afa437d-92ff-461c-a526-7bcc284e9e63-2-8,3,t,2026-04-17 09:36:31.292
7f2a0faa-f2a9-429b-b67c-d95f0e2e9e63,f5e2ef8c-4e28-4665-b659-8de68ae205cd,f5e2ef8c-4e28-4665-b659-8de68ae205cd-2-7,3,t,2026-04-17 09:34:54.876
4bff66ec-f1de-4b80-8ee6-9f6060ca8b22,7b2f5f37-d75f-42c7-a64b-e7d6da909f2e,7b2f5f37-d75f-42c7-a64b-e7d6da909f2e-2-11,3,t,2026-04-17 09:34:57.06
efd91c27-20c6-486d-9bbc-a621512f16b4,0bf990e4-8545-4dbb-8253-87e4953f00ab,0bf990e4-8545-4dbb-8253-87e4953f00ab-2-1,3,t,2026-04-17 09:35:08.796
1b7dd129-2bdd-42e8-8bc2-5c46923088a4,7ef6d63a-b0af-4be2-a8e0-3784fd609017,7ef6d63a-b0af-4be2-a8e0-3784fd609017-2-14,3,t,2026-04-17 09:35:15.252
2463b975-58fd-4ac6-a115-88c9110f838a,9b2bfc86-cd9e-48cc-affa-2645a1b65bd1,9b2bfc86-cd9e-48cc-affa-2645a1b65bd1-2-26,3,t,2026-04-17 09:36:34.498
7cd093b3-94d6-4bff-bc5b-af6c8603c9cb,af396e60-26b6-432a-8422-e4deb7c06937,af396e60-26b6-432a-8422-e4deb7c06937-2-6,3,t,2026-04-17 09:37:14.193
2bf604d7-55ba-465a-89bd-dd48c1b59f41,996b54c6-df4b-42e0-b36a-0b183de8fa03,996b54c6-df4b-42e0-b36a-0b183de8fa03-2-26,3,t,2026-04-17 09:36:37.156
902a997b-4886-4a25-bcf2-635c3c8bc928,4a3472ef-4168-42ef-bd3e-75b067f3d9ae,4a3472ef-4168-42ef-bd3e-75b067f3d9ae-2-10,3,t,2026-04-17 09:37:14.372
f8dcef3e-ed00-44ee-8037-0112cbb5cbb6,b3b85ddf-f0e9-41a1-9e77-b3d6fe57fd92,b3b85ddf-f0e9-41a1-9e77-b3d6fe57fd92-2-20,3,t,2026-04-17 09:36:38.627
ff08db41-c134-49b5-9867-5fa46e7f4373,976db7d1-71ac-4b46-9871-48fd7f6980dc,976db7d1-71ac-4b46-9871-48fd7f6980dc-2-55,0,f,2026-04-17 09:37:29.112
13074035-3620-4a5a-88e3-0f2f3229f2c8,7ef6d63a-b0af-4be2-a8e0-3784fd609017,7ef6d63a-b0af-4be2-a8e0-3784fd609017-2-16,3,t,2026-04-17 09:37:35.145
b6692a54-4d44-4bdf-af06-8717db8330a9,52fb53ed-992a-40b7-a284-d0ef206d8b3b,52fb53ed-992a-40b7-a284-d0ef206d8b3b-2-8,0,f,2026-04-17 09:45:10.102
e9a28434-f784-450e-9a4a-d830a642001f,e41d9c3d-d076-4e58-960a-aa31d0e90b47,e41d9c3d-d076-4e58-960a-aa31d0e90b47-2-1,3,t,2026-04-17 09:52:14.605
579863a3-e7b8-4287-8b2e-7a58cc1814c7,02a5f640-7742-4622-a181-86ce4bf7afdc,02a5f640-7742-4622-a181-86ce4bf7afdc-2-68,0,f,2026-04-17 10:00:30.411
088a314e-91f9-45f0-a857-e894c10b7274,514a5db5-8043-47c7-9e9a-214d7b05ca1b,514a5db5-8043-47c7-9e9a-214d7b05ca1b-2-45,0,f,2026-04-17 09:34:14.764
4c2fa4c0-e4c9-4566-8fef-bf050f841d25,f5e2ef8c-4e28-4665-b659-8de68ae205cd,f5e2ef8c-4e28-4665-b659-8de68ae205cd-2-8,3,t,2026-04-17 09:36:43.817
435df639-1605-43b6-9cec-a17897042bcf,9b2bfc86-cd9e-48cc-affa-2645a1b65bd1,9b2bfc86-cd9e-48cc-affa-2645a1b65bd1-2-22,3,t,2026-04-17 09:34:17.988
1ba4af4c-2716-4acf-85fb-59f7d04d8f78,41e44d4e-ed4b-41b7-851a-04be3bf4f9ec,41e44d4e-ed4b-41b7-851a-04be3bf4f9ec-2-34,0,f,2026-04-17 09:34:23.277
9ab1112f-efb5-4c9b-934b-71c069667987,58d01453-bdf3-462d-b2cc-cc8e0a11f4bd,58d01453-bdf3-462d-b2cc-cc8e0a11f4bd-2-15,3,t,2026-04-17 09:35:23.698
f4f6ab29-f3b8-4986-aca2-2a1daf6a50f3,2685f831-e1b0-4ad2-a7ef-cf48ff212488,2685f831-e1b0-4ad2-a7ef-cf48ff212488-2-8,3,t,2026-04-17 09:36:21.133
092eb606-0974-46ec-a99a-11404dd1c7ab,6a2053e0-87ba-489f-a3c8-4a2b6ff8f1f4,6a2053e0-87ba-489f-a3c8-4a2b6ff8f1f4-2-47,3,t,2026-04-17 09:34:36.369
1ea0fa0f-d0d0-4fb9-87e6-7d89612c11c5,2f2975e7-43f5-486f-8219-e1715b4ee539,2f2975e7-43f5-486f-8219-e1715b4ee539-2-104,3,t,2026-04-17 09:34:39.033
f35b72f6-df66-4972-b9db-258cdd3df411,3ed8fc13-d8f6-4f15-a66d-be11fce71626,3ed8fc13-d8f6-4f15-a66d-be11fce71626-2-63,1,f,2026-04-17 09:34:43.844
7e1c1f52-aa94-498d-9ff7-ba205ca6a101,ad2ea128-38e3-4ed1-a9e9-612e79f000bd,ad2ea128-38e3-4ed1-a9e9-612e79f000bd-2-106,1,f,2026-04-17 09:34:57.134
03e833cf-961a-4fb6-b5b3-622a8fdc6be5,7ef6d63a-b0af-4be2-a8e0-3784fd609017,7ef6d63a-b0af-4be2-a8e0-3784fd609017-2-15,0,f,2026-04-17 09:36:24.605
fa8ff9c5-caa2-4eea-b9c8-e7cf2339c40d,b36faffd-430e-4c0c-ac9a-4dba748e85a8,b36faffd-430e-4c0c-ac9a-4dba748e85a8-2-26,3,t,2026-04-17 09:35:58.385
780306dd-4942-401b-ad38-d5e7559b505b,4975effd-c5f3-42c2-8e98-7a5eca5004b6,4975effd-c5f3-42c2-8e98-7a5eca5004b6-2-24,0,f,2026-04-17 09:35:00.703
d304ccf5-5163-4c8d-9f42-9a4826d8ce46,d39050bd-ce5c-4719-ae39-d694ab777186,d39050bd-ce5c-4719-ae39-d694ab777186-2-56,4,t,2026-04-17 09:35:00.848
9f40e202-a099-45b5-88b9-495324c9eb40,5447cc7a-9630-4dc1-a474-fca1ddf341e6,5447cc7a-9630-4dc1-a474-fca1ddf341e6-2-40,0,f,2026-04-17 09:35:06.877
6cf615be-dbf9-47dc-8338-8ccb19cfddf1,d39050bd-ce5c-4719-ae39-d694ab777186,d39050bd-ce5c-4719-ae39-d694ab777186-2-57,5,t,2026-04-17 09:35:30.881
cf5d9216-33e7-4ea0-882c-844da5c49a1a,495d6ec5-2846-4068-b1a9-afa26ece5ac9,495d6ec5-2846-4068-b1a9-afa26ece5ac9-2-10,3,t,2026-04-17 09:35:17.242
0de0c388-c419-4b33-9eaf-1c1d3920a9ee,941a564c-77b9-48d6-920a-648da559328e,941a564c-77b9-48d6-920a-648da559328e-2-18,0,f,2026-04-17 09:35:35.92
3915833c-8765-474b-a8a5-50a51f16c612,319d9117-957e-472c-ae32-07a254740eab,319d9117-957e-472c-ae32-07a254740eab-2-7,3,t,2026-04-17 09:35:21.849
1a452ea4-12e9-4644-9989-7c438101fe2d,c7cebb6f-4ce3-4ec5-8846-3ed1bf6c8dbe,c7cebb6f-4ce3-4ec5-8846-3ed1bf6c8dbe-2-3,3,t,2026-04-17 09:35:59.868
f418ce81-3cc6-4871-b588-60bcf1007fd9,00692797-40c5-4e3a-8bc9-f642cc8c3845,00692797-40c5-4e3a-8bc9-f642cc8c3845-2-10,3,t,2026-04-17 09:35:37.689
5e8f999f-e893-4766-ab13-bbb2ca49ce95,cd3fce12-0fbc-4c8c-923b-8d0db1d0a4dd,cd3fce12-0fbc-4c8c-923b-8d0db1d0a4dd-2-18,2,f,2026-04-17 09:39:44.412
8bd60f34-ce99-4244-9c62-8ef789df2c9c,8c965050-a932-4536-9444-4170909450b3,8c965050-a932-4536-9444-4170909450b3-2-13,0,f,2026-04-17 09:37:06.174
196c2ac7-13be-4f0a-b927-62bb31da2bf1,0ff9973f-4597-43ee-bb87-975152c88d6c,0ff9973f-4597-43ee-bb87-975152c88d6c-2-3,3,t,2026-04-17 09:35:43.762
8b17fc7d-aedf-4127-b3bf-bbdd817a72e9,5d48f615-bb08-49d7-9d29-de098d96d55c,5d48f615-bb08-49d7-9d29-de098d96d55c-2-12,3,t,2026-04-17 09:35:44.084
b53dea62-5cc4-452d-8f4f-f449b7a9a783,5447cc7a-9630-4dc1-a474-fca1ddf341e6,5447cc7a-9630-4dc1-a474-fca1ddf341e6-2-41,0,f,2026-04-17 09:36:13.583
44d3e4a1-f47d-434a-800d-b01f969d54ac,95b4713c-2d16-4eca-8fe7-b71e4ebdc3db,95b4713c-2d16-4eca-8fe7-b71e4ebdc3db-2-4,3,t,2026-04-17 09:36:26.491
9c572309-cbc1-4ec1-9261-89270fe909a9,58d01453-bdf3-462d-b2cc-cc8e0a11f4bd,58d01453-bdf3-462d-b2cc-cc8e0a11f4bd-2-16,3,t,2026-04-17 09:35:48.394
532eb635-4eba-4ffc-a870-714e3622ffc3,1df7744c-4296-4a4a-a293-6431531fce9a,1df7744c-4296-4a4a-a293-6431531fce9a-2-21,1,f,2026-04-17 09:36:14.44
c3fa450c-37bd-477d-9b85-27d25a7451ef,0b32d4cc-c2f4-4667-98d4-6ac9580694ec,0b32d4cc-c2f4-4667-98d4-6ac9580694ec-2-9,3,t,2026-04-17 09:36:46.739
8996af24-2e08-44b5-8032-53ee37337f53,9b2bfc86-cd9e-48cc-affa-2645a1b65bd1,9b2bfc86-cd9e-48cc-affa-2645a1b65bd1-2-24,3,t,2026-04-17 09:36:14.896
b0f00d8b-cf3d-41c3-8545-49746f0c7e03,b4e7203d-cf8d-4685-a95e-4b43505d273f,b4e7203d-cf8d-4685-a95e-4b43505d273f-2-27,0,f,2026-04-17 09:36:47.007
e282cb54-4dfc-47a3-816f-e2f1c25871e3,8c7484f8-84c2-475a-97e2-859b7abc6883,8c7484f8-84c2-475a-97e2-859b7abc6883-2-3,3,t,2026-04-17 09:36:30.218
d7afeac3-1077-43f4-8309-e62fb4acdcce,22413047-2f23-4dc9-861c-024171bcfe51,22413047-2f23-4dc9-861c-024171bcfe51-2-40,4,t,2026-04-17 09:36:51.797
c0b27acc-5e0b-44b2-ac86-b2e36a1c28b8,6efda4cf-4eb4-4811-b12a-8d1fb218f1b5,6efda4cf-4eb4-4811-b12a-8d1fb218f1b5-2-30,0,f,2026-04-17 09:57:59.888
557aaa88-5d4e-4cfb-a821-f51a4578b16f,00692797-40c5-4e3a-8bc9-f642cc8c3845,00692797-40c5-4e3a-8bc9-f642cc8c3845-2-11,1,f,2026-04-17 09:36:56.635
13aa86d9-1f18-4845-9541-4048fe24dec6,681a0041-3f56-4baf-9f99-de49e187b870,681a0041-3f56-4baf-9f99-de49e187b870-2-2,0,f,2026-04-17 09:37:54.451
82791728-c23a-4256-b0d8-95f91ee4ac26,d90b640e-7008-4861-8197-64e64a901462,d90b640e-7008-4861-8197-64e64a901462-2-12,0,f,2026-04-17 09:37:30.404
aded2477-78b6-4565-85f4-20b156d06e3f,23e7680d-44ec-4c81-a8e0-a217af0db21c,23e7680d-44ec-4c81-a8e0-a217af0db21c-2-21,3,t,2026-04-17 09:37:36.134
6fc5991a-ea29-4de4-8c09-7968a664924c,d09d7e68-5479-4db3-85c6-55ce2229906f,d09d7e68-5479-4db3-85c6-55ce2229906f-2-1,0,f,2026-04-17 09:37:40.55
81ebf769-6443-473d-bdff-18dd49625cdb,fa6ae629-f37f-4409-aba6-c4e071599e36,fa6ae629-f37f-4409-aba6-c4e071599e36-2-33,0,f,2026-04-17 09:38:09.177
f94cfc64-8422-4ee0-a14a-b77385e82a7c,3c6306dc-eec2-41c2-8d8b-f95096887ac8,3c6306dc-eec2-41c2-8d8b-f95096887ac8-2-7,3,t,2026-04-17 09:38:10.43
bc458166-3ca1-4ae7-8ec0-ade3e4775839,006eee1f-7c23-4324-b8e0-3234d930131f,006eee1f-7c23-4324-b8e0-3234d930131f-2-39,0,f,2026-04-17 09:38:59.568
669d9aba-cf61-4479-9c5e-145f38b59ba9,cf48e95c-ccd3-4508-839c-a0c78ad5d6af,cf48e95c-ccd3-4508-839c-a0c78ad5d6af-2-49,0,f,2026-04-17 09:34:44.358
23f52105-2132-4200-8ee9-7b63e3f437f1,cfc602b7-76c8-40fe-8a3f-0227e7ae7f9d,cfc602b7-76c8-40fe-8a3f-0227e7ae7f9d-2-61,3,t,2026-04-17 09:35:41.872
61efa516-aee1-4a4c-a493-320612e753e2,b19ce3ea-90c7-4c5f-b1fd-2bbef2efb0a4,b19ce3ea-90c7-4c5f-b1fd-2bbef2efb0a4-2-120,2,f,2026-04-17 09:35:00.886
0425514a-bfff-4f02-9d26-9eef776985ae,6077991f-156c-447c-a69b-4e2d765b115b,6077991f-156c-447c-a69b-4e2d765b115b-2-79,0,f,2026-04-17 09:35:03.572
139e87df-4b58-4595-8559-569c654cc83b,a3e3f98b-4511-430d-8cc5-03e6b557fbee,a3e3f98b-4511-430d-8cc5-03e6b557fbee-2-104,1,f,2026-04-17 09:35:09.059
1d8c3985-3932-4b34-8a4f-b90fc5d8f9ab,4626347f-a937-4b7f-8da9-b4a98783e145,4626347f-a937-4b7f-8da9-b4a98783e145-2-49,0,f,2026-04-17 09:35:44.158
d01edf0b-e643-4f8b-ac0d-9166d4bf49fe,6492e27e-18a2-4530-9fd1-f768b90de974,6492e27e-18a2-4530-9fd1-f768b90de974-2-2,3,t,2026-04-17 09:35:09.698
8438ddc2-fb7c-4687-a263-7d1acc9571bc,cd63e7c5-8d29-4d59-adaa-e76fbbc1aabd,cd63e7c5-8d29-4d59-adaa-e76fbbc1aabd-2-93,0,f,2026-04-17 09:35:13.866
702fa6b0-88c0-4ba1-95ab-ed472d3c6bae,23e7680d-44ec-4c81-a8e0-a217af0db21c,23e7680d-44ec-4c81-a8e0-a217af0db21c-2-20,3,t,2026-04-17 09:36:23.985
465ceabd-53db-4c0f-abd9-7a087c81851d,6a2053e0-87ba-489f-a3c8-4a2b6ff8f1f4,6a2053e0-87ba-489f-a3c8-4a2b6ff8f1f4-2-102,3,t,2026-04-17 09:35:15.506
d4adbc67-6755-4909-a7a1-749af6562ec9,22413047-2f23-4dc9-861c-024171bcfe51,22413047-2f23-4dc9-861c-024171bcfe51-2-38,3,t,2026-04-17 09:35:23.584
6351d21b-fce7-4b85-97a2-d73680333e67,cfc602b7-76c8-40fe-8a3f-0227e7ae7f9d,cfc602b7-76c8-40fe-8a3f-0227e7ae7f9d-2-62,3,t,2026-04-17 09:39:04.077
a7770f9c-d2f6-49f9-ba3c-cd14f5bde109,996b54c6-df4b-42e0-b36a-0b183de8fa03,996b54c6-df4b-42e0-b36a-0b183de8fa03-2-27,2,f,2026-04-17 09:35:57.591
b4ca6807-9100-465d-a8e8-dd884e665dca,3b87423f-faa3-41f0-8c7a-842466473516,3b87423f-faa3-41f0-8c7a-842466473516-2-29,0,f,2026-04-17 09:35:58.993
eefaf81b-d46a-40e3-a5b2-340487f3116f,ba1b79f1-b218-42e0-90c9-515c590bfb5c,ba1b79f1-b218-42e0-90c9-515c590bfb5c-2-11,1,f,2026-04-17 09:35:35.563
dc6f6196-1eb1-49c6-b29f-45d758a5ff30,3ed8fc13-d8f6-4f15-a66d-be11fce71626,3ed8fc13-d8f6-4f15-a66d-be11fce71626-2-67,4,t,2026-04-17 09:35:35.918
55eaab4f-07ba-4d21-adf1-124c1cdfdc55,0a1c2caf-5fab-4238-934a-49f53a889a64,0a1c2caf-5fab-4238-934a-49f53a889a64-2-17,3,t,2026-04-17 09:35:37.931
6def8c58-0ceb-47ec-8c90-d1d8464e6c24,0fe6c4b2-51f6-4335-8018-6048d4d289a1,0fe6c4b2-51f6-4335-8018-6048d4d289a1-2-11,3,t,2026-04-17 09:36:22.029
990e2beb-99d3-4293-b6c6-3c67394d24aa,514a5db5-8043-47c7-9e9a-214d7b05ca1b,514a5db5-8043-47c7-9e9a-214d7b05ca1b-2-48,0,f,2026-04-17 09:36:02.858
4a177993-1e78-4c6e-9d6d-2dcdcbcfe27f,09616f14-bdbc-4a08-81a4-460e529179a2,09616f14-bdbc-4a08-81a4-460e529179a2-2-18,2,f,2026-04-17 09:36:07.899
4df06835-e6ee-4564-930e-9897116e746d,cf48e95c-ccd3-4508-839c-a0c78ad5d6af,cf48e95c-ccd3-4508-839c-a0c78ad5d6af-2-52,0,f,2026-04-17 09:36:10.156
be0886ad-f6a5-4187-8103-cc439f60def3,110b144f-49c6-4389-956c-8da441b92de7,110b144f-49c6-4389-956c-8da441b92de7-2-17,0,f,2026-04-17 09:36:19.795
63c7d948-c3af-4bad-aa97-4f1af84c1a87,9b2bfc86-cd9e-48cc-affa-2645a1b65bd1,9b2bfc86-cd9e-48cc-affa-2645a1b65bd1-2-25,3,t,2026-04-17 09:36:26.544
4fe9e40a-724c-4177-87b0-74c0e7e4bdce,cb6aa604-8827-4b80-b4ae-7ac9ab41e323,cb6aa604-8827-4b80-b4ae-7ac9ab41e323-2-6,3,t,2026-04-17 09:37:58.475
1774df6a-cc63-41df-90a0-e0233bbd1a97,4f08dd81-6f2e-4cc8-b553-763cdcdae36e,4f08dd81-6f2e-4cc8-b553-763cdcdae36e-2-21,0,f,2026-04-17 09:46:57.501
7d2658b4-7b6a-42fc-aaac-67a4bd5d9644,7428391c-79d7-4f38-961c-2eae701e9b59,7428391c-79d7-4f38-961c-2eae701e9b59-2-3,3,t,2026-04-17 09:36:22.679
e9046473-f46f-460a-9e03-731bcecbc504,52fb53ed-992a-40b7-a284-d0ef206d8b3b,52fb53ed-992a-40b7-a284-d0ef206d8b3b-2-9,3,t,2026-04-17 09:36:23.885
3d1cc445-caed-46ec-8a4c-084d170989b2,58d01453-bdf3-462d-b2cc-cc8e0a11f4bd,58d01453-bdf3-462d-b2cc-cc8e0a11f4bd-2-18,3,t,2026-04-17 09:37:13.383
12cdae87-561f-49ff-87d1-4fb6ebd390ff,c3ac1670-f197-4065-88b7-abb8a3f55e05,c3ac1670-f197-4065-88b7-abb8a3f55e05-2-11,3,t,2026-04-17 09:36:31.74
aa4af25c-aeb8-4220-b2a6-ee88e92325f5,aa79aaac-b075-422b-b9be-a4ba8ac21137,aa79aaac-b075-422b-b9be-a4ba8ac21137-2-63,0,f,2026-04-17 09:36:46.936
846cb57d-182b-4926-a3d9-22ba6f7fc576,bda87e9c-8e4a-420b-8e9d-5b1dc1485648,bda87e9c-8e4a-420b-8e9d-5b1dc1485648-2-2,3,t,2026-04-17 09:37:58.104
1103340b-733e-4d86-b0b0-69f0a67aac51,3b87423f-faa3-41f0-8c7a-842466473516,3b87423f-faa3-41f0-8c7a-842466473516-2-30,5,t,2026-04-17 09:36:49.677
33ca883e-766d-45bd-a067-9f7ddb9801c2,cf48e95c-ccd3-4508-839c-a0c78ad5d6af,cf48e95c-ccd3-4508-839c-a0c78ad5d6af-2-55,0,f,2026-04-17 09:36:53.233
1290d86f-4137-4700-bc55-beaa64224e2d,4975effd-c5f3-42c2-8e98-7a5eca5004b6,4975effd-c5f3-42c2-8e98-7a5eca5004b6-2-26,0,f,2026-04-17 09:36:54.889
776ea386-e95b-4290-a20e-2820dbdbae51,a3e3f98b-4511-430d-8cc5-03e6b557fbee,a3e3f98b-4511-430d-8cc5-03e6b557fbee-2-120,3,t,2026-04-17 09:36:51.088
1d63e6e1-80d9-4a1d-9ef5-e2992e643634,08ffa16d-5fda-48dc-97ba-0fa8ad2ec214,08ffa16d-5fda-48dc-97ba-0fa8ad2ec214-2-11,3,t,2026-04-17 09:36:59.221
71b6d01f-8543-4c69-b1f5-0af766a40bb7,22413047-2f23-4dc9-861c-024171bcfe51,22413047-2f23-4dc9-861c-024171bcfe51-2-39,5,t,2026-04-17 09:37:03.624
d2fb702f-b488-4037-b8ec-6a07c207b2b0,0bf990e4-8545-4dbb-8253-87e4953f00ab,0bf990e4-8545-4dbb-8253-87e4953f00ab-2-4,3,t,2026-04-17 09:37:50.382
baae99b2-fde0-4754-9fe9-7a09351c5c71,996b54c6-df4b-42e0-b36a-0b183de8fa03,996b54c6-df4b-42e0-b36a-0b183de8fa03-2-22,3,t,2026-04-17 09:37:05.902
c1e69a78-5b78-47a6-b386-9c9101c7b39c,c3602a51-1e5e-4155-9236-80ac9f4eb974,c3602a51-1e5e-4155-9236-80ac9f4eb974-2-4,3,t,2026-04-17 09:37:06.77
858d6f3d-2f01-430a-8187-40518f27d909,aeaad491-0cc9-4538-9c99-6e5b7bd30d1b,aeaad491-0cc9-4538-9c99-6e5b7bd30d1b-2-5,3,t,2026-04-17 09:37:08.164
70ca64e6-0a0b-42bc-b79c-09e98aae5b3c,2f2975e7-43f5-486f-8219-e1715b4ee539,2f2975e7-43f5-486f-8219-e1715b4ee539-2-114,0,f,2026-04-17 09:37:08.248
3b0381a1-ca3d-4e9d-8561-0d4b037b8246,0909b68c-aaca-4bf2-a2cd-bbdeecdee3e8,0909b68c-aaca-4bf2-a2cd-bbdeecdee3e8-2-7,0,f,2026-04-17 09:37:36.101
fbf83dcb-0e26-4ad4-9a6f-ef24b1b5555a,ee167702-12fb-4e79-9b71-c1a3d0ee55dd,ee167702-12fb-4e79-9b71-c1a3d0ee55dd-2-7,0,f,2026-04-17 09:38:21.867
77fde779-e5d7-40a8-ab19-26c931731f37,7b2f5f37-d75f-42c7-a64b-e7d6da909f2e,7b2f5f37-d75f-42c7-a64b-e7d6da909f2e-2-12,3,t,2026-04-17 09:38:03.833
8796d5fa-a3bc-4bb3-908a-ae21ae46051c,7ed13b91-200d-43c2-ad9e-6ab09842430d,7ed13b91-200d-43c2-ad9e-6ab09842430d-2-19,0,f,2026-04-17 09:38:02.435
ad1cf8af-c343-40b0-8d85-c9de04dfb1a7,51bf8b84-0573-47bc-8ae9-056c9b8819c7,51bf8b84-0573-47bc-8ae9-056c9b8819c7-2-9,0,f,2026-04-17 09:39:58.131
4b00419d-c076-4b7c-83a8-7b55797db73c,2685f831-e1b0-4ad2-a7ef-cf48ff212488,2685f831-e1b0-4ad2-a7ef-cf48ff212488-2-19,1,f,2026-04-17 09:37:19.427
7efd7e12-8f13-4c9e-af20-9b917edd859f,0fe6c4b2-51f6-4335-8018-6048d4d289a1,0fe6c4b2-51f6-4335-8018-6048d4d289a1-2-12,3,t,2026-04-17 09:37:20.837
9d590ec8-a514-4ee4-828b-7c2e6a3b5aeb,897d03b4-4f5e-4d77-b19e-f7aee227197e,897d03b4-4f5e-4d77-b19e-f7aee227197e-2-20,0,f,2026-04-17 09:37:43.713
d603b9fe-d9d5-43e8-a6fb-23153e3299bd,4cf7f052-1d34-4442-9347-3eab9ed2fd67,4cf7f052-1d34-4442-9347-3eab9ed2fd67-2-97,0,f,2026-04-17 09:37:57.728
8c6cc8d5-7978-42d2-a4fd-282b3aefae68,996b54c6-df4b-42e0-b36a-0b183de8fa03,996b54c6-df4b-42e0-b36a-0b183de8fa03-2-25,3,t,2026-04-17 09:37:20.858
ebd024c9-8a18-49b1-b5ed-dcacda25547f,3201a497-4a53-41cf-8c80-7953d79d37c5,3201a497-4a53-41cf-8c80-7953d79d37c5-2-13,3,t,2026-04-17 09:38:43.244
355c69ab-d696-4a04-87ba-46c60b06fe9f,58d01453-bdf3-462d-b2cc-cc8e0a11f4bd,58d01453-bdf3-462d-b2cc-cc8e0a11f4bd-2-19,3,t,2026-04-17 09:37:31.883
a1b4c664-f927-480c-8d5b-2ba0c80e1336,95b4713c-2d16-4eca-8fe7-b71e4ebdc3db,95b4713c-2d16-4eca-8fe7-b71e4ebdc3db-2-5,3,t,2026-04-17 09:37:32.83
1d0c46e7-30bd-4ffd-b7cb-ce42b8176755,18ebe6f7-fcde-40f7-9e61-acd799d7c61f,18ebe6f7-fcde-40f7-9e61-acd799d7c61f-2-37,0,f,2026-04-17 09:37:40.889
66d58128-4896-4437-9220-8f94f32c2f8b,739b9181-f4e6-44f3-9f82-b8dc34c81fa5,739b9181-f4e6-44f3-9f82-b8dc34c81fa5-2-12,2,f,2026-04-17 09:38:15.727
9df3d11a-7612-4060-9b62-32cea05c4466,4975effd-c5f3-42c2-8e98-7a5eca5004b6,4975effd-c5f3-42c2-8e98-7a5eca5004b6-2-29,3,t,2026-04-17 09:37:41.611
ab2d58ba-4040-4ac9-81a0-e013bcb30203,3ed8fc13-d8f6-4f15-a66d-be11fce71626,3ed8fc13-d8f6-4f15-a66d-be11fce71626-2-72,2,f,2026-04-17 09:37:41.826
39e6d452-b1a6-458c-a109-d0fa5f7b479f,7afa437d-92ff-461c-a526-7bcc284e9e63,7afa437d-92ff-461c-a526-7bcc284e9e63-2-9,3,t,2026-04-17 09:37:43.366
782108be-0c4f-4fbc-9b93-a544ca55e0c1,ad2ea128-38e3-4ed1-a9e9-612e79f000bd,ad2ea128-38e3-4ed1-a9e9-612e79f000bd-2-115,0,f,2026-04-17 09:37:49.845
304cde52-a322-41d4-9351-62e92b5ea9b2,01e89da0-052e-4a56-b001-dc55712d8828,01e89da0-052e-4a56-b001-dc55712d8828-2-120,3,t,2026-04-17 09:38:18.763
6cd100f7-2e41-4b50-a4db-6fef2e3c9ac2,8c965050-a932-4536-9444-4170909450b3,8c965050-a932-4536-9444-4170909450b3-2-14,0,f,2026-04-17 09:38:22.02
62985be5-1016-4c9a-b317-a4679c93e612,23e7680d-44ec-4c81-a8e0-a217af0db21c,23e7680d-44ec-4c81-a8e0-a217af0db21c-2-22,3,t,2026-04-17 09:40:23.914
f9701f4f-fbe3-4fff-a402-8bfa10aa2d81,6efda4cf-4eb4-4811-b12a-8d1fb218f1b5,6efda4cf-4eb4-4811-b12a-8d1fb218f1b5-2-54,0,f,2026-04-17 09:40:56.306
f96bbf37-7859-4552-8fee-a2455249c9fa,a3e3f98b-4511-430d-8cc5-03e6b557fbee,a3e3f98b-4511-430d-8cc5-03e6b557fbee-2-111,6,t,2026-04-17 09:37:56.563
4ff41ab9-80d9-4ff5-ba06-090f18640bc5,5f42d829-f4be-4762-8706-6ee43f14526b,5f42d829-f4be-4762-8706-6ee43f14526b-2-83,0,f,2026-04-17 09:38:30.324
1f469993-cc87-452a-8883-03faf24d9836,f5e2ef8c-4e28-4665-b659-8de68ae205cd,f5e2ef8c-4e28-4665-b659-8de68ae205cd-2-9,3,t,2026-04-17 09:38:03.202
52303b66-72e0-4694-b73f-eee78d04ee2a,7ef6d63a-b0af-4be2-a8e0-3784fd609017,7ef6d63a-b0af-4be2-a8e0-3784fd609017-2-17,3,t,2026-04-17 09:38:56.417
f32bf8f9-cd5f-4fe2-983e-79c33d02055c,0fe6c4b2-51f6-4335-8018-6048d4d289a1,0fe6c4b2-51f6-4335-8018-6048d4d289a1-2-16,2,f,2026-04-17 09:40:31.689
6cb37495-8aee-4969-a917-4740e6c18911,897d03b4-4f5e-4d77-b19e-f7aee227197e,897d03b4-4f5e-4d77-b19e-f7aee227197e-2-21,3,t,2026-04-17 09:39:13.155
19efcd62-30bd-45ef-b7ca-3faae80be090,a90cc6ed-473d-44c4-b771-109130f5a335,a90cc6ed-473d-44c4-b771-109130f5a335-2-20,3,t,2026-04-17 09:38:40.658
e17bcb0f-3d4f-473c-84ed-ff9c22dfc96b,f5e2ef8c-4e28-4665-b659-8de68ae205cd,f5e2ef8c-4e28-4665-b659-8de68ae205cd-2-14,3,t,2026-04-17 09:40:58.396
cf1752f5-395e-49e3-9c2c-e4ac3cf5c04c,c7cebb6f-4ce3-4ec5-8846-3ed1bf6c8dbe,c7cebb6f-4ce3-4ec5-8846-3ed1bf6c8dbe-2-6,3,t,2026-04-17 09:38:41.459
681a0ff8-07e6-424b-a051-53134aa2d1c2,44c86309-3836-4229-a747-e4bd365ac093,44c86309-3836-4229-a747-e4bd365ac093-2-3,0,f,2026-04-17 09:39:24.875
ff793ebe-ee4f-4140-afac-8f458b9fb5ea,58d01453-bdf3-462d-b2cc-cc8e0a11f4bd,58d01453-bdf3-462d-b2cc-cc8e0a11f4bd-2-20,3,t,2026-04-17 09:40:53.833
e81cb71a-16d5-4ff1-a794-1fc9de3d7c14,08ffa16d-5fda-48dc-97ba-0fa8ad2ec214,08ffa16d-5fda-48dc-97ba-0fa8ad2ec214-2-12,3,t,2026-04-17 09:40:38.974
3efa16fb-145f-45cd-a45f-42c1cdc1a8e2,c3ac1670-f197-4065-88b7-abb8a3f55e05,c3ac1670-f197-4065-88b7-abb8a3f55e05-2-12,3,t,2026-04-17 09:39:48.185
b20d11e3-27e1-4998-a7fa-9d18fb12e691,ee1ce29b-7c86-48cd-850f-f5a8ee856031,ee1ce29b-7c86-48cd-850f-f5a8ee856031-2-15,0,f,2026-04-17 09:40:40.665
8a944843-260f-4e81-afd2-b7e46b513d46,52fb53ed-992a-40b7-a284-d0ef206d8b3b,52fb53ed-992a-40b7-a284-d0ef206d8b3b-2-14,3,t,2026-04-17 09:39:58.195
7534414d-01e1-4966-a699-649a453f4706,02a5f640-7742-4622-a181-86ce4bf7afdc,02a5f640-7742-4622-a181-86ce4bf7afdc-2-139,1,f,2026-04-17 09:40:13.818
d6faf210-fa55-4434-bf1d-601560973233,6efda4cf-4eb4-4811-b12a-8d1fb218f1b5,6efda4cf-4eb4-4811-b12a-8d1fb218f1b5-2-50,0,f,2026-04-17 09:40:22.975
a4784099-0ab4-4a69-b431-7e13a214e379,22413047-2f23-4dc9-861c-024171bcfe51,22413047-2f23-4dc9-861c-024171bcfe51-2-46,0,f,2026-04-17 09:41:07.406
52927f43-8fb4-4c26-9b1f-20c7bade0316,7ef6d63a-b0af-4be2-a8e0-3784fd609017,7ef6d63a-b0af-4be2-a8e0-3784fd609017-2-19,3,t,2026-04-17 09:41:06.362
55544427-0748-4685-b8d0-aaf991d3e226,c9ffd548-293a-4eb4-8a72-16b3ea5f6071,c9ffd548-293a-4eb4-8a72-16b3ea5f6071-2-2,3,t,2026-04-17 09:41:09.072
c1b4f90a-6653-470d-a14d-e3ce6709c8bd,21d53331-bf7e-4a4a-8242-daa5236fc398,21d53331-bf7e-4a4a-8242-daa5236fc398-2-100,0,f,2026-04-17 09:41:11.844
7fa553a6-3fef-42f0-bf38-c283e716056e,c3602a51-1e5e-4155-9236-80ac9f4eb974,c3602a51-1e5e-4155-9236-80ac9f4eb974-2-7,3,t,2026-04-17 09:41:14.698
e80aa810-1010-4c5e-8826-312ad85c8874,19369cc7-101f-4580-a45c-d3a728230d91,19369cc7-101f-4580-a45c-d3a728230d91-2-18,3,t,2026-04-17 09:41:14.988
92678be7-806a-45b1-9886-a848d97d2cef,e8ec8ac3-72eb-420a-80e3-1be06708b38c,e8ec8ac3-72eb-420a-80e3-1be06708b38c-2-9,3,t,2026-04-17 09:41:17.724
272d11a7-1285-4a6e-8f7a-57afbc6ea6b5,8c965050-a932-4536-9444-4170909450b3,8c965050-a932-4536-9444-4170909450b3-2-18,0,f,2026-04-17 09:41:21.405
8768f4bb-4714-4961-95b1-26c9a4611765,cb6aa604-8827-4b80-b4ae-7ac9ab41e323,cb6aa604-8827-4b80-b4ae-7ac9ab41e323-2-8,0,f,2026-04-17 09:41:26.455
16bcbe81-e2b5-48eb-84d8-d9aeb602f00c,681a0041-3f56-4baf-9f99-de49e187b870,681a0041-3f56-4baf-9f99-de49e187b870-2-6,3,t,2026-04-17 09:42:13.368
b83a624d-0a61-4822-b62f-7368323df8b9,c3ac1670-f197-4065-88b7-abb8a3f55e05,c3ac1670-f197-4065-88b7-abb8a3f55e05-2-14,0,f,2026-04-17 09:42:43.485
e9585ece-3fc5-4dc3-9e7a-368bd396d85b,02a5f640-7742-4622-a181-86ce4bf7afdc,02a5f640-7742-4622-a181-86ce4bf7afdc-2-140,0,f,2026-04-17 09:44:02.017
47cb5598-f619-49b6-a8eb-334ab218c1a7,0ff9973f-4597-43ee-bb87-975152c88d6c,0ff9973f-4597-43ee-bb87-975152c88d6c-2-6,3,t,2026-04-17 10:08:25.235
a6dc447b-b8f6-43a9-9d1a-41abfed8bdc2,ee1ce29b-7c86-48cd-850f-f5a8ee856031,ee1ce29b-7c86-48cd-850f-f5a8ee856031-2-27,4,t,2026-04-17 09:52:54.709
4d85dde0-4371-477a-bef2-954043ca0c08,110b144f-49c6-4389-956c-8da441b92de7,110b144f-49c6-4389-956c-8da441b92de7-2-21,0,f,2026-04-17 10:14:21.089
b12e1047-9902-44db-9d07-57902d7be3f2,0ff9973f-4597-43ee-bb87-975152c88d6c,0ff9973f-4597-43ee-bb87-975152c88d6c-2-40,0,f,2026-04-17 10:28:23.117
d658c41d-99b4-4216-b70e-9c76a8fbe13f,b4e7203d-cf8d-4685-a95e-4b43505d273f,b4e7203d-cf8d-4685-a95e-4b43505d273f-2-32,4,t,2026-04-17 09:38:44.811
09a4e09a-6665-43bd-a242-728cbc0a2a50,0fe6c4b2-51f6-4335-8018-6048d4d289a1,0fe6c4b2-51f6-4335-8018-6048d4d289a1-2-13,3,t,2026-04-17 09:38:02.471
4dfc7817-b71e-4021-a25a-fdf69b6f0d3c,49247d98-f3ca-4858-ae94-383e1e7323ad,49247d98-f3ca-4858-ae94-383e1e7323ad-2-1,0,f,2026-04-17 09:40:27.208
36886b4f-5115-4871-8d90-0a0055c132b2,a3e3f98b-4511-430d-8cc5-03e6b557fbee,a3e3f98b-4511-430d-8cc5-03e6b557fbee-2-121,3,t,2026-04-17 09:39:30.074
582fc450-fbcb-4626-8296-48e5e5c31122,6a2053e0-87ba-489f-a3c8-4a2b6ff8f1f4,6a2053e0-87ba-489f-a3c8-4a2b6ff8f1f4-2-111,5,t,2026-04-17 09:38:05.205
0b54a911-5896-4eeb-8460-33faaa9c0ca3,7ed13b91-200d-43c2-ad9e-6ab09842430d,7ed13b91-200d-43c2-ad9e-6ab09842430d-2-20,3,t,2026-04-17 09:39:14.845
536c4772-fac7-429f-bdd6-4a64d0baa91c,681a0041-3f56-4baf-9f99-de49e187b870,681a0041-3f56-4baf-9f99-de49e187b870-2-3,3,t,2026-04-17 09:38:55.698
d1113dc2-7c95-4f62-8f98-7bfd17fa8fef,aeaad491-0cc9-4538-9c99-6e5b7bd30d1b,aeaad491-0cc9-4538-9c99-6e5b7bd30d1b-2-6,3,t,2026-04-17 09:38:13.329
49389c5d-acf3-48a4-886e-26e40417db06,c3602a51-1e5e-4155-9236-80ac9f4eb974,c3602a51-1e5e-4155-9236-80ac9f4eb974-2-3,0,f,2026-04-17 09:38:55.899
151c0957-bc99-40a3-b0aa-f3fe947f636d,5c2703f1-c588-4abe-9a48-8c4d20a94b61,5c2703f1-c588-4abe-9a48-8c4d20a94b61-2-6,2,f,2026-04-17 09:39:18.802
a877e9e9-be95-44cb-955d-a6ee51fe42ba,6a2053e0-87ba-489f-a3c8-4a2b6ff8f1f4,6a2053e0-87ba-489f-a3c8-4a2b6ff8f1f4-2-120,3,t,2026-04-17 09:38:56.874
983fb79d-f3b1-4f29-9cf3-bb990c89b1ad,22413047-2f23-4dc9-861c-024171bcfe51,22413047-2f23-4dc9-861c-024171bcfe51-2-42,6,t,2026-04-17 09:38:20.223
07a1f6b1-e97a-4e1f-95e5-0be0061d67a8,ee1ce29b-7c86-48cd-850f-f5a8ee856031,ee1ce29b-7c86-48cd-850f-f5a8ee856031-2-12,2,f,2026-04-17 09:38:31.506
0671aab3-4c57-4a05-ae27-51fb73f1ed5e,22413047-2f23-4dc9-861c-024171bcfe51,22413047-2f23-4dc9-861c-024171bcfe51-2-43,0,f,2026-04-17 09:39:20.812
a2b81082-4a5e-4614-a3ed-140e93ff879d,bf3be56f-d262-4b5c-b920-b3cd94204e7b,bf3be56f-d262-4b5c-b920-b3cd94204e7b-2-7,3,t,2026-04-17 09:38:36.684
4daf23d6-868a-488e-947a-82a23c5cd648,319d9117-957e-472c-ae32-07a254740eab,319d9117-957e-472c-ae32-07a254740eab-2-9,3,t,2026-04-17 09:38:57.363
f5a51691-da2d-424e-a65a-eabaaad5b857,95b4713c-2d16-4eca-8fe7-b71e4ebdc3db,95b4713c-2d16-4eca-8fe7-b71e4ebdc3db-2-6,3,t,2026-04-17 10:08:02.532
7ac769d1-248f-403e-aeea-92f36e03911f,a037f741-a910-48c8-9024-37930d7b2190,a037f741-a910-48c8-9024-37930d7b2190-2-21,3,t,2026-04-17 09:38:40.563
bcb354b3-93fe-4f14-b317-20883c7ec2bc,6492e27e-18a2-4530-9fd1-f768b90de974,6492e27e-18a2-4530-9fd1-f768b90de974-2-4,1,f,2026-04-17 09:38:41.326
85f3c19d-284c-4864-bb7b-5d3ff352b139,ee1ce29b-7c86-48cd-850f-f5a8ee856031,ee1ce29b-7c86-48cd-850f-f5a8ee856031-2-14,2,f,2026-04-17 09:39:21.317
cc0c246a-fd95-402d-ad4e-f199648718ee,ae512a82-7989-4fb2-87f7-abece7160322,ae512a82-7989-4fb2-87f7-abece7160322-2-94,1,f,2026-04-17 09:39:32.357
e8915b78-4c81-466a-bfdd-b30b0da8819f,3c6306dc-eec2-41c2-8d8b-f95096887ac8,3c6306dc-eec2-41c2-8d8b-f95096887ac8-2-8,3,t,2026-04-17 09:39:07.25
ecc2fde4-345e-441e-b2c7-57c4898c1023,0fe6c4b2-51f6-4335-8018-6048d4d289a1,0fe6c4b2-51f6-4335-8018-6048d4d289a1-2-14,3,t,2026-04-17 09:39:10.607
08b2dc45-a0e7-4944-ba66-f5b7a77a9737,52fb53ed-992a-40b7-a284-d0ef206d8b3b,52fb53ed-992a-40b7-a284-d0ef206d8b3b-2-11,3,t,2026-04-17 09:39:26.046
5554593d-607c-48d8-907a-ead7b1409f53,3b87423f-faa3-41f0-8c7a-842466473516,3b87423f-faa3-41f0-8c7a-842466473516-2-44,0,f,2026-04-17 09:48:11.086
0d95b902-323d-4bef-a67d-ed6cfb2bd914,a7d55219-3a56-4459-ab06-848c1a483037,a7d55219-3a56-4459-ab06-848c1a483037-2-12,3,t,2026-04-17 09:39:28.378
6d894b5b-9c2d-4b8b-8ce1-eb24927e1637,dbba1f0b-1211-44f1-b727-2bd457c6203b,dbba1f0b-1211-44f1-b727-2bd457c6203b-2-17,1,f,2026-04-17 09:39:51.673
6d912018-4270-4863-a7b2-38c3c6260b7e,514a5db5-8043-47c7-9e9a-214d7b05ca1b,514a5db5-8043-47c7-9e9a-214d7b05ca1b-2-56,0,f,2026-04-17 09:39:45.938
a020fbd2-6826-48df-a8cd-fa89043ca755,4f08dd81-6f2e-4cc8-b553-763cdcdae36e,4f08dd81-6f2e-4cc8-b553-763cdcdae36e-2-23,0,f,2026-04-17 09:48:01.61
8fd71355-684f-4479-b630-5908749e13a1,7428391c-79d7-4f38-961c-2eae701e9b59,7428391c-79d7-4f38-961c-2eae701e9b59-2-6,3,t,2026-04-17 09:39:36.055
13cf9c1a-7458-4d05-a04d-7d011d8c0cea,681a0041-3f56-4baf-9f99-de49e187b870,681a0041-3f56-4baf-9f99-de49e187b870-2-5,0,f,2026-04-17 09:40:42.214
3bf8ce6b-7ddf-4554-9e15-18b6d847bcd0,7ef6d63a-b0af-4be2-a8e0-3784fd609017,7ef6d63a-b0af-4be2-a8e0-3784fd609017-2-18,3,t,2026-04-17 09:40:41.131
57fbd7d9-67b0-48b9-a512-3a0e37fdbf29,f6af9a1c-b651-4756-81be-bb78380c2bcb,f6af9a1c-b651-4756-81be-bb78380c2bcb-2-69,0,f,2026-04-17 09:39:49.122
95e4aebc-1a2a-4fb9-b795-5b023c5a8969,495d6ec5-2846-4068-b1a9-afa26ece5ac9,495d6ec5-2846-4068-b1a9-afa26ece5ac9-2-12,3,t,2026-04-17 09:39:49.532
9fdbdcd0-140e-4e93-bf14-ad22b910f27c,ad2ea128-38e3-4ed1-a9e9-612e79f000bd,ad2ea128-38e3-4ed1-a9e9-612e79f000bd-2-120,3,t,2026-04-17 09:40:04.454
43fd9884-94b4-435d-8c5a-41579b8c8a8a,bf3be56f-d262-4b5c-b920-b3cd94204e7b,bf3be56f-d262-4b5c-b920-b3cd94204e7b-2-4,3,t,2026-04-17 09:39:57.601
44aa6557-9fd9-4402-90a0-12054ee490a2,5447cc7a-9630-4dc1-a474-fca1ddf341e6,5447cc7a-9630-4dc1-a474-fca1ddf341e6-2-47,0,f,2026-04-17 09:40:00.059
376d0781-ebbc-4326-be8e-31b24157984e,d09d7e68-5479-4db3-85c6-55ce2229906f,d09d7e68-5479-4db3-85c6-55ce2229906f-2-3,3,t,2026-04-17 09:40:05.842
8a1eeef7-9e01-46a3-8a8b-63d34c3755e3,a90cc6ed-473d-44c4-b771-109130f5a335,a90cc6ed-473d-44c4-b771-109130f5a335-2-19,3,t,2026-04-17 09:40:07.853
ce706d17-d0c4-40ef-b0d8-9386d76c5f3d,129f2a12-36ee-4f40-8504-029cfb337c03,129f2a12-36ee-4f40-8504-029cfb337c03-2-17,2,f,2026-04-17 09:40:08.568
fd51fb97-e773-4b7b-a3cc-9aef1dc07583,6a2053e0-87ba-489f-a3c8-4a2b6ff8f1f4,6a2053e0-87ba-489f-a3c8-4a2b6ff8f1f4-2-123,3,t,2026-04-17 09:40:21.848
c22f85e0-9231-4735-8199-4b56f1dae126,495d6ec5-2846-4068-b1a9-afa26ece5ac9,495d6ec5-2846-4068-b1a9-afa26ece5ac9-2-11,0,f,2026-04-17 09:40:22.265
56f70c95-374c-45d6-b086-819494c62da6,6a804deb-cef1-4cdc-95c7-6574a1e7577a,6a804deb-cef1-4cdc-95c7-6574a1e7577a-2-5,3,t,2026-04-17 09:43:47.651
74c8f4fa-5b0a-41cc-b61a-4e57b99c14aa,b4e7203d-cf8d-4685-a95e-4b43505d273f,b4e7203d-cf8d-4685-a95e-4b43505d273f-2-33,0,f,2026-04-17 09:40:41.525
516653fd-0704-4106-96c7-bcf6ded6f376,4cf7f052-1d34-4442-9347-3eab9ed2fd67,4cf7f052-1d34-4442-9347-3eab9ed2fd67-2-102,3,t,2026-04-17 09:40:54.609
15a0de3a-4784-45fb-922c-b04bcab5e289,01e89da0-052e-4a56-b001-dc55712d8828,01e89da0-052e-4a56-b001-dc55712d8828-2-133,0,f,2026-04-17 09:46:19.536
ae6617b2-38e1-42d7-bfa3-0b4415c75693,1c81e191-a57e-415c-8fbe-d214bb1df9d0,1c81e191-a57e-415c-8fbe-d214bb1df9d0-2-14,0,f,2026-04-17 09:41:20.624
cba807e5-a85d-446a-84d2-e922339c924d,4aa59ff8-da67-4892-bffb-557d6cccf237,4aa59ff8-da67-4892-bffb-557d6cccf237-2-17,1,f,2026-04-17 09:39:58.168
c075c658-5f50-4e49-a149-2086b324b740,ccfa1e3b-55c9-4102-9146-6e5cc30549b7,ccfa1e3b-55c9-4102-9146-6e5cc30549b7-2-9,3,t,2026-04-17 09:39:59.994
70222527-2293-4431-9ae2-87f8d44c8673,aeaad491-0cc9-4538-9c99-6e5b7bd30d1b,aeaad491-0cc9-4538-9c99-6e5b7bd30d1b-2-10,3,t,2026-04-17 09:42:09.578
92f2832c-ed46-40e9-a367-2b063a5907a6,129f2a12-36ee-4f40-8504-029cfb337c03,129f2a12-36ee-4f40-8504-029cfb337c03-2-19,2,f,2026-04-17 09:42:10.439
52959b94-b3e3-4e4a-8802-23f995cd6783,a3d745bf-e3f4-411c-97b5-2cd475f193f6,a3d745bf-e3f4-411c-97b5-2cd475f193f6-2-4,3,t,2026-04-17 09:40:01.437
53712978-595d-4e67-acfb-b4ef1d202c99,22413047-2f23-4dc9-861c-024171bcfe51,22413047-2f23-4dc9-861c-024171bcfe51-2-45,0,f,2026-04-17 09:40:18.861
ba42e27c-713a-4f02-b5f2-d236637bd4b7,1c81e191-a57e-415c-8fbe-d214bb1df9d0,1c81e191-a57e-415c-8fbe-d214bb1df9d0-2-15,0,f,2026-04-17 09:42:28.931
19e67e9e-0be3-4a3b-a874-885c30afc22c,0d7df0d3-7223-4b74-8c6c-3aa5b26af7bd,0d7df0d3-7223-4b74-8c6c-3aa5b26af7bd-2-38,3,t,2026-04-17 09:40:20.163
c3dd2037-5c05-4f1d-a285-128a9af0ad4f,5d48f615-bb08-49d7-9d29-de098d96d55c,5d48f615-bb08-49d7-9d29-de098d96d55c-2-24,3,t,2026-04-17 09:42:41.5
d18b3ee0-6db8-4f67-8813-329eb5c8a8b9,7ed13b91-200d-43c2-ad9e-6ab09842430d,7ed13b91-200d-43c2-ad9e-6ab09842430d-2-21,3,t,2026-04-17 09:40:26.745
048065a7-e152-43d8-9843-af6f3f53eb39,ccfa1e3b-55c9-4102-9146-6e5cc30549b7,ccfa1e3b-55c9-4102-9146-6e5cc30549b7-2-11,3,t,2026-04-17 09:44:34.604
591edbc4-dbbc-41a1-a778-6853dfca49ff,52fb53ed-992a-40b7-a284-d0ef206d8b3b,52fb53ed-992a-40b7-a284-d0ef206d8b3b-2-18,3,t,2026-04-17 09:41:00.535
dffd3cf9-f5c6-4754-a354-e96c9c089b52,d90b640e-7008-4861-8197-64e64a901462,d90b640e-7008-4861-8197-64e64a901462-2-14,0,f,2026-04-17 09:41:08.175
1ade2469-8c56-43bd-a700-1bc7681d3d6d,110b144f-49c6-4389-956c-8da441b92de7,110b144f-49c6-4389-956c-8da441b92de7-2-23,2,f,2026-04-17 10:16:36.204
9fec00f1-74b6-423b-9a92-6b468043c465,57fd170e-8fcf-425e-aafb-34331dbe4494,57fd170e-8fcf-425e-aafb-34331dbe4494-2-78,3,t,2026-04-17 09:41:16.698
15f1a051-082b-435b-9d33-d3b50c97a50d,ad2ea128-38e3-4ed1-a9e9-612e79f000bd,ad2ea128-38e3-4ed1-a9e9-612e79f000bd-2-122,3,t,2026-04-17 09:41:37.704
227f1cfa-885d-40e2-83da-f69871dcbbef,00692797-40c5-4e3a-8bc9-f642cc8c3845,00692797-40c5-4e3a-8bc9-f642cc8c3845-2-29,1,f,2026-04-17 09:41:43.282
26f49428-f061-42a7-91ff-5f67f5a43937,897d03b4-4f5e-4d77-b19e-f7aee227197e,897d03b4-4f5e-4d77-b19e-f7aee227197e-2-25,0,f,2026-04-17 09:42:05.4
376588ac-b40e-4a9a-8cf1-e52ee64fa4e7,22413047-2f23-4dc9-861c-024171bcfe51,22413047-2f23-4dc9-861c-024171bcfe51-2-47,0,f,2026-04-17 09:41:43.715
7f93f0e1-228a-45ee-8c77-ce032516e9d0,bf3be56f-d262-4b5c-b920-b3cd94204e7b,bf3be56f-d262-4b5c-b920-b3cd94204e7b-2-5,3,t,2026-04-17 09:40:28.734
c966895b-eba9-4e3d-95e5-cd2de805ada2,9a55e2ae-caea-48c8-8437-7fa6d560c28d,9a55e2ae-caea-48c8-8437-7fa6d560c28d-2-80,0,f,2026-04-17 09:41:44.664
b5406c60-eb73-404a-a5f3-929c90154cec,0fe6c4b2-51f6-4335-8018-6048d4d289a1,0fe6c4b2-51f6-4335-8018-6048d4d289a1-2-17,2,f,2026-04-17 09:41:46.301
90f7c5c3-1b85-4b11-9309-1adddf87dc3f,c590bbb6-233c-428e-ba79-dfbfcb024d69,c590bbb6-233c-428e-ba79-dfbfcb024d69-2-39,4,t,2026-04-17 09:40:43.666
aba97ef1-554b-4c6f-90b9-b7a010dbac26,7afa437d-92ff-461c-a526-7bcc284e9e63,7afa437d-92ff-461c-a526-7bcc284e9e63-2-12,2,f,2026-04-17 09:40:47.163
0ca48250-6e39-4839-a6eb-ae12b8919ab0,a3e3f98b-4511-430d-8cc5-03e6b557fbee,a3e3f98b-4511-430d-8cc5-03e6b557fbee-2-126,0,f,2026-04-17 09:40:51.508
65a91ca8-f300-450e-89e9-bfd23ba94cc8,ca35df0c-8896-47e7-9dcd-485fa1d8274b,ca35df0c-8896-47e7-9dcd-485fa1d8274b-2-98,0,f,2026-04-17 09:41:00.633
8ce44682-f261-48ee-a130-d098d4f5cf92,0d7df0d3-7223-4b74-8c6c-3aa5b26af7bd,0d7df0d3-7223-4b74-8c6c-3aa5b26af7bd-2-20,0,f,2026-04-17 09:41:02.816
327fcd20-be03-41a4-8bdf-4a42d4b55bb8,1df7744c-4296-4a4a-a293-6431531fce9a,1df7744c-4296-4a4a-a293-6431531fce9a-2-36,0,f,2026-04-17 09:41:16.025
972bfe4f-9682-46f9-bc65-e75da5b8a375,58d01453-bdf3-462d-b2cc-cc8e0a11f4bd,58d01453-bdf3-462d-b2cc-cc8e0a11f4bd-2-21,3,t,2026-04-17 09:41:20.176
2c4d8110-221e-48e9-b6f2-49da5f0b054d,c7cebb6f-4ce3-4ec5-8846-3ed1bf6c8dbe,c7cebb6f-4ce3-4ec5-8846-3ed1bf6c8dbe-2-10,3,t,2026-04-17 09:41:48.474
5112cfaa-b996-4d8a-8158-6d0d183b26db,495d6ec5-2846-4068-b1a9-afa26ece5ac9,495d6ec5-2846-4068-b1a9-afa26ece5ac9-2-13,3,t,2026-04-17 09:41:20.704
2c669a46-2be9-47c1-aae7-ecc135631cda,ee167702-12fb-4e79-9b71-c1a3d0ee55dd,ee167702-12fb-4e79-9b71-c1a3d0ee55dd-2-10,3,t,2026-04-17 09:41:21.29
c2c58375-eb5b-4339-89c7-261c897ddd15,a037f741-a910-48c8-9024-37930d7b2190,a037f741-a910-48c8-9024-37930d7b2190-2-31,0,f,2026-04-17 09:41:33.53
650802e2-ac77-42e6-ada7-5aa9110889fb,bedc8c20-6537-41cd-a397-24a85b8a3a24,bedc8c20-6537-41cd-a397-24a85b8a3a24-2-47,4,t,2026-04-17 09:42:03.776
ee69ef74-93b1-4a6c-ae44-5691ad26dd7f,d39050bd-ce5c-4719-ae39-d694ab777186,d39050bd-ce5c-4719-ae39-d694ab777186-2-72,3,t,2026-04-17 09:41:49.009
777f2e40-6b41-4150-8a07-231466a0c178,7ef6d63a-b0af-4be2-a8e0-3784fd609017,7ef6d63a-b0af-4be2-a8e0-3784fd609017-2-20,3,t,2026-04-17 09:42:06.188
9ea177d3-8548-49eb-bba9-28c09e57204c,d7464694-cf28-49ad-9baa-2caab6d4a29d,d7464694-cf28-49ad-9baa-2caab6d4a29d-2-43,5,t,2026-04-17 09:41:50.043
29ea1658-ab61-4c83-8425-fb99969a0448,52fb53ed-992a-40b7-a284-d0ef206d8b3b,52fb53ed-992a-40b7-a284-d0ef206d8b3b-2-19,3,t,2026-04-17 09:41:50.928
6d7150b6-790d-432d-bb84-5a5ba9605cb6,ea4f0316-df7a-437a-b8ce-63548e33cc5a,ea4f0316-df7a-437a-b8ce-63548e33cc5a-2-39,1,f,2026-04-17 09:41:51.762
8234f6b7-2454-4c2a-a621-0f7d170446b1,0d7df0d3-7223-4b74-8c6c-3aa5b26af7bd,0d7df0d3-7223-4b74-8c6c-3aa5b26af7bd-2-21,2,f,2026-04-17 09:41:56.465
2bea1490-977a-4b6f-90d4-5ac193d787e6,0909b68c-aaca-4bf2-a2cd-bbdeecdee3e8,0909b68c-aaca-4bf2-a2cd-bbdeecdee3e8-2-9,3,t,2026-04-17 09:42:07.333
ce87a949-cc10-46ab-8fa4-1c8477561d86,21d53331-bf7e-4a4a-8242-daa5236fc398,21d53331-bf7e-4a4a-8242-daa5236fc398-2-102,3,t,2026-04-17 09:42:36.034
7cb9ff46-dd2c-4442-8f0a-b86f2beb53c0,08ffa16d-5fda-48dc-97ba-0fa8ad2ec214,08ffa16d-5fda-48dc-97ba-0fa8ad2ec214-2-14,3,t,2026-04-17 09:43:06.03
86883b42-7280-4f61-ad0f-49a80e63e781,02a5f640-7742-4622-a181-86ce4bf7afdc,02a5f640-7742-4622-a181-86ce4bf7afdc-2-143,0,f,2026-04-17 09:43:24.662
1cd117de-14d0-465c-923a-254d017858af,09616f14-bdbc-4a08-81a4-460e529179a2,09616f14-bdbc-4a08-81a4-460e529179a2-2-33,3,t,2026-04-17 10:11:13.567
1f399441-814d-4743-ab99-391b4536c7e3,09616f14-bdbc-4a08-81a4-460e529179a2,09616f14-bdbc-4a08-81a4-460e529179a2-2-108,1,f,2026-04-17 09:42:23.555
008ef989-8beb-44fe-9210-533132a48b31,7b2f5f37-d75f-42c7-a64b-e7d6da909f2e,7b2f5f37-d75f-42c7-a64b-e7d6da909f2e-2-13,3,t,2026-04-17 09:41:03.569
66ff8cfb-7430-47ee-89ad-bbb4808d260a,ee1ce29b-7c86-48cd-850f-f5a8ee856031,ee1ce29b-7c86-48cd-850f-f5a8ee856031-2-17,2,f,2026-04-17 09:42:24.226
bde812f5-8dc9-4806-914b-3e25d13a861d,5d48f615-bb08-49d7-9d29-de098d96d55c,5d48f615-bb08-49d7-9d29-de098d96d55c-2-22,3,t,2026-04-17 09:41:04.692
c87a5c67-e689-4c38-b3ed-dd178753ade2,bf3be56f-d262-4b5c-b920-b3cd94204e7b,bf3be56f-d262-4b5c-b920-b3cd94204e7b-2-8,3,t,2026-04-17 09:41:04.739
a2306261-c797-4493-ba4e-36c00ab71281,7ef6d63a-b0af-4be2-a8e0-3784fd609017,7ef6d63a-b0af-4be2-a8e0-3784fd609017-2-21,3,t,2026-04-17 09:43:18.105
f1495cbe-cc27-4c2a-bfb3-10b407660f0b,7afa437d-92ff-461c-a526-7bcc284e9e63,7afa437d-92ff-461c-a526-7bcc284e9e63-2-13,3,t,2026-04-17 09:42:32.304
9d7e5a49-9705-460a-90b4-21c9a327f8ba,319d9117-957e-472c-ae32-07a254740eab,319d9117-957e-472c-ae32-07a254740eab-2-10,3,t,2026-04-17 09:41:11.505
617fc835-e604-4e0a-bb74-ac28dace23af,a3e3f98b-4511-430d-8cc5-03e6b557fbee,a3e3f98b-4511-430d-8cc5-03e6b557fbee-2-127,0,f,2026-04-17 09:41:17.444
edb3d89f-aa9c-4a2e-89b1-23df3bc86801,a90cc6ed-473d-44c4-b771-109130f5a335,a90cc6ed-473d-44c4-b771-109130f5a335-2-23,3,t,2026-04-17 09:42:26.191
be89761d-9b88-47e8-acca-1b422124ea39,ee1ce29b-7c86-48cd-850f-f5a8ee856031,ee1ce29b-7c86-48cd-850f-f5a8ee856031-2-16,3,t,2026-04-17 09:41:49.852
137c385d-deee-4969-8418-6d77ea05a005,23e7680d-44ec-4c81-a8e0-a217af0db21c,23e7680d-44ec-4c81-a8e0-a217af0db21c-2-23,3,t,2026-04-17 09:43:04.083
74689c57-3beb-4021-b694-1cf293ba043b,1df7744c-4296-4a4a-a293-6431531fce9a,1df7744c-4296-4a4a-a293-6431531fce9a-2-40,0,f,2026-04-17 09:42:12.503
b6c3c2d5-ee32-43ec-bf62-e5874dc885aa,006eee1f-7c23-4324-b8e0-3234d930131f,006eee1f-7c23-4324-b8e0-3234d930131f-2-48,1,f,2026-04-17 09:42:28.713
606aa955-a3ab-4f6f-bdb3-d85a807af9e8,0bf990e4-8545-4dbb-8253-87e4953f00ab,0bf990e4-8545-4dbb-8253-87e4953f00ab-2-9,3,t,2026-04-17 09:43:22.535
568976c3-4dd8-4ce1-a438-bbfd8766cc24,6a2053e0-87ba-489f-a3c8-4a2b6ff8f1f4,6a2053e0-87ba-489f-a3c8-4a2b6ff8f1f4-2-126,4,t,2026-04-17 09:42:21.834
ece57155-c3f8-4f4f-88a6-c83629db4b7e,18ebe6f7-fcde-40f7-9e61-acd799d7c61f,18ebe6f7-fcde-40f7-9e61-acd799d7c61f-2-52,0,f,2026-04-17 09:42:32.772
d7517405-5ad6-46ba-9843-e5e224a917f9,7b2f5f37-d75f-42c7-a64b-e7d6da909f2e,7b2f5f37-d75f-42c7-a64b-e7d6da909f2e-2-16,3,t,2026-04-17 09:42:31.683
a95118da-2bf7-4c16-b667-48c8ae87bb67,6077991f-156c-447c-a69b-4e2d765b115b,6077991f-156c-447c-a69b-4e2d765b115b-2-97,0,f,2026-04-17 09:42:36.164
f9980509-9cc6-4aa7-87a9-420fb4ae8fc9,c9ffd548-293a-4eb4-8a72-16b3ea5f6071,c9ffd548-293a-4eb4-8a72-16b3ea5f6071-2-3,3,t,2026-04-17 09:42:31.891
a37fc7d2-ca73-4ae1-950f-7686d9910e52,c3602a51-1e5e-4155-9236-80ac9f4eb974,c3602a51-1e5e-4155-9236-80ac9f4eb974-2-8,3,t,2026-04-17 09:42:31.992
491537da-0db4-4f0d-b720-459476982942,7428391c-79d7-4f38-961c-2eae701e9b59,7428391c-79d7-4f38-961c-2eae701e9b59-2-10,3,t,2026-04-17 09:42:42.325
8eb0ba7a-235a-4043-ab63-07ef926d4730,e8ec8ac3-72eb-420a-80e3-1be06708b38c,e8ec8ac3-72eb-420a-80e3-1be06708b38c-2-10,3,t,2026-04-17 09:42:37.415
ca09825b-ba13-4251-b3b6-8ac477695f2e,19369cc7-101f-4580-a45c-d3a728230d91,19369cc7-101f-4580-a45c-d3a728230d91-2-12,3,t,2026-04-17 09:42:34.915
da88b4e9-dfbb-4d8d-ba72-f05400e283a2,d39050bd-ce5c-4719-ae39-d694ab777186,d39050bd-ce5c-4719-ae39-d694ab777186-2-73,5,t,2026-04-17 09:42:35.179
73a54695-bccf-479c-b91d-2980cfc51cf5,ad2ea128-38e3-4ed1-a9e9-612e79f000bd,ad2ea128-38e3-4ed1-a9e9-612e79f000bd-2-125,0,f,2026-04-17 09:42:39.835
cf38cab3-8556-44ab-afd5-e8ae467d11d9,4626347f-a937-4b7f-8da9-b4a98783e145,4626347f-a937-4b7f-8da9-b4a98783e145-2-69,0,f,2026-04-17 09:42:50.834
12ef641d-f1ec-4c94-a3a9-4a782ff39290,22413047-2f23-4dc9-861c-024171bcfe51,22413047-2f23-4dc9-861c-024171bcfe51-2-48,0,f,2026-04-17 09:42:44.186
30fe678a-9de7-4add-ada9-8e54b3ac5c9f,18ebe6f7-fcde-40f7-9e61-acd799d7c61f,18ebe6f7-fcde-40f7-9e61-acd799d7c61f-2-54,0,f,2026-04-17 09:42:52.014
5cd25331-1c23-45ae-947b-a27dc81b4254,ff0050af-b573-4178-a75c-7c6480e584a3,ff0050af-b573-4178-a75c-7c6480e584a3-2-42,0,f,2026-04-17 09:42:52.825
3ccb00cf-9a37-4e10-85eb-164e9581e938,5f42d829-f4be-4762-8706-6ee43f14526b,5f42d829-f4be-4762-8706-6ee43f14526b-2-97,0,f,2026-04-17 09:43:10.294
620b677d-b269-4799-8f55-579cb270cf0b,7ed13b91-200d-43c2-ad9e-6ab09842430d,7ed13b91-200d-43c2-ad9e-6ab09842430d-2-25,0,f,2026-04-17 09:42:58.577
6bdcc583-2fcd-4e98-9c68-dfb15c818592,bf3be56f-d262-4b5c-b920-b3cd94204e7b,bf3be56f-d262-4b5c-b920-b3cd94204e7b-2-12,3,t,2026-04-17 09:43:05.672
38a75c56-ccd7-48c4-ae74-a1107ddf967a,44c86309-3836-4229-a747-e4bd365ac093,44c86309-3836-4229-a747-e4bd365ac093-2-4,3,t,2026-04-17 09:50:30.936
9f102f14-8656-44ce-a990-54b5edde2a5f,d7464694-cf28-49ad-9baa-2caab6d4a29d,d7464694-cf28-49ad-9baa-2caab6d4a29d-2-44,3,t,2026-04-17 09:43:11.644
9437967e-dda3-4654-835a-3de8570674dd,0fe6c4b2-51f6-4335-8018-6048d4d289a1,0fe6c4b2-51f6-4335-8018-6048d4d289a1-2-18,2,f,2026-04-17 09:43:10.556
96a2c865-5d45-4eca-a8c7-1895ea8ff4b8,8c965050-a932-4536-9444-4170909450b3,8c965050-a932-4536-9444-4170909450b3-2-20,3,t,2026-04-17 09:44:07.518
c6e4a086-aa23-46c7-a102-16299bca473e,5c2703f1-c588-4abe-9a48-8c4d20a94b61,5c2703f1-c588-4abe-9a48-8c4d20a94b61-2-32,3,t,2026-04-17 09:43:20.053
95b63a23-ab95-4c20-b875-c588316266e8,ee1ce29b-7c86-48cd-850f-f5a8ee856031,ee1ce29b-7c86-48cd-850f-f5a8ee856031-2-18,3,t,2026-04-17 09:43:18.889
f89327df-77d6-4cca-826f-04306d234d62,add279af-2d44-4ee5-a302-878d603890fd,add279af-2d44-4ee5-a302-878d603890fd-2-69,0,f,2026-04-17 09:43:21.377
f2584e81-b2a5-4720-8ba4-648b21d59b38,1d9c5d60-e2bb-4d62-a4fe-23e4d269f411,1d9c5d60-e2bb-4d62-a4fe-23e4d269f411-2-40,0,f,2026-04-17 09:43:32.091
4c343142-3432-4d95-9c3e-f41bcd826972,835fa953-1c2f-45a5-a661-9679158bc35a,835fa953-1c2f-45a5-a661-9679158bc35a-2-65,0,f,2026-04-17 09:43:35.153
d18e6591-51e3-4d4e-83c4-03259630f7a9,cfc602b7-76c8-40fe-8a3f-0227e7ae7f9d,cfc602b7-76c8-40fe-8a3f-0227e7ae7f9d-2-63,2,f,2026-04-17 09:44:29.923
52bed945-7ceb-4738-84e3-3dc2b6107929,129f2a12-36ee-4f40-8504-029cfb337c03,129f2a12-36ee-4f40-8504-029cfb337c03-2-20,0,f,2026-04-17 09:46:07.298
2c8b92e2-f64d-4bbb-b97c-351718aaeba1,9b2bfc86-cd9e-48cc-affa-2645a1b65bd1,9b2bfc86-cd9e-48cc-affa-2645a1b65bd1-2-28,4,t,2026-04-17 09:47:59.866
527e2523-eece-4a54-9b28-b0280c6a02b0,ba1b79f1-b218-42e0-90c9-515c590bfb5c,ba1b79f1-b218-42e0-90c9-515c590bfb5c-2-108,3,t,2026-04-17 09:51:37.449
4b132396-f3b7-4e9f-a3cd-e6e23e4eb38c,ba1b79f1-b218-42e0-90c9-515c590bfb5c,ba1b79f1-b218-42e0-90c9-515c590bfb5c-2-32,4,t,2026-04-17 10:09:31.165
aab8d29e-ea56-4b90-9321-4d34af2b0c92,58d01453-bdf3-462d-b2cc-cc8e0a11f4bd,58d01453-bdf3-462d-b2cc-cc8e0a11f4bd-2-22,3,t,2026-04-17 09:43:01.601
e67cf542-66ff-47b1-bc1d-bd201a261f25,51bf8b84-0573-47bc-8ae9-056c9b8819c7,51bf8b84-0573-47bc-8ae9-056c9b8819c7-2-10,3,t,2026-04-17 09:43:09.029
f2686cd7-f5d0-471b-9837-188e0234ac1f,8c965050-a932-4536-9444-4170909450b3,8c965050-a932-4536-9444-4170909450b3-2-19,3,t,2026-04-17 09:44:25.904
45c17dcd-7681-4930-925c-50dfe0aac5e1,21d53331-bf7e-4a4a-8242-daa5236fc398,21d53331-bf7e-4a4a-8242-daa5236fc398-2-103,3,t,2026-04-17 09:43:43.643
1c0850e3-f369-4292-a893-b636ae1a1bff,51bf8b84-0573-47bc-8ae9-056c9b8819c7,51bf8b84-0573-47bc-8ae9-056c9b8819c7-2-0,0,f,2026-04-17 09:43:52.472
18e0c25f-dd18-40e0-a57f-8194c02fc971,22413047-2f23-4dc9-861c-024171bcfe51,22413047-2f23-4dc9-861c-024171bcfe51-2-51,5,t,2026-04-17 09:43:58.509
4b89a8f5-f6da-4f97-a429-2f42179ed882,4f08dd81-6f2e-4cc8-b553-763cdcdae36e,4f08dd81-6f2e-4cc8-b553-763cdcdae36e-2-27,5,t,2026-04-17 09:45:37.555
f91f67f8-a86d-478d-95d4-ab7993cf6c29,c3602a51-1e5e-4155-9236-80ac9f4eb974,c3602a51-1e5e-4155-9236-80ac9f4eb974-2-6,3,t,2026-04-17 09:44:06.373
ba4f1d2e-5629-4377-b123-4bd7cf94f4bb,ca35df0c-8896-47e7-9dcd-485fa1d8274b,ca35df0c-8896-47e7-9dcd-485fa1d8274b-2-103,3,t,2026-04-17 09:44:30.508
e2266f49-5374-4577-a9b0-58430108d468,1c81e191-a57e-415c-8fbe-d214bb1df9d0,1c81e191-a57e-415c-8fbe-d214bb1df9d0-2-16,3,t,2026-04-17 09:45:45.485
38fce63c-1ab8-483b-b2b2-a979887078bb,bf3be56f-d262-4b5c-b920-b3cd94204e7b,bf3be56f-d262-4b5c-b920-b3cd94204e7b-2-14,3,t,2026-04-17 09:44:07.484
2c853914-9e1a-4292-b401-74c16ef95585,23e7680d-44ec-4c81-a8e0-a217af0db21c,23e7680d-44ec-4c81-a8e0-a217af0db21c-2-25,3,t,2026-04-17 09:44:30.69
01516478-ad08-4077-ac46-df565e228d7b,0fe6c4b2-51f6-4335-8018-6048d4d289a1,0fe6c4b2-51f6-4335-8018-6048d4d289a1-2-20,2,f,2026-04-17 09:44:32.602
55736bb8-26c1-4eaf-a65d-da065e371e8e,ee1ce29b-7c86-48cd-850f-f5a8ee856031,ee1ce29b-7c86-48cd-850f-f5a8ee856031-2-20,0,f,2026-04-17 09:46:04.475
56e9d9d1-87d2-4e2d-9e20-db1973b0b62d,681a0041-3f56-4baf-9f99-de49e187b870,681a0041-3f56-4baf-9f99-de49e187b870-2-8,3,t,2026-04-17 09:44:11.733
db63e09c-0dd9-4e71-a9f8-68c3b065c491,22413047-2f23-4dc9-861c-024171bcfe51,22413047-2f23-4dc9-861c-024171bcfe51-2-52,3,t,2026-04-17 09:44:14.281
041be3b0-dc99-4c25-a4ec-ec1942bdd927,495d6ec5-2846-4068-b1a9-afa26ece5ac9,495d6ec5-2846-4068-b1a9-afa26ece5ac9-2-15,0,f,2026-04-17 09:46:17.783
ed22c0c8-4ab5-420d-8025-f67ccf8baf8d,5d48f615-bb08-49d7-9d29-de098d96d55c,5d48f615-bb08-49d7-9d29-de098d96d55c-2-27,3,t,2026-04-17 09:44:25.138
fe8a23dd-dcda-457b-ad46-d04160445d2a,21d53331-bf7e-4a4a-8242-daa5236fc398,21d53331-bf7e-4a4a-8242-daa5236fc398-2-104,3,t,2026-04-17 09:44:46.984
fe73a010-58a1-4745-90bb-c2cb4ab72d01,58d01453-bdf3-462d-b2cc-cc8e0a11f4bd,58d01453-bdf3-462d-b2cc-cc8e0a11f4bd-2-25,3,t,2026-04-17 09:44:47.503
e1ffd625-26c1-481c-a22f-66559c9f1493,5c2703f1-c588-4abe-9a48-8c4d20a94b61,5c2703f1-c588-4abe-9a48-8c4d20a94b61-2-34,0,f,2026-04-17 09:44:49.39
62c14e2a-6385-4d3e-9f79-04c6c755278f,a7731f21-6ce1-4d01-914b-1d25018210bc,a7731f21-6ce1-4d01-914b-1d25018210bc-2-13,3,t,2026-04-17 09:45:07.834
14191419-4c37-4943-baf5-06fb6e18641c,58d01453-bdf3-462d-b2cc-cc8e0a11f4bd,58d01453-bdf3-462d-b2cc-cc8e0a11f4bd-2-24,3,t,2026-04-17 09:43:48.999
4f281e0a-c425-4503-843d-ab1a1d719dee,22413047-2f23-4dc9-861c-024171bcfe51,22413047-2f23-4dc9-861c-024171bcfe51-2-50,0,f,2026-04-17 09:43:50.064
f49e5baf-8352-48fc-8c74-cfae0df2524a,58d01453-bdf3-462d-b2cc-cc8e0a11f4bd,58d01453-bdf3-462d-b2cc-cc8e0a11f4bd-2-26,3,t,2026-04-17 09:43:07.806
346a8bbd-d752-4e3e-a40f-f35dc1ab1a57,7428391c-79d7-4f38-961c-2eae701e9b59,7428391c-79d7-4f38-961c-2eae701e9b59-2-13,3,t,2026-04-17 09:45:12.208
bb2a1aab-0d5a-479f-b552-55fa0d5433dc,7ef6d63a-b0af-4be2-a8e0-3784fd609017,7ef6d63a-b0af-4be2-a8e0-3784fd609017-2-22,3,t,2026-04-17 09:44:20.216
7e5d2934-ad7c-4050-ae1a-f513d562607e,681a0041-3f56-4baf-9f99-de49e187b870,681a0041-3f56-4baf-9f99-de49e187b870-2-7,3,t,2026-04-17 09:43:19.319
e1e8c6a5-dc60-4eb6-a020-9eca5dae446d,7afa437d-92ff-461c-a526-7bcc284e9e63,7afa437d-92ff-461c-a526-7bcc284e9e63-2-14,3,t,2026-04-17 09:43:20.575
2e096571-e3dd-4edc-91ef-04135e9f9a0d,19369cc7-101f-4580-a45c-d3a728230d91,19369cc7-101f-4580-a45c-d3a728230d91-2-15,3,t,2026-04-17 09:43:51.142
f0f98068-b5bc-4366-86d1-461e639fd6c2,c3ac1670-f197-4065-88b7-abb8a3f55e05,c3ac1670-f197-4065-88b7-abb8a3f55e05-2-16,3,t,2026-04-17 09:45:37.597
c6bb43eb-ab79-41d1-9903-1f4b966e94b0,7ed13b91-200d-43c2-ad9e-6ab09842430d,7ed13b91-200d-43c2-ad9e-6ab09842430d-2-26,3,t,2026-04-17 09:43:51.462
7554e9a1-faae-4515-967c-13f04c34b3e7,cd3fce12-0fbc-4c8c-923b-8d0db1d0a4dd,cd3fce12-0fbc-4c8c-923b-8d0db1d0a4dd-2-20,1,f,2026-04-17 09:43:51.635
472d58e7-0c71-46fb-a4fe-54917490b99c,941a564c-77b9-48d6-920a-648da559328e,941a564c-77b9-48d6-920a-648da559328e-2-29,5,t,2026-04-17 09:43:35.635
823b9b86-e96a-4986-8564-4d13c822920f,ee1ce29b-7c86-48cd-850f-f5a8ee856031,ee1ce29b-7c86-48cd-850f-f5a8ee856031-2-19,3,t,2026-04-17 09:43:55.467
fc6b9aae-7174-4998-ac72-32330dd5897f,5f42d829-f4be-4762-8706-6ee43f14526b,5f42d829-f4be-4762-8706-6ee43f14526b-2-98,3,t,2026-04-17 09:43:40.367
86c3dfc7-4fa3-49d0-8177-d0fc7a68942b,49247d98-f3ca-4858-ae94-383e1e7323ad,49247d98-f3ca-4858-ae94-383e1e7323ad-2-6,3,t,2026-04-17 09:50:08.164
e48bb60c-e014-47ba-8ba2-8c2b50b787e5,4626347f-a937-4b7f-8da9-b4a98783e145,4626347f-a937-4b7f-8da9-b4a98783e145-2-72,0,f,2026-04-17 09:43:56.395
5e479a9a-f1b9-4a5c-b88e-58c404c5f46e,ca35df0c-8896-47e7-9dcd-485fa1d8274b,ca35df0c-8896-47e7-9dcd-485fa1d8274b-2-102,3,t,2026-04-17 09:43:43.948
ac339d55-eb86-463b-a07e-7bd346ff3be0,b90a9c80-0433-49e1-b0ba-06f4234b647e,b90a9c80-0433-49e1-b0ba-06f4234b647e-2-36,0,f,2026-04-17 09:43:47.643
c31d91da-c846-429a-b061-803513e65266,d90b640e-7008-4861-8197-64e64a901462,d90b640e-7008-4861-8197-64e64a901462-2-16,3,t,2026-04-17 09:44:42.503
16f7ccc2-5b46-4598-b923-8e8563e9539c,c9ffd548-293a-4eb4-8a72-16b3ea5f6071,c9ffd548-293a-4eb4-8a72-16b3ea5f6071-2-4,3,t,2026-04-17 09:47:34.244
253aa8f0-b47b-4154-b6fa-013c54f89727,897d03b4-4f5e-4d77-b19e-f7aee227197e,897d03b4-4f5e-4d77-b19e-f7aee227197e-2-27,0,f,2026-04-17 09:44:06.711
00e57ae3-f7f1-49a9-b629-5b06e6cb457a,18ebe6f7-fcde-40f7-9e61-acd799d7c61f,18ebe6f7-fcde-40f7-9e61-acd799d7c61f-2-60,0,f,2026-04-17 09:44:09.611
08c80ee5-c56a-4bcf-beb6-4499ecb806e6,7b2f5f37-d75f-42c7-a64b-e7d6da909f2e,7b2f5f37-d75f-42c7-a64b-e7d6da909f2e-2-15,3,t,2026-04-17 09:44:37.88
a1fba054-db81-4d23-8f7b-b7950aca0d01,a3e3f98b-4511-430d-8cc5-03e6b557fbee,a3e3f98b-4511-430d-8cc5-03e6b557fbee-2-135,6,t,2026-04-17 09:44:24.792
82f4d1da-4961-46de-98d0-a27fff947ff7,cb6aa604-8827-4b80-b4ae-7ac9ab41e323,cb6aa604-8827-4b80-b4ae-7ac9ab41e323-2-10,3,t,2026-04-17 09:45:18.668
8cf60d37-a957-4b9b-8410-2542d9d75d4f,09616f14-bdbc-4a08-81a4-460e529179a2,09616f14-bdbc-4a08-81a4-460e529179a2-2-138,0,f,2026-04-17 09:44:57.887
55d06f17-adb1-4469-9a79-3447df3a5777,c7cebb6f-4ce3-4ec5-8846-3ed1bf6c8dbe,c7cebb6f-4ce3-4ec5-8846-3ed1bf6c8dbe-2-14,3,t,2026-04-17 09:44:32.211
608124c8-bf09-4063-8c80-36f61663f2d1,9b2bfc86-cd9e-48cc-affa-2645a1b65bd1,9b2bfc86-cd9e-48cc-affa-2645a1b65bd1-2-40,5,t,2026-04-17 09:45:00.394
60b6e404-bcbc-4c10-9677-3f9a7895dd44,08ffa16d-5fda-48dc-97ba-0fa8ad2ec214,08ffa16d-5fda-48dc-97ba-0fa8ad2ec214-2-15,0,f,2026-04-17 09:44:46.231
cb137bd5-ac7c-485d-941e-cf305d90c28c,e8ec8ac3-72eb-420a-80e3-1be06708b38c,e8ec8ac3-72eb-420a-80e3-1be06708b38c-2-11,1,f,2026-04-17 09:44:46.655
f5b4d105-aa9e-4dbc-8b43-8ec49549986a,5f42d829-f4be-4762-8706-6ee43f14526b,5f42d829-f4be-4762-8706-6ee43f14526b-2-100,3,t,2026-04-17 09:44:55.306
fa548711-588a-45c2-8232-8d0515a66dfb,6077991f-156c-447c-a69b-4e2d765b115b,6077991f-156c-447c-a69b-4e2d765b115b-2-100,3,t,2026-04-17 09:44:48.878
a9c68ae2-0959-4b6b-bb8c-20bf6a51034e,a3d745bf-e3f4-411c-97b5-2cd475f193f6,a3d745bf-e3f4-411c-97b5-2cd475f193f6-2-6,3,t,2026-04-17 09:46:10.588
5b787fb8-48e2-489e-b5d4-d7620755f500,7afa437d-92ff-461c-a526-7bcc284e9e63,7afa437d-92ff-461c-a526-7bcc284e9e63-2-16,3,t,2026-04-17 09:44:51.58
b9b9c672-fe80-4d94-9e52-97033fb8696e,6a2053e0-87ba-489f-a3c8-4a2b6ff8f1f4,6a2053e0-87ba-489f-a3c8-4a2b6ff8f1f4-2-127,0,f,2026-04-17 09:44:56.835
2b7e9b0a-1fbd-4836-8084-67918efc4336,0bf990e4-8545-4dbb-8253-87e4953f00ab,0bf990e4-8545-4dbb-8253-87e4953f00ab-2-6,3,t,2026-04-17 09:46:57.935
e67406a9-b032-4f51-8654-9a37e7e30614,01e89da0-052e-4a56-b001-dc55712d8828,01e89da0-052e-4a56-b001-dc55712d8828-2-126,0,f,2026-04-17 09:45:11.367
480562d6-fa9c-4c28-afa1-527de00db2f1,897d03b4-4f5e-4d77-b19e-f7aee227197e,897d03b4-4f5e-4d77-b19e-f7aee227197e-2-28,0,f,2026-04-17 09:45:11.628
4f9d78ca-5ada-40a1-85d8-b17ac40eaa20,21d53331-bf7e-4a4a-8242-daa5236fc398,21d53331-bf7e-4a4a-8242-daa5236fc398-2-105,3,t,2026-04-17 09:45:15.673
af1d40f1-59f6-4ae5-8830-c110dba23c77,ee1ce29b-7c86-48cd-850f-f5a8ee856031,ee1ce29b-7c86-48cd-850f-f5a8ee856031-2-21,3,t,2026-04-17 09:48:04.391
83c7afaa-72ca-4847-b86b-2a84ed928643,b4e7203d-cf8d-4685-a95e-4b43505d273f,b4e7203d-cf8d-4685-a95e-4b43505d273f-2-41,0,f,2026-04-17 09:45:17.395
467f7884-66a3-40b5-a7a5-e52281fd7485,7ef6d63a-b0af-4be2-a8e0-3784fd609017,7ef6d63a-b0af-4be2-a8e0-3784fd609017-2-24,3,t,2026-04-17 09:45:40.472
1fa1c629-7935-4180-b67a-ff97130b7f31,58d01453-bdf3-462d-b2cc-cc8e0a11f4bd,58d01453-bdf3-462d-b2cc-cc8e0a11f4bd-2-27,0,f,2026-04-17 09:45:33.073
de618e77-3036-45f4-8995-3fd84a03d560,add279af-2d44-4ee5-a302-878d603890fd,add279af-2d44-4ee5-a302-878d603890fd-2-71,0,f,2026-04-17 09:45:34.611
3d054e8a-1cb8-4793-8cf6-3ad557db4fc0,0d7df0d3-7223-4b74-8c6c-3aa5b26af7bd,0d7df0d3-7223-4b74-8c6c-3aa5b26af7bd-2-39,0,f,2026-04-17 09:46:00.357
bf918fce-2993-43cb-a190-24fee1ffb252,01e89da0-052e-4a56-b001-dc55712d8828,01e89da0-052e-4a56-b001-dc55712d8828-2-147,0,f,2026-04-17 09:48:14.044
a8c1dd44-b5de-4f9e-9947-7cc23f60b822,ba1b79f1-b218-42e0-90c9-515c590bfb5c,ba1b79f1-b218-42e0-90c9-515c590bfb5c-2-136,3,t,2026-04-17 10:01:56.751
9808a283-1e51-4b96-aa05-5f27e9b732b3,0fe6c4b2-51f6-4335-8018-6048d4d289a1,0fe6c4b2-51f6-4335-8018-6048d4d289a1-2-21,2,f,2026-04-17 09:45:14.297
8e5f981b-a03f-49f8-b294-aa9d988e9ad0,22413047-2f23-4dc9-861c-024171bcfe51,22413047-2f23-4dc9-861c-024171bcfe51-2-55,5,t,2026-04-17 09:45:17.503
5c9103a5-10a8-49f2-9a9b-f0eca22e1200,cd63e7c5-8d29-4d59-adaa-e76fbbc1aabd,cd63e7c5-8d29-4d59-adaa-e76fbbc1aabd-2-144,1,f,2026-04-17 09:45:17.704
b3bc1913-dfbc-415a-ab17-7c650e526b16,9b2bfc86-cd9e-48cc-affa-2645a1b65bd1,9b2bfc86-cd9e-48cc-affa-2645a1b65bd1-2-27,4,t,2026-04-17 09:46:40.708
7015117c-9441-4ccc-85cc-ff9ba7acb45b,6efda4cf-4eb4-4811-b12a-8d1fb218f1b5,6efda4cf-4eb4-4811-b12a-8d1fb218f1b5-2-88,0,f,2026-04-17 09:46:42.709
71fa6a39-9993-4357-bb20-6895afe094c2,22413047-2f23-4dc9-861c-024171bcfe51,22413047-2f23-4dc9-861c-024171bcfe51-2-59,0,f,2026-04-17 09:47:19.935
23ba3062-5ab9-4b5a-9b34-dabb876a243f,ca35df0c-8896-47e7-9dcd-485fa1d8274b,ca35df0c-8896-47e7-9dcd-485fa1d8274b-2-104,3,t,2026-04-17 09:49:10.159
6b08bd85-c38d-4cd7-ae8a-c20cca955edf,9b2bfc86-cd9e-48cc-affa-2645a1b65bd1,9b2bfc86-cd9e-48cc-affa-2645a1b65bd1-2-41,6,t,2026-04-17 09:45:26.688
371bb13d-b6d7-468b-ae0a-c6fc8bf0be6e,835fa953-1c2f-45a5-a661-9679158bc35a,835fa953-1c2f-45a5-a661-9679158bc35a-2-68,0,f,2026-04-17 09:45:31.027
739adaf5-aa50-43f8-83a7-efe0c3f1dbbd,f6af9a1c-b651-4756-81be-bb78380c2bcb,f6af9a1c-b651-4756-81be-bb78380c2bcb-2-83,0,f,2026-04-17 09:45:48.775
a25be850-844a-4b53-a24f-f2483d5fe74a,514a5db5-8043-47c7-9e9a-214d7b05ca1b,514a5db5-8043-47c7-9e9a-214d7b05ca1b-2-71,0,f,2026-04-17 09:45:56.048
03f8220e-195a-46a2-85d1-b91e497020a6,6efda4cf-4eb4-4811-b12a-8d1fb218f1b5,6efda4cf-4eb4-4811-b12a-8d1fb218f1b5-2-1,3,t,2026-04-17 10:01:01.239
1b682002-5b31-429f-90aa-1dd94a144c76,0909b68c-aaca-4bf2-a2cd-bbdeecdee3e8,0909b68c-aaca-4bf2-a2cd-bbdeecdee3e8-2-10,1,f,2026-04-17 09:45:32.292
dcf0ebb0-db19-4d5b-88a2-8b5d1bbe78b6,941a564c-77b9-48d6-920a-648da559328e,941a564c-77b9-48d6-920a-648da559328e-2-33,0,f,2026-04-17 09:45:32.649
9e7139a3-3f16-4910-a108-065ed80918a4,22413047-2f23-4dc9-861c-024171bcfe51,22413047-2f23-4dc9-861c-024171bcfe51-2-58,5,t,2026-04-17 09:46:21.195
d56b4142-2d42-421e-8379-271f920baaae,02a5f640-7742-4622-a181-86ce4bf7afdc,02a5f640-7742-4622-a181-86ce4bf7afdc-2-9,1,f,2026-04-17 09:46:21.89
c0bcf2bd-649d-4455-bd1d-81782a0e6a0f,6a804deb-cef1-4cdc-95c7-6574a1e7577a,6a804deb-cef1-4cdc-95c7-6574a1e7577a-2-27,3,t,2026-04-17 09:45:39.577
aa297682-96b0-49ea-959d-615b3a9ff1f6,bf3be56f-d262-4b5c-b920-b3cd94204e7b,bf3be56f-d262-4b5c-b920-b3cd94204e7b-2-17,3,t,2026-04-17 09:45:41.648
ad1f515c-c8db-4f21-94d7-82a55754d20b,19369cc7-101f-4580-a45c-d3a728230d91,19369cc7-101f-4580-a45c-d3a728230d91-2-11,1,f,2026-04-17 09:46:23.959
1e2301ee-a45a-4608-8cc4-2483548aaa7e,c3602a51-1e5e-4155-9236-80ac9f4eb974,c3602a51-1e5e-4155-9236-80ac9f4eb974-2-1,3,t,2026-04-17 09:45:45.525
0fc81f7f-4fef-4873-a86a-13f5d0c64dc6,1c81e191-a57e-415c-8fbe-d214bb1df9d0,1c81e191-a57e-415c-8fbe-d214bb1df9d0-2-19,3,t,2026-04-17 09:48:06.168
b0c81204-6e4e-456c-bdbd-f19258b2bdbb,ccfa1e3b-55c9-4102-9146-6e5cc30549b7,ccfa1e3b-55c9-4102-9146-6e5cc30549b7-2-10,3,t,2026-04-17 09:46:28.623
c3b997d3-732b-4bab-8492-5ff85a184c61,21d53331-bf7e-4a4a-8242-daa5236fc398,21d53331-bf7e-4a4a-8242-daa5236fc398-2-142,0,f,2026-04-17 09:46:32.679
3f15483d-c545-4d68-8604-7d16875564d2,a90cc6ed-473d-44c4-b771-109130f5a335,a90cc6ed-473d-44c4-b771-109130f5a335-2-27,6,t,2026-04-17 09:46:02.528
6e204b33-84d7-453c-8e49-084fd1fefef0,0fe6c4b2-51f6-4335-8018-6048d4d289a1,0fe6c4b2-51f6-4335-8018-6048d4d289a1-2-22,1,f,2026-04-17 09:46:02.726
f4e0aecd-5e54-426d-b296-ac39a701a30f,58d01453-bdf3-462d-b2cc-cc8e0a11f4bd,58d01453-bdf3-462d-b2cc-cc8e0a11f4bd-2-28,3,t,2026-04-17 09:46:10.447
433cf08e-e3f8-414e-a2e3-1abe81ecae39,ee167702-12fb-4e79-9b71-c1a3d0ee55dd,ee167702-12fb-4e79-9b71-c1a3d0ee55dd-2-15,3,t,2026-04-17 09:48:06.671
90a24476-5df0-410a-bb4d-61e9ba84ce60,a7731f21-6ce1-4d01-914b-1d25018210bc,a7731f21-6ce1-4d01-914b-1d25018210bc-2-14,3,t,2026-04-17 09:48:30.013
29128db1-8da9-4c35-bfbf-8823f2a8e5c1,c7cebb6f-4ce3-4ec5-8846-3ed1bf6c8dbe,c7cebb6f-4ce3-4ec5-8846-3ed1bf6c8dbe-2-17,3,t,2026-04-17 09:46:47.279
ce103c19-1f90-4eed-a8e4-34d4a0218ab8,c9ffd548-293a-4eb4-8a72-16b3ea5f6071,c9ffd548-293a-4eb4-8a72-16b3ea5f6071-2-7,3,t,2026-04-17 09:53:10.203
dd0b192d-9283-42ab-8f72-c850dbbd48b9,5f42d829-f4be-4762-8706-6ee43f14526b,5f42d829-f4be-4762-8706-6ee43f14526b-2-102,3,t,2026-04-17 09:46:20.896
29d6bdc9-4dd6-4a73-bbf7-3d4a4f23d149,cfc602b7-76c8-40fe-8a3f-0227e7ae7f9d,cfc602b7-76c8-40fe-8a3f-0227e7ae7f9d-2-67,3,t,2026-04-17 09:47:00.356
1a10c2df-2729-4092-b985-eaf6fd5fdd6a,09616f14-bdbc-4a08-81a4-460e529179a2,09616f14-bdbc-4a08-81a4-460e529179a2-2-120,2,f,2026-04-17 10:00:45.189
35e35e06-7d1e-4e8e-89f2-4920ffeeb875,08ffa16d-5fda-48dc-97ba-0fa8ad2ec214,08ffa16d-5fda-48dc-97ba-0fa8ad2ec214-2-16,3,t,2026-04-17 09:47:13.575
55c85d3d-70ea-47e0-a99f-2fa3ddc9db92,8c965050-a932-4536-9444-4170909450b3,8c965050-a932-4536-9444-4170909450b3-2-23,0,f,2026-04-17 09:47:23.55
345a9d9c-32f0-4130-abfb-3f3494e4f81b,52fb53ed-992a-40b7-a284-d0ef206d8b3b,52fb53ed-992a-40b7-a284-d0ef206d8b3b-2-3,0,f,2026-04-17 10:08:45.426
9e43f2cf-ff85-4037-9c4c-27b22f819a64,a90cc6ed-473d-44c4-b771-109130f5a335,a90cc6ed-473d-44c4-b771-109130f5a335-2-28,3,t,2026-04-17 09:48:00.56
268f597b-a8b1-465e-9422-ff1c5245559e,ccfa1e3b-55c9-4102-9146-6e5cc30549b7,ccfa1e3b-55c9-4102-9146-6e5cc30549b7-2-12,3,t,2026-04-17 09:47:28.871
09d6b440-5942-41c4-a6e5-dbc959c75be1,aeaad491-0cc9-4538-9c99-6e5b7bd30d1b,aeaad491-0cc9-4538-9c99-6e5b7bd30d1b-2-14,3,t,2026-04-17 09:46:55.953
d5d95310-5ea9-4ff9-9255-e65022bf05c0,ba1b79f1-b218-42e0-90c9-515c590bfb5c,ba1b79f1-b218-42e0-90c9-515c590bfb5c-2-129,5,t,2026-04-17 09:45:49.25
11c25ce4-00db-4b6a-9f51-1721c1a8808d,60f514c4-c7b7-498a-ac4d-72eb6ecb7de4,60f514c4-c7b7-498a-ac4d-72eb6ecb7de4-2-37,0,f,2026-04-17 09:47:49.104
401a43fc-53b5-465b-873f-cc101a94e0a1,a7d55219-3a56-4459-ab06-848c1a483037,a7d55219-3a56-4459-ab06-848c1a483037-2-1,3,t,2026-04-17 09:46:07.744
f0784fea-6571-4cfa-8e18-d8473266f80b,cd63e7c5-8d29-4d59-adaa-e76fbbc1aabd,cd63e7c5-8d29-4d59-adaa-e76fbbc1aabd-2-27,0,f,2026-04-17 09:46:18.729
f3b3af53-3dec-4a18-b022-0b25b5424acc,23e7680d-44ec-4c81-a8e0-a217af0db21c,23e7680d-44ec-4c81-a8e0-a217af0db21c-2-24,3,t,2026-04-17 09:47:03.841
7e94b442-1b1c-4080-ad9d-458bdec03634,681a0041-3f56-4baf-9f99-de49e187b870,681a0041-3f56-4baf-9f99-de49e187b870-2-10,3,t,2026-04-17 09:46:25.241
916543ed-c82d-4f58-960e-7bbdf8ca3b94,23e7680d-44ec-4c81-a8e0-a217af0db21c,23e7680d-44ec-4c81-a8e0-a217af0db21c-2-26,3,t,2026-04-17 09:48:05.901
b4cec1c7-d197-41c0-bd88-13dfd84b24e9,7afa437d-92ff-461c-a526-7bcc284e9e63,7afa437d-92ff-461c-a526-7bcc284e9e63-2-18,3,t,2026-04-17 09:46:26.012
c75e4f52-c404-4ca7-8673-ce1daf37dd11,c7cebb6f-4ce3-4ec5-8846-3ed1bf6c8dbe,c7cebb6f-4ce3-4ec5-8846-3ed1bf6c8dbe-2-18,3,t,2026-04-17 09:47:30.938
381ee017-710f-41de-be66-523632b53221,c3602a51-1e5e-4155-9236-80ac9f4eb974,c3602a51-1e5e-4155-9236-80ac9f4eb974-2-9,3,t,2026-04-17 09:47:10.384
8d028990-1fbb-4a02-985b-d240e62f37df,bf3be56f-d262-4b5c-b920-b3cd94204e7b,bf3be56f-d262-4b5c-b920-b3cd94204e7b-2-18,3,t,2026-04-17 09:46:35.383
fc516593-59c5-48e2-8644-9324a2aa02ba,1df7744c-4296-4a4a-a293-6431531fce9a,1df7744c-4296-4a4a-a293-6431531fce9a-2-52,0,f,2026-04-17 09:47:17.609
d373f8bc-c816-4c8e-a3fc-402915e24c7e,6a804deb-cef1-4cdc-95c7-6574a1e7577a,6a804deb-cef1-4cdc-95c7-6574a1e7577a-2-52,1,f,2026-04-17 09:47:22.3
a6a37fc6-2e3d-4247-9429-c909365330de,c350e513-ace9-47c0-89b3-c48b08a6552d,c350e513-ace9-47c0-89b3-c48b08a6552d-2-64,7,t,2026-04-17 09:46:38.735
8352814d-4b92-4069-aec2-eb04989a5261,00692797-40c5-4e3a-8bc9-f642cc8c3845,00692797-40c5-4e3a-8bc9-f642cc8c3845-2-32,0,f,2026-04-17 09:46:40.621
267dd321-1570-46d0-af7a-7f1aabd9f0e0,51bf8b84-0573-47bc-8ae9-056c9b8819c7,51bf8b84-0573-47bc-8ae9-056c9b8819c7-2-12,0,f,2026-04-17 09:47:22.322
f606e70b-d176-45d1-81f8-5beda430f807,941a564c-77b9-48d6-920a-648da559328e,941a564c-77b9-48d6-920a-648da559328e-2-35,0,f,2026-04-17 09:46:50.373
68266b89-0d36-4595-be0f-8dfecf6d8043,5f42d829-f4be-4762-8706-6ee43f14526b,5f42d829-f4be-4762-8706-6ee43f14526b-2-103,1,f,2026-04-17 09:46:53.174
4095e511-1930-4f2a-b6fb-0f6770a9c9e2,514a5db5-8043-47c7-9e9a-214d7b05ca1b,514a5db5-8043-47c7-9e9a-214d7b05ca1b-2-73,0,f,2026-04-17 09:46:53.852
1efeceb5-ba6d-48a9-9153-fdd79f4b7e28,0fe6c4b2-51f6-4335-8018-6048d4d289a1,0fe6c4b2-51f6-4335-8018-6048d4d289a1-2-25,1,f,2026-04-17 09:47:31.64
e3c99b4a-603e-41f7-9a42-3f1d6454a9e1,129f2a12-36ee-4f40-8504-029cfb337c03,129f2a12-36ee-4f40-8504-029cfb337c03-2-21,1,f,2026-04-17 09:47:33.2
fb2d3443-b09b-4ab7-8880-6253602aa04c,495d6ec5-2846-4068-b1a9-afa26ece5ac9,495d6ec5-2846-4068-b1a9-afa26ece5ac9-2-21,4,t,2026-04-17 09:47:24.752
15a9e0c7-a768-48e3-bbc5-cfcf86ec49de,7428391c-79d7-4f38-961c-2eae701e9b59,7428391c-79d7-4f38-961c-2eae701e9b59-2-14,3,t,2026-04-17 09:47:25.409
b20e5913-fd5b-47a0-9f35-0f5d0b7d26aa,02a5f640-7742-4622-a181-86ce4bf7afdc,02a5f640-7742-4622-a181-86ce4bf7afdc-2-7,1,f,2026-04-17 09:47:28.718
8d8db878-39e9-4c97-bf7d-26d108f11905,da0aed5b-5f53-43fb-ba2a-cdc731072ed2,da0aed5b-5f53-43fb-ba2a-cdc731072ed2-2-102,3,t,2026-04-17 09:49:05.301
24c9726b-93c4-48a1-a498-4e436834a10a,5c2703f1-c588-4abe-9a48-8c4d20a94b61,5c2703f1-c588-4abe-9a48-8c4d20a94b61-2-39,0,f,2026-04-17 09:47:42.478
9554762e-5c6e-41ee-a7d7-b5b1202bfcd7,c3602a51-1e5e-4155-9236-80ac9f4eb974,c3602a51-1e5e-4155-9236-80ac9f4eb974-2-10,3,t,2026-04-17 09:48:11.914
9f643590-8d03-4f76-9f57-ebd2e8604ed5,58d01453-bdf3-462d-b2cc-cc8e0a11f4bd,58d01453-bdf3-462d-b2cc-cc8e0a11f4bd-2-29,0,f,2026-04-17 09:47:45.852
ea2f3f2b-0bfd-4c1e-87d4-af16203c1ab6,19369cc7-101f-4580-a45c-d3a728230d91,19369cc7-101f-4580-a45c-d3a728230d91-2-13,2,f,2026-04-17 09:48:05.834
0773b3ec-7352-443d-94d1-540a455c4683,941a564c-77b9-48d6-920a-648da559328e,941a564c-77b9-48d6-920a-648da559328e-2-37,3,t,2026-04-17 09:48:01.467
61764e14-f91b-4a0f-9309-22b0a1954706,c350e513-ace9-47c0-89b3-c48b08a6552d,c350e513-ace9-47c0-89b3-c48b08a6552d-2-66,7,t,2026-04-17 09:47:47.676
296230ad-0ce0-4c06-92dd-93e9945e2a75,835fa953-1c2f-45a5-a661-9679158bc35a,835fa953-1c2f-45a5-a661-9679158bc35a-2-72,4,t,2026-04-17 09:48:02.427
75587920-a682-404d-a3bd-900b26c7d6dc,09616f14-bdbc-4a08-81a4-460e529179a2,09616f14-bdbc-4a08-81a4-460e529179a2-2-129,2,f,2026-04-17 09:48:08.357
eda99254-8e08-4711-827c-a5b6a3aeac89,4f08dd81-6f2e-4cc8-b553-763cdcdae36e,4f08dd81-6f2e-4cc8-b553-763cdcdae36e-2-24,3,t,2026-04-17 09:48:07.72
11dc2f65-7a7b-4a8c-9aeb-f68442eff950,7afa437d-92ff-461c-a526-7bcc284e9e63,7afa437d-92ff-461c-a526-7bcc284e9e63-2-19,3,t,2026-04-17 09:48:08.913
3886b1c9-90b5-4808-8ab8-e9653f496f54,6efda4cf-4eb4-4811-b12a-8d1fb218f1b5,6efda4cf-4eb4-4811-b12a-8d1fb218f1b5-2-4,3,t,2026-04-17 10:03:33.538
8dd32cec-ce14-4745-9836-9b1bb84dd160,c3ac1670-f197-4065-88b7-abb8a3f55e05,c3ac1670-f197-4065-88b7-abb8a3f55e05-2-17,0,f,2026-04-17 09:48:16.777
7d908f9e-75cd-4b92-83b5-a6455e6bfa74,cfc602b7-76c8-40fe-8a3f-0227e7ae7f9d,cfc602b7-76c8-40fe-8a3f-0227e7ae7f9d-2-68,3,t,2026-04-17 09:48:48.624
64935e67-a50a-46a5-8686-e74d6531cb65,52fb53ed-992a-40b7-a284-d0ef206d8b3b,52fb53ed-992a-40b7-a284-d0ef206d8b3b-2-16,3,t,2026-04-17 09:48:58.521
80193645-fd5f-41b0-8feb-e1a9bf236777,22413047-2f23-4dc9-861c-024171bcfe51,22413047-2f23-4dc9-861c-024171bcfe51-2-61,0,f,2026-04-17 09:48:47.679
bed521a8-f34d-47c0-90ea-3946d4800436,c7cebb6f-4ce3-4ec5-8846-3ed1bf6c8dbe,c7cebb6f-4ce3-4ec5-8846-3ed1bf6c8dbe-2-19,3,t,2026-04-17 09:48:57.552
ee1c8e79-510b-40de-988d-d55ced738e22,1c81e191-a57e-415c-8fbe-d214bb1df9d0,1c81e191-a57e-415c-8fbe-d214bb1df9d0-2-27,0,f,2026-04-17 09:49:21.718
64d49611-e6ae-4912-8844-39544649f0e4,a3d745bf-e3f4-411c-97b5-2cd475f193f6,a3d745bf-e3f4-411c-97b5-2cd475f193f6-2-5,3,t,2026-04-17 09:51:01.318
dc065cc1-99bc-4bdc-adcc-2a22086f233f,ba1b79f1-b218-42e0-90c9-515c590bfb5c,ba1b79f1-b218-42e0-90c9-515c590bfb5c-2-146,2,f,2026-04-17 09:55:50.627
eac73d65-408b-479b-8386-84f131ea8245,5d48f615-bb08-49d7-9d29-de098d96d55c,5d48f615-bb08-49d7-9d29-de098d96d55c-2-31,0,f,2026-04-17 09:57:54.622
836be18d-a37e-49aa-8583-78afc3444332,9b2bfc86-cd9e-48cc-affa-2645a1b65bd1,9b2bfc86-cd9e-48cc-affa-2645a1b65bd1-2-31,0,f,2026-04-17 09:48:49.385
04bfc774-7f9c-428f-8862-def63c38e752,4aa59ff8-da67-4892-bffb-557d6cccf237,4aa59ff8-da67-4892-bffb-557d6cccf237-2-12,2,f,2026-04-17 09:48:57.812
3e02488d-3814-410b-8215-a4720a2ca82f,60f514c4-c7b7-498a-ac4d-72eb6ecb7de4,60f514c4-c7b7-498a-ac4d-72eb6ecb7de4-2-38,0,f,2026-04-17 09:49:06.806
00aabb09-763b-45f8-bfaa-f53a7a92284b,bf3be56f-d262-4b5c-b920-b3cd94204e7b,bf3be56f-d262-4b5c-b920-b3cd94204e7b-2-25,3,t,2026-04-17 09:50:17.415
f2a3cc9c-5fdc-48e8-981c-df6ce227370d,9b2bfc86-cd9e-48cc-affa-2645a1b65bd1,9b2bfc86-cd9e-48cc-affa-2645a1b65bd1-2-34,8,t,2026-04-17 09:50:04.423
86217483-db18-4393-84f2-3b54f8a7f4d4,129f2a12-36ee-4f40-8504-029cfb337c03,129f2a12-36ee-4f40-8504-029cfb337c03-2-23,3,t,2026-04-17 09:49:12.916
1578be5e-0ab4-4b4a-9bef-76dfff7cd860,897d03b4-4f5e-4d77-b19e-f7aee227197e,897d03b4-4f5e-4d77-b19e-f7aee227197e-2-38,5,t,2026-04-17 09:49:44.428
d7c86e1d-0284-4741-830e-0a1f97ab7bf9,ba1b79f1-b218-42e0-90c9-515c590bfb5c,ba1b79f1-b218-42e0-90c9-515c590bfb5c-2-17,1,f,2026-04-17 09:49:55.067
77d03e6d-1724-4a97-bcae-3756eb66ed9b,7ed13b91-200d-43c2-ad9e-6ab09842430d,7ed13b91-200d-43c2-ad9e-6ab09842430d-2-38,0,f,2026-04-17 09:49:56.551
dfd3a10b-17c9-4329-bb7b-e6d92b501c97,58d01453-bdf3-462d-b2cc-cc8e0a11f4bd,58d01453-bdf3-462d-b2cc-cc8e0a11f4bd-2-32,4,t,2026-04-17 09:49:14.786
863d0728-159c-486f-b914-c3b33c230b49,fa6ae629-f37f-4409-aba6-c4e071599e36,fa6ae629-f37f-4409-aba6-c4e071599e36-2-69,0,f,2026-04-17 09:49:58.563
a01d5bbb-e255-46ac-939b-f37efb746439,19369cc7-101f-4580-a45c-d3a728230d91,19369cc7-101f-4580-a45c-d3a728230d91-2-6,3,t,2026-04-17 09:49:16.537
3849dad8-97d1-4743-b2ff-62ab6e32e3aa,1ba4c6b9-4c26-4030-bfde-58ff3da5e5b9,1ba4c6b9-4c26-4030-bfde-58ff3da5e5b9-2-27,0,f,2026-04-17 09:49:58.988
bc0b8ec5-805a-4c2b-9de2-e6ab1f1b389e,c3ac1670-f197-4065-88b7-abb8a3f55e05,c3ac1670-f197-4065-88b7-abb8a3f55e05-2-18,3,t,2026-04-17 09:50:52.211
7aaf464b-e4e7-4eb4-82bb-3cb608af3612,22413047-2f23-4dc9-861c-024171bcfe51,22413047-2f23-4dc9-861c-024171bcfe51-2-63,5,t,2026-04-17 09:49:29.777
93b54a72-0759-4928-885f-d063cba1302f,6a804deb-cef1-4cdc-95c7-6574a1e7577a,6a804deb-cef1-4cdc-95c7-6574a1e7577a-2-80,1,f,2026-04-17 09:49:35.495
0ab9b991-9dd6-42cf-a78d-a66e6b2ce579,9b2bfc86-cd9e-48cc-affa-2645a1b65bd1,9b2bfc86-cd9e-48cc-affa-2645a1b65bd1-2-37,7,t,2026-04-17 09:50:28.036
7a7a5c88-2602-4abf-ba2c-77814906ec5f,08ffa16d-5fda-48dc-97ba-0fa8ad2ec214,08ffa16d-5fda-48dc-97ba-0fa8ad2ec214-2-18,3,t,2026-04-17 09:50:11.21
6732687a-07a5-4a4e-adf9-cdcd8ce3676c,11ac051d-e50b-4de3-9253-981b8a526928,11ac051d-e50b-4de3-9253-981b8a526928-2-31,0,f,2026-04-17 09:49:43.394
31c3b35f-ca4c-44b1-9a40-86036a1896ce,4626347f-a937-4b7f-8da9-b4a98783e145,4626347f-a937-4b7f-8da9-b4a98783e145-2-89,0,f,2026-04-17 09:51:23.706
a60668bf-bfa3-4b53-848d-fb1de3f9f76b,7ef6d63a-b0af-4be2-a8e0-3784fd609017,7ef6d63a-b0af-4be2-a8e0-3784fd609017-2-32,6,t,2026-04-17 09:50:02.012
78220a18-113f-4a74-b45d-1d058bcf2231,495d6ec5-2846-4068-b1a9-afa26ece5ac9,495d6ec5-2846-4068-b1a9-afa26ece5ac9-2-24,4,t,2026-04-17 09:50:30.585
6c433735-a6ab-4f06-83d8-622f2e14fdcb,7ef6d63a-b0af-4be2-a8e0-3784fd609017,7ef6d63a-b0af-4be2-a8e0-3784fd609017-2-34,3,t,2026-04-17 09:50:15.358
e5c8071f-4303-4fd9-b06c-d170aab9568a,19369cc7-101f-4580-a45c-d3a728230d91,19369cc7-101f-4580-a45c-d3a728230d91-2-19,3,t,2026-04-17 09:51:27.411
30cd48d3-94e7-471e-b48c-7e8f054a5b80,9b2bfc86-cd9e-48cc-affa-2645a1b65bd1,9b2bfc86-cd9e-48cc-affa-2645a1b65bd1-2-38,7,t,2026-04-17 09:50:35.807
89b32209-814b-44af-bc72-afba0af48a64,ccfa1e3b-55c9-4102-9146-6e5cc30549b7,ccfa1e3b-55c9-4102-9146-6e5cc30549b7-2-36,0,f,2026-04-17 09:50:27.202
5775e375-cfa6-4292-8921-13a3e0a678b4,9b2bfc86-cd9e-48cc-affa-2645a1b65bd1,9b2bfc86-cd9e-48cc-affa-2645a1b65bd1-2-36,7,t,2026-04-17 09:50:19.68
b58b6126-a032-4e12-a700-7cdb4f563961,319d9117-957e-472c-ae32-07a254740eab,319d9117-957e-472c-ae32-07a254740eab-2-20,3,t,2026-04-17 09:50:19.95
ee629184-bcf5-42c8-88ec-8b331531f6ed,09616f14-bdbc-4a08-81a4-460e529179a2,09616f14-bdbc-4a08-81a4-460e529179a2-2-145,3,t,2026-04-17 09:51:36.021
e0f9daa2-cad8-477e-b7ec-29f05392c1be,58d01453-bdf3-462d-b2cc-cc8e0a11f4bd,58d01453-bdf3-462d-b2cc-cc8e0a11f4bd-2-33,4,t,2026-04-17 09:50:44.909
63e77380-2fee-4d85-ace3-acaf9fdf4991,51bf8b84-0573-47bc-8ae9-056c9b8819c7,51bf8b84-0573-47bc-8ae9-056c9b8819c7-2-13,0,f,2026-04-17 09:51:18.088
466fe227-2f5d-4afc-8d1b-7765dfff8a6d,495d6ec5-2846-4068-b1a9-afa26ece5ac9,495d6ec5-2846-4068-b1a9-afa26ece5ac9-2-40,3,t,2026-04-17 09:51:01.664
2bf33531-bb21-4413-97d5-8c0484ea3dfc,6a804deb-cef1-4cdc-95c7-6574a1e7577a,6a804deb-cef1-4cdc-95c7-6574a1e7577a-2-84,3,t,2026-04-17 09:50:44.955
48db2068-755f-4b31-ad24-5c1a1d269748,52fb53ed-992a-40b7-a284-d0ef206d8b3b,52fb53ed-992a-40b7-a284-d0ef206d8b3b-2-12,2,f,2026-04-17 09:50:50.977
1e96117c-8169-41b0-8722-0779e9bc33de,9b2bfc86-cd9e-48cc-affa-2645a1b65bd1,9b2bfc86-cd9e-48cc-affa-2645a1b65bd1-2-42,8,t,2026-04-17 09:50:54.403
df6c7cd7-db75-4dd4-93ed-63d846d4e74d,08b9e6da-978e-48e0-ad00-2efc29254f3f,08b9e6da-978e-48e0-ad00-2efc29254f3f-2-0,3,t,2026-04-17 10:10:33.61
3cd62977-05bb-4107-9b2f-7e98dc476071,08ffa16d-5fda-48dc-97ba-0fa8ad2ec214,08ffa16d-5fda-48dc-97ba-0fa8ad2ec214-2-19,3,t,2026-04-17 09:51:16.917
31371610-9537-4fb1-8be3-f67e7d52aa1c,ba1b79f1-b218-42e0-90c9-515c590bfb5c,ba1b79f1-b218-42e0-90c9-515c590bfb5c-2-143,3,t,2026-04-17 09:54:43.65
c317a27c-7209-4700-8d15-2bfd8c163592,22413047-2f23-4dc9-861c-024171bcfe51,22413047-2f23-4dc9-861c-024171bcfe51-2-67,0,f,2026-04-17 09:52:26.353
7a67c037-1c45-473b-a440-b58080ad6e7b,cfc602b7-76c8-40fe-8a3f-0227e7ae7f9d,cfc602b7-76c8-40fe-8a3f-0227e7ae7f9d-2-66,3,t,2026-04-17 09:54:49.264
4b2f572e-016f-415c-ab40-0d9be6eafe83,6efda4cf-4eb4-4811-b12a-8d1fb218f1b5,6efda4cf-4eb4-4811-b12a-8d1fb218f1b5-2-120,3,t,2026-04-17 09:57:11.261
6af586e5-eb41-44cf-ab38-9764476c4f12,a7731f21-6ce1-4d01-914b-1d25018210bc,a7731f21-6ce1-4d01-914b-1d25018210bc-2-16,0,f,2026-04-17 10:03:49.196
bb0634fb-1df4-4962-88bc-b03a41b24eb9,6a804deb-cef1-4cdc-95c7-6574a1e7577a,6a804deb-cef1-4cdc-95c7-6574a1e7577a-2-28,0,f,2026-04-17 10:00:26.381
37dc5972-5f69-4a94-b43e-b4bf5ce226ac,7b2f5f37-d75f-42c7-a64b-e7d6da909f2e,7b2f5f37-d75f-42c7-a64b-e7d6da909f2e-2-28,0,f,2026-04-17 09:48:27.073
67529d4f-b7f3-4c91-956a-95a27fe2fe63,6077991f-156c-447c-a69b-4e2d765b115b,6077991f-156c-447c-a69b-4e2d765b115b-2-18,1,f,2026-04-17 09:48:35.728
bd5d41f3-20c5-4810-8366-0a9facc97b17,495d6ec5-2846-4068-b1a9-afa26ece5ac9,495d6ec5-2846-4068-b1a9-afa26ece5ac9-2-23,0,f,2026-04-17 09:49:51.645
12c08a28-0b4d-4d0a-a2fa-ecdd658dba5a,941a564c-77b9-48d6-920a-648da559328e,941a564c-77b9-48d6-920a-648da559328e-2-38,0,f,2026-04-17 09:49:52.157
a24657a4-f062-46fe-a7de-caef7c7f9b45,bf3be56f-d262-4b5c-b920-b3cd94204e7b,bf3be56f-d262-4b5c-b920-b3cd94204e7b-2-21,3,t,2026-04-17 09:48:38.496
d756c0c3-e18c-4422-990e-22a8d836eb93,1df7744c-4296-4a4a-a293-6431531fce9a,1df7744c-4296-4a4a-a293-6431531fce9a-2-56,0,f,2026-04-17 09:48:39.025
3360ef49-98e9-4a69-828f-48ae93425668,ff0050af-b573-4178-a75c-7c6480e584a3,ff0050af-b573-4178-a75c-7c6480e584a3-2-53,0,f,2026-04-17 09:49:53.951
7ec07675-8e53-441a-ba73-d782049c27d7,09616f14-bdbc-4a08-81a4-460e529179a2,09616f14-bdbc-4a08-81a4-460e529179a2-2-149,2,f,2026-04-17 09:52:14.623
dc23f159-9782-4d72-8edc-5ee87151e2c1,ccfa1e3b-55c9-4102-9146-6e5cc30549b7,ccfa1e3b-55c9-4102-9146-6e5cc30549b7-2-13,3,t,2026-04-17 09:48:46.303
edfa1538-166f-45c4-8c3f-04eb2e639055,2685f831-e1b0-4ad2-a7ef-cf48ff212488,2685f831-e1b0-4ad2-a7ef-cf48ff212488-2-148,0,f,2026-04-17 09:50:13.456
20756f1e-fa02-45d9-b746-e9f9d7e69203,5d48f615-bb08-49d7-9d29-de098d96d55c,5d48f615-bb08-49d7-9d29-de098d96d55c-2-32,0,f,2026-04-17 09:50:28.052
0129d72f-f3da-45f9-96f1-978ac0b4574a,0bf990e4-8545-4dbb-8253-87e4953f00ab,0bf990e4-8545-4dbb-8253-87e4953f00ab-2-10,1,f,2026-04-17 09:52:15.255
a6468e3e-40f2-4991-a4f2-90f74a4fc0e3,49247d98-f3ca-4858-ae94-383e1e7323ad,49247d98-f3ca-4858-ae94-383e1e7323ad-2-8,1,f,2026-04-17 09:52:18.867
f3177754-3936-4b16-8119-4f850c4d0be0,ee1ce29b-7c86-48cd-850f-f5a8ee856031,ee1ce29b-7c86-48cd-850f-f5a8ee856031-2-24,3,t,2026-04-17 09:50:59.577
8622b4be-1419-4f87-a689-6f3066ed4e1b,7afa437d-92ff-461c-a526-7bcc284e9e63,7afa437d-92ff-461c-a526-7bcc284e9e63-2-20,3,t,2026-04-17 09:48:57.338
7300133c-86f0-4be3-9b93-54489f6cde4e,5c2703f1-c588-4abe-9a48-8c4d20a94b61,5c2703f1-c588-4abe-9a48-8c4d20a94b61-2-41,0,f,2026-04-17 09:49:01.484
c2750077-5416-47c5-a9a3-9fba96f0ef9b,c3602a51-1e5e-4155-9236-80ac9f4eb974,c3602a51-1e5e-4155-9236-80ac9f4eb974-2-11,3,t,2026-04-17 09:49:05.278
d5af523c-b39b-4dff-b6a5-3d15b0495859,f6af9a1c-b651-4756-81be-bb78380c2bcb,f6af9a1c-b651-4756-81be-bb78380c2bcb-2-88,3,t,2026-04-17 09:49:09.115
644ee3d5-637f-4c6a-84f3-a8f1bcc34eb7,a6b190d3-7dec-4ad7-b19a-f57c7b481473,a6b190d3-7dec-4ad7-b19a-f57c7b481473-2-1,0,f,2026-04-17 09:51:30.912
edc73a46-8530-4863-9ff1-fb5505303625,ee1ce29b-7c86-48cd-850f-f5a8ee856031,ee1ce29b-7c86-48cd-850f-f5a8ee856031-2-25,1,f,2026-04-17 09:51:32.237
f9b96a24-5495-4c72-8bcf-7f1d41f64343,d7464694-cf28-49ad-9baa-2caab6d4a29d,d7464694-cf28-49ad-9baa-2caab6d4a29d-2-48,3,t,2026-04-17 09:49:16.913
6859205e-6975-4485-a9fb-cb2883eaef58,49247d98-f3ca-4858-ae94-383e1e7323ad,49247d98-f3ca-4858-ae94-383e1e7323ad-2-9,0,f,2026-04-17 09:53:41.382
d604cc8d-b87d-40c1-a066-cac4c73b12ea,83fc1576-5e46-4bae-9238-994beccf1bc6,83fc1576-5e46-4bae-9238-994beccf1bc6-2-1,3,t,2026-04-17 09:49:34.873
4579d5a7-57fc-4001-b672-85b9e18275ee,110b144f-49c6-4389-956c-8da441b92de7,110b144f-49c6-4389-956c-8da441b92de7-2-76,0,f,2026-04-17 09:51:50.71
2420fbdb-3a3c-4eb6-9e59-749ac838e98b,afc95810-8ff4-495b-9031-274ac8712db1,afc95810-8ff4-495b-9031-274ac8712db1-2-0,3,t,2026-04-17 09:52:22.298
bc5908d7-4218-49b3-898a-8de134d5ca53,1c81e191-a57e-415c-8fbe-d214bb1df9d0,1c81e191-a57e-415c-8fbe-d214bb1df9d0-2-33,0,f,2026-04-17 09:52:09.266
db57efb7-92b2-42fc-bf2a-c1dd5af82cb0,495d6ec5-2846-4068-b1a9-afa26ece5ac9,495d6ec5-2846-4068-b1a9-afa26ece5ac9-2-25,0,f,2026-04-17 09:52:29.166
2f5ac615-7230-48b0-87b6-57d087d66ff2,a6b190d3-7dec-4ad7-b19a-f57c7b481473,a6b190d3-7dec-4ad7-b19a-f57c7b481473-2-2,3,t,2026-04-17 09:52:12.516
ce03f8a3-e4e9-4b11-9984-140985240a56,681a0041-3f56-4baf-9f99-de49e187b870,681a0041-3f56-4baf-9f99-de49e187b870-2-12,3,t,2026-04-17 09:52:35.263
fe1c07e6-1938-4789-b2f9-4b27f81bfb18,ee167702-12fb-4e79-9b71-c1a3d0ee55dd,ee167702-12fb-4e79-9b71-c1a3d0ee55dd-2-20,3,t,2026-04-17 09:52:42.795
49287a9c-b872-4a65-82a3-237f2e629c30,c3ac1670-f197-4065-88b7-abb8a3f55e05,c3ac1670-f197-4065-88b7-abb8a3f55e05-2-19,3,t,2026-04-17 09:53:06.003
53297eb1-2a81-49a6-8746-638fd436d0a1,00692797-40c5-4e3a-8bc9-f642cc8c3845,00692797-40c5-4e3a-8bc9-f642cc8c3845-2-33,0,f,2026-04-17 09:50:13.432
546693f1-64e4-4e8f-9cd9-3188e4c494b9,ee1ce29b-7c86-48cd-850f-f5a8ee856031,ee1ce29b-7c86-48cd-850f-f5a8ee856031-2-22,3,t,2026-04-17 09:49:10.062
3927db98-6497-4685-9efb-adb3c3afb4d7,09616f14-bdbc-4a08-81a4-460e529179a2,09616f14-bdbc-4a08-81a4-460e529179a2-2-126,1,f,2026-04-17 09:49:20.422
972d300c-df17-49f3-881b-b400092492ed,c3602a51-1e5e-4155-9236-80ac9f4eb974,c3602a51-1e5e-4155-9236-80ac9f4eb974-2-12,3,t,2026-04-17 09:50:46.813
1fc2c007-bcd3-4c47-82ee-41bb9f56b97f,c7cebb6f-4ce3-4ec5-8846-3ed1bf6c8dbe,c7cebb6f-4ce3-4ec5-8846-3ed1bf6c8dbe-2-20,3,t,2026-04-17 09:50:29.825
c8892853-fb5c-4808-a845-fe89e4960936,ba1b79f1-b218-42e0-90c9-515c590bfb5c,ba1b79f1-b218-42e0-90c9-515c590bfb5c-2-18,1,f,2026-04-17 09:50:33.25
ad7c13ae-89a5-4f0e-9a99-b56d87ed46c5,9b2bfc86-cd9e-48cc-affa-2645a1b65bd1,9b2bfc86-cd9e-48cc-affa-2645a1b65bd1-2-32,8,t,2026-04-17 09:49:46.865
dacd13c7-4be6-4e55-a582-0a3af1687ef3,0fe6c4b2-51f6-4335-8018-6048d4d289a1,0fe6c4b2-51f6-4335-8018-6048d4d289a1-2-32,3,t,2026-04-17 09:52:55.634
ee2db996-995a-46df-adfe-0c062a82d680,4aa59ff8-da67-4892-bffb-557d6cccf237,4aa59ff8-da67-4892-bffb-557d6cccf237-2-13,1,f,2026-04-17 09:49:55.506
594cc5f2-0ead-419c-b4b6-ed117ca209c8,2685f831-e1b0-4ad2-a7ef-cf48ff212488,2685f831-e1b0-4ad2-a7ef-cf48ff212488-2-149,0,f,2026-04-17 09:50:34.703
72b04369-618b-40ea-b6ea-ec1c5485bdd2,d90b640e-7008-4861-8197-64e64a901462,d90b640e-7008-4861-8197-64e64a901462-2-20,3,t,2026-04-17 09:50:38.238
33f2d7df-fa18-423c-aee5-6554e5903dbe,129f2a12-36ee-4f40-8504-029cfb337c03,129f2a12-36ee-4f40-8504-029cfb337c03-2-24,2,f,2026-04-17 09:50:39.093
7dcbfea0-57a0-401e-816e-9cc7b7dc4c8a,9b2bfc86-cd9e-48cc-affa-2645a1b65bd1,9b2bfc86-cd9e-48cc-affa-2645a1b65bd1-2-33,7,t,2026-04-17 09:49:56.375
0f74f2a1-5583-47b8-8a5e-74017f1898ee,6077991f-156c-447c-a69b-4e2d765b115b,6077991f-156c-447c-a69b-4e2d765b115b-2-38,3,t,2026-04-17 10:04:28.183
2d8d4dd9-8a3b-4a72-95ac-6ded89370790,1ba4c6b9-4c26-4030-bfde-58ff3da5e5b9,1ba4c6b9-4c26-4030-bfde-58ff3da5e5b9-2-30,0,f,2026-04-17 09:50:39.108
4b6c6082-8b48-4901-9c44-997ae8b3823a,6a2053e0-87ba-489f-a3c8-4a2b6ff8f1f4,6a2053e0-87ba-489f-a3c8-4a2b6ff8f1f4-2-135,4,t,2026-04-17 09:50:06.537
8a057d8b-54f6-4d81-b617-6f26deea665e,9b2bfc86-cd9e-48cc-affa-2645a1b65bd1,9b2bfc86-cd9e-48cc-affa-2645a1b65bd1-2-44,4,t,2026-04-17 09:51:19.122
498f0572-815f-4cfd-806c-c8195d3a130b,7428391c-79d7-4f38-961c-2eae701e9b59,7428391c-79d7-4f38-961c-2eae701e9b59-2-16,3,t,2026-04-17 09:50:41.981
60bf4b7a-1607-490c-8789-db67cb5613b0,0fe6c4b2-51f6-4335-8018-6048d4d289a1,0fe6c4b2-51f6-4335-8018-6048d4d289a1-2-33,1,f,2026-04-17 09:51:23.882
6f16d385-221e-44ac-9910-4bd2a6614b0d,941a564c-77b9-48d6-920a-648da559328e,941a564c-77b9-48d6-920a-648da559328e-2-39,6,t,2026-04-17 09:50:49.096
ea4b07ce-db81-4328-b01e-d695c1fa4479,9b2bfc86-cd9e-48cc-affa-2645a1b65bd1,9b2bfc86-cd9e-48cc-affa-2645a1b65bd1-2-35,7,t,2026-04-17 09:50:10.638
b624f909-7c80-4578-8811-fe73210ff6ed,9b2bfc86-cd9e-48cc-affa-2645a1b65bd1,9b2bfc86-cd9e-48cc-affa-2645a1b65bd1-2-39,5,t,2026-04-17 09:50:42.616
d345fbf2-1da0-4288-9867-72846f04560f,c3602a51-1e5e-4155-9236-80ac9f4eb974,c3602a51-1e5e-4155-9236-80ac9f4eb974-2-13,3,t,2026-04-17 09:51:58.514
a98951f4-53b1-485a-838f-29b4250b8b8d,49247d98-f3ca-4858-ae94-383e1e7323ad,49247d98-f3ca-4858-ae94-383e1e7323ad-2-7,3,t,2026-04-17 09:52:10.736
fc42230e-a3fd-40d6-91f8-549afc9302b1,00692797-40c5-4e3a-8bc9-f642cc8c3845,00692797-40c5-4e3a-8bc9-f642cc8c3845-2-34,0,f,2026-04-17 09:51:41.317
6a835ccb-7ee1-41d4-8a96-105b71320455,22413047-2f23-4dc9-861c-024171bcfe51,22413047-2f23-4dc9-861c-024171bcfe51-2-66,4,t,2026-04-17 09:50:50.873
764b59ad-6571-4990-9380-9306e0031aad,8c965050-a932-4536-9444-4170909450b3,8c965050-a932-4536-9444-4170909450b3-2-27,3,t,2026-04-17 09:51:46.883
21563e69-8e72-42ea-b236-188fb14fe0d3,941a564c-77b9-48d6-920a-648da559328e,941a564c-77b9-48d6-920a-648da559328e-2-40,5,t,2026-04-17 09:51:49.898
f4978593-a64d-4cc4-b244-eeccb2bd490d,9b2bfc86-cd9e-48cc-affa-2645a1b65bd1,9b2bfc86-cd9e-48cc-affa-2645a1b65bd1-2-43,5,t,2026-04-17 09:51:00.93
6b6b5a44-7b63-4b4a-810c-62a0f0e73861,129f2a12-36ee-4f40-8504-029cfb337c03,129f2a12-36ee-4f40-8504-029cfb337c03-2-26,1,f,2026-04-17 09:51:17.784
0bff18bd-f5fe-461b-8422-566ed65ba088,7afa437d-92ff-461c-a526-7bcc284e9e63,7afa437d-92ff-461c-a526-7bcc284e9e63-2-27,4,t,2026-04-17 09:51:44.029
d300ddc9-dfed-4b61-8ee7-834e0fb09aa5,f6af9a1c-b651-4756-81be-bb78380c2bcb,f6af9a1c-b651-4756-81be-bb78380c2bcb-2-98,3,t,2026-04-17 09:51:47.206
827b2ac7-aa10-4276-93c3-190173e23681,19369cc7-101f-4580-a45c-d3a728230d91,19369cc7-101f-4580-a45c-d3a728230d91-2-17,2,f,2026-04-17 09:52:05.488
68d460da-a462-48cc-8a21-09bb8e96df09,0fe6c4b2-51f6-4335-8018-6048d4d289a1,0fe6c4b2-51f6-4335-8018-6048d4d289a1-2-37,3,t,2026-04-17 09:52:27.416
61bb2a0b-8151-4d59-b594-3dbdf6e35781,1ba4c6b9-4c26-4030-bfde-58ff3da5e5b9,1ba4c6b9-4c26-4030-bfde-58ff3da5e5b9-2-33,0,f,2026-04-17 09:52:08.308
64d01503-e16d-4f4b-9966-8be2d39dd5e8,c9ffd548-293a-4eb4-8a72-16b3ea5f6071,c9ffd548-293a-4eb4-8a72-16b3ea5f6071-2-6,3,t,2026-04-17 09:51:58.64
7c780643-74b1-40f0-86ef-693fe5e6a94b,c7cebb6f-4ce3-4ec5-8846-3ed1bf6c8dbe,c7cebb6f-4ce3-4ec5-8846-3ed1bf6c8dbe-2-21,3,t,2026-04-17 09:52:28.096
d5041fa9-c809-45b4-87db-93d01ad7a2b4,52fb53ed-992a-40b7-a284-d0ef206d8b3b,52fb53ed-992a-40b7-a284-d0ef206d8b3b-2-13,3,t,2026-04-17 09:52:19.808
61af8501-5df0-4d41-a02d-77776dff748c,08b9e6da-978e-48e0-ad00-2efc29254f3f,08b9e6da-978e-48e0-ad00-2efc29254f3f-2-2,3,t,2026-04-17 09:53:02.366
04147677-524c-410b-b884-fa36e37fed3b,6077991f-156c-447c-a69b-4e2d765b115b,6077991f-156c-447c-a69b-4e2d765b115b-2-102,3,t,2026-04-17 09:52:44.209
8a839397-510b-43f9-a776-48c6754e3e0d,d90b640e-7008-4861-8197-64e64a901462,d90b640e-7008-4861-8197-64e64a901462-2-21,0,f,2026-04-17 09:53:04.849
e07457ca-9dbe-4435-9a74-ff9fecbb8181,f6af9a1c-b651-4756-81be-bb78380c2bcb,f6af9a1c-b651-4756-81be-bb78380c2bcb-2-100,4,t,2026-04-17 09:52:35.501
82ff7852-1d3f-420a-9e44-bdbaee8ce943,129f2a12-36ee-4f40-8504-029cfb337c03,129f2a12-36ee-4f40-8504-029cfb337c03-2-25,1,f,2026-04-17 09:52:35.54
691d105c-6c62-4a1f-beb6-76a3f4f9f0c5,22413047-2f23-4dc9-861c-024171bcfe51,22413047-2f23-4dc9-861c-024171bcfe51-2-68,3,t,2026-04-17 09:52:41.728
10dd42e8-28f2-40a4-a452-329d27a0f5f3,7428391c-79d7-4f38-961c-2eae701e9b59,7428391c-79d7-4f38-961c-2eae701e9b59-2-17,3,t,2026-04-17 09:52:57.411
5d714ae9-885b-431d-9999-8d9e518722c5,18ebe6f7-fcde-40f7-9e61-acd799d7c61f,18ebe6f7-fcde-40f7-9e61-acd799d7c61f-2-78,0,f,2026-04-17 09:53:01.438
80a5dd6b-3f70-4d02-b289-4dea685315af,a90cc6ed-473d-44c4-b771-109130f5a335,a90cc6ed-473d-44c4-b771-109130f5a335-2-32,0,f,2026-04-17 09:53:53.85
9ed9b784-49f1-4a4c-bfdc-1c8061e37f89,7afa437d-92ff-461c-a526-7bcc284e9e63,7afa437d-92ff-461c-a526-7bcc284e9e63-2-21,3,t,2026-04-17 09:52:39.644
2408ae1e-fa4a-4516-a0bf-1fd30aaaf778,9b2bfc86-cd9e-48cc-affa-2645a1b65bd1,9b2bfc86-cd9e-48cc-affa-2645a1b65bd1-2-45,4,t,2026-04-17 09:52:45.974
08276852-c7ed-49ad-a034-11a8cda6c577,ccfa1e3b-55c9-4102-9146-6e5cc30549b7,ccfa1e3b-55c9-4102-9146-6e5cc30549b7-2-39,3,t,2026-04-17 09:52:47.417
baf75308-56e0-4bfe-93cd-a9402f073b0a,897d03b4-4f5e-4d77-b19e-f7aee227197e,897d03b4-4f5e-4d77-b19e-f7aee227197e-2-42,0,f,2026-04-17 09:53:03.003
6a3e9151-ded9-43ab-955a-f23dec8461d5,83fc1576-5e46-4bae-9238-994beccf1bc6,83fc1576-5e46-4bae-9238-994beccf1bc6-2-6,3,t,2026-04-17 09:53:06.188
dce7f8d1-f1e5-4eab-afc9-319d85ba85fe,a3d745bf-e3f4-411c-97b5-2cd475f193f6,a3d745bf-e3f4-411c-97b5-2cd475f193f6-2-7,3,t,2026-04-17 09:53:17.604
37cd3fb9-cddb-4592-a598-8c2856556fcf,00692797-40c5-4e3a-8bc9-f642cc8c3845,00692797-40c5-4e3a-8bc9-f642cc8c3845-2-37,0,f,2026-04-17 09:53:33.683
e6f57286-a505-45e3-bef9-b8f162efa338,a7731f21-6ce1-4d01-914b-1d25018210bc,a7731f21-6ce1-4d01-914b-1d25018210bc-2-17,3,t,2026-04-17 09:53:59.481
c8094946-d86b-49a8-a122-f91e2b6f1494,2685f831-e1b0-4ad2-a7ef-cf48ff212488,2685f831-e1b0-4ad2-a7ef-cf48ff212488-2-145,3,t,2026-04-17 09:54:09.625
9f2e4f9e-37c5-4735-860c-e04947be9044,83fc1576-5e46-4bae-9238-994beccf1bc6,83fc1576-5e46-4bae-9238-994beccf1bc6-2-10,3,t,2026-04-17 09:55:05.562
ea15fb9c-4d0f-45ec-b408-c0822fae7451,ccfa1e3b-55c9-4102-9146-6e5cc30549b7,ccfa1e3b-55c9-4102-9146-6e5cc30549b7-2-62,4,t,2026-04-17 09:53:33.068
918f9966-4b17-4a0a-b0bd-22430f29f1cd,c590bbb6-233c-428e-ba79-dfbfcb024d69,c590bbb6-233c-428e-ba79-dfbfcb024d69-2-58,5,t,2026-04-17 09:52:52.606
3b365782-497b-430a-8f65-c3e27da4f19d,a6b190d3-7dec-4ad7-b19a-f57c7b481473,a6b190d3-7dec-4ad7-b19a-f57c7b481473-2-6,3,t,2026-04-17 09:54:07.221
5267b427-95a9-4583-aeac-8af7ef4fca2d,7afa437d-92ff-461c-a526-7bcc284e9e63,7afa437d-92ff-461c-a526-7bcc284e9e63-2-22,3,t,2026-04-17 09:53:07.699
bbc18d46-ef68-4fc0-8c97-c49f8d91146c,7428391c-79d7-4f38-961c-2eae701e9b59,7428391c-79d7-4f38-961c-2eae701e9b59-2-18,3,t,2026-04-17 09:53:33.715
4ba8ce72-2d40-4a28-85c4-84c779e9fe93,3e67364b-1669-4370-9904-fa584023f4e1,3e67364b-1669-4370-9904-fa584023f4e1-2-1,3,t,2026-04-17 09:53:13.05
b6374083-f3f1-4d6a-adaf-12a05f6aa9b1,ccfa1e3b-55c9-4102-9146-6e5cc30549b7,ccfa1e3b-55c9-4102-9146-6e5cc30549b7-2-58,4,t,2026-04-17 09:53:14.626
d140d304-3bda-4f89-a93f-91e06becd574,6a804deb-cef1-4cdc-95c7-6574a1e7577a,6a804deb-cef1-4cdc-95c7-6574a1e7577a-2-112,1,f,2026-04-17 09:55:55.423
73c2ec82-2a21-4c4c-b675-4dc9dea70874,bf3be56f-d262-4b5c-b920-b3cd94204e7b,bf3be56f-d262-4b5c-b920-b3cd94204e7b-2-26,3,t,2026-04-17 09:53:19.761
3b858681-410f-472a-826a-db25630adeba,6a804deb-cef1-4cdc-95c7-6574a1e7577a,6a804deb-cef1-4cdc-95c7-6574a1e7577a-2-104,2,f,2026-04-17 09:53:20.323
51738176-e352-42d7-88b4-48df7866fbb3,7ef6d63a-b0af-4be2-a8e0-3784fd609017,7ef6d63a-b0af-4be2-a8e0-3784fd609017-2-35,0,f,2026-04-17 09:54:08.488
7325a47b-0376-446f-9819-c2459a3d6c96,1df7744c-4296-4a4a-a293-6431531fce9a,1df7744c-4296-4a4a-a293-6431531fce9a-2-67,0,f,2026-04-17 09:53:43.652
da309974-c2e9-459e-a216-16490bdea77a,c3602a51-1e5e-4155-9236-80ac9f4eb974,c3602a51-1e5e-4155-9236-80ac9f4eb974-2-14,3,t,2026-04-17 09:53:27.028
fb520f5e-5ce4-4553-8739-f8a811686867,08ffa16d-5fda-48dc-97ba-0fa8ad2ec214,08ffa16d-5fda-48dc-97ba-0fa8ad2ec214-2-20,0,f,2026-04-17 09:54:37.061
1e58b5bb-cdda-4a62-84af-c71d45814d5f,52fb53ed-992a-40b7-a284-d0ef206d8b3b,52fb53ed-992a-40b7-a284-d0ef206d8b3b-2-21,3,t,2026-04-17 09:53:30.449
b486c555-1979-4e2f-abe4-effb35406e6a,7afa437d-92ff-461c-a526-7bcc284e9e63,7afa437d-92ff-461c-a526-7bcc284e9e63-2-24,3,t,2026-04-17 09:55:27.221
5c237946-b2fc-409b-86cd-daced1eac761,287ebd44-f7f4-4f63-95f6-f81075012370,287ebd44-f7f4-4f63-95f6-f81075012370-2-6,3,t,2026-04-17 09:54:52.873
756cd0d2-4590-46f5-b977-67dbb381bd77,1c81e191-a57e-415c-8fbe-d214bb1df9d0,1c81e191-a57e-415c-8fbe-d214bb1df9d0-2-34,0,f,2026-04-17 09:54:28.279
7ef00d95-c3a2-440d-b6c1-b9db7a24563d,aeaad491-0cc9-4538-9c99-6e5b7bd30d1b,aeaad491-0cc9-4538-9c99-6e5b7bd30d1b-2-20,3,t,2026-04-17 09:53:58.569
87957db7-5d0a-4c6b-a98f-edaa8b443351,319d9117-957e-472c-ae32-07a254740eab,319d9117-957e-472c-ae32-07a254740eab-2-14,3,t,2026-04-17 09:53:55.585
d8990d78-52b3-4f73-947d-3c92970a425b,fa6ae629-f37f-4409-aba6-c4e071599e36,fa6ae629-f37f-4409-aba6-c4e071599e36-2-80,0,f,2026-04-17 09:53:57.081
355f9658-881b-46fe-ac3b-570ebd7c45b3,c7cebb6f-4ce3-4ec5-8846-3ed1bf6c8dbe,c7cebb6f-4ce3-4ec5-8846-3ed1bf6c8dbe-2-32,0,f,2026-04-17 09:54:14.71
b6b9f6e5-e713-48d9-a907-7965ea805433,afc95810-8ff4-495b-9031-274ac8712db1,afc95810-8ff4-495b-9031-274ac8712db1-2-20,3,t,2026-04-17 09:54:00.435
e9574358-a0ad-41c3-b9b6-3f22d65c661f,6077991f-156c-447c-a69b-4e2d765b115b,6077991f-156c-447c-a69b-4e2d765b115b-2-103,2,f,2026-04-17 09:54:14.715
52ec44aa-31e4-4c58-8322-f4340b3f7fd5,a3d745bf-e3f4-411c-97b5-2cd475f193f6,a3d745bf-e3f4-411c-97b5-2cd475f193f6-2-9,3,t,2026-04-17 09:54:40.042
f97e72fb-bfa5-4f2e-8808-1e619902a942,a7d55219-3a56-4459-ab06-848c1a483037,a7d55219-3a56-4459-ab06-848c1a483037-2-2,3,t,2026-04-17 09:54:02.882
c1e1b5b2-c440-46f6-872e-d2ed16809eca,681a0041-3f56-4baf-9f99-de49e187b870,681a0041-3f56-4baf-9f99-de49e187b870-2-13,3,t,2026-04-17 09:54:22.491
3cd3cc16-8ac5-467e-afbd-9a07fc4a7bc4,495d6ec5-2846-4068-b1a9-afa26ece5ac9,495d6ec5-2846-4068-b1a9-afa26ece5ac9-2-26,3,t,2026-04-17 09:54:06.515
3dd419ba-ca1e-41ac-b624-462936a78871,c9ffd548-293a-4eb4-8a72-16b3ea5f6071,c9ffd548-293a-4eb4-8a72-16b3ea5f6071-2-8,3,t,2026-04-17 09:54:18.622
e8729b85-3fd3-4463-8c7a-2c1c9a44a959,2c9c5075-fc3e-43f9-8fd8-8826d2ff4491,2c9c5075-fc3e-43f9-8fd8-8826d2ff4491-2-1,3,t,2026-04-17 09:54:17.687
f46ed9e5-f36a-4208-9fa5-705d28e06146,22413047-2f23-4dc9-861c-024171bcfe51,22413047-2f23-4dc9-861c-024171bcfe51-2-71,3,t,2026-04-17 09:54:19.083
5fe3c88c-78f0-43d9-a699-cff5c0c3c0ae,49247d98-f3ca-4858-ae94-383e1e7323ad,49247d98-f3ca-4858-ae94-383e1e7323ad-2-10,0,f,2026-04-17 09:54:20.358
c6985b4e-e7ae-4baa-bbce-895b553ef64b,fa6ae629-f37f-4409-aba6-c4e071599e36,fa6ae629-f37f-4409-aba6-c4e071599e36-2-83,0,f,2026-04-17 09:54:57.796
266243c9-ef13-457a-b0a7-1abfb327f2b3,ff0050af-b573-4178-a75c-7c6480e584a3,ff0050af-b573-4178-a75c-7c6480e584a3-2-63,0,f,2026-04-17 09:54:30.376
25e6e48f-7afb-4bf1-91d5-13be1cc57ecf,4d8bb69d-3f26-4ad0-ab62-8a6eb4d5d9e3,4d8bb69d-3f26-4ad0-ab62-8a6eb4d5d9e3-2-1,3,t,2026-04-17 09:54:39.56
5233cff6-39b8-4942-bee7-dec5f0e6773e,22413047-2f23-4dc9-861c-024171bcfe51,22413047-2f23-4dc9-861c-024171bcfe51-2-72,5,t,2026-04-17 09:54:35.91
ae8512f2-f465-4f25-9386-703a24500bcd,51bf8b84-0573-47bc-8ae9-056c9b8819c7,51bf8b84-0573-47bc-8ae9-056c9b8819c7-2-14,0,f,2026-04-17 09:54:35.242
3c8b42d5-eab5-4123-9438-94319cf52ebd,52fb53ed-992a-40b7-a284-d0ef206d8b3b,52fb53ed-992a-40b7-a284-d0ef206d8b3b-2-26,3,t,2026-04-17 09:54:50.252
c42d68d3-47d5-4aef-bace-bb61d9a4a61f,22413047-2f23-4dc9-861c-024171bcfe51,22413047-2f23-4dc9-861c-024171bcfe51-2-73,5,t,2026-04-17 09:54:44.518
85f36f74-ee1e-4660-b21b-6f0160f93b48,00692797-40c5-4e3a-8bc9-f642cc8c3845,00692797-40c5-4e3a-8bc9-f642cc8c3845-2-38,0,f,2026-04-17 09:54:48.11
c136b80f-47c5-4c3d-8f1b-2c48b29ad639,ccfa1e3b-55c9-4102-9146-6e5cc30549b7,ccfa1e3b-55c9-4102-9146-6e5cc30549b7-2-80,0,f,2026-04-17 09:54:53.327
9baf021b-85f8-423c-98db-e2ccef58ca93,6a804deb-cef1-4cdc-95c7-6574a1e7577a,6a804deb-cef1-4cdc-95c7-6574a1e7577a-2-105,3,t,2026-04-17 09:55:28.92
bde53a36-e6f5-4a6e-9adc-776c5c98d633,19369cc7-101f-4580-a45c-d3a728230d91,19369cc7-101f-4580-a45c-d3a728230d91-2-14,3,t,2026-04-17 09:55:02.908
0554cf4c-9bfa-4a47-9f40-b553dd909ed0,cb6aa604-8827-4b80-b4ae-7ac9ab41e323,cb6aa604-8827-4b80-b4ae-7ac9ab41e323-2-16,0,f,2026-04-17 09:55:02.767
92b3fc70-a89c-49c0-96ef-a255ad47211f,18ebe6f7-fcde-40f7-9e61-acd799d7c61f,18ebe6f7-fcde-40f7-9e61-acd799d7c61f-2-79,0,f,2026-04-17 09:55:10.085
e1837741-38f8-4b29-90dd-d407801359fd,3e67364b-1669-4370-9904-fa584023f4e1,3e67364b-1669-4370-9904-fa584023f4e1-2-0,3,t,2026-04-17 10:01:47.496
be1259f3-eab4-4ff5-bcba-2a69b6c75726,897d03b4-4f5e-4d77-b19e-f7aee227197e,897d03b4-4f5e-4d77-b19e-f7aee227197e-2-47,3,t,2026-04-17 09:55:45.425
bb601727-ec02-46e7-8ed9-dfdd1206d4a6,58d01453-bdf3-462d-b2cc-cc8e0a11f4bd,58d01453-bdf3-462d-b2cc-cc8e0a11f4bd-2-35,4,t,2026-04-17 09:54:45.753
a564f58e-9685-4caa-912f-6b39a43a0022,11ac051d-e50b-4de3-9253-981b8a526928,11ac051d-e50b-4de3-9253-981b8a526928-2-48,0,f,2026-04-17 09:54:59.628
21022ba3-0445-4243-9cfc-d30d3b88be9c,00692797-40c5-4e3a-8bc9-f642cc8c3845,00692797-40c5-4e3a-8bc9-f642cc8c3845-2-41,0,f,2026-04-17 09:57:47.254
2108331d-7e3d-4041-8ca1-6be15bc59a25,ccfa1e3b-55c9-4102-9146-6e5cc30549b7,ccfa1e3b-55c9-4102-9146-6e5cc30549b7-2-83,3,t,2026-04-17 09:55:51.969
ed618d1e-43df-4d2f-b082-f66ea1ceff6d,08b9e6da-978e-48e0-ad00-2efc29254f3f,08b9e6da-978e-48e0-ad00-2efc29254f3f-2-3,3,t,2026-04-17 09:55:04.902
df9c0970-2eb5-480c-8cdb-14cf80a69b32,6efda4cf-4eb4-4811-b12a-8d1fb218f1b5,6efda4cf-4eb4-4811-b12a-8d1fb218f1b5-2-98,0,f,2026-04-17 09:55:10.51
0c4f830a-feae-48d7-bf2c-976f51e5edf2,cd63e7c5-8d29-4d59-adaa-e76fbbc1aabd,cd63e7c5-8d29-4d59-adaa-e76fbbc1aabd-2-66,0,f,2026-04-17 09:55:15.286
ff498186-93be-4800-a877-277ba4eec922,110b144f-49c6-4389-956c-8da441b92de7,110b144f-49c6-4389-956c-8da441b92de7-2-98,3,t,2026-04-17 09:56:49.375
a2c45c4b-d3b8-48d9-9763-b75bff3f2ed9,c7cebb6f-4ce3-4ec5-8846-3ed1bf6c8dbe,c7cebb6f-4ce3-4ec5-8846-3ed1bf6c8dbe-2-37,6,t,2026-04-17 09:57:08.708
31c23bd1-a62a-44c2-9734-21dd2dacc56a,19369cc7-101f-4580-a45c-d3a728230d91,19369cc7-101f-4580-a45c-d3a728230d91-2-21,3,t,2026-04-17 09:56:06.045
e66d778a-547e-43fd-97bc-a14cb1854938,6a804deb-cef1-4cdc-95c7-6574a1e7577a,6a804deb-cef1-4cdc-95c7-6574a1e7577a-2-120,2,f,2026-04-17 09:57:08.949
5b08fde7-b8d7-4040-9e7e-a6e72a00475c,bf3be56f-d262-4b5c-b920-b3cd94204e7b,bf3be56f-d262-4b5c-b920-b3cd94204e7b-2-27,5,t,2026-04-17 09:55:16.842
23c50757-1251-4a46-a1ff-01424ff2e0de,22413047-2f23-4dc9-861c-024171bcfe51,22413047-2f23-4dc9-861c-024171bcfe51-2-77,6,t,2026-04-17 09:56:50.009
efe5fc1a-d917-4abb-a520-22150053f3d6,aeaad491-0cc9-4538-9c99-6e5b7bd30d1b,aeaad491-0cc9-4538-9c99-6e5b7bd30d1b-2-21,3,t,2026-04-17 09:56:17.069
bfee0c0c-9dc0-4246-8ff0-2ef26610144f,681a0041-3f56-4baf-9f99-de49e187b870,681a0041-3f56-4baf-9f99-de49e187b870-2-14,3,t,2026-04-17 09:55:18.585
ae5d1db9-7918-4d14-8f06-2167a985dc18,1df7744c-4296-4a4a-a293-6431531fce9a,1df7744c-4296-4a4a-a293-6431531fce9a-2-72,0,f,2026-04-17 09:55:20.032
dff49cf4-8209-4193-88dd-693b55cf4db5,6077991f-156c-447c-a69b-4e2d765b115b,6077991f-156c-447c-a69b-4e2d765b115b-2-140,0,f,2026-04-17 09:55:20.194
5b55516f-33a3-4544-abeb-612cbafc934c,495d6ec5-2846-4068-b1a9-afa26ece5ac9,495d6ec5-2846-4068-b1a9-afa26ece5ac9-2-35,0,f,2026-04-17 09:56:20.395
7d24da94-e16b-46e6-aab6-c8940aeaad6b,319d9117-957e-472c-ae32-07a254740eab,319d9117-957e-472c-ae32-07a254740eab-2-21,3,t,2026-04-17 09:55:30.344
822252ea-c406-48f4-add7-38f0e98c417c,ee1ce29b-7c86-48cd-850f-f5a8ee856031,ee1ce29b-7c86-48cd-850f-f5a8ee856031-2-32,2,f,2026-04-17 09:56:32.821
32d744c4-a15b-49db-aa63-bd0036b9406b,08ffa16d-5fda-48dc-97ba-0fa8ad2ec214,08ffa16d-5fda-48dc-97ba-0fa8ad2ec214-2-21,3,t,2026-04-17 09:55:41.611
54a48be0-509d-4f7d-a12b-7be0fe422c67,49247d98-f3ca-4858-ae94-383e1e7323ad,49247d98-f3ca-4858-ae94-383e1e7323ad-2-13,0,f,2026-04-17 09:57:11.982
32a215ff-d1f2-46df-86f7-b17551e9f4c7,1ba4c6b9-4c26-4030-bfde-58ff3da5e5b9,1ba4c6b9-4c26-4030-bfde-58ff3da5e5b9-2-38,0,f,2026-04-17 09:56:41.015
f2d283d2-91b9-4720-aa1b-02a8f7d54e46,932de40d-6b96-42d3-8421-c6bd8974ab92,932de40d-6b96-42d3-8421-c6bd8974ab92-2-1,0,f,2026-04-17 09:58:59.418
297c1c10-0232-40c5-b972-2414aa6b8bd0,319d9117-957e-472c-ae32-07a254740eab,319d9117-957e-472c-ae32-07a254740eab-2-23,3,t,2026-04-17 09:58:38.067
d2158f30-b1a3-4f73-bc3b-478d2e854cab,c9ffd548-293a-4eb4-8a72-16b3ea5f6071,c9ffd548-293a-4eb4-8a72-16b3ea5f6071-2-9,3,t,2026-04-17 09:56:57.344
038876cc-1aac-42d5-9a9e-a51b6dc26b0e,a90cc6ed-473d-44c4-b771-109130f5a335,a90cc6ed-473d-44c4-b771-109130f5a335-2-37,0,f,2026-04-17 09:56:57.998
2cfbd630-8874-406c-a1f7-451ceae0053f,a7d55219-3a56-4459-ab06-848c1a483037,a7d55219-3a56-4459-ab06-848c1a483037-2-23,0,f,2026-04-17 09:57:07.021
96476a5c-8b28-46af-bb3e-4a578b187bc0,4d8bb69d-3f26-4ad0-ab62-8a6eb4d5d9e3,4d8bb69d-3f26-4ad0-ab62-8a6eb4d5d9e3-2-6,3,t,2026-04-17 09:57:57.714
5dcb3d0e-8a24-4fc0-89e2-31b661988a28,7ef6d63a-b0af-4be2-a8e0-3784fd609017,7ef6d63a-b0af-4be2-a8e0-3784fd609017-2-41,3,t,2026-04-17 09:57:13.276
322af909-f507-4f9f-952e-b1f3e296d055,681a0041-3f56-4baf-9f99-de49e187b870,681a0041-3f56-4baf-9f99-de49e187b870-2-16,0,f,2026-04-17 09:59:17.303
5a840af1-6fdf-4f2f-ba8a-cca94e6e742f,ee1ce29b-7c86-48cd-850f-f5a8ee856031,ee1ce29b-7c86-48cd-850f-f5a8ee856031-2-52,1,f,2026-04-17 09:57:30.918
350d2230-146e-4881-b626-9510e2c02a8d,2c9c5075-fc3e-43f9-8fd8-8826d2ff4491,2c9c5075-fc3e-43f9-8fd8-8826d2ff4491-2-6,3,t,2026-04-17 09:57:58.157
37259dad-969f-4b7c-8434-5bc0b21dda3b,95b4713c-2d16-4eca-8fe7-b71e4ebdc3db,95b4713c-2d16-4eca-8fe7-b71e4ebdc3db-2-9,2,f,2026-04-17 09:58:14.033
877f8093-b7af-4c59-a552-943bb583ad37,0bf990e4-8545-4dbb-8253-87e4953f00ab,0bf990e4-8545-4dbb-8253-87e4953f00ab-2-20,2,f,2026-04-17 09:59:19.463
a9374301-cef6-42b5-a447-08277ebbd2ec,afc95810-8ff4-495b-9031-274ac8712db1,afc95810-8ff4-495b-9031-274ac8712db1-2-21,3,t,2026-04-17 09:58:46.539
c1417158-14a4-4289-b616-798f0c892b0c,c350e513-ace9-47c0-89b3-c48b08a6552d,c350e513-ace9-47c0-89b3-c48b08a6552d-2-90,0,f,2026-04-17 09:59:47.767
277ea239-f2ca-4063-a7be-6d355bd4d424,52fb53ed-992a-40b7-a284-d0ef206d8b3b,52fb53ed-992a-40b7-a284-d0ef206d8b3b-2-25,3,t,2026-04-17 10:05:15.255
ae3c0c23-04dd-466b-86fc-95b45875ae4e,02a5f640-7742-4622-a181-86ce4bf7afdc,02a5f640-7742-4622-a181-86ce4bf7afdc-2-32,0,f,2026-04-17 10:18:22.569
ea4d3900-3a7a-4ebb-baa4-88747d20e62a,0fae6e06-cdbd-4916-912b-1b5686e37eb1,0fae6e06-cdbd-4916-912b-1b5686e37eb1-2-3,0,f,2026-04-17 10:01:58.161
acdfa003-0949-4742-bbf2-1d438996a59e,a7d55219-3a56-4459-ab06-848c1a483037,a7d55219-3a56-4459-ab06-848c1a483037-2-20,3,t,2026-04-17 09:54:54.459
26335584-b061-4abf-9e80-3a1028a0b8f5,7afa437d-92ff-461c-a526-7bcc284e9e63,7afa437d-92ff-461c-a526-7bcc284e9e63-2-25,3,t,2026-04-17 09:56:12.354
c402f2ee-bc07-44de-962a-881c57f38613,5d48f615-bb08-49d7-9d29-de098d96d55c,5d48f615-bb08-49d7-9d29-de098d96d55c-2-35,4,t,2026-04-17 09:55:00.136
561c35dd-8f39-4308-98a8-8a8d3d807220,ccfa1e3b-55c9-4102-9146-6e5cc30549b7,ccfa1e3b-55c9-4102-9146-6e5cc30549b7-2-84,0,f,2026-04-17 10:03:16.443
5b8d34f1-f222-458f-804e-79d669c293a3,681a0041-3f56-4baf-9f99-de49e187b870,681a0041-3f56-4baf-9f99-de49e187b870-2-15,3,t,2026-04-17 09:56:13.843
3902b64d-5235-4921-8c77-623e31f74e3d,3e67364b-1669-4370-9904-fa584023f4e1,3e67364b-1669-4370-9904-fa584023f4e1-2-5,5,t,2026-04-17 09:55:05.007
6dd05635-abe5-4849-87ec-43c5560e88e7,09616f14-bdbc-4a08-81a4-460e529179a2,09616f14-bdbc-4a08-81a4-460e529179a2-2-121,1,f,2026-04-17 09:55:06.437
2cc64836-f2e5-4092-b5cb-f26eca0c822a,0fe6c4b2-51f6-4335-8018-6048d4d289a1,0fe6c4b2-51f6-4335-8018-6048d4d289a1-2-39,2,f,2026-04-17 09:56:16.581
f99f388a-f606-4249-9b2b-0f0e28a1f57b,7ef6d63a-b0af-4be2-a8e0-3784fd609017,7ef6d63a-b0af-4be2-a8e0-3784fd609017-2-37,0,f,2026-04-17 09:55:11.193
5183b23a-4547-4392-b610-48a8252790a5,a7d55219-3a56-4459-ab06-848c1a483037,a7d55219-3a56-4459-ab06-848c1a483037-2-22,0,f,2026-04-17 09:56:18.938
78b759bb-52de-4a71-b89f-8b5a7f5f8b67,1c81e191-a57e-415c-8fbe-d214bb1df9d0,1c81e191-a57e-415c-8fbe-d214bb1df9d0-2-35,3,t,2026-04-17 09:55:18.781
7b66ca88-d90a-4719-b7a2-19cf112b2ac6,c7cebb6f-4ce3-4ec5-8846-3ed1bf6c8dbe,c7cebb6f-4ce3-4ec5-8846-3ed1bf6c8dbe-2-34,4,t,2026-04-17 09:55:21.365
a7f25485-a9c5-420e-9262-33c2746e765a,495d6ec5-2846-4068-b1a9-afa26ece5ac9,495d6ec5-2846-4068-b1a9-afa26ece5ac9-2-33,0,f,2026-04-17 09:55:29.406
248a65a3-97b6-4cf8-b96d-dc18a87b824a,95b4713c-2d16-4eca-8fe7-b71e4ebdc3db,95b4713c-2d16-4eca-8fe7-b71e4ebdc3db-2-1,3,t,2026-04-17 09:56:26.002
fbd24ce4-82ab-4791-8a11-c27d9d69fc02,58d01453-bdf3-462d-b2cc-cc8e0a11f4bd,58d01453-bdf3-462d-b2cc-cc8e0a11f4bd-2-36,3,t,2026-04-17 09:55:55.02
a84b4e86-5c4e-44ff-98f3-10fba4bb9f77,09616f14-bdbc-4a08-81a4-460e529179a2,09616f14-bdbc-4a08-81a4-460e529179a2-2-123,2,f,2026-04-17 09:56:05.576
9a193c5e-2397-46ba-a6eb-6c79070a6139,8c965050-a932-4536-9444-4170909450b3,8c965050-a932-4536-9444-4170909450b3-2-28,3,t,2026-04-17 09:56:09.034
87860710-376d-4ee3-83e7-f853a98fcb34,22413047-2f23-4dc9-861c-024171bcfe51,22413047-2f23-4dc9-861c-024171bcfe51-2-76,0,f,2026-04-17 09:56:35.832
8fa615d3-0b64-414c-b65e-7ea35d29b0b1,7ed13b91-200d-43c2-ad9e-6ab09842430d,7ed13b91-200d-43c2-ad9e-6ab09842430d-2-48,3,t,2026-04-17 09:56:41.255
9a82663c-a5ef-40f4-8c03-38711f1fd652,83fc1576-5e46-4bae-9238-994beccf1bc6,83fc1576-5e46-4bae-9238-994beccf1bc6-2-12,3,t,2026-04-17 09:56:41.38
339e1b5e-f994-4716-94a8-9825660973ef,51bf8b84-0573-47bc-8ae9-056c9b8819c7,51bf8b84-0573-47bc-8ae9-056c9b8819c7-2-16,0,f,2026-04-17 09:56:45.18
3431c6dd-aaf1-47d2-b63e-79b4ecc9fd26,6a2053e0-87ba-489f-a3c8-4a2b6ff8f1f4,6a2053e0-87ba-489f-a3c8-4a2b6ff8f1f4-2-147,3,t,2026-04-17 09:56:47.807
aa606642-3096-4794-901a-379d45a03cf5,9b2bfc86-cd9e-48cc-affa-2645a1b65bd1,9b2bfc86-cd9e-48cc-affa-2645a1b65bd1-2-46,3,t,2026-04-17 09:55:26.212
7164a44d-9068-432a-ae28-e3eee9023f17,6a2053e0-87ba-489f-a3c8-4a2b6ff8f1f4,6a2053e0-87ba-489f-a3c8-4a2b6ff8f1f4-2-146,3,t,2026-04-17 09:55:32.913
45c7e5f7-6976-470c-97ec-d25ca3b32573,22413047-2f23-4dc9-861c-024171bcfe51,22413047-2f23-4dc9-861c-024171bcfe51-2-75,7,t,2026-04-17 09:55:37.174
38f7c0cf-b088-47c0-a018-b6cd6f11ab37,ccfa1e3b-55c9-4102-9146-6e5cc30549b7,ccfa1e3b-55c9-4102-9146-6e5cc30549b7-2-82,3,t,2026-04-17 09:55:37.63
0adb43bc-a344-4ec6-bc07-75ef3db3f3d4,6efda4cf-4eb4-4811-b12a-8d1fb218f1b5,6efda4cf-4eb4-4811-b12a-8d1fb218f1b5-2-99,0,f,2026-04-17 09:55:38.394
7ea5c79f-6b28-4781-9072-bd37abe4417d,52fb53ed-992a-40b7-a284-d0ef206d8b3b,52fb53ed-992a-40b7-a284-d0ef206d8b3b-2-22,3,t,2026-04-17 09:55:45.949
ea0c87da-1592-40a4-967f-854f5b6ad04d,4d8bb69d-3f26-4ad0-ab62-8a6eb4d5d9e3,4d8bb69d-3f26-4ad0-ab62-8a6eb4d5d9e3-2-3,0,f,2026-04-17 09:55:46.741
ce64af7c-6278-43c2-84c1-019cabc72082,ee167702-12fb-4e79-9b71-c1a3d0ee55dd,ee167702-12fb-4e79-9b71-c1a3d0ee55dd-2-23,3,t,2026-04-17 09:58:49.651
58b2cbe0-49b5-4733-a926-471155766836,d046f7bb-6c8b-4921-bd3a-a1787d4a85aa,d046f7bb-6c8b-4921-bd3a-a1787d4a85aa-2-62,0,f,2026-04-17 09:56:06.887
43def1b3-4517-4259-9335-28f369109abf,c7cebb6f-4ce3-4ec5-8846-3ed1bf6c8dbe,c7cebb6f-4ce3-4ec5-8846-3ed1bf6c8dbe-2-38,0,f,2026-04-17 09:58:04.534
eb48d12b-2b99-4af8-bff1-a6cb86903ea7,00692797-40c5-4e3a-8bc9-f642cc8c3845,00692797-40c5-4e3a-8bc9-f642cc8c3845-2-40,0,f,2026-04-17 09:56:15.176
b49222b1-3daa-4314-acab-b13f6aa37ecc,7ef6d63a-b0af-4be2-a8e0-3784fd609017,7ef6d63a-b0af-4be2-a8e0-3784fd609017-2-39,0,f,2026-04-17 09:56:15.252
15eeb88f-9aba-417f-96c7-0a890b5b99f1,fa6ae629-f37f-4409-aba6-c4e071599e36,fa6ae629-f37f-4409-aba6-c4e071599e36-2-87,0,f,2026-04-17 09:56:31.677
e12da48e-b68c-4c65-9ecf-3343a2b68c91,02a5f640-7742-4622-a181-86ce4bf7afdc,02a5f640-7742-4622-a181-86ce4bf7afdc-2-20,1,f,2026-04-17 09:56:36.051
94b2f6f8-712e-473c-8a6e-427146096572,ff0050af-b573-4178-a75c-7c6480e584a3,ff0050af-b573-4178-a75c-7c6480e584a3-2-68,2,f,2026-04-17 10:08:53.026
f66531df-e403-43e1-aa60-16d7feaeb50a,7ed13b91-200d-43c2-ad9e-6ab09842430d,7ed13b91-200d-43c2-ad9e-6ab09842430d-2-51,3,t,2026-04-17 09:58:11.657
fa394ea9-e687-47d1-92d7-69a87016017b,a3d745bf-e3f4-411c-97b5-2cd475f193f6,a3d745bf-e3f4-411c-97b5-2cd475f193f6-2-10,3,t,2026-04-17 09:56:45.669
f8e75146-e3e0-44ba-99c2-989300e24d94,7ef6d63a-b0af-4be2-a8e0-3784fd609017,7ef6d63a-b0af-4be2-a8e0-3784fd609017-2-25,3,t,2026-04-17 09:57:48.477
7066d32f-dbd9-4cd5-89d2-cd17a10bcb7d,cfc602b7-76c8-40fe-8a3f-0227e7ae7f9d,cfc602b7-76c8-40fe-8a3f-0227e7ae7f9d-2-41,1,f,2026-04-17 09:57:48.506
647f50aa-815c-41a3-87e6-eb6dc353faff,7428391c-79d7-4f38-961c-2eae701e9b59,7428391c-79d7-4f38-961c-2eae701e9b59-2-21,3,t,2026-04-17 09:56:59.219
b127fd7f-d397-4aaf-8479-34579b34ff7a,e41d9c3d-d076-4e58-960a-aa31d0e90b47,e41d9c3d-d076-4e58-960a-aa31d0e90b47-2-2,3,t,2026-04-17 09:58:31.709
90296e60-33c0-4fc0-bc9f-ef52b4de40ae,02a5f640-7742-4622-a181-86ce4bf7afdc,02a5f640-7742-4622-a181-86ce4bf7afdc-2-48,0,f,2026-04-17 09:57:49.52
cb1cbb2e-30c8-4a52-8d54-1be4e27fc3e4,5d48f615-bb08-49d7-9d29-de098d96d55c,5d48f615-bb08-49d7-9d29-de098d96d55c-2-36,4,t,2026-04-17 09:57:09.596
7e0afacc-df73-4580-9d9e-22aab855d84e,0d7df0d3-7223-4b74-8c6c-3aa5b26af7bd,0d7df0d3-7223-4b74-8c6c-3aa5b26af7bd-2-70,3,t,2026-04-17 09:57:32.866
4c143c59-9d74-41d9-91ce-cc1dd844a1d1,52fb53ed-992a-40b7-a284-d0ef206d8b3b,52fb53ed-992a-40b7-a284-d0ef206d8b3b-2-24,3,t,2026-04-17 09:57:42.112
ebea51b5-8ba8-4cd0-b1fb-09db7a4e4425,495d6ec5-2846-4068-b1a9-afa26ece5ac9,495d6ec5-2846-4068-b1a9-afa26ece5ac9-2-36,0,f,2026-04-17 09:57:42.566
192063e8-fa3e-4c3d-98fe-4a615776ddda,6efda4cf-4eb4-4811-b12a-8d1fb218f1b5,6efda4cf-4eb4-4811-b12a-8d1fb218f1b5-2-28,0,f,2026-04-17 09:57:46.48
ce139287-ba3d-40dd-8905-82a53da67d13,da0aed5b-5f53-43fb-ba2a-cdc731072ed2,da0aed5b-5f53-43fb-ba2a-cdc731072ed2-2-0,3,t,2026-04-17 09:58:19.993
d4e946d9-f765-4fd7-b354-6f154a3e30b0,7ef6d63a-b0af-4be2-a8e0-3784fd609017,7ef6d63a-b0af-4be2-a8e0-3784fd609017-2-26,3,t,2026-04-17 09:57:59.773
e339cc3f-a566-4b09-bff9-71042bfbb677,7afa437d-92ff-461c-a526-7bcc284e9e63,7afa437d-92ff-461c-a526-7bcc284e9e63-2-28,4,t,2026-04-17 09:58:05.928
f32c5317-4519-43a9-be73-687125f0c9c9,09616f14-bdbc-4a08-81a4-460e529179a2,09616f14-bdbc-4a08-81a4-460e529179a2-2-143,1,f,2026-04-17 09:58:08.348
5813e324-37b1-439c-af8e-70b0c5f2fe0f,da0aed5b-5f53-43fb-ba2a-cdc731072ed2,da0aed5b-5f53-43fb-ba2a-cdc731072ed2-2-103,3,t,2026-04-17 09:58:00.969
784ebf59-8a60-42ef-8aa1-e47856f7ebfd,afc95810-8ff4-495b-9031-274ac8712db1,afc95810-8ff4-495b-9031-274ac8712db1-2-38,3,t,2026-04-17 09:58:13.287
6eb12ca2-d97a-4ed6-972b-42a2d4331aa5,a90cc6ed-473d-44c4-b771-109130f5a335,a90cc6ed-473d-44c4-b771-109130f5a335-2-39,0,f,2026-04-17 09:58:04.309
91f65c56-1bec-4f67-be6b-45cd5ff8b143,83fc1576-5e46-4bae-9238-994beccf1bc6,83fc1576-5e46-4bae-9238-994beccf1bc6-2-14,3,t,2026-04-17 09:58:10.483
7a100bce-9753-459c-9cce-609c7ac26473,6077991f-156c-447c-a69b-4e2d765b115b,6077991f-156c-447c-a69b-4e2d765b115b-2-143,0,f,2026-04-17 09:58:10.937
9b33784f-83c6-4b05-9ac9-f5f0410e893f,3e67364b-1669-4370-9904-fa584023f4e1,3e67364b-1669-4370-9904-fa584023f4e1-2-6,3,t,2026-04-17 09:58:20.81
02614434-0adb-476b-87b1-603e36519bfb,da0aed5b-5f53-43fb-ba2a-cdc731072ed2,da0aed5b-5f53-43fb-ba2a-cdc731072ed2-2-26,3,t,2026-04-17 09:58:11.59
9a386675-39bf-40c5-9fc0-a40e9071a348,0fae6e06-cdbd-4916-912b-1b5686e37eb1,0fae6e06-cdbd-4916-912b-1b5686e37eb1-2-4,0,f,2026-04-17 09:58:44.568
cb6439a6-067a-4245-a62e-c600d367280d,add279af-2d44-4ee5-a302-878d603890fd,add279af-2d44-4ee5-a302-878d603890fd-2-101,3,t,2026-04-17 09:58:17.65
ead2a8c8-2198-4a13-aa34-ed8dd3c32ee5,08ffa16d-5fda-48dc-97ba-0fa8ad2ec214,08ffa16d-5fda-48dc-97ba-0fa8ad2ec214-2-22,3,t,2026-04-17 09:58:23.276
909e8531-5e15-4faa-ae27-e6ab98ae1e8b,add279af-2d44-4ee5-a302-878d603890fd,add279af-2d44-4ee5-a302-878d603890fd-2-102,3,t,2026-04-17 09:59:06.003
5c46c9b4-f59d-4f74-aee7-a3a6916304e8,aeaad491-0cc9-4538-9c99-6e5b7bd30d1b,aeaad491-0cc9-4538-9c99-6e5b7bd30d1b-2-22,3,t,2026-04-17 09:59:53.198
27604610-3623-4bde-9939-0c091d18eba8,7ef6d63a-b0af-4be2-a8e0-3784fd609017,7ef6d63a-b0af-4be2-a8e0-3784fd609017-2-42,0,f,2026-04-17 09:58:42.098
d353798c-d886-496a-bca5-728448486d4a,ba1b79f1-b218-42e0-90c9-515c590bfb5c,ba1b79f1-b218-42e0-90c9-515c590bfb5c-2-126,1,f,2026-04-17 09:58:50.92
0d7b3c2b-81b2-4068-906e-190cbf216dc5,ee1ce29b-7c86-48cd-850f-f5a8ee856031,ee1ce29b-7c86-48cd-850f-f5a8ee856031-2-120,3,t,2026-04-17 09:58:43.352
ab7b3acc-8682-4858-a840-b2f11475380d,51bf8b84-0573-47bc-8ae9-056c9b8819c7,51bf8b84-0573-47bc-8ae9-056c9b8819c7-2-20,3,t,2026-04-17 09:59:27.764
c950dc10-f2a8-4d78-aae2-cbba072b8d81,83fc1576-5e46-4bae-9238-994beccf1bc6,83fc1576-5e46-4bae-9238-994beccf1bc6-2-15,3,t,2026-04-17 09:59:01.287
038b1288-6006-4c74-9647-479b6b305844,8c965050-a932-4536-9444-4170909450b3,8c965050-a932-4536-9444-4170909450b3-2-29,4,t,2026-04-17 09:59:02.67
a4da5f60-6285-4a54-9f67-e9ef6abba5b3,c7cebb6f-4ce3-4ec5-8846-3ed1bf6c8dbe,c7cebb6f-4ce3-4ec5-8846-3ed1bf6c8dbe-2-40,6,t,2026-04-17 09:59:05.361
d86ccd70-8335-40a2-972a-60a22e3f42a6,a3d745bf-e3f4-411c-97b5-2cd475f193f6,a3d745bf-e3f4-411c-97b5-2cd475f193f6-2-11,3,t,2026-04-17 09:59:09.649
80031a9e-e514-4657-87e4-99f47c9906d6,495d6ec5-2846-4068-b1a9-afa26ece5ac9,495d6ec5-2846-4068-b1a9-afa26ece5ac9-2-39,0,f,2026-04-17 09:59:17.302
7fbbf996-fa56-45fd-a9e1-0164823c3dd0,19369cc7-101f-4580-a45c-d3a728230d91,19369cc7-101f-4580-a45c-d3a728230d91-2-23,0,f,2026-04-17 09:59:51.395
514b4f3d-a887-4d4a-96e8-4674a0587db0,7ef6d63a-b0af-4be2-a8e0-3784fd609017,7ef6d63a-b0af-4be2-a8e0-3784fd609017-2-43,0,f,2026-04-17 09:59:37.444
e3512e84-2330-47b0-8448-fa92ce522d0c,d046f7bb-6c8b-4921-bd3a-a1787d4a85aa,d046f7bb-6c8b-4921-bd3a-a1787d4a85aa-2-40,0,f,2026-04-17 10:00:14.047
02edd4df-2aa2-40d1-afb4-6c74dd2a5362,a6b190d3-7dec-4ad7-b19a-f57c7b481473,a6b190d3-7dec-4ad7-b19a-f57c7b481473-2-15,3,t,2026-04-17 10:01:29.377
e599602f-6b50-4e6c-9060-8549ba22912a,58d01453-bdf3-462d-b2cc-cc8e0a11f4bd,58d01453-bdf3-462d-b2cc-cc8e0a11f4bd-2-38,4,t,2026-04-17 09:59:12.364
eec696bb-bc3d-48aa-b044-a950c70e52fb,3322878a-a2b0-419b-a77c-15ee6afe13e5,3322878a-a2b0-419b-a77c-15ee6afe13e5-2-0,3,t,2026-04-17 10:01:11.926
cb8fc96a-5bc5-4f8e-862e-b6e205f4bd2b,7ef6d63a-b0af-4be2-a8e0-3784fd609017,7ef6d63a-b0af-4be2-a8e0-3784fd609017-2-46,0,f,2026-04-17 10:00:40.901
28408898-b3e2-4dcc-af54-8e73a17ae889,ccfa1e3b-55c9-4102-9146-6e5cc30549b7,ccfa1e3b-55c9-4102-9146-6e5cc30549b7-2-60,4,t,2026-04-17 09:59:14.114
adfd114c-4c60-4817-befa-d791a6ed46a2,83fc1576-5e46-4bae-9238-994beccf1bc6,83fc1576-5e46-4bae-9238-994beccf1bc6-2-18,3,t,2026-04-17 10:02:05.973
8ddb2246-ab16-4003-95dd-0a4e1cc0a27d,08b9e6da-978e-48e0-ad00-2efc29254f3f,08b9e6da-978e-48e0-ad00-2efc29254f3f-2-4,3,t,2026-04-17 09:59:15.209
37eb6479-97dd-4888-a00c-bdf243324c51,4f08dd81-6f2e-4cc8-b553-763cdcdae36e,4f08dd81-6f2e-4cc8-b553-763cdcdae36e-2-49,0,f,2026-04-17 09:59:27.224
128aac51-0e92-4046-ad8b-9b050aa5af47,ccfa1e3b-55c9-4102-9146-6e5cc30549b7,ccfa1e3b-55c9-4102-9146-6e5cc30549b7-2-85,5,t,2026-04-17 10:00:41.55
c845a4b9-1add-4e64-a9de-58f6b3cfde84,22413047-2f23-4dc9-861c-024171bcfe51,22413047-2f23-4dc9-861c-024171bcfe51-2-79,0,f,2026-04-17 10:00:44.617
68f79ff7-66e5-463b-89e4-8dd95ec6fce1,1c81e191-a57e-415c-8fbe-d214bb1df9d0,1c81e191-a57e-415c-8fbe-d214bb1df9d0-2-39,4,t,2026-04-17 09:59:51.133
fa0182ce-4a73-4693-9307-377ab5180aac,0bdf1b36-32e6-44bb-8f3f-d925932add35,0bdf1b36-32e6-44bb-8f3f-d925932add35-2-3,3,t,2026-04-17 10:01:31.147
612ba6f4-2d0d-4e62-a8ca-8e522806a862,cc05ec87-7c5a-487a-ae32-a062360e9d82,cc05ec87-7c5a-487a-ae32-a062360e9d82-2-0,3,t,2026-04-17 10:03:13.554
e2952c16-6c32-45f4-b091-9284ad3c3f92,49247d98-f3ca-4858-ae94-383e1e7323ad,49247d98-f3ca-4858-ae94-383e1e7323ad-2-17,0,f,2026-04-17 10:00:20.384
62ef2805-82ec-445e-9894-50c10f8fa3e4,7ef6d63a-b0af-4be2-a8e0-3784fd609017,7ef6d63a-b0af-4be2-a8e0-3784fd609017-2-45,0,f,2026-04-17 10:00:21.238
9fcd46c0-6181-4d4f-9928-83dcfef8a981,7ed13b91-200d-43c2-ad9e-6ab09842430d,7ed13b91-200d-43c2-ad9e-6ab09842430d-2-57,0,f,2026-04-17 10:00:53.594
7c6aefa8-66cb-41e2-abf9-ead65e506be4,5baa4199-f690-42c7-991f-31d0646a38d9,5baa4199-f690-42c7-991f-31d0646a38d9-2-1,3,t,2026-04-17 10:00:31.386
ce092dbf-33fb-4f4e-8c8c-284d59dea043,681a0041-3f56-4baf-9f99-de49e187b870,681a0041-3f56-4baf-9f99-de49e187b870-2-20,3,t,2026-04-17 10:01:39.059
03e1595c-eaa6-4287-9473-f4efa4ac5867,ccfa1e3b-55c9-4102-9146-6e5cc30549b7,ccfa1e3b-55c9-4102-9146-6e5cc30549b7-2-87,5,t,2026-04-17 10:01:13.323
13517049-da52-4cd3-a111-3abae6e8c483,0fe6c4b2-51f6-4335-8018-6048d4d289a1,0fe6c4b2-51f6-4335-8018-6048d4d289a1-2-50,2,f,2026-04-17 10:01:13.548
7ff253ee-16d8-48c6-8bb1-14a7d62006f4,c9ffd548-293a-4eb4-8a72-16b3ea5f6071,c9ffd548-293a-4eb4-8a72-16b3ea5f6071-2-10,3,t,2026-04-17 10:00:35.486
68be4dd3-f78b-491e-b35e-be5baeb8037a,0bf990e4-8545-4dbb-8253-87e4953f00ab,0bf990e4-8545-4dbb-8253-87e4953f00ab-2-13,3,t,2026-04-17 10:00:56.565
29132afa-3abe-4ec1-be8e-52dca1096dcf,02a5f640-7742-4622-a181-86ce4bf7afdc,02a5f640-7742-4622-a181-86ce4bf7afdc-2-6,1,f,2026-04-17 10:00:56.659
bdf7563c-b27f-4a17-a3d2-bb3b6ef0edf2,2c9c5075-fc3e-43f9-8fd8-8826d2ff4491,2c9c5075-fc3e-43f9-8fd8-8826d2ff4491-2-10,3,t,2026-04-17 10:01:13.993
7bca3c8a-e0d0-4f42-badb-44efd8a2a023,83fc1576-5e46-4bae-9238-994beccf1bc6,83fc1576-5e46-4bae-9238-994beccf1bc6-2-17,3,t,2026-04-17 10:00:59.052
08706f42-4e5f-426d-96c2-7f6580b0f00e,6077991f-156c-447c-a69b-4e2d765b115b,6077991f-156c-447c-a69b-4e2d765b115b-2-145,3,t,2026-04-17 10:01:00.664
6893b0c9-2534-4fe5-8691-e1657c1dbfda,6a804deb-cef1-4cdc-95c7-6574a1e7577a,6a804deb-cef1-4cdc-95c7-6574a1e7577a-2-37,1,f,2026-04-17 10:03:22.52
a2c5ddde-1ff4-451d-904b-c7af1716df85,ccfa1e3b-55c9-4102-9146-6e5cc30549b7,ccfa1e3b-55c9-4102-9146-6e5cc30549b7-2-93,3,t,2026-04-17 10:02:20.126
47a52c5f-33ce-4488-b716-f3f005148719,ee1ce29b-7c86-48cd-850f-f5a8ee856031,ee1ce29b-7c86-48cd-850f-f5a8ee856031-2-146,3,t,2026-04-17 10:01:18.758
dd2f556e-2619-4b72-a003-50c8d54c6458,259106ed-1eae-4fe8-9c4b-383e40260584,259106ed-1eae-4fe8-9c4b-383e40260584-2-2,3,t,2026-04-17 10:01:49.089
d800515b-ce49-4070-be0a-c6c8d24698fb,6077991f-156c-447c-a69b-4e2d765b115b,6077991f-156c-447c-a69b-4e2d765b115b-2-23,1,f,2026-04-17 10:01:58.713
04bf753c-d05a-4f21-aeb4-6281f1dc9f52,cb6aa604-8827-4b80-b4ae-7ac9ab41e323,cb6aa604-8827-4b80-b4ae-7ac9ab41e323-2-20,0,f,2026-04-17 10:02:05.388
664cbf43-d41a-4c53-80d7-80517ccc259e,c8aae197-315d-45a8-b7c9-3558994c1831,c8aae197-315d-45a8-b7c9-3558994c1831-2-2,3,t,2026-04-17 10:02:40.698
d246f4e1-58a2-4438-831a-bff7be198668,7afa437d-92ff-461c-a526-7bcc284e9e63,7afa437d-92ff-461c-a526-7bcc284e9e63-2-31,3,t,2026-04-17 10:04:03.126
05945ef7-1a34-4c5d-a8ae-1ebe1283133c,08ffa16d-5fda-48dc-97ba-0fa8ad2ec214,08ffa16d-5fda-48dc-97ba-0fa8ad2ec214-2-24,3,t,2026-04-17 10:02:41.417
19574508-7d41-422a-861b-a61829c62492,0bdf1b36-32e6-44bb-8f3f-d925932add35,0bdf1b36-32e6-44bb-8f3f-d925932add35-2-6,3,t,2026-04-17 10:03:45.719
d2640fac-0758-4a85-b0b2-37e34a3e3aea,f10642fb-f989-4614-b086-067ddf239150,f10642fb-f989-4614-b086-067ddf239150-2-4,3,t,2026-04-17 10:07:37.656
126f77e3-093b-409b-9613-f3e440963043,58d01453-bdf3-462d-b2cc-cc8e0a11f4bd,58d01453-bdf3-462d-b2cc-cc8e0a11f4bd-2-43,7,t,2026-04-17 10:03:45.145
3b4ebc25-1afc-43ed-82da-722f2ca2d8cb,681a0041-3f56-4baf-9f99-de49e187b870,681a0041-3f56-4baf-9f99-de49e187b870-2-22,3,t,2026-04-17 10:03:47.312
a01e9cdb-e316-4f21-b1b7-2e5e5987d626,0c86c28b-6cf4-4e45-b8e8-dcead9cf4422,0c86c28b-6cf4-4e45-b8e8-dcead9cf4422-2-1,3,t,2026-04-17 10:04:00.615
dec5daeb-9666-4698-9d63-0feb6baebfde,a6b190d3-7dec-4ad7-b19a-f57c7b481473,a6b190d3-7dec-4ad7-b19a-f57c7b481473-2-17,3,t,2026-04-17 10:04:48.61
efca16b1-696a-4d7c-b4ca-40cfc459490a,5baa4199-f690-42c7-991f-31d0646a38d9,5baa4199-f690-42c7-991f-31d0646a38d9-2-4,3,t,2026-04-17 10:05:39.514
1ffe8881-2820-42fe-8447-e22b941a45f9,ba1b79f1-b218-42e0-90c9-515c590bfb5c,ba1b79f1-b218-42e0-90c9-515c590bfb5c-2-133,1,f,2026-04-17 10:03:57.532
0753dfda-1a29-41ef-be03-7e64eaae8af4,51bf8b84-0573-47bc-8ae9-056c9b8819c7,51bf8b84-0573-47bc-8ae9-056c9b8819c7-2-25,3,t,2026-04-17 10:04:04.739
2182247d-74a2-4f96-83a0-01afdc0cf11a,1c81e191-a57e-415c-8fbe-d214bb1df9d0,1c81e191-a57e-415c-8fbe-d214bb1df9d0-2-43,1,f,2026-04-17 10:04:04.899
018a2f45-7ca1-47a8-b013-183b0a2b0362,83fc1576-5e46-4bae-9238-994beccf1bc6,83fc1576-5e46-4bae-9238-994beccf1bc6-2-20,3,t,2026-04-17 10:04:24.35
18032497-ff53-4e1a-b8bd-e3ee48c0e60a,319d9117-957e-472c-ae32-07a254740eab,319d9117-957e-472c-ae32-07a254740eab-2-28,0,f,2026-04-17 10:04:29.557
8397e65c-5aa5-4ec8-8484-33b045c50c8e,c7cebb6f-4ce3-4ec5-8846-3ed1bf6c8dbe,c7cebb6f-4ce3-4ec5-8846-3ed1bf6c8dbe-2-42,6,t,2026-04-17 10:01:35.097
02d47f82-2d43-48c2-96da-abb70a70db05,259106ed-1eae-4fe8-9c4b-383e40260584,259106ed-1eae-4fe8-9c4b-383e40260584-2-0,3,t,2026-04-17 09:59:35.472
3ef90e9d-6f44-468d-bf6c-39d798b977f5,08b9e6da-978e-48e0-ad00-2efc29254f3f,08b9e6da-978e-48e0-ad00-2efc29254f3f-2-5,3,t,2026-04-17 10:01:16.164
734dd404-f406-4f4a-b2e5-d8effcd375dd,58d01453-bdf3-462d-b2cc-cc8e0a11f4bd,58d01453-bdf3-462d-b2cc-cc8e0a11f4bd-2-39,3,t,2026-04-17 09:59:37.215
85a3fe34-29c7-41e4-9b24-e469f3cdd2b7,f10642fb-f989-4614-b086-067ddf239150,f10642fb-f989-4614-b086-067ddf239150-2-1,0,f,2026-04-17 10:01:16.581
d788d972-46ca-4760-a18f-53cb9b419b49,6a2053e0-87ba-489f-a3c8-4a2b6ff8f1f4,6a2053e0-87ba-489f-a3c8-4a2b6ff8f1f4-2-122,3,t,2026-04-17 10:00:06.017
1900bb26-1603-44f1-a774-6e3f30a56d0c,ba1b79f1-b218-42e0-90c9-515c590bfb5c,ba1b79f1-b218-42e0-90c9-515c590bfb5c-2-138,0,f,2026-04-17 10:00:13.713
e17b0e1f-a113-4c29-8b4a-2655ccb04cfd,681a0041-3f56-4baf-9f99-de49e187b870,681a0041-3f56-4baf-9f99-de49e187b870-2-18,3,t,2026-04-17 09:59:52.142
8bed08e1-d62f-44e9-8e0d-5325cc5f20ca,a6b190d3-7dec-4ad7-b19a-f57c7b481473,a6b190d3-7dec-4ad7-b19a-f57c7b481473-2-14,0,f,2026-04-17 10:00:18.394
e773a42a-8cb3-478e-b5b4-b265be042b94,681a0041-3f56-4baf-9f99-de49e187b870,681a0041-3f56-4baf-9f99-de49e187b870-2-19,0,f,2026-04-17 10:00:39.559
5ff42848-f2d0-45c5-afad-9b5a4bae6029,add279af-2d44-4ee5-a302-878d603890fd,add279af-2d44-4ee5-a302-878d603890fd-2-103,3,t,2026-04-17 09:59:55.83
a7d75792-7d4c-4d5c-8aea-d159119f61fd,7afa437d-92ff-461c-a526-7bcc284e9e63,7afa437d-92ff-461c-a526-7bcc284e9e63-2-29,4,t,2026-04-17 09:59:56.353
43019bbd-a4ce-48b1-971c-c58e3c29df87,8c965050-a932-4536-9444-4170909450b3,8c965050-a932-4536-9444-4170909450b3-2-100,3,t,2026-04-17 09:59:56.805
54594066-bdad-4b40-8212-650f49708ba1,0bdf1b36-32e6-44bb-8f3f-d925932add35,0bdf1b36-32e6-44bb-8f3f-d925932add35-2-1,3,t,2026-04-17 09:59:58.386
1bb7c154-48c0-4d11-b429-39c66e16776f,110b144f-49c6-4389-956c-8da441b92de7,110b144f-49c6-4389-956c-8da441b92de7-2-122,0,f,2026-04-17 09:59:59.068
a9bd835a-3138-4279-bd94-41a449bdf84e,add279af-2d44-4ee5-a302-878d603890fd,add279af-2d44-4ee5-a302-878d603890fd-2-104,3,t,2026-04-17 10:00:51.851
27bf8e0f-faae-4678-8589-6833101010ef,83fc1576-5e46-4bae-9238-994beccf1bc6,83fc1576-5e46-4bae-9238-994beccf1bc6-2-16,3,t,2026-04-17 10:00:02.587
eb8e8a0f-3f7f-4658-aa33-1568511ab238,7ef6d63a-b0af-4be2-a8e0-3784fd609017,7ef6d63a-b0af-4be2-a8e0-3784fd609017-2-44,0,f,2026-04-17 10:00:03.468
16047d06-2279-461f-a38e-d212ba86293e,c3ac1670-f197-4065-88b7-abb8a3f55e05,c3ac1670-f197-4065-88b7-abb8a3f55e05-2-22,3,t,2026-04-17 10:00:03.725
efb8f3b9-2ffb-469f-aed8-9f99c4888a9a,19369cc7-101f-4580-a45c-d3a728230d91,19369cc7-101f-4580-a45c-d3a728230d91-2-24,3,t,2026-04-17 10:01:56.497
bf883cc1-f7d5-4d5c-bc06-9507b6880702,6a2053e0-87ba-489f-a3c8-4a2b6ff8f1f4,6a2053e0-87ba-489f-a3c8-4a2b6ff8f1f4-2-124,3,t,2026-04-17 10:00:56.648
3dbcda34-0d4c-4627-8161-3a0a924d5ca1,51bf8b84-0573-47bc-8ae9-056c9b8819c7,51bf8b84-0573-47bc-8ae9-056c9b8819c7-2-21,3,t,2026-04-17 10:01:42.881
6b180f82-3822-4632-b573-1acab4c10f4a,6a2053e0-87ba-489f-a3c8-4a2b6ff8f1f4,6a2053e0-87ba-489f-a3c8-4a2b6ff8f1f4-2-125,3,t,2026-04-17 10:01:25.333
0233d1e2-6402-434d-8495-b58f745a63b4,4d8bb69d-3f26-4ad0-ab62-8a6eb4d5d9e3,4d8bb69d-3f26-4ad0-ab62-8a6eb4d5d9e3-2-13,3,t,2026-04-17 10:01:08.593
8f2578e6-3e14-4d4c-be04-b93412ba3b27,0fe6c4b2-51f6-4335-8018-6048d4d289a1,0fe6c4b2-51f6-4335-8018-6048d4d289a1-2-51,1,f,2026-04-17 10:02:15.42
2065fd5a-d996-46c4-ad19-72eed14dd558,02a5f640-7742-4622-a181-86ce4bf7afdc,02a5f640-7742-4622-a181-86ce4bf7afdc-2-21,1,f,2026-04-17 10:02:09.83
b2db5851-6457-4bc0-93bc-34517656aa41,7fd5cf0d-0011-4d38-a68b-2db190070c4f,7fd5cf0d-0011-4d38-a68b-2db190070c4f-2-1,0,f,2026-04-17 10:04:28.428
134d56c3-56ac-4ba1-8d64-e698d5cb4fa0,f10642fb-f989-4614-b086-067ddf239150,f10642fb-f989-4614-b086-067ddf239150-2-2,3,t,2026-04-17 10:02:01.685
0a8afd5b-a3ac-4d78-9e12-a2a04a47fdc1,0fae6e06-cdbd-4916-912b-1b5686e37eb1,0fae6e06-cdbd-4916-912b-1b5686e37eb1-2-6,3,t,2026-04-17 10:01:26.164
e471374b-5776-408a-a885-f4ba6ea00f62,5baa4199-f690-42c7-991f-31d0646a38d9,5baa4199-f690-42c7-991f-31d0646a38d9-2-2,3,t,2026-04-17 10:01:45.489
8c5d2e3e-ee57-4a98-8b11-c33360c62cc4,d18b547b-ebb5-4909-87b9-36848e277d54,d18b547b-ebb5-4909-87b9-36848e277d54-2-1,0,f,2026-04-17 10:01:47.728
9f4d682c-90d8-43e8-b922-ea783ec2373b,a7731f21-6ce1-4d01-914b-1d25018210bc,a7731f21-6ce1-4d01-914b-1d25018210bc-2-21,3,t,2026-04-17 10:02:10.479
e5838a04-be78-49e4-882b-73d00189503d,932de40d-6b96-42d3-8421-c6bd8974ab92,932de40d-6b96-42d3-8421-c6bd8974ab92-2-5,3,t,2026-04-17 10:02:34.854
35eca484-eb0f-4e46-aa15-d2e94e3430b2,319d9117-957e-472c-ae32-07a254740eab,319d9117-957e-472c-ae32-07a254740eab-2-26,3,t,2026-04-17 10:02:07.258
30a162e3-fc0c-4a18-b7e3-546470dc374e,110b144f-49c6-4389-956c-8da441b92de7,110b144f-49c6-4389-956c-8da441b92de7-2-130,0,f,2026-04-17 10:02:20.001
46028cc8-9e25-4b38-a852-345c24fa0059,afc95810-8ff4-495b-9031-274ac8712db1,afc95810-8ff4-495b-9031-274ac8712db1-2-37,0,f,2026-04-17 10:02:23.403
3972d0d9-aa35-4694-b437-0efce9bb470f,7afa437d-92ff-461c-a526-7bcc284e9e63,7afa437d-92ff-461c-a526-7bcc284e9e63-2-30,3,t,2026-04-17 10:02:25.03
1eea4a48-1c99-47d3-a016-35354d69ea24,3322878a-a2b0-419b-a77c-15ee6afe13e5,3322878a-a2b0-419b-a77c-15ee6afe13e5-2-1,3,t,2026-04-17 10:03:03.696
b0d308d5-b8ab-45ad-9369-fc8faf360cc9,e8a33cee-af55-4118-b509-ddfd03230674,e8a33cee-af55-4118-b509-ddfd03230674-2-0,3,t,2026-04-17 10:05:35.641
f58ad5d0-c883-446f-8572-e8a4030d6202,a6b190d3-7dec-4ad7-b19a-f57c7b481473,a6b190d3-7dec-4ad7-b19a-f57c7b481473-2-16,3,t,2026-04-17 10:03:02.322
0080f967-ea5b-4d6d-90f5-95291cc725d7,287ebd44-f7f4-4f63-95f6-f81075012370,287ebd44-f7f4-4f63-95f6-f81075012370-2-13,3,t,2026-04-17 10:03:30.246
eeba0528-c130-41fe-a887-f8b69ba0f69e,0bdf1b36-32e6-44bb-8f3f-d925932add35,0bdf1b36-32e6-44bb-8f3f-d925932add35-2-5,3,t,2026-04-17 10:03:00.228
3bc2d6ba-5c8c-4f39-85ed-2f8d23bd19b5,02a5f640-7742-4622-a181-86ce4bf7afdc,02a5f640-7742-4622-a181-86ce4bf7afdc-2-66,0,f,2026-04-17 10:15:31.799
e73e6201-54cc-4012-a622-aa6874ad2121,49247d98-f3ca-4858-ae94-383e1e7323ad,49247d98-f3ca-4858-ae94-383e1e7323ad-2-20,3,t,2026-04-17 10:03:39.036
759b7611-9b8e-441f-bfd3-44232047c398,08b9e6da-978e-48e0-ad00-2efc29254f3f,08b9e6da-978e-48e0-ad00-2efc29254f3f-2-6,3,t,2026-04-17 10:03:35.37
4e4fa18a-f57f-4078-bd53-3aa5b80fee11,932de40d-6b96-42d3-8421-c6bd8974ab92,932de40d-6b96-42d3-8421-c6bd8974ab92-2-4,0,f,2026-04-17 10:05:10.293
418dfd00-da50-4c3b-adb4-7bb6bcaaa875,02a5f640-7742-4622-a181-86ce4bf7afdc,02a5f640-7742-4622-a181-86ce4bf7afdc-2-75,0,f,2026-04-17 10:16:11.027
185b2da6-546e-4b0c-bcfb-4cb0a956d6bf,cfc602b7-76c8-40fe-8a3f-0227e7ae7f9d,cfc602b7-76c8-40fe-8a3f-0227e7ae7f9d-2-72,2,f,2026-04-17 10:04:39.073
b7b4990f-ec75-4a3c-bf61-8daa2ab13b0b,6077991f-156c-447c-a69b-4e2d765b115b,6077991f-156c-447c-a69b-4e2d765b115b-2-26,1,f,2026-04-17 10:04:54.039
327e2dc7-3098-4d0e-aedb-275a31793257,0ad19c41-e1bb-4f72-85ba-e9831152740d,0ad19c41-e1bb-4f72-85ba-e9831152740d-2-3,0,f,2026-04-17 10:13:19.443
9720a54e-e5da-46c1-86e4-b0ef7ee9435e,681a0041-3f56-4baf-9f99-de49e187b870,681a0041-3f56-4baf-9f99-de49e187b870-2-21,3,t,2026-04-17 10:02:46.435
557e7002-d892-4737-9a89-8f59420673e6,681a0041-3f56-4baf-9f99-de49e187b870,681a0041-3f56-4baf-9f99-de49e187b870-2-24,3,t,2026-04-17 10:04:59.566
8a5ae9f5-01d6-4470-9999-be5a5d31da79,f10642fb-f989-4614-b086-067ddf239150,f10642fb-f989-4614-b086-067ddf239150-2-3,3,t,2026-04-17 10:02:46.895
3f545627-62b8-4b74-86fc-f4400a4a732e,09616f14-bdbc-4a08-81a4-460e529179a2,09616f14-bdbc-4a08-81a4-460e529179a2-2-20,1,f,2026-04-17 10:02:56.336
74ec66c8-2227-47c0-97b1-8df9adf27288,f10642fb-f989-4614-b086-067ddf239150,f10642fb-f989-4614-b086-067ddf239150-2-28,1,f,2026-04-17 10:05:07.905
f66910b4-7603-42e0-b181-220c767e3664,51bf8b84-0573-47bc-8ae9-056c9b8819c7,51bf8b84-0573-47bc-8ae9-056c9b8819c7-2-23,3,t,2026-04-17 10:03:03.722
7c39beb8-d1d7-44da-bb6a-a7fa9ebace4b,2c9c5075-fc3e-43f9-8fd8-8826d2ff4491,2c9c5075-fc3e-43f9-8fd8-8826d2ff4491-2-12,0,f,2026-04-17 10:03:07.415
44fafd09-96d3-49be-ab20-66f2874822c5,83fc1576-5e46-4bae-9238-994beccf1bc6,83fc1576-5e46-4bae-9238-994beccf1bc6-2-19,3,t,2026-04-17 10:03:19.768
f97754b2-47af-4618-8b9d-f3e767ee64a1,0fe6c4b2-51f6-4335-8018-6048d4d289a1,0fe6c4b2-51f6-4335-8018-6048d4d289a1-2-54,2,f,2026-04-17 10:05:11.989
fde58d73-c9e4-4ffc-9fcf-343ff5486059,e41d9c3d-d076-4e58-960a-aa31d0e90b47,e41d9c3d-d076-4e58-960a-aa31d0e90b47-2-5,0,f,2026-04-17 10:03:24.9
67d80c7c-34d5-4c3c-9174-25199b18f1bc,4d8bb69d-3f26-4ad0-ab62-8a6eb4d5d9e3,4d8bb69d-3f26-4ad0-ab62-8a6eb4d5d9e3-2-14,3,t,2026-04-17 10:03:24.999
4f8c13a0-8936-43a6-94a3-2b40066122b2,08ffa16d-5fda-48dc-97ba-0fa8ad2ec214,08ffa16d-5fda-48dc-97ba-0fa8ad2ec214-2-25,0,f,2026-04-17 10:05:28.351
4bc733c5-4c81-4834-b509-bc389d986125,2c9c5075-fc3e-43f9-8fd8-8826d2ff4491,2c9c5075-fc3e-43f9-8fd8-8826d2ff4491-2-13,3,t,2026-04-17 10:03:38.143
fc553408-edaf-4e06-9bf2-2022bd4569c9,6efda4cf-4eb4-4811-b12a-8d1fb218f1b5,6efda4cf-4eb4-4811-b12a-8d1fb218f1b5-2-6,3,t,2026-04-17 10:03:43.451
c9e0126d-59eb-4ede-9b2b-be41dc2b195e,681a0041-3f56-4baf-9f99-de49e187b870,681a0041-3f56-4baf-9f99-de49e187b870-2-23,3,t,2026-04-17 10:04:04.792
981a3569-bee9-478a-8abc-e8b4fbadb056,51bf8b84-0573-47bc-8ae9-056c9b8819c7,51bf8b84-0573-47bc-8ae9-056c9b8819c7-2-26,3,t,2026-04-17 10:04:30.558
0741bf66-779f-4841-ac5a-05da471fe919,681a0041-3f56-4baf-9f99-de49e187b870,681a0041-3f56-4baf-9f99-de49e187b870-2-25,3,t,2026-04-17 10:05:42.875
84836cb5-3b5f-4c43-9cb7-e24a906230db,0ff9973f-4597-43ee-bb87-975152c88d6c,0ff9973f-4597-43ee-bb87-975152c88d6c-2-102,3,t,2026-04-17 10:05:44.309
26feb633-0894-4868-babb-141618283ef5,c7cebb6f-4ce3-4ec5-8846-3ed1bf6c8dbe,c7cebb6f-4ce3-4ec5-8846-3ed1bf6c8dbe-2-66,0,f,2026-04-17 10:05:57.325
dfc8c398-9003-4c23-96df-27e2609d9497,a3d745bf-e3f4-411c-97b5-2cd475f193f6,a3d745bf-e3f4-411c-97b5-2cd475f193f6-2-13,0,f,2026-04-17 10:06:50.372
5be59618-0216-4d45-b41d-7f1150f1a296,6a804deb-cef1-4cdc-95c7-6574a1e7577a,6a804deb-cef1-4cdc-95c7-6574a1e7577a-2-40,2,f,2026-04-17 10:08:27.735
215cb37e-dc0b-47e0-a53c-06e72d811417,0fae6e06-cdbd-4916-912b-1b5686e37eb1,0fae6e06-cdbd-4916-912b-1b5686e37eb1-2-7,3,t,2026-04-17 10:08:29.071
01b76f13-72ea-46c3-b835-7ffd0e14122b,a6b190d3-7dec-4ad7-b19a-f57c7b481473,a6b190d3-7dec-4ad7-b19a-f57c7b481473-2-18,3,t,2026-04-17 10:06:31.664
77c04fea-ae2c-482e-a198-8a74cb29279b,58d01453-bdf3-462d-b2cc-cc8e0a11f4bd,58d01453-bdf3-462d-b2cc-cc8e0a11f4bd-2-47,6,t,2026-04-17 10:05:55.783
4c7abe45-1ba9-4a74-b995-089249e7ffde,ccfa1e3b-55c9-4102-9146-6e5cc30549b7,ccfa1e3b-55c9-4102-9146-6e5cc30549b7-2-94,4,t,2026-04-17 10:03:01.645
28257c5f-1547-449b-a4c7-793f6e7ef4f3,58d01453-bdf3-462d-b2cc-cc8e0a11f4bd,58d01453-bdf3-462d-b2cc-cc8e0a11f4bd-2-44,6,t,2026-04-17 10:03:52.187
e6e6a3c0-f167-42ab-b826-df12b23e8ca7,6a2053e0-87ba-489f-a3c8-4a2b6ff8f1f4,6a2053e0-87ba-489f-a3c8-4a2b6ff8f1f4-2-103,3,t,2026-04-17 10:03:06.442
c099827e-959b-4544-b90d-d02a232441fc,e41d9c3d-d076-4e58-960a-aa31d0e90b47,e41d9c3d-d076-4e58-960a-aa31d0e90b47-2-6,3,t,2026-04-17 10:05:27.464
2aa40460-5c8c-47ab-9f26-0045125eab18,d18b547b-ebb5-4909-87b9-36848e277d54,d18b547b-ebb5-4909-87b9-36848e277d54-2-2,3,t,2026-04-17 10:03:12.886
51f5b2c5-0f5c-4ef4-aacf-e59c23f4bd27,5baa4199-f690-42c7-991f-31d0646a38d9,5baa4199-f690-42c7-991f-31d0646a38d9-2-3,0,f,2026-04-17 10:03:15.791
066fd49f-97db-4669-8edc-a85118e2a844,1c81e191-a57e-415c-8fbe-d214bb1df9d0,1c81e191-a57e-415c-8fbe-d214bb1df9d0-2-42,0,f,2026-04-17 10:03:17.402
a22bc629-92d0-4588-bbaa-c10bf2e0e412,aeaad491-0cc9-4538-9c99-6e5b7bd30d1b,aeaad491-0cc9-4538-9c99-6e5b7bd30d1b-2-23,3,t,2026-04-17 10:03:26.274
b91ac3d6-187f-48aa-a02d-54d866a12981,c8aae197-315d-45a8-b7c9-3558994c1831,c8aae197-315d-45a8-b7c9-3558994c1831-2-4,3,t,2026-04-17 10:05:32.331
898647b9-82da-4798-b905-99ac011d13af,49c11042-6782-4e99-b97b-2acc0dd9899a,49c11042-6782-4e99-b97b-2acc0dd9899a-2-1,0,f,2026-04-17 10:03:34.828
1393e602-e149-4568-a939-11803969d98c,c7cebb6f-4ce3-4ec5-8846-3ed1bf6c8dbe,c7cebb6f-4ce3-4ec5-8846-3ed1bf6c8dbe-2-63,6,t,2026-04-17 10:03:59.892
0f589f21-dfcb-4a5b-98c2-df87e343d9b1,0ad19c41-e1bb-4f72-85ba-e9831152740d,0ad19c41-e1bb-4f72-85ba-e9831152740d-2-2,3,t,2026-04-17 10:03:35.137
ea2ef0f5-4c87-477f-84e5-aa8259c1f0f5,58d01453-bdf3-462d-b2cc-cc8e0a11f4bd,58d01453-bdf3-462d-b2cc-cc8e0a11f4bd-2-42,7,t,2026-04-17 10:03:35.518
060cd424-dae0-4669-8a35-619e9a6dd18e,ba1b79f1-b218-42e0-90c9-515c590bfb5c,ba1b79f1-b218-42e0-90c9-515c590bfb5c-2-127,1,f,2026-04-17 10:03:39.346
d039b23f-3304-470e-8377-599b69d37d93,319d9117-957e-472c-ae32-07a254740eab,319d9117-957e-472c-ae32-07a254740eab-2-27,0,f,2026-04-17 10:03:42.453
fbb75c31-1d61-4cbf-ba1f-5d5687788605,0fe6c4b2-51f6-4335-8018-6048d4d289a1,0fe6c4b2-51f6-4335-8018-6048d4d289a1-2-52,2,f,2026-04-17 10:03:45.291
1e617bc6-498f-4add-ac89-66e9988fc069,83fc1576-5e46-4bae-9238-994beccf1bc6,83fc1576-5e46-4bae-9238-994beccf1bc6-2-22,3,t,2026-04-17 10:06:46.26
bd1c5f15-ddaa-47c1-84c8-543bf6265d0d,58d01453-bdf3-462d-b2cc-cc8e0a11f4bd,58d01453-bdf3-462d-b2cc-cc8e0a11f4bd-2-45,5,t,2026-04-17 10:04:04.492
a13eff18-4fce-4913-b287-0a18e2e1baa4,4d8bb69d-3f26-4ad0-ab62-8a6eb4d5d9e3,4d8bb69d-3f26-4ad0-ab62-8a6eb4d5d9e3-2-19,1,f,2026-04-17 10:05:51.948
fcaa7668-129b-4382-bb19-d0dab381aece,08ffa16d-5fda-48dc-97ba-0fa8ad2ec214,08ffa16d-5fda-48dc-97ba-0fa8ad2ec214-2-27,3,t,2026-04-17 10:04:25.574
a221cb86-605a-49a2-865f-09355e6d2a17,ba1b79f1-b218-42e0-90c9-515c590bfb5c,ba1b79f1-b218-42e0-90c9-515c590bfb5c-2-113,1,f,2026-04-17 10:05:20.587
274afa83-9555-44df-ae57-18d1d32f7ce2,ee1ce29b-7c86-48cd-850f-f5a8ee856031,ee1ce29b-7c86-48cd-850f-f5a8ee856031-2-61,1,f,2026-04-17 10:05:20.936
5b886319-57c1-4fe9-b653-d97a543b58be,2c9c5075-fc3e-43f9-8fd8-8826d2ff4491,2c9c5075-fc3e-43f9-8fd8-8826d2ff4491-2-16,3,t,2026-04-17 10:05:57.602
93077b8d-71fa-4d57-9cc6-653f4de31330,49247d98-f3ca-4858-ae94-383e1e7323ad,49247d98-f3ca-4858-ae94-383e1e7323ad-2-23,3,t,2026-04-17 10:07:16.221
88e28233-056a-4f33-bdde-a55093cef6b4,95b4713c-2d16-4eca-8fe7-b71e4ebdc3db,95b4713c-2d16-4eca-8fe7-b71e4ebdc3db-2-3,3,t,2026-04-17 10:05:24.238
6886cca7-8ea4-460a-bb71-0e80154a1dca,110b144f-49c6-4389-956c-8da441b92de7,110b144f-49c6-4389-956c-8da441b92de7-2-117,0,f,2026-04-17 10:10:23.956
a8516032-06a2-4132-b9a5-041e378c6331,0c86c28b-6cf4-4e45-b8e8-dcead9cf4422,0c86c28b-6cf4-4e45-b8e8-dcead9cf4422-2-3,3,t,2026-04-17 10:06:00.062
3efa6c9e-f63a-4edc-8dcb-7d47593a2f33,d18b547b-ebb5-4909-87b9-36848e277d54,d18b547b-ebb5-4909-87b9-36848e277d54-2-4,2,f,2026-04-17 10:10:29.803
731abf10-50da-4389-9517-c0c406167d00,7fd5cf0d-0011-4d38-a68b-2db190070c4f,7fd5cf0d-0011-4d38-a68b-2db190070c4f-2-2,0,f,2026-04-17 10:06:13.965
e962fde2-f413-410d-a373-b35c1b1ea322,0bdf1b36-32e6-44bb-8f3f-d925932add35,0bdf1b36-32e6-44bb-8f3f-d925932add35-2-10,3,t,2026-04-17 10:06:15.714
65d4b991-6743-4983-8185-21de014878f1,09616f14-bdbc-4a08-81a4-460e529179a2,09616f14-bdbc-4a08-81a4-460e529179a2-2-21,1,f,2026-04-17 10:04:07.928
d4199532-d25b-4885-9092-e35f77289fb3,a3d745bf-e3f4-411c-97b5-2cd475f193f6,a3d745bf-e3f4-411c-97b5-2cd475f193f6-2-12,0,f,2026-04-17 10:04:09.529
6c0b452a-cc8a-4aad-932b-e496284e32e2,afc95810-8ff4-495b-9031-274ac8712db1,afc95810-8ff4-495b-9031-274ac8712db1-2-24,3,t,2026-04-17 10:04:17.646
3acb8d01-eb27-4f45-a482-d873bfb71c6f,08b9e6da-978e-48e0-ad00-2efc29254f3f,08b9e6da-978e-48e0-ad00-2efc29254f3f-2-7,3,t,2026-04-17 10:04:26.356
6caea42c-d4bd-465e-aa9c-1afee68419fe,09616f14-bdbc-4a08-81a4-460e529179a2,09616f14-bdbc-4a08-81a4-460e529179a2-2-29,1,f,2026-04-17 10:06:34.239
71db0033-4a96-4c7c-8c37-a3fdca663265,0fe6c4b2-51f6-4335-8018-6048d4d289a1,0fe6c4b2-51f6-4335-8018-6048d4d289a1-2-53,1,f,2026-04-17 10:04:32.533
93582b28-5231-4574-95d2-de6fb1bceff3,0bdf1b36-32e6-44bb-8f3f-d925932add35,0bdf1b36-32e6-44bb-8f3f-d925932add35-2-11,3,t,2026-04-17 10:07:02.188
06ac95a6-12e2-4aac-b462-1ac6764a3a03,4d8bb69d-3f26-4ad0-ab62-8a6eb4d5d9e3,4d8bb69d-3f26-4ad0-ab62-8a6eb4d5d9e3-2-16,3,t,2026-04-17 10:04:58.66
b44449c6-58b2-4d3b-8f6f-3fb14690d83e,287ebd44-f7f4-4f63-95f6-f81075012370,287ebd44-f7f4-4f63-95f6-f81075012370-2-7,2,f,2026-04-17 10:05:01.565
2c38be61-3a84-48a9-8f6e-0df5de5a2612,08b9e6da-978e-48e0-ad00-2efc29254f3f,08b9e6da-978e-48e0-ad00-2efc29254f3f-2-8,3,t,2026-04-17 10:06:38.601
f241c482-98ec-4e4a-8437-bfcfbb17c939,3e67364b-1669-4370-9904-fa584023f4e1,3e67364b-1669-4370-9904-fa584023f4e1-2-3,3,t,2026-04-17 10:05:10.733
39ba7121-e266-47e7-aa7a-5bb1b478d84f,cc05ec87-7c5a-487a-ae32-a062360e9d82,cc05ec87-7c5a-487a-ae32-a062360e9d82-2-6,3,t,2026-04-17 10:07:58.352
20ca4710-9fc6-4bc1-b53e-97a6e5bafc4f,08ffa16d-5fda-48dc-97ba-0fa8ad2ec214,08ffa16d-5fda-48dc-97ba-0fa8ad2ec214-2-26,3,t,2026-04-17 10:06:40.49
13a2aedc-bd7c-44a4-a8d8-2370e711963d,83fc1576-5e46-4bae-9238-994beccf1bc6,83fc1576-5e46-4bae-9238-994beccf1bc6-2-21,3,t,2026-04-17 10:05:28.203
6aba37a4-3e60-4af7-96e5-de5275a8fe3f,3322878a-a2b0-419b-a77c-15ee6afe13e5,3322878a-a2b0-419b-a77c-15ee6afe13e5-2-2,3,t,2026-04-17 10:05:52.579
dac86bcc-7ff9-4be0-ab02-3426e474388f,02a5f640-7742-4622-a181-86ce4bf7afdc,02a5f640-7742-4622-a181-86ce4bf7afdc-2-98,3,t,2026-04-17 10:20:12.307
179b5d28-d5cf-499d-8811-1e3233b423f8,09616f14-bdbc-4a08-81a4-460e529179a2,09616f14-bdbc-4a08-81a4-460e529179a2-2-37,3,t,2026-04-17 10:06:13.281
cc2a3af4-9a46-481c-aedf-81ce1a80d00b,5baa4199-f690-42c7-991f-31d0646a38d9,5baa4199-f690-42c7-991f-31d0646a38d9-2-5,0,f,2026-04-17 10:06:53.234
b30117d6-7edf-40b6-a79c-3861117b8fb3,d7464694-cf28-49ad-9baa-2caab6d4a29d,d7464694-cf28-49ad-9baa-2caab6d4a29d-2-46,1,f,2026-04-17 10:06:21.189
21808c3f-f18b-4c6b-ad59-0e96142f4b81,5c2703f1-c588-4abe-9a48-8c4d20a94b61,5c2703f1-c588-4abe-9a48-8c4d20a94b61-2-68,1,f,2026-04-17 10:06:22.314
ea939bcf-5b92-4538-94bd-b174fceb7310,932de40d-6b96-42d3-8421-c6bd8974ab92,932de40d-6b96-42d3-8421-c6bd8974ab92-2-9,0,f,2026-04-17 10:06:57.698
80262573-c661-4399-9693-578642a9abbf,58d01453-bdf3-462d-b2cc-cc8e0a11f4bd,58d01453-bdf3-462d-b2cc-cc8e0a11f4bd-2-48,5,t,2026-04-17 10:06:48.442
8456e651-3f40-4cfb-aee8-a1d4d07e7398,52fb53ed-992a-40b7-a284-d0ef206d8b3b,52fb53ed-992a-40b7-a284-d0ef206d8b3b-2-20,3,t,2026-04-17 10:07:13.943
9b15956f-8d02-48e4-b1d9-a1f7393abe58,4d8bb69d-3f26-4ad0-ab62-8a6eb4d5d9e3,4d8bb69d-3f26-4ad0-ab62-8a6eb4d5d9e3-2-28,0,f,2026-04-17 10:07:00.017
44d4f92d-24bd-4751-9555-5d822b6af3be,7afa437d-92ff-461c-a526-7bcc284e9e63,7afa437d-92ff-461c-a526-7bcc284e9e63-2-32,4,t,2026-04-17 10:06:50.335
cf1f7d5c-8827-41a0-a188-1c8d606245b7,259106ed-1eae-4fe8-9c4b-383e40260584,259106ed-1eae-4fe8-9c4b-383e40260584-2-4,3,t,2026-04-17 10:07:06.747
7069865c-d68d-4dd9-af9b-16920c2a1140,0ff9973f-4597-43ee-bb87-975152c88d6c,0ff9973f-4597-43ee-bb87-975152c88d6c-2-120,3,t,2026-04-17 10:07:01.325
428dcff5-e8cb-4062-b679-ecdcde6efffd,08b9e6da-978e-48e0-ad00-2efc29254f3f,08b9e6da-978e-48e0-ad00-2efc29254f3f-2-9,3,t,2026-04-17 10:07:07.132
fe10c05a-5eb0-475c-b6d3-1a1665544edc,c8aae197-315d-45a8-b7c9-3558994c1831,c8aae197-315d-45a8-b7c9-3558994c1831-2-6,3,t,2026-04-17 10:07:10.337
d7ede29a-e750-4b5c-b3dc-bad0c13da480,2c9c5075-fc3e-43f9-8fd8-8826d2ff4491,2c9c5075-fc3e-43f9-8fd8-8826d2ff4491-2-18,3,t,2026-04-17 10:07:20.516
a0f1db17-5b01-4c5c-8de9-69f48fc24ca1,4d8bb69d-3f26-4ad0-ab62-8a6eb4d5d9e3,4d8bb69d-3f26-4ad0-ab62-8a6eb4d5d9e3-2-31,0,f,2026-04-17 10:07:32.137
456612e4-be65-4d29-ae82-f955e1192582,0ad19c41-e1bb-4f72-85ba-e9831152740d,0ad19c41-e1bb-4f72-85ba-e9831152740d-2-4,3,t,2026-04-17 10:08:33.093
55eb9d9b-ea42-4f37-bd70-8e7802328be1,2685f831-e1b0-4ad2-a7ef-cf48ff212488,2685f831-e1b0-4ad2-a7ef-cf48ff212488-2-123,3,t,2026-04-17 10:07:34.627
035328fb-4e7d-45cf-b871-0e57b39b1a4c,6a804deb-cef1-4cdc-95c7-6574a1e7577a,6a804deb-cef1-4cdc-95c7-6574a1e7577a-2-67,1,f,2026-04-17 10:07:37.481
bc2455f6-1927-45de-895e-35461d3b3ed3,d18b547b-ebb5-4909-87b9-36848e277d54,d18b547b-ebb5-4909-87b9-36848e277d54-2-5,0,f,2026-04-17 10:11:34.25
d498c002-8875-406b-b38b-dfed479edb54,08ffa16d-5fda-48dc-97ba-0fa8ad2ec214,08ffa16d-5fda-48dc-97ba-0fa8ad2ec214-2-28,3,t,2026-04-17 10:07:42.9
c86b059d-28d7-4bbc-9d58-1d13e243d922,d18b547b-ebb5-4909-87b9-36848e277d54,d18b547b-ebb5-4909-87b9-36848e277d54-2-22,1,f,2026-04-17 10:07:45.492
e02b16f0-8cab-4be5-8be9-91f2dd23388d,cf48e95c-ccd3-4508-839c-a0c78ad5d6af,cf48e95c-ccd3-4508-839c-a0c78ad5d6af-2-6,3,t,2026-04-17 10:08:00.134
f5360e98-2949-4879-bbe3-bce2ff0e7edd,aeaad491-0cc9-4538-9c99-6e5b7bd30d1b,aeaad491-0cc9-4538-9c99-6e5b7bd30d1b-2-27,0,f,2026-04-17 10:07:48.68
481f254c-a757-4127-905e-c88343c127fa,7afa437d-92ff-461c-a526-7bcc284e9e63,7afa437d-92ff-461c-a526-7bcc284e9e63-2-23,0,f,2026-04-17 10:08:00.739
5323bb2b-a680-4658-a301-7e1d540ce2e8,0c86c28b-6cf4-4e45-b8e8-dcead9cf4422,0c86c28b-6cf4-4e45-b8e8-dcead9cf4422-2-6,3,t,2026-04-17 10:08:38.502
aa50759c-38ca-4000-b465-6162292c2a3f,3322878a-a2b0-419b-a77c-15ee6afe13e5,3322878a-a2b0-419b-a77c-15ee6afe13e5-2-3,3,t,2026-04-17 10:09:28.86
2d265e43-b2b5-4c70-910a-20f6b6553d0a,a6b190d3-7dec-4ad7-b19a-f57c7b481473,a6b190d3-7dec-4ad7-b19a-f57c7b481473-2-19,3,t,2026-04-17 10:09:14.733
6b5b308d-efd0-46ab-82a8-e4d2b6b22a80,e41d9c3d-d076-4e58-960a-aa31d0e90b47,e41d9c3d-d076-4e58-960a-aa31d0e90b47-2-7,3,t,2026-04-17 10:09:59.745
c5d04f1c-fb89-4930-bfc1-ffd255a98724,d18b547b-ebb5-4909-87b9-36848e277d54,d18b547b-ebb5-4909-87b9-36848e277d54-2-3,0,f,2026-04-17 10:09:33.768
0eec80f8-26e2-473e-9080-af7bac2d4b07,1a94d1fc-a7f8-4bf4-a15e-d0ac8d2c0f3e,1a94d1fc-a7f8-4bf4-a15e-d0ac8d2c0f3e-2-5,4,t,2026-04-17 10:09:55.056
a8e0c4a2-1088-462c-b1e8-9c384c1ad0b0,83fc1576-5e46-4bae-9238-994beccf1bc6,83fc1576-5e46-4bae-9238-994beccf1bc6-2-26,3,t,2026-04-17 10:12:15.953
a4d1aa4b-6821-4aa0-b6c0-3b17da5c4e20,c7cebb6f-4ce3-4ec5-8846-3ed1bf6c8dbe,c7cebb6f-4ce3-4ec5-8846-3ed1bf6c8dbe-2-69,0,f,2026-04-17 10:07:38.029
cf51715e-1ea1-4200-8141-f8b6d20236e4,83fc1576-5e46-4bae-9238-994beccf1bc6,83fc1576-5e46-4bae-9238-994beccf1bc6-2-23,3,t,2026-04-17 10:07:50.457
7ca077b2-5b83-4ffe-a06f-3f3a11281f42,932de40d-6b96-42d3-8421-c6bd8974ab92,932de40d-6b96-42d3-8421-c6bd8974ab92-2-13,3,t,2026-04-17 10:10:32.15
364dec0d-f5f1-4392-9a74-e3f4a2c4d015,58d01453-bdf3-462d-b2cc-cc8e0a11f4bd,58d01453-bdf3-462d-b2cc-cc8e0a11f4bd-2-53,4,t,2026-04-17 10:08:49.184
48ebcb08-6850-497e-9425-20be1ec41739,58d01453-bdf3-462d-b2cc-cc8e0a11f4bd,58d01453-bdf3-462d-b2cc-cc8e0a11f4bd-2-49,5,t,2026-04-17 10:07:54.579
cb95e74f-7075-4587-a615-a7bfd5c5f3d3,3b87423f-faa3-41f0-8c7a-842466473516,3b87423f-faa3-41f0-8c7a-842466473516-2-86,4,t,2026-04-17 10:08:03.652
26b0e0fb-5f1b-4283-adde-0edb5a0eebc9,f10642fb-f989-4614-b086-067ddf239150,f10642fb-f989-4614-b086-067ddf239150-2-5,0,f,2026-04-17 10:11:26.041
3714582a-5421-46fe-a349-57db274f6227,58d01453-bdf3-462d-b2cc-cc8e0a11f4bd,58d01453-bdf3-462d-b2cc-cc8e0a11f4bd-2-50,7,t,2026-04-17 10:08:12.152
c7f47abe-76c9-4f7d-bbbb-ba29a687eecd,5baa4199-f690-42c7-991f-31d0646a38d9,5baa4199-f690-42c7-991f-31d0646a38d9-2-6,3,t,2026-04-17 10:08:13.062
9520caea-22c6-47c9-bddc-c5aef903fd39,58d01453-bdf3-462d-b2cc-cc8e0a11f4bd,58d01453-bdf3-462d-b2cc-cc8e0a11f4bd-2-54,4,t,2026-04-17 10:09:01.535
d75590ae-5337-401e-9f62-a40d50bc0f97,3e67364b-1669-4370-9904-fa584023f4e1,3e67364b-1669-4370-9904-fa584023f4e1-2-4,3,t,2026-04-17 10:23:18.473
e0fdbc35-837b-4d15-b694-28474adc50d7,2685f831-e1b0-4ad2-a7ef-cf48ff212488,2685f831-e1b0-4ad2-a7ef-cf48ff212488-2-120,3,t,2026-04-17 10:09:14.132
6e911488-10b4-48c1-ba33-d660a0a48c57,0fe6c4b2-51f6-4335-8018-6048d4d289a1,0fe6c4b2-51f6-4335-8018-6048d4d289a1-2-62,2,f,2026-04-17 10:09:18.695
61b2c44e-e266-47e7-948f-49a0ceb33d18,58d01453-bdf3-462d-b2cc-cc8e0a11f4bd,58d01453-bdf3-462d-b2cc-cc8e0a11f4bd-2-51,7,t,2026-04-17 10:08:23.386
60b800fd-b71e-48bb-9c05-c509c16b8e02,58d01453-bdf3-462d-b2cc-cc8e0a11f4bd,58d01453-bdf3-462d-b2cc-cc8e0a11f4bd-2-52,3,t,2026-04-17 10:08:32.437
96ddbc05-749b-4ce0-bf77-04bcce7cd65a,08ffa16d-5fda-48dc-97ba-0fa8ad2ec214,08ffa16d-5fda-48dc-97ba-0fa8ad2ec214-2-29,3,t,2026-04-17 10:09:23.176
e134235f-feda-4bd0-b4a3-b507cc969050,c8aae197-315d-45a8-b7c9-3558994c1831,c8aae197-315d-45a8-b7c9-3558994c1831-2-12,3,t,2026-04-17 10:09:26.244
4bbf1549-edae-4c9a-8183-fa86bd98c7c2,0bdf1b36-32e6-44bb-8f3f-d925932add35,0bdf1b36-32e6-44bb-8f3f-d925932add35-2-14,3,t,2026-04-17 10:09:58.223
ccc19c07-face-4632-943a-c266f19e6ee3,08b9e6da-978e-48e0-ad00-2efc29254f3f,08b9e6da-978e-48e0-ad00-2efc29254f3f-2-10,3,t,2026-04-17 10:10:00.779
9a1f46d7-cbb2-49dc-81d5-2384b5b9672e,c9ffd548-293a-4eb4-8a72-16b3ea5f6071,c9ffd548-293a-4eb4-8a72-16b3ea5f6071-2-11,1,f,2026-04-17 10:08:01.768
eb80e20e-5c7a-4541-9be8-4b9857b5dc94,f10642fb-f989-4614-b086-067ddf239150,f10642fb-f989-4614-b086-067ddf239150-2-9,1,f,2026-04-17 10:10:00.259
eff63b42-e84a-4394-b90b-553c111078a6,e9ce6a43-ca43-4754-ac6e-3c0c6cb32692,e9ce6a43-ca43-4754-ac6e-3c0c6cb32692-2-2,3,t,2026-04-17 10:09:37.3
dded2537-3f64-4247-97f0-212f7de47dfb,c9ffd548-293a-4eb4-8a72-16b3ea5f6071,c9ffd548-293a-4eb4-8a72-16b3ea5f6071-2-19,3,t,2026-04-17 10:09:28.734
523655d6-bb09-46d8-9772-6c63713444f9,58d01453-bdf3-462d-b2cc-cc8e0a11f4bd,58d01453-bdf3-462d-b2cc-cc8e0a11f4bd-2-55,5,t,2026-04-17 10:09:12.869
276b757f-eb5e-4e95-aaf2-27594c6c3e4e,58d01453-bdf3-462d-b2cc-cc8e0a11f4bd,58d01453-bdf3-462d-b2cc-cc8e0a11f4bd-2-59,7,t,2026-04-17 10:08:03.001
9e85b97c-5a3a-405c-adaa-30f679361d0b,52fb53ed-992a-40b7-a284-d0ef206d8b3b,52fb53ed-992a-40b7-a284-d0ef206d8b3b-2-31,3,t,2026-04-17 10:09:16.065
f0bd9cdc-e06a-41cb-8860-bb9090985abc,09616f14-bdbc-4a08-81a4-460e529179a2,09616f14-bdbc-4a08-81a4-460e529179a2-2-38,3,t,2026-04-17 10:08:10.666
2a738515-ebbe-471a-9bb2-ef85c20a110c,58d01453-bdf3-462d-b2cc-cc8e0a11f4bd,58d01453-bdf3-462d-b2cc-cc8e0a11f4bd-2-57,5,t,2026-04-17 10:09:28.933
d8905a27-2a97-48bf-999b-c4f6e8007ea3,0bdf1b36-32e6-44bb-8f3f-d925932add35,0bdf1b36-32e6-44bb-8f3f-d925932add35-2-13,3,t,2026-04-17 10:08:16.646
7d928b6b-f83e-4a85-b94a-be79edd704c1,2685f831-e1b0-4ad2-a7ef-cf48ff212488,2685f831-e1b0-4ad2-a7ef-cf48ff212488-2-122,1,f,2026-04-17 10:08:17.016
2e00cb1a-a5cd-4fe4-b579-9179da7d6a7b,56d52538-da5f-4448-825e-dd9b3af16e58,56d52538-da5f-4448-825e-dd9b3af16e58-2-1,3,t,2026-04-17 10:09:17.419
db32cbd4-1ec7-4a3b-b524-ea05941ec3e5,c8aae197-315d-45a8-b7c9-3558994c1831,c8aae197-315d-45a8-b7c9-3558994c1831-2-7,3,t,2026-04-17 10:08:26.571
c531c178-368d-41c0-bd39-c0a2a23e14c6,58d01453-bdf3-462d-b2cc-cc8e0a11f4bd,58d01453-bdf3-462d-b2cc-cc8e0a11f4bd-2-60,5,t,2026-04-17 10:09:48.567
4c8fb422-6df0-4bcb-b1f2-27f00f3df4dd,2c9c5075-fc3e-43f9-8fd8-8826d2ff4491,2c9c5075-fc3e-43f9-8fd8-8826d2ff4491-2-20,3,t,2026-04-17 10:08:50.761
08e4371a-8387-400d-9a47-08c146beb32f,0fe6c4b2-51f6-4335-8018-6048d4d289a1,0fe6c4b2-51f6-4335-8018-6048d4d289a1-2-63,2,f,2026-04-17 10:09:53.887
e58bb3a0-963a-4f93-a5b4-cffde85c6984,6a804deb-cef1-4cdc-95c7-6574a1e7577a,6a804deb-cef1-4cdc-95c7-6574a1e7577a-2-101,1,f,2026-04-17 10:09:33.006
a059d90b-ba03-4f07-b5d5-a73d0fbfe757,83fc1576-5e46-4bae-9238-994beccf1bc6,83fc1576-5e46-4bae-9238-994beccf1bc6-2-24,3,t,2026-04-17 10:09:04.802
293ce60c-6f55-42b9-8189-cd44818564f0,6efda4cf-4eb4-4811-b12a-8d1fb218f1b5,6efda4cf-4eb4-4811-b12a-8d1fb218f1b5-2-12,3,t,2026-04-17 10:09:06.119
2cca9475-217c-43c8-a5c8-a63c1ea3f5bf,58d01453-bdf3-462d-b2cc-cc8e0a11f4bd,58d01453-bdf3-462d-b2cc-cc8e0a11f4bd-2-56,5,t,2026-04-17 10:09:22.734
93cef69d-89a3-4b13-b1d0-aae63b77d8fd,a6b190d3-7dec-4ad7-b19a-f57c7b481473,a6b190d3-7dec-4ad7-b19a-f57c7b481473-2-20,3,t,2026-04-17 10:10:17.176
ec7d6294-b183-47ea-9a53-922ddbc1f7d8,52fb53ed-992a-40b7-a284-d0ef206d8b3b,52fb53ed-992a-40b7-a284-d0ef206d8b3b-2-30,1,f,2026-04-17 10:09:27.005
9dc7af87-57e7-4f55-8102-97e35decbceb,5baa4199-f690-42c7-991f-31d0646a38d9,5baa4199-f690-42c7-991f-31d0646a38d9-2-7,3,t,2026-04-17 10:09:37.928
3c3b5a2c-1d03-4a20-84a7-c7ea6fdf929b,ee167702-12fb-4e79-9b71-c1a3d0ee55dd,ee167702-12fb-4e79-9b71-c1a3d0ee55dd-2-37,3,t,2026-04-17 10:09:38.636
005d141f-b771-4422-8be0-32a6b87833c1,49247d98-f3ca-4858-ae94-383e1e7323ad,49247d98-f3ca-4858-ae94-383e1e7323ad-2-24,3,t,2026-04-17 10:09:28.398
5d5f6aea-caec-4e3f-9257-10c7b0c29174,e8a33cee-af55-4118-b509-ddfd03230674,e8a33cee-af55-4118-b509-ddfd03230674-2-2,1,f,2026-04-17 10:10:05.91
4678fc9c-e63e-47db-9c93-1b0182149e4b,110b144f-49c6-4389-956c-8da441b92de7,110b144f-49c6-4389-956c-8da441b92de7-2-6,3,t,2026-04-17 10:10:02.851
4437b5c8-4750-4075-afad-b7027d544249,7afa437d-92ff-461c-a526-7bcc284e9e63,7afa437d-92ff-461c-a526-7bcc284e9e63-2-33,3,t,2026-04-17 10:09:41.212
94c7e2e6-0df5-4d08-a62e-e1a93e2097a2,58d01453-bdf3-462d-b2cc-cc8e0a11f4bd,58d01453-bdf3-462d-b2cc-cc8e0a11f4bd-2-58,6,t,2026-04-17 10:09:36.026
e473fa1d-a5e2-40ce-8f11-fa3c0d5df9a2,2c9c5075-fc3e-43f9-8fd8-8826d2ff4491,2c9c5075-fc3e-43f9-8fd8-8826d2ff4491-2-21,0,f,2026-04-17 10:09:36.85
bdcabe0c-3a8e-4768-add0-8c75bffb2402,7fd5cf0d-0011-4d38-a68b-2db190070c4f,7fd5cf0d-0011-4d38-a68b-2db190070c4f-2-6,3,t,2026-04-17 10:09:47.274
a9fc7d59-86bc-45ec-a67a-4cc03faab8bd,0c86c28b-6cf4-4e45-b8e8-dcead9cf4422,0c86c28b-6cf4-4e45-b8e8-dcead9cf4422-2-8,0,f,2026-04-17 10:09:47.871
88eb6293-5981-4220-a47c-9876d2a4aa94,58d01453-bdf3-462d-b2cc-cc8e0a11f4bd,58d01453-bdf3-462d-b2cc-cc8e0a11f4bd-2-62,4,t,2026-04-17 10:10:07.601
e09f3e49-bdaa-47b8-be81-7bbe1b1aba57,ee1ce29b-7c86-48cd-850f-f5a8ee856031,ee1ce29b-7c86-48cd-850f-f5a8ee856031-2-114,5,t,2026-04-17 10:10:03.594
3e77e282-2e7c-4b8f-a3c8-9d8d0f1ffb97,58d01453-bdf3-462d-b2cc-cc8e0a11f4bd,58d01453-bdf3-462d-b2cc-cc8e0a11f4bd-2-61,6,t,2026-04-17 10:09:58.119
666c92a8-e2fc-4fb1-aafd-716ac82a173c,58d01453-bdf3-462d-b2cc-cc8e0a11f4bd,58d01453-bdf3-462d-b2cc-cc8e0a11f4bd-2-63,6,t,2026-04-17 10:10:15.515
644b0eb5-7bf7-469b-9aeb-56bb21f25bd6,cc05ec87-7c5a-487a-ae32-a062360e9d82,cc05ec87-7c5a-487a-ae32-a062360e9d82-2-1,3,t,2026-04-17 10:17:29.984
953bd0f3-6e8c-4c03-9519-ec80ac4f9985,0fae6e06-cdbd-4916-912b-1b5686e37eb1,0fae6e06-cdbd-4916-912b-1b5686e37eb1-2-9,3,t,2026-04-17 10:11:06.116
31cf09dd-329b-481e-9ee3-7db868600125,5baa4199-f690-42c7-991f-31d0646a38d9,5baa4199-f690-42c7-991f-31d0646a38d9-2-8,0,f,2026-04-17 10:11:25.203
e09f7422-17b4-46e4-b391-96c1c5e1a1c4,58d01453-bdf3-462d-b2cc-cc8e0a11f4bd,58d01453-bdf3-462d-b2cc-cc8e0a11f4bd-2-64,5,t,2026-04-17 10:10:23.734
5e8d06b9-4dac-4f48-8c09-b2672e99016f,3f35d82d-8219-48ac-8c4b-26f8bcb2a6bc,3f35d82d-8219-48ac-8c4b-26f8bcb2a6bc-2-5,3,t,2026-04-17 10:10:30.489
3fd0b6dd-f9cf-404b-b618-3881ffce0391,287ebd44-f7f4-4f63-95f6-f81075012370,287ebd44-f7f4-4f63-95f6-f81075012370-2-20,3,t,2026-04-17 10:11:34.355
6c19e143-56fc-49eb-ad9f-8d6a1ef25e18,259106ed-1eae-4fe8-9c4b-383e40260584,259106ed-1eae-4fe8-9c4b-383e40260584-2-7,1,f,2026-04-17 10:10:43.345
a00445aa-5671-4402-8f17-9a163f8a598e,56d52538-da5f-4448-825e-dd9b3af16e58,56d52538-da5f-4448-825e-dd9b3af16e58-2-2,0,f,2026-04-17 10:10:57.965
e668ba76-969f-45f6-a2b0-fda3676ce547,2c9c5075-fc3e-43f9-8fd8-8826d2ff4491,2c9c5075-fc3e-43f9-8fd8-8826d2ff4491-2-23,3,t,2026-04-17 10:12:04.105
e4b89ed8-eca9-4447-b2e7-ac46bf55e375,681a0041-3f56-4baf-9f99-de49e187b870,681a0041-3f56-4baf-9f99-de49e187b870-2-29,0,f,2026-04-17 10:19:28.794
30f79706-d755-4f64-bee7-d0443abc93d8,83fc1576-5e46-4bae-9238-994beccf1bc6,83fc1576-5e46-4bae-9238-994beccf1bc6-2-25,0,f,2026-04-17 10:13:01.089
a9d4c6b9-4880-45ff-b85d-759857e88d7d,58d01453-bdf3-462d-b2cc-cc8e0a11f4bd,58d01453-bdf3-462d-b2cc-cc8e0a11f4bd-2-65,5,t,2026-04-17 10:10:30.898
55ba5322-6374-43ed-9577-92f20595640d,6efda4cf-4eb4-4811-b12a-8d1fb218f1b5,6efda4cf-4eb4-4811-b12a-8d1fb218f1b5-2-13,1,f,2026-04-17 10:10:32.299
50bf1347-c16a-4d5f-9d78-5b0bf8947f98,58d01453-bdf3-462d-b2cc-cc8e0a11f4bd,58d01453-bdf3-462d-b2cc-cc8e0a11f4bd-2-66,6,t,2026-04-17 10:10:41.664
a1ab5f65-e6fd-4bd6-8771-dc545a3cfe28,c9ffd548-293a-4eb4-8a72-16b3ea5f6071,c9ffd548-293a-4eb4-8a72-16b3ea5f6071-2-18,3,t,2026-04-17 10:11:04.144
0c92e26a-b3a5-4581-87c2-5766cfe66f44,a6b190d3-7dec-4ad7-b19a-f57c7b481473,a6b190d3-7dec-4ad7-b19a-f57c7b481473-2-21,3,t,2026-04-17 10:12:49.632
f29f00db-c27d-408e-a57a-e0977fb9b2bb,3322878a-a2b0-419b-a77c-15ee6afe13e5,3322878a-a2b0-419b-a77c-15ee6afe13e5-2-6,3,t,2026-04-17 10:12:38.135
9ecfaaee-2251-473a-91d7-1725867f8be1,08ffa16d-5fda-48dc-97ba-0fa8ad2ec214,08ffa16d-5fda-48dc-97ba-0fa8ad2ec214-2-32,3,t,2026-04-17 10:10:46.008
4a8b23b7-484a-49a2-b69c-6fdcf3c0e981,08b9e6da-978e-48e0-ad00-2efc29254f3f,08b9e6da-978e-48e0-ad00-2efc29254f3f-2-11,3,t,2026-04-17 10:11:52.724
c210d074-98dc-4b5d-981d-f5888e3b9107,58d01453-bdf3-462d-b2cc-cc8e0a11f4bd,58d01453-bdf3-462d-b2cc-cc8e0a11f4bd-2-67,5,t,2026-04-17 10:10:50.845
f37a4911-6872-4dec-ad99-1838e519c27f,5baa4199-f690-42c7-991f-31d0646a38d9,5baa4199-f690-42c7-991f-31d0646a38d9-2-9,3,t,2026-04-17 10:12:43.459
70d44524-66ab-47b4-ae3c-937686dcdb64,aeaad491-0cc9-4538-9c99-6e5b7bd30d1b,aeaad491-0cc9-4538-9c99-6e5b7bd30d1b-2-37,3,t,2026-04-17 10:12:48.408
7268394b-5741-4814-b676-d8b3cb69d464,58d01453-bdf3-462d-b2cc-cc8e0a11f4bd,58d01453-bdf3-462d-b2cc-cc8e0a11f4bd-2-68,5,t,2026-04-17 10:11:00.965
c53a0439-51fc-4acd-9ca7-b7666ac0e0b1,02a5f640-7742-4622-a181-86ce4bf7afdc,02a5f640-7742-4622-a181-86ce4bf7afdc-2-119,0,f,2026-04-17 10:11:03.516
f15587df-e998-4eee-9c8e-8c35cd6bf541,287ebd44-f7f4-4f63-95f6-f81075012370,287ebd44-f7f4-4f63-95f6-f81075012370-2-21,3,t,2026-04-17 10:12:50.305
38533ad5-4763-4b6b-ab59-3fd224dc0304,6efda4cf-4eb4-4811-b12a-8d1fb218f1b5,6efda4cf-4eb4-4811-b12a-8d1fb218f1b5-2-110,3,t,2026-04-17 10:11:13.049
efac920c-1bb2-4328-8e69-3d5794d13ece,58d01453-bdf3-462d-b2cc-cc8e0a11f4bd,58d01453-bdf3-462d-b2cc-cc8e0a11f4bd-2-74,14,t,2026-04-17 10:12:03.419
f6d6b3e0-cf7d-454d-925a-bb22360fd73f,95b4713c-2d16-4eca-8fe7-b71e4ebdc3db,95b4713c-2d16-4eca-8fe7-b71e4ebdc3db-2-20,2,f,2026-04-17 10:11:16.754
6deb07ec-6907-4ab0-b60c-598ecf3979cb,0bdf1b36-32e6-44bb-8f3f-d925932add35,0bdf1b36-32e6-44bb-8f3f-d925932add35-2-15,0,f,2026-04-17 10:11:17.592
dd0b1bdf-eb68-4a6d-b7e1-7bf13914668f,02a5f640-7742-4622-a181-86ce4bf7afdc,02a5f640-7742-4622-a181-86ce4bf7afdc-2-120,1,f,2026-04-17 10:11:17.612
5ad9afc0-48dc-4f75-9871-cb55c031bf66,932de40d-6b96-42d3-8421-c6bd8974ab92,932de40d-6b96-42d3-8421-c6bd8974ab92-2-14,0,f,2026-04-17 10:12:56.633
7af8f2bb-bf30-44ff-bf36-db63cd331614,08ffa16d-5fda-48dc-97ba-0fa8ad2ec214,08ffa16d-5fda-48dc-97ba-0fa8ad2ec214-2-33,0,f,2026-04-17 10:14:11.356
7b0d2aa8-b98f-4f76-8d53-27e879b59215,0c86c28b-6cf4-4e45-b8e8-dcead9cf4422,0c86c28b-6cf4-4e45-b8e8-dcead9cf4422-2-10,3,t,2026-04-17 10:11:20.073
e5cb3499-b709-4735-8b26-b3667cc03bf3,3e67364b-1669-4370-9904-fa584023f4e1,3e67364b-1669-4370-9904-fa584023f4e1-2-10,3,t,2026-04-17 10:11:28.839
aa58a36d-900b-44e1-b7c5-e6ff67b3e3c8,0fe6c4b2-51f6-4335-8018-6048d4d289a1,0fe6c4b2-51f6-4335-8018-6048d4d289a1-2-72,2,f,2026-04-17 10:11:31.434
46b50538-1340-4530-9227-88d5476b5702,932de40d-6b96-42d3-8421-c6bd8974ab92,932de40d-6b96-42d3-8421-c6bd8974ab92-2-15,3,t,2026-04-17 10:12:19.973
61794d41-0804-4e02-8150-3e05b9b682c9,58d01453-bdf3-462d-b2cc-cc8e0a11f4bd,58d01453-bdf3-462d-b2cc-cc8e0a11f4bd-2-73,13,t,2026-04-17 10:11:55.913
7811d134-63ca-4974-ad7d-82b1293b1dcb,0fe6c4b2-51f6-4335-8018-6048d4d289a1,0fe6c4b2-51f6-4335-8018-6048d4d289a1-2-73,2,f,2026-04-17 10:11:58.272
10d78cc8-0ca0-444d-ad31-f3ab37669326,c7cebb6f-4ce3-4ec5-8846-3ed1bf6c8dbe,c7cebb6f-4ce3-4ec5-8846-3ed1bf6c8dbe-2-75,0,f,2026-04-17 10:12:02.194
8ce0d363-b8ef-4bd0-bce5-9fc3be97d824,495d6ec5-2846-4068-b1a9-afa26ece5ac9,495d6ec5-2846-4068-b1a9-afa26ece5ac9-2-72,4,t,2026-04-17 10:12:34.468
9f84bc20-debc-4f0a-ae24-60929ee3fba2,e41d9c3d-d076-4e58-960a-aa31d0e90b47,e41d9c3d-d076-4e58-960a-aa31d0e90b47-2-8,2,f,2026-04-17 10:11:06.231
2cf4a805-124f-44d4-a47d-88a706b9e4e2,49c11042-6782-4e99-b97b-2acc0dd9899a,49c11042-6782-4e99-b97b-2acc0dd9899a-2-5,0,f,2026-04-17 10:11:44.837
e3322eae-6874-4844-a221-73b444ef3715,0fae6e06-cdbd-4916-912b-1b5686e37eb1,0fae6e06-cdbd-4916-912b-1b5686e37eb1-2-11,1,f,2026-04-17 10:12:18.975
ca7c2b81-af8d-4615-8a3a-cf9b3333f7d7,110b144f-49c6-4389-956c-8da441b92de7,110b144f-49c6-4389-956c-8da441b92de7-2-18,0,f,2026-04-17 10:13:20.952
0921e175-a747-42d2-a06f-64ac988aa4f6,58d01453-bdf3-462d-b2cc-cc8e0a11f4bd,58d01453-bdf3-462d-b2cc-cc8e0a11f4bd-2-77,16,t,2026-04-17 10:12:32.864
b246302e-c783-423d-a563-aa0806d33b07,0ff9973f-4597-43ee-bb87-975152c88d6c,0ff9973f-4597-43ee-bb87-975152c88d6c-2-145,1,f,2026-04-17 10:12:36.109
557dc58d-12b2-4747-90eb-ac4ae5695c93,f10642fb-f989-4614-b086-067ddf239150,f10642fb-f989-4614-b086-067ddf239150-2-7,1,f,2026-04-17 10:12:39.812
06138931-018a-426f-93ed-bace5aeb7939,58d01453-bdf3-462d-b2cc-cc8e0a11f4bd,58d01453-bdf3-462d-b2cc-cc8e0a11f4bd-2-69,10,t,2026-04-17 10:11:21.262
0c99e342-3952-48c7-9ed9-fa62207bfc9c,1a94d1fc-a7f8-4bf4-a15e-d0ac8d2c0f3e,1a94d1fc-a7f8-4bf4-a15e-d0ac8d2c0f3e-2-3,2,f,2026-04-17 10:11:27.872
2d163304-f8a5-4177-a7eb-76382c1c016c,2c9c5075-fc3e-43f9-8fd8-8826d2ff4491,2c9c5075-fc3e-43f9-8fd8-8826d2ff4491-2-24,3,t,2026-04-17 10:12:59.664
d77a9eac-9c3d-4db3-a5b3-2c59b0ab5b57,58d01453-bdf3-462d-b2cc-cc8e0a11f4bd,58d01453-bdf3-462d-b2cc-cc8e0a11f4bd-2-72,13,t,2026-04-17 10:11:47.17
68c209d4-ebcf-49f5-a4dc-3fba8d7fd4a8,58d01453-bdf3-462d-b2cc-cc8e0a11f4bd,58d01453-bdf3-462d-b2cc-cc8e0a11f4bd-2-82,5,t,2026-04-17 10:13:45.593
2786b5ec-b3d7-4fa4-acac-ebb944747b67,58d01453-bdf3-462d-b2cc-cc8e0a11f4bd,58d01453-bdf3-462d-b2cc-cc8e0a11f4bd-2-70,10,t,2026-04-17 10:11:32.204
2a3e4a83-6b61-4a19-af07-7ece6b4c95a0,287ebd44-f7f4-4f63-95f6-f81075012370,287ebd44-f7f4-4f63-95f6-f81075012370-2-22,0,f,2026-04-17 10:13:26.781
12bdf67f-e6a1-4d31-80e6-5b73d19d2aa7,4d8bb69d-3f26-4ad0-ab62-8a6eb4d5d9e3,4d8bb69d-3f26-4ad0-ab62-8a6eb4d5d9e3-2-44,0,f,2026-04-17 10:11:57.488
56cf35ad-3e1a-4af6-a64e-1e31f2c1b17b,ba1b79f1-b218-42e0-90c9-515c590bfb5c,ba1b79f1-b218-42e0-90c9-515c590bfb5c-2-36,1,f,2026-04-17 10:12:01.956
a4f2e02b-4206-4dfa-9f00-b03e13a5ee02,58d01453-bdf3-462d-b2cc-cc8e0a11f4bd,58d01453-bdf3-462d-b2cc-cc8e0a11f4bd-2-76,14,t,2026-04-17 10:12:24.251
bdb1ae41-d413-48db-b3a2-f253a6a8e2fb,49c11042-6782-4e99-b97b-2acc0dd9899a,49c11042-6782-4e99-b97b-2acc0dd9899a-2-6,3,t,2026-04-17 10:13:03.247
e28254f0-90a3-438d-b5b3-40294f20da2f,e8a33cee-af55-4118-b509-ddfd03230674,e8a33cee-af55-4118-b509-ddfd03230674-2-4,2,f,2026-04-17 10:13:30.868
803015f2-ac51-4803-b255-84e12bf75551,58d01453-bdf3-462d-b2cc-cc8e0a11f4bd,58d01453-bdf3-462d-b2cc-cc8e0a11f4bd-2-79,3,t,2026-04-17 10:13:03.339
7651e96f-0d12-4805-a6e0-0242d994d83a,0ad19c41-e1bb-4f72-85ba-e9831152740d,0ad19c41-e1bb-4f72-85ba-e9831152740d-2-5,0,f,2026-04-17 10:13:45.861
fea0c845-dda6-4b90-885d-255022adf396,d18b547b-ebb5-4909-87b9-36848e277d54,d18b547b-ebb5-4909-87b9-36848e277d54-2-6,1,f,2026-04-17 10:13:04.111
a5a4c7bc-c7e5-437b-835a-513fb476ca33,58d01453-bdf3-462d-b2cc-cc8e0a11f4bd,58d01453-bdf3-462d-b2cc-cc8e0a11f4bd-2-71,16,t,2026-04-17 10:11:40.579
6ed188ac-1557-4e2f-93c0-ef0821de5b1a,11ac051d-e50b-4de3-9253-981b8a526928,11ac051d-e50b-4de3-9253-981b8a526928-2-94,0,f,2026-04-17 10:13:04.395
f7161c3a-ece1-4c97-b51c-a9ebd3f56b23,0bdf1b36-32e6-44bb-8f3f-d925932add35,0bdf1b36-32e6-44bb-8f3f-d925932add35-2-21,3,t,2026-04-17 10:13:36.27
91089c1f-95e2-4076-9136-04e585e2e68c,58d01453-bdf3-462d-b2cc-cc8e0a11f4bd,58d01453-bdf3-462d-b2cc-cc8e0a11f4bd-2-78,15,t,2026-04-17 10:12:43.744
e092971a-e93e-4df1-840f-494bd12f1882,58d01453-bdf3-462d-b2cc-cc8e0a11f4bd,58d01453-bdf3-462d-b2cc-cc8e0a11f4bd-2-75,14,t,2026-04-17 10:12:12.749
a61ce4c4-e954-4084-b88b-ebe9469e059a,c9ffd548-293a-4eb4-8a72-16b3ea5f6071,c9ffd548-293a-4eb4-8a72-16b3ea5f6071-2-28,1,f,2026-04-17 10:12:51.812
e484c67d-e18d-4bd9-a8ff-b68a1733663d,0c86c28b-6cf4-4e45-b8e8-dcead9cf4422,0c86c28b-6cf4-4e45-b8e8-dcead9cf4422-2-13,3,t,2026-04-17 10:13:11.266
309139a2-ceb7-4300-b900-f3c487a89952,3e67364b-1669-4370-9904-fa584023f4e1,3e67364b-1669-4370-9904-fa584023f4e1-2-8,3,t,2026-04-17 10:12:52.705
b41ff4ec-5c33-4830-9c2d-dd3d67bf9095,932de40d-6b96-42d3-8421-c6bd8974ab92,932de40d-6b96-42d3-8421-c6bd8974ab92-2-6,1,f,2026-04-17 10:13:18.168
f387ae68-325e-435b-9ad2-7995aea8b17d,58d01453-bdf3-462d-b2cc-cc8e0a11f4bd,58d01453-bdf3-462d-b2cc-cc8e0a11f4bd-2-81,5,t,2026-04-17 10:13:38.158
12644b6b-3167-499a-866e-27f04f03eb54,58d01453-bdf3-462d-b2cc-cc8e0a11f4bd,58d01453-bdf3-462d-b2cc-cc8e0a11f4bd-2-80,4,t,2026-04-17 10:13:32.129
f7aebf4b-2a69-4350-8ee1-d5743cd1b70e,08b9e6da-978e-48e0-ad00-2efc29254f3f,08b9e6da-978e-48e0-ad00-2efc29254f3f-2-12,3,t,2026-04-17 10:13:36.728
65ff22c1-bb04-4445-b248-31d4beeb32e8,7afa437d-92ff-461c-a526-7bcc284e9e63,7afa437d-92ff-461c-a526-7bcc284e9e63-2-34,3,t,2026-04-17 10:13:44.537
927bb7f0-e46c-4678-a575-778c3c1efa17,6efda4cf-4eb4-4811-b12a-8d1fb218f1b5,6efda4cf-4eb4-4811-b12a-8d1fb218f1b5-2-117,0,f,2026-04-17 10:14:16.242
44ea32c0-732b-4f86-9c1a-d8e0e2e90fb0,83fc1576-5e46-4bae-9238-994beccf1bc6,83fc1576-5e46-4bae-9238-994beccf1bc6-2-27,0,f,2026-04-17 10:13:45.283
036ea9b3-4082-4a22-a69b-33f979b17d31,e9ce6a43-ca43-4754-ac6e-3c0c6cb32692,e9ce6a43-ca43-4754-ac6e-3c0c6cb32692-2-6,3,t,2026-04-17 10:13:52.26
8cc596ec-6861-4ba9-af7b-ebe1608701c8,a6b190d3-7dec-4ad7-b19a-f57c7b481473,a6b190d3-7dec-4ad7-b19a-f57c7b481473-2-22,3,t,2026-04-17 10:13:53.813
eedafbd8-8efa-4dda-9a3e-4c0627d2fadd,9614eb1b-7eed-468d-be6b-99e39ace6227,9614eb1b-7eed-468d-be6b-99e39ace6227-2-6,3,t,2026-04-17 10:14:28.065
ab405e41-f522-4f84-8882-d9ee4d845ddc,58d01453-bdf3-462d-b2cc-cc8e0a11f4bd,58d01453-bdf3-462d-b2cc-cc8e0a11f4bd-2-86,4,t,2026-04-17 10:14:03.861
cc83384e-c58b-40d3-a9b3-4b40927ade39,932de40d-6b96-42d3-8421-c6bd8974ab92,932de40d-6b96-42d3-8421-c6bd8974ab92-2-16,0,f,2026-04-17 10:14:38.787
57ff9b55-b803-4e5d-8df8-9e1a333a38e3,0c86c28b-6cf4-4e45-b8e8-dcead9cf4422,0c86c28b-6cf4-4e45-b8e8-dcead9cf4422-2-14,3,t,2026-04-17 10:14:04.336
659afa37-70e9-4d00-89b7-d1c4fd6effd4,58d01453-bdf3-462d-b2cc-cc8e0a11f4bd,58d01453-bdf3-462d-b2cc-cc8e0a11f4bd-2-88,7,t,2026-04-17 10:14:53.573
d9995cb4-5a33-4996-bbf4-5f2c2078b54e,58d01453-bdf3-462d-b2cc-cc8e0a11f4bd,58d01453-bdf3-462d-b2cc-cc8e0a11f4bd-2-89,5,t,2026-04-17 10:15:02.27
c8633c2c-1085-4a33-b904-14673f97d74a,56d52538-da5f-4448-825e-dd9b3af16e58,56d52538-da5f-4448-825e-dd9b3af16e58-2-6,3,t,2026-04-17 10:16:00.922
344a5c7f-264c-40be-a081-5198a9169202,08b9e6da-978e-48e0-ad00-2efc29254f3f,08b9e6da-978e-48e0-ad00-2efc29254f3f-2-13,3,t,2026-04-17 10:17:13.204
9aea661a-2474-4107-9a8e-d8b095ac72fd,1a94d1fc-a7f8-4bf4-a15e-d0ac8d2c0f3e,1a94d1fc-a7f8-4bf4-a15e-d0ac8d2c0f3e-2-6,4,t,2026-04-17 10:14:06.952
eb4d35da-a583-4c37-9124-5340d3550c49,7fd5cf0d-0011-4d38-a68b-2db190070c4f,7fd5cf0d-0011-4d38-a68b-2db190070c4f-2-15,0,f,2026-04-17 10:18:27.238
91779f66-e090-4040-9488-55c776cd9fc6,58d01453-bdf3-462d-b2cc-cc8e0a11f4bd,58d01453-bdf3-462d-b2cc-cc8e0a11f4bd-2-83,5,t,2026-04-17 10:14:12.62
a5e7eb11-ea9c-4800-80f8-7c16ffcbc9c5,e4ea90f6-083e-47fb-bf16-6234938c6dd5,e4ea90f6-083e-47fb-bf16-6234938c6dd5-2-1,0,f,2026-04-17 10:15:57.231
e4de3f13-f45a-4e92-b0cc-d15a37872071,58d01453-bdf3-462d-b2cc-cc8e0a11f4bd,58d01453-bdf3-462d-b2cc-cc8e0a11f4bd-2-84,5,t,2026-04-17 10:14:22.678
b6ca99ca-afe1-4c1a-b1e5-05d7fe0fcd1d,2c9c5075-fc3e-43f9-8fd8-8826d2ff4491,2c9c5075-fc3e-43f9-8fd8-8826d2ff4491-2-27,0,f,2026-04-17 10:14:26.677
491d1f70-ff8b-4488-a1fe-8a3cc5eb37ba,c8aae197-315d-45a8-b7c9-3558994c1831,c8aae197-315d-45a8-b7c9-3558994c1831-2-13,3,t,2026-04-17 10:14:29.808
07f979ca-248a-431a-a0ab-fa95058ab907,0c86c28b-6cf4-4e45-b8e8-dcead9cf4422,0c86c28b-6cf4-4e45-b8e8-dcead9cf4422-2-20,0,f,2026-04-17 10:18:35.494
9f0206c7-ba31-475f-8a2b-807f1ea6fdf9,a6b190d3-7dec-4ad7-b19a-f57c7b481473,a6b190d3-7dec-4ad7-b19a-f57c7b481473-2-23,3,t,2026-04-17 10:16:19.77
9c8d56c5-fbc9-491a-af40-f81ab8787d02,0bdf1b36-32e6-44bb-8f3f-d925932add35,0bdf1b36-32e6-44bb-8f3f-d925932add35-2-36,0,f,2026-04-17 10:18:40.872
357bb95e-ff8a-412d-9a1a-e8650aa238a5,58d01453-bdf3-462d-b2cc-cc8e0a11f4bd,58d01453-bdf3-462d-b2cc-cc8e0a11f4bd-2-85,5,t,2026-04-17 10:14:35.824
02736091-e12d-4f44-8c85-b000adf0f952,681a0041-3f56-4baf-9f99-de49e187b870,681a0041-3f56-4baf-9f99-de49e187b870-2-41,3,t,2026-04-17 10:16:22.289
dddca303-f97a-42f3-98f1-cd9458b596ca,0bdf1b36-32e6-44bb-8f3f-d925932add35,0bdf1b36-32e6-44bb-8f3f-d925932add35-2-28,0,f,2026-04-17 10:16:24.727
c730fa25-f9ce-4518-a6a4-6f9d72606f98,58d01453-bdf3-462d-b2cc-cc8e0a11f4bd,58d01453-bdf3-462d-b2cc-cc8e0a11f4bd-2-87,6,t,2026-04-17 10:14:42.548
1f7a400a-a8f4-44c3-891d-8c88e663c361,49c11042-6782-4e99-b97b-2acc0dd9899a,49c11042-6782-4e99-b97b-2acc0dd9899a-2-16,3,t,2026-04-17 10:19:30.65
2db79b22-dae8-4ef7-87e1-e2104d49a2bd,cc05ec87-7c5a-487a-ae32-a062360e9d82,cc05ec87-7c5a-487a-ae32-a062360e9d82-2-4,3,t,2026-04-17 10:15:04.247
573b9d4a-d8d4-4fe6-a683-31af14011c13,287ebd44-f7f4-4f63-95f6-f81075012370,287ebd44-f7f4-4f63-95f6-f81075012370-2-23,0,f,2026-04-17 10:15:06.124
3f3568d2-c6a6-4e90-ac57-35daf406b55e,aeaad491-0cc9-4538-9c99-6e5b7bd30d1b,aeaad491-0cc9-4538-9c99-6e5b7bd30d1b-2-41,0,f,2026-04-17 10:15:06.544
f9bec491-cf82-4c9b-872c-8081f38d5097,7fd5cf0d-0011-4d38-a68b-2db190070c4f,7fd5cf0d-0011-4d38-a68b-2db190070c4f-2-12,0,f,2026-04-17 10:15:21.88
813dc46b-d4b7-4992-8141-131e3b4d56f5,9bb6df29-5afa-4a41-aa19-f45af6d0b8b5,9bb6df29-5afa-4a41-aa19-f45af6d0b8b5-2-31,0,f,2026-04-17 10:19:35.828
e6cb13c6-674e-41d5-bc4e-f71bee2f3235,58d01453-bdf3-462d-b2cc-cc8e0a11f4bd,58d01453-bdf3-462d-b2cc-cc8e0a11f4bd-2-92,7,t,2026-04-17 10:16:27.418
54325fa7-0f33-4fa4-a08a-d09b4f83a536,e4ea90f6-083e-47fb-bf16-6234938c6dd5,e4ea90f6-083e-47fb-bf16-6234938c6dd5-2-4,0,f,2026-04-17 10:16:28.312
d8cd1512-0754-45dc-aa3b-d059ad40e5d7,aeaad491-0cc9-4538-9c99-6e5b7bd30d1b,aeaad491-0cc9-4538-9c99-6e5b7bd30d1b-2-44,0,f,2026-04-17 10:16:29.89
a2da8917-f891-4bd8-8ffc-49f4a7d3fb1d,7fd5cf0d-0011-4d38-a68b-2db190070c4f,7fd5cf0d-0011-4d38-a68b-2db190070c4f-2-13,0,f,2026-04-17 10:16:40.703
535a7eac-8b93-4e2d-ac43-4ace1fbe77e3,83fc1576-5e46-4bae-9238-994beccf1bc6,83fc1576-5e46-4bae-9238-994beccf1bc6-2-47,4,t,2026-04-17 10:19:09.567
bd683ef1-764c-4765-a270-9e415020579a,1a94d1fc-a7f8-4bf4-a15e-d0ac8d2c0f3e,1a94d1fc-a7f8-4bf4-a15e-d0ac8d2c0f3e-2-7,4,t,2026-04-17 10:17:01.092
ccb6f705-5359-4d42-b09d-edb9a43e45a6,110b144f-49c6-4389-956c-8da441b92de7,110b144f-49c6-4389-956c-8da441b92de7-2-24,3,t,2026-04-17 10:27:54.638
89e0fd91-e717-4d46-9d13-eac184d0db29,56d52538-da5f-4448-825e-dd9b3af16e58,56d52538-da5f-4448-825e-dd9b3af16e58-2-9,3,t,2026-04-17 10:19:23.654
7b5f88b2-ff07-49dc-8c25-c0e21bd03bca,110b144f-49c6-4389-956c-8da441b92de7,110b144f-49c6-4389-956c-8da441b92de7-2-106,2,f,2026-04-17 10:28:47.865
62439a7c-a7b2-4b80-8952-e72a73862889,0c86c28b-6cf4-4e45-b8e8-dcead9cf4422,0c86c28b-6cf4-4e45-b8e8-dcead9cf4422-2-21,3,t,2026-04-17 10:19:27.467
3572743b-92d8-4566-a2e2-cfe55274ef15,58d01453-bdf3-462d-b2cc-cc8e0a11f4bd,58d01453-bdf3-462d-b2cc-cc8e0a11f4bd-2-95,6,t,2026-04-17 10:17:00.143
a6da13cd-f944-449d-82c8-7a9438040327,58d01453-bdf3-462d-b2cc-cc8e0a11f4bd,58d01453-bdf3-462d-b2cc-cc8e0a11f4bd-2-90,3,t,2026-04-17 10:15:14.98
6f6b28f3-5f34-4cbd-b2ed-e5623b5c27fc,11ac051d-e50b-4de3-9253-981b8a526928,11ac051d-e50b-4de3-9253-981b8a526928-2-131,0,f,2026-04-17 10:17:01.659
364b4e05-14ab-4687-b522-c033e2e18700,14f5e49b-d78a-4b35-93a4-c14dd523a2cb,14f5e49b-d78a-4b35-93a4-c14dd523a2cb-2-25,3,t,2026-04-17 10:19:05.705
8ea0c3a9-c2f9-4013-a30e-c7d7a9f0ee99,2c9c5075-fc3e-43f9-8fd8-8826d2ff4491,2c9c5075-fc3e-43f9-8fd8-8826d2ff4491-2-37,4,t,2026-04-17 10:17:54.389
a1ffa4f9-8132-4044-ac15-f32bac947c96,58d01453-bdf3-462d-b2cc-cc8e0a11f4bd,58d01453-bdf3-462d-b2cc-cc8e0a11f4bd-2-91,7,t,2026-04-17 10:15:26.287
93d518df-afbb-44ee-9bed-4a0fb1bd9317,08ffa16d-5fda-48dc-97ba-0fa8ad2ec214,08ffa16d-5fda-48dc-97ba-0fa8ad2ec214-2-37,0,f,2026-04-17 10:15:39.505
de0d3a8f-e83f-43c9-95fe-55ffda6be2c8,110b144f-49c6-4389-956c-8da441b92de7,110b144f-49c6-4389-956c-8da441b92de7-2-103,1,f,2026-04-17 10:17:59.174
2c31ee4c-c1ac-4859-8b51-6ca78d815304,49247d98-f3ca-4858-ae94-383e1e7323ad,49247d98-f3ca-4858-ae94-383e1e7323ad-2-51,0,f,2026-04-17 10:18:00.927
79fbacb6-4903-4ca7-b065-c1d34b05e157,14f5e49b-d78a-4b35-93a4-c14dd523a2cb,14f5e49b-d78a-4b35-93a4-c14dd523a2cb-2-21,3,t,2026-04-17 10:16:18.143
b0359209-2582-4d85-9020-6acad9cd5896,14f5e49b-d78a-4b35-93a4-c14dd523a2cb,14f5e49b-d78a-4b35-93a4-c14dd523a2cb-2-23,0,f,2026-04-17 10:18:11.403
ab7daa75-6699-429d-802b-62bf4c4f0d1c,58d01453-bdf3-462d-b2cc-cc8e0a11f4bd,58d01453-bdf3-462d-b2cc-cc8e0a11f4bd-2-96,6,t,2026-04-17 10:17:09.694
97562eb4-64f8-415b-bee4-b35d1b6d7687,6c08cb63-873e-4859-b5f1-04224de2cc68,6c08cb63-873e-4859-b5f1-04224de2cc68-2-42,0,f,2026-04-17 10:17:12.779
84e328e9-4e6b-47e4-abc1-dfe260971bdf,58d01453-bdf3-462d-b2cc-cc8e0a11f4bd,58d01453-bdf3-462d-b2cc-cc8e0a11f4bd-2-93,6,t,2026-04-17 10:16:35.258
8d8603cf-d673-4870-8957-bb7c1f93ea51,58d01453-bdf3-462d-b2cc-cc8e0a11f4bd,58d01453-bdf3-462d-b2cc-cc8e0a11f4bd-2-98,6,t,2026-04-17 10:17:27.252
b98946eb-8c9c-4373-b9ce-8d43da50b0e6,02a5f640-7742-4622-a181-86ce4bf7afdc,02a5f640-7742-4622-a181-86ce4bf7afdc-2-88,1,f,2026-04-17 10:17:16.22
274e5b51-704a-4a5b-b751-a5dc47c25b19,58d01453-bdf3-462d-b2cc-cc8e0a11f4bd,58d01453-bdf3-462d-b2cc-cc8e0a11f4bd-2-94,5,t,2026-04-17 10:16:43.341
4ebfbb71-4499-41d0-8eeb-e0934cccdead,3322878a-a2b0-419b-a77c-15ee6afe13e5,3322878a-a2b0-419b-a77c-15ee6afe13e5-2-10,3,t,2026-04-17 10:17:32.175
74cdaccd-7395-423d-9f95-81d1028f31db,83fc1576-5e46-4bae-9238-994beccf1bc6,83fc1576-5e46-4bae-9238-994beccf1bc6-2-38,4,t,2026-04-17 10:16:50.673
7c0c437c-d9ac-4272-90a8-0a691265aff4,58d01453-bdf3-462d-b2cc-cc8e0a11f4bd,58d01453-bdf3-462d-b2cc-cc8e0a11f4bd-2-97,5,t,2026-04-17 10:17:20.388
787ff5d9-5d06-4df3-9643-105803f83eff,e4ea90f6-083e-47fb-bf16-6234938c6dd5,e4ea90f6-083e-47fb-bf16-6234938c6dd5-2-10,0,f,2026-04-17 10:18:55.712
71b9a386-12a6-492c-a130-589996914504,e4ea90f6-083e-47fb-bf16-6234938c6dd5,e4ea90f6-083e-47fb-bf16-6234938c6dd5-2-6,3,t,2026-04-17 10:17:35.772
ccbe72fa-936f-4991-b710-9e487eb7c178,a6b190d3-7dec-4ad7-b19a-f57c7b481473,a6b190d3-7dec-4ad7-b19a-f57c7b481473-2-25,3,t,2026-04-17 10:18:58.505
0635dda8-2aad-4ab2-8d78-b8f39d8a234e,7fd5cf0d-0011-4d38-a68b-2db190070c4f,7fd5cf0d-0011-4d38-a68b-2db190070c4f-2-14,3,t,2026-04-17 10:17:42.206
1778ce23-99b0-4f2c-a40f-5bd6fe55869d,08ffa16d-5fda-48dc-97ba-0fa8ad2ec214,08ffa16d-5fda-48dc-97ba-0fa8ad2ec214-2-41,8,t,2026-04-17 10:17:26.07
8bc6f4fe-72a7-40a4-bc02-bcd7b0af1e51,3e67364b-1669-4370-9904-fa584023f4e1,3e67364b-1669-4370-9904-fa584023f4e1-2-20,3,t,2026-04-17 10:17:44.877
7b9a70db-c8fd-411c-a4f1-c6e6616d1a79,932de40d-6b96-42d3-8421-c6bd8974ab92,932de40d-6b96-42d3-8421-c6bd8974ab92-2-23,0,f,2026-04-17 10:17:47.847
d731d2e6-5d0c-4e13-b188-e1006ddb7023,a6b190d3-7dec-4ad7-b19a-f57c7b481473,a6b190d3-7dec-4ad7-b19a-f57c7b481473-2-24,3,t,2026-04-17 10:17:53.203
aa275358-2f1a-434c-81a6-847ab9c0088e,4d8bb69d-3f26-4ad0-ab62-8a6eb4d5d9e3,4d8bb69d-3f26-4ad0-ab62-8a6eb4d5d9e3-2-69,0,f,2026-04-17 10:19:22.712
4a827a66-274d-4f86-bbe8-51ee4e9c3e9f,08b9e6da-978e-48e0-ad00-2efc29254f3f,08b9e6da-978e-48e0-ad00-2efc29254f3f-2-14,3,t,2026-04-17 10:19:04.561
fc9321a7-c623-46bb-a483-dfa687cf2f06,0bdf1b36-32e6-44bb-8f3f-d925932add35,0bdf1b36-32e6-44bb-8f3f-d925932add35-2-38,3,t,2026-04-17 10:20:53.933
7190c6df-0b06-447b-872c-890a43f6f8ee,a6b190d3-7dec-4ad7-b19a-f57c7b481473,a6b190d3-7dec-4ad7-b19a-f57c7b481473-2-26,3,t,2026-04-17 10:19:32.904
619bc8de-f343-4a99-85cb-6dec88bc6403,e4ea90f6-083e-47fb-bf16-6234938c6dd5,e4ea90f6-083e-47fb-bf16-6234938c6dd5-2-13,2,f,2026-04-17 10:20:20.488
2e636b5e-1d06-416f-92b2-887adb4d8a10,0bdf1b36-32e6-44bb-8f3f-d925932add35,0bdf1b36-32e6-44bb-8f3f-d925932add35-2-37,3,t,2026-04-17 10:19:34.475
2cf886eb-92c0-4a6f-b76b-2840e578c079,3e67364b-1669-4370-9904-fa584023f4e1,3e67364b-1669-4370-9904-fa584023f4e1-2-16,4,t,2026-04-17 10:20:00.943
fee07c9f-1d6b-4cc8-afa1-200c0f9aca01,7fd5cf0d-0011-4d38-a68b-2db190070c4f,7fd5cf0d-0011-4d38-a68b-2db190070c4f-2-16,3,t,2026-04-17 10:20:46.77
17914f82-8ab2-4126-8ecb-18d3faa83327,110b144f-49c6-4389-956c-8da441b92de7,110b144f-49c6-4389-956c-8da441b92de7-2-108,1,f,2026-04-17 10:20:02.391
2e49effd-d3c3-4b42-8621-a9434392758c,a6b190d3-7dec-4ad7-b19a-f57c7b481473,a6b190d3-7dec-4ad7-b19a-f57c7b481473-2-27,0,f,2026-04-17 10:20:18.416
06febee7-3cad-4eab-8730-f715ed5b1146,0c86c28b-6cf4-4e45-b8e8-dcead9cf4422,0c86c28b-6cf4-4e45-b8e8-dcead9cf4422-2-23,0,f,2026-04-17 10:20:33.642
4b8e5e07-3da3-4fed-9b04-cd0cfec0609f,83fc1576-5e46-4bae-9238-994beccf1bc6,83fc1576-5e46-4bae-9238-994beccf1bc6-2-51,4,t,2026-04-17 10:20:24.746
08d4a393-5399-45a9-9258-271516e329d7,14f5e49b-d78a-4b35-93a4-c14dd523a2cb,14f5e49b-d78a-4b35-93a4-c14dd523a2cb-2-26,3,t,2026-04-17 10:20:34.98
64aae08f-24c1-49d4-948d-a2cc54eb6038,56d52538-da5f-4448-825e-dd9b3af16e58,56d52538-da5f-4448-825e-dd9b3af16e58-2-10,3,t,2026-04-17 10:21:34.626
e8ff95e7-3951-4fcf-adb2-152c641043e0,3e67364b-1669-4370-9904-fa584023f4e1,3e67364b-1669-4370-9904-fa584023f4e1-2-11,3,t,2026-04-17 10:20:45.118
04556c37-92d2-40af-b220-8993e58fd244,a6b190d3-7dec-4ad7-b19a-f57c7b481473,a6b190d3-7dec-4ad7-b19a-f57c7b481473-2-29,0,f,2026-04-17 10:20:50.057
0449d845-d768-477a-88f8-8d465a7e047e,3e67364b-1669-4370-9904-fa584023f4e1,3e67364b-1669-4370-9904-fa584023f4e1-2-7,3,t,2026-04-17 10:21:13.279
4771ec54-bb4d-461b-bbae-e081df5a0de2,14f5e49b-d78a-4b35-93a4-c14dd523a2cb,14f5e49b-d78a-4b35-93a4-c14dd523a2cb-2-27,0,f,2026-04-17 10:21:18.423
37930cad-b00a-4466-ad35-c6700104f730,cc05ec87-7c5a-487a-ae32-a062360e9d82,cc05ec87-7c5a-487a-ae32-a062360e9d82-2-2,0,f,2026-04-17 10:21:34.438
e5c75f3f-e72d-43ae-a62a-6896cc27ce6c,9614eb1b-7eed-468d-be6b-99e39ace6227,9614eb1b-7eed-468d-be6b-99e39ace6227-2-14,3,t,2026-04-17 10:21:25.327
44deebbb-0281-4584-ae6f-4d575721a7f7,08b9e6da-978e-48e0-ad00-2efc29254f3f,08b9e6da-978e-48e0-ad00-2efc29254f3f-2-15,3,t,2026-04-17 10:21:34.364
cd20dd23-485f-448f-a3ca-feba2b8a48f3,0bdf1b36-32e6-44bb-8f3f-d925932add35,0bdf1b36-32e6-44bb-8f3f-d925932add35-2-39,0,f,2026-04-17 10:21:34.95
42c2f7cb-3621-4d1f-8a62-322d400a37bd,0c86c28b-6cf4-4e45-b8e8-dcead9cf4422,0c86c28b-6cf4-4e45-b8e8-dcead9cf4422-2-25,0,f,2026-04-17 10:21:35.604
9a255ab2-e6d8-4c68-8c55-cdf4f696450a,08b9e6da-978e-48e0-ad00-2efc29254f3f,08b9e6da-978e-48e0-ad00-2efc29254f3f-2-18,3,t,2026-04-17 10:22:17.725
b1322ebf-c90e-4b0b-ae88-3ba533140c95,3e67364b-1669-4370-9904-fa584023f4e1,3e67364b-1669-4370-9904-fa584023f4e1-2-2,3,t,2026-04-17 10:22:20.644
e3de7732-02f4-40a6-8b7d-300eabb20c7c,49c11042-6782-4e99-b97b-2acc0dd9899a,49c11042-6782-4e99-b97b-2acc0dd9899a-2-20,0,f,2026-04-17 10:27:31.131
f4425b5d-f6a7-4e8c-a673-f93ec78ef664,08b9e6da-978e-48e0-ad00-2efc29254f3f,08b9e6da-978e-48e0-ad00-2efc29254f3f-2-16,3,t,2026-04-17 10:21:55.261
cd2071ad-d044-4fe5-aa49-12cfb83f9885,83fc1576-5e46-4bae-9238-994beccf1bc6,83fc1576-5e46-4bae-9238-994beccf1bc6-2-70,0,f,2026-04-17 10:24:31.215
b25f9108-4f1d-4303-9ff4-eb5063f35166,08b9e6da-978e-48e0-ad00-2efc29254f3f,08b9e6da-978e-48e0-ad00-2efc29254f3f-2-17,3,t,2026-04-17 10:22:11.209
1ba4a8b7-7d4e-4fbf-81c6-80a2441ee5ff,3e67364b-1669-4370-9904-fa584023f4e1,3e67364b-1669-4370-9904-fa584023f4e1-2-9,1,f,2026-04-17 10:24:34.062
80b47cb8-7bd7-4074-b094-2981c5697b00,08b9e6da-978e-48e0-ad00-2efc29254f3f,08b9e6da-978e-48e0-ad00-2efc29254f3f-2-19,3,t,2026-04-17 10:22:28.987
10ba0897-ec46-4344-96b6-4e6fae656b82,cc05ec87-7c5a-487a-ae32-a062360e9d82,cc05ec87-7c5a-487a-ae32-a062360e9d82-2-9,3,t,2026-04-17 10:26:23.509
f15ae136-c50b-40a8-b5d8-5320b95787e9,0bdf1b36-32e6-44bb-8f3f-d925932add35,0bdf1b36-32e6-44bb-8f3f-d925932add35-2-40,3,t,2026-04-17 10:22:29.997
287e0cd8-6df9-42c2-967f-3c16c84684e3,08b9e6da-978e-48e0-ad00-2efc29254f3f,08b9e6da-978e-48e0-ad00-2efc29254f3f-2-22,3,t,2026-04-17 10:24:38.045
a8a27040-1cfb-4393-8e32-925a483ec974,7fd5cf0d-0011-4d38-a68b-2db190070c4f,7fd5cf0d-0011-4d38-a68b-2db190070c4f-2-19,0,f,2026-04-17 10:24:40.02
d4294d7a-2294-46ba-b2c5-63097267db36,08b9e6da-978e-48e0-ad00-2efc29254f3f,08b9e6da-978e-48e0-ad00-2efc29254f3f-2-20,3,t,2026-04-17 10:22:48.925
4c782431-826a-4bb9-ab98-491c727e43e9,08b9e6da-978e-48e0-ad00-2efc29254f3f,08b9e6da-978e-48e0-ad00-2efc29254f3f-2-21,3,t,2026-04-17 10:22:56.69
85d403b6-a705-4d90-9fa3-6b54fb79b2ef,14f5e49b-d78a-4b35-93a4-c14dd523a2cb,14f5e49b-d78a-4b35-93a4-c14dd523a2cb-2-41,5,t,2026-04-17 10:28:19.267
e23ca804-f459-486d-b2e7-19139dc2a730,08b9e6da-978e-48e0-ad00-2efc29254f3f,08b9e6da-978e-48e0-ad00-2efc29254f3f-2-25,3,t,2026-04-17 10:23:01.779
55f5d44f-b7a2-441d-8e3f-b19a7628f09c,14f5e49b-d78a-4b35-93a4-c14dd523a2cb,14f5e49b-d78a-4b35-93a4-c14dd523a2cb-2-32,0,f,2026-04-17 10:23:06.452
66526dbf-d380-4015-9811-bed843936e9e,08b9e6da-978e-48e0-ad00-2efc29254f3f,08b9e6da-978e-48e0-ad00-2efc29254f3f-2-24,3,t,2026-04-17 10:25:02.921
40b5a984-2864-4a71-8a0c-e7948e9baed3,0c86c28b-6cf4-4e45-b8e8-dcead9cf4422,0c86c28b-6cf4-4e45-b8e8-dcead9cf4422-2-27,0,f,2026-04-17 10:23:26.776
35a48d47-65e1-46a5-a5d4-d2fbc4b5839d,a6b190d3-7dec-4ad7-b19a-f57c7b481473,a6b190d3-7dec-4ad7-b19a-f57c7b481473-2-37,0,f,2026-04-17 10:23:27.874
c80b69aa-1c9e-44c7-af1b-5797d5e402c6,3322878a-a2b0-419b-a77c-15ee6afe13e5,3322878a-a2b0-419b-a77c-15ee6afe13e5-2-20,3,t,2026-04-17 10:23:38.131
b5b2a304-83fa-43d3-8e27-da849c340921,3e67364b-1669-4370-9904-fa584023f4e1,3e67364b-1669-4370-9904-fa584023f4e1-2-15,3,t,2026-04-17 10:24:14.143
dd48d35e-6815-4f4f-98e6-1aaf432fdc9b,a6b190d3-7dec-4ad7-b19a-f57c7b481473,a6b190d3-7dec-4ad7-b19a-f57c7b481473-2-39,0,f,2026-04-17 10:24:20.077
0339d781-e393-4029-be4a-05359a1c55e2,7fd5cf0d-0011-4d38-a68b-2db190070c4f,7fd5cf0d-0011-4d38-a68b-2db190070c4f-2-20,3,t,2026-04-17 10:26:41.469
78c7086b-09f4-48b2-bc5d-31ac93d0b08b,08b9e6da-978e-48e0-ad00-2efc29254f3f,08b9e6da-978e-48e0-ad00-2efc29254f3f-2-26,3,t,2026-04-17 10:25:16.372
801105b4-624a-44ef-b4db-f20611fad740,e4ea90f6-083e-47fb-bf16-6234938c6dd5,e4ea90f6-083e-47fb-bf16-6234938c6dd5-2-28,0,f,2026-04-17 10:28:22.13
77802a76-235b-45bd-9b2c-5492de31a940,56d52538-da5f-4448-825e-dd9b3af16e58,56d52538-da5f-4448-825e-dd9b3af16e58-2-14,3,t,2026-04-17 10:25:18.458
d14e4525-af04-4d20-b670-4fcff8618612,5528ac60-398d-45aa-9388-7ac369fe12f2,5528ac60-398d-45aa-9388-7ac369fe12f2-2-4,0,f,2026-04-17 10:26:49.006
187fd787-74cc-4a66-bb87-4f183943c5dc,49c11042-6782-4e99-b97b-2acc0dd9899a,49c11042-6782-4e99-b97b-2acc0dd9899a-2-23,3,t,2026-04-17 10:25:30.158
9f1bb8ec-e424-4cfd-927f-8af7bd897012,3e67364b-1669-4370-9904-fa584023f4e1,3e67364b-1669-4370-9904-fa584023f4e1-2-19,1,f,2026-04-17 10:25:37.27
e92f2ebc-dbbd-4331-baec-cc9dbdc18768,681a0041-3f56-4baf-9f99-de49e187b870,681a0041-3f56-4baf-9f99-de49e187b870-2-38,0,f,2026-04-17 10:25:38.766
3c35139c-0149-4b50-8b8f-2d34033a5fbb,5528ac60-398d-45aa-9388-7ac369fe12f2,5528ac60-398d-45aa-9388-7ac369fe12f2-2-6,3,t,2026-04-17 10:27:48.219
039ff52e-4a32-4bd3-8b3f-a9ff346fa41b,cc05ec87-7c5a-487a-ae32-a062360e9d82,cc05ec87-7c5a-487a-ae32-a062360e9d82-2-7,0,f,2026-04-17 10:27:54.419
cf1b7139-0b1d-4564-9055-d49fa2327ffb,0c86c28b-6cf4-4e45-b8e8-dcead9cf4422,0c86c28b-6cf4-4e45-b8e8-dcead9cf4422-2-37,3,t,2026-04-17 10:26:50.244
33050c4d-a8c3-4f64-91f9-8ff906112e4f,3e67364b-1669-4370-9904-fa584023f4e1,3e67364b-1669-4370-9904-fa584023f4e1-2-21,2,f,2026-04-17 10:27:13.451
9dc40629-1b3a-4bd8-8fed-ab385f9e5739,e4ea90f6-083e-47fb-bf16-6234938c6dd5,e4ea90f6-083e-47fb-bf16-6234938c6dd5-2-30,0,f,2026-04-17 10:29:22.543
14194eca-9501-42de-bca4-7060b20f3221,7fd5cf0d-0011-4d38-a68b-2db190070c4f,7fd5cf0d-0011-4d38-a68b-2db190070c4f-2-21,3,t,2026-04-17 10:28:45.633
919b45bc-3dfb-4cb7-ace8-410a15030c99,56d52538-da5f-4448-825e-dd9b3af16e58,56d52538-da5f-4448-825e-dd9b3af16e58-2-15,0,f,2026-04-17 10:27:40.471
98d6aae1-9e4b-43c7-a2b1-cd328c99fc76,110b144f-49c6-4389-956c-8da441b92de7,110b144f-49c6-4389-956c-8da441b92de7-2-120,3,t,2026-04-17 10:27:59.873
67751c80-b60e-4b68-b1fc-85f8dd953f95,5528ac60-398d-45aa-9388-7ac369fe12f2,5528ac60-398d-45aa-9388-7ac369fe12f2-2-7,0,f,2026-04-17 10:28:59.277
80009c83-21d3-4d4a-b6c4-193e0b461580,49c11042-6782-4e99-b97b-2acc0dd9899a,49c11042-6782-4e99-b97b-2acc0dd9899a-2-22,0,f,2026-04-17 10:28:59.367
5a068a7f-b35a-46f7-90f8-783cc9a683b6,cc05ec87-7c5a-487a-ae32-a062360e9d82,cc05ec87-7c5a-487a-ae32-a062360e9d82-2-10,3,t,2026-04-17 10:29:48.009
fbce7768-6519-43be-9904-22dd71e4d604,56d52538-da5f-4448-825e-dd9b3af16e58,56d52538-da5f-4448-825e-dd9b3af16e58-2-16,0,f,2026-04-17 10:29:59.405
385e5e43-a25a-4fbf-b551-6b7f402b49eb,4d8bb69d-3f26-4ad0-ab62-8a6eb4d5d9e3,4d8bb69d-3f26-4ad0-ab62-8a6eb4d5d9e3-2-102,3,t,2026-04-17 10:30:11.59
21f2aa46-e74e-46bf-988f-d701eb478d74,5528ac60-398d-45aa-9388-7ac369fe12f2,5528ac60-398d-45aa-9388-7ac369fe12f2-2-9,0,f,2026-04-17 10:30:17.172
c0b9f80c-e824-42fe-9a12-01384c12dd03,14f5e49b-d78a-4b35-93a4-c14dd523a2cb,14f5e49b-d78a-4b35-93a4-c14dd523a2cb-2-42,0,f,2026-04-17 10:30:17.287
2430493c-4363-4bb9-add2-7a2e543c99c9,cc05ec87-7c5a-487a-ae32-a062360e9d82,cc05ec87-7c5a-487a-ae32-a062360e9d82-2-11,3,t,2026-04-17 10:31:17.039
d5be4643-2ad5-49c4-947c-6683b1a7d86a,56d52538-da5f-4448-825e-dd9b3af16e58,56d52538-da5f-4448-825e-dd9b3af16e58-2-17,0,f,2026-04-17 10:31:02.473
6ad7732b-0d59-4ecb-b271-0396bf1edca9,4d8bb69d-3f26-4ad0-ab62-8a6eb4d5d9e3,4d8bb69d-3f26-4ad0-ab62-8a6eb4d5d9e3-2-103,3,t,2026-04-17 10:31:36.039
40fad220-bdaf-417d-882e-53ddefd48648,7fd5cf0d-0011-4d38-a68b-2db190070c4f,7fd5cf0d-0011-4d38-a68b-2db190070c4f-2-23,0,f,2026-04-17 10:37:45.871
ddd1a871-5ccc-43fc-8562-72fab6cfd432,49c11042-6782-4e99-b97b-2acc0dd9899a,49c11042-6782-4e99-b97b-2acc0dd9899a-2-25,0,f,2026-04-17 10:30:46.72
1478525f-864f-4d58-8315-e52b569c24a4,e4ea90f6-083e-47fb-bf16-6234938c6dd5,e4ea90f6-083e-47fb-bf16-6234938c6dd5-2-48,0,f,2026-04-17 10:31:20.584
245d6f85-54ca-4d71-bd86-cdc63f085bd8,afc95810-8ff4-495b-9031-274ac8712db1,afc95810-8ff4-495b-9031-274ac8712db1-2-102,3,t,2026-04-17 10:31:23.007
74fdd88b-ef2c-4014-ba8f-dc439eba3f63,83fc1576-5e46-4bae-9238-994beccf1bc6,83fc1576-5e46-4bae-9238-994beccf1bc6-2-98,0,f,2026-04-17 10:31:31.781
614101ae-56c6-4b3f-9c63-9a88ac2cd545,5528ac60-398d-45aa-9388-7ac369fe12f2,5528ac60-398d-45aa-9388-7ac369fe12f2-2-11,0,f,2026-04-17 10:31:39.362
498687b7-e647-4bd0-ab3f-caf8f93e6a1d,3e67364b-1669-4370-9904-fa584023f4e1,3e67364b-1669-4370-9904-fa584023f4e1-2-39,3,t,2026-04-17 10:32:26.353
f410fede-bfe4-4707-9acc-a4b1d5f4ad3f,3c422615-b8c0-43fa-a3b3-989660afaee8,3c422615-b8c0-43fa-a3b3-989660afaee8-2-1,0,f,2026-04-17 10:32:40.488
02259bda-c5bd-4224-ab48-f8b5033aa11d,11ac051d-e50b-4de3-9253-981b8a526928,11ac051d-e50b-4de3-9253-981b8a526928-2-1,0,f,2026-04-17 10:34:05.511
0bfbe7d7-58da-4d10-86ed-d0d80ece3e78,cc05ec87-7c5a-487a-ae32-a062360e9d82,cc05ec87-7c5a-487a-ae32-a062360e9d82-2-13,0,f,2026-04-17 10:34:52.586
32e91a89-fa5d-44be-a39b-32f0036c2e19,7fd5cf0d-0011-4d38-a68b-2db190070c4f,7fd5cf0d-0011-4d38-a68b-2db190070c4f-2-26,0,f,2026-04-17 10:38:18.679
145748f7-5031-4b33-8971-c20880e9bc07,0ff9973f-4597-43ee-bb87-975152c88d6c,0ff9973f-4597-43ee-bb87-975152c88d6c-2-21,3,t,2026-04-17 10:32:07.263
a2158663-3877-4068-b154-38792158ce78,08b9e6da-978e-48e0-ad00-2efc29254f3f,08b9e6da-978e-48e0-ad00-2efc29254f3f-2-38,0,f,2026-04-17 10:32:43.583
efc7be1e-d16c-4403-bd82-6782282d2d94,e4ea90f6-083e-47fb-bf16-6234938c6dd5,e4ea90f6-083e-47fb-bf16-6234938c6dd5-2-58,0,f,2026-04-17 10:33:03.209
f96af5f1-2937-4255-b565-1285dc630247,e4ea90f6-083e-47fb-bf16-6234938c6dd5,e4ea90f6-083e-47fb-bf16-6234938c6dd5-2-72,1,f,2026-04-17 10:35:45.18
70950e7f-9c15-42ec-8e91-030a401bb005,9614eb1b-7eed-468d-be6b-99e39ace6227,9614eb1b-7eed-468d-be6b-99e39ace6227-2-24,3,t,2026-04-17 10:33:08.599
f3ed34cd-67c8-4fa2-a88b-c98a507f7008,49c11042-6782-4e99-b97b-2acc0dd9899a,49c11042-6782-4e99-b97b-2acc0dd9899a-2-29,0,f,2026-04-17 10:33:11.843
d234cc5f-4436-4f48-b882-3962f847f54c,a6b190d3-7dec-4ad7-b19a-f57c7b481473,a6b190d3-7dec-4ad7-b19a-f57c7b481473-2-70,0,f,2026-04-17 10:33:21.391
9d5beb6f-1335-462f-bd97-21a2696ead19,2c9c5075-fc3e-43f9-8fd8-8826d2ff4491,2c9c5075-fc3e-43f9-8fd8-8826d2ff4491-2-94,0,f,2026-04-17 10:36:18.159
829fe0dd-c5ff-4367-9e24-90e9e55ac74f,83fc1576-5e46-4bae-9238-994beccf1bc6,83fc1576-5e46-4bae-9238-994beccf1bc6-2-102,3,t,2026-04-17 10:33:22.312
b1475795-855a-435d-9dfd-822c232d8ee4,6c08cb63-873e-4859-b5f1-04224de2cc68,6c08cb63-873e-4859-b5f1-04224de2cc68-2-62,1,f,2026-04-17 10:36:24.668
2febfcb8-9d73-4928-bae4-3f39891997cd,e4ea90f6-083e-47fb-bf16-6234938c6dd5,e4ea90f6-083e-47fb-bf16-6234938c6dd5-2-61,0,f,2026-04-17 10:33:38.762
7114d833-02e3-4f96-95c2-0a1c9b16cc77,e69bd144-2923-49f8-b842-eadfe70293b8,e69bd144-2923-49f8-b842-eadfe70293b8-2-2,3,t,2026-04-17 10:33:45.887
28da02af-ce67-4e21-9da4-e332d38b7279,08b9e6da-978e-48e0-ad00-2efc29254f3f,08b9e6da-978e-48e0-ad00-2efc29254f3f-2-40,0,f,2026-04-17 10:33:54.537
3c48db9b-43d9-441f-9245-1bc035c5b19a,83fc1576-5e46-4bae-9238-994beccf1bc6,83fc1576-5e46-4bae-9238-994beccf1bc6-2-105,3,t,2026-04-17 10:36:26.048
543ef4c7-f0a1-4488-b565-c94066e6235d,5528ac60-398d-45aa-9388-7ac369fe12f2,5528ac60-398d-45aa-9388-7ac369fe12f2-2-13,3,t,2026-04-17 10:34:20.828
613cba70-dd1c-4327-a7dc-44b7781e4544,83fc1576-5e46-4bae-9238-994beccf1bc6,83fc1576-5e46-4bae-9238-994beccf1bc6-2-106,3,t,2026-04-17 10:37:47.636
046854e1-0a56-4e96-9327-ff1402916aff,3c422615-b8c0-43fa-a3b3-989660afaee8,3c422615-b8c0-43fa-a3b3-989660afaee8-2-2,3,t,2026-04-17 10:34:39.483
672c6e36-4d16-440a-818f-85e4b9189d8f,83fc1576-5e46-4bae-9238-994beccf1bc6,83fc1576-5e46-4bae-9238-994beccf1bc6-2-103,3,t,2026-04-17 10:34:43.677
4823e47b-c126-4e8b-9dd2-5e7f91a5f1b9,49247d98-f3ca-4858-ae94-383e1e7323ad,49247d98-f3ca-4858-ae94-383e1e7323ad-2-102,2,f,2026-04-17 10:35:32.979
0cebd815-944f-4845-8a93-977da12c69c2,7fd5cf0d-0011-4d38-a68b-2db190070c4f,7fd5cf0d-0011-4d38-a68b-2db190070c4f-2-38,4,t,2026-04-17 10:36:41.28
858f4b13-66bb-4047-9b86-6db0364b759b,9614eb1b-7eed-468d-be6b-99e39ace6227,9614eb1b-7eed-468d-be6b-99e39ace6227-2-28,4,t,2026-04-17 10:35:35.137
18c2afef-9896-46dd-9560-7e1b6f2634d0,0bdf1b36-32e6-44bb-8f3f-d925932add35,0bdf1b36-32e6-44bb-8f3f-d925932add35-2-87,7,t,2026-04-17 10:36:49.822
56d9a422-f533-437e-8965-f04519a4d39d,5528ac60-398d-45aa-9388-7ac369fe12f2,5528ac60-398d-45aa-9388-7ac369fe12f2-2-16,3,t,2026-04-17 10:37:02.304
bc870f91-7639-4b42-b099-869ae6a592b1,cc05ec87-7c5a-487a-ae32-a062360e9d82,cc05ec87-7c5a-487a-ae32-a062360e9d82-2-14,3,t,2026-04-17 10:37:04.09
d2556eb8-21b7-4ce1-b5ce-d784e1fe4a28,56d52538-da5f-4448-825e-dd9b3af16e58,56d52538-da5f-4448-825e-dd9b3af16e58-2-20,3,t,2026-04-17 10:34:23.933
0c09e8c9-6571-4ee2-adf3-ee25d415d6be,83fc1576-5e46-4bae-9238-994beccf1bc6,83fc1576-5e46-4bae-9238-994beccf1bc6-2-104,3,t,2026-04-17 10:35:30.536
bbf26932-0e70-4599-88b5-56d8dd1d9c54,5528ac60-398d-45aa-9388-7ac369fe12f2,5528ac60-398d-45aa-9388-7ac369fe12f2-2-15,0,f,2026-04-17 10:35:57.899
6489b0bf-b23e-4b59-8eb3-96166d634d28,3c422615-b8c0-43fa-a3b3-989660afaee8,3c422615-b8c0-43fa-a3b3-989660afaee8-2-3,0,f,2026-04-17 10:36:36.371
9e13d1ed-799d-4f76-b71b-0376ba19ce38,3e67364b-1669-4370-9904-fa584023f4e1,3e67364b-1669-4370-9904-fa584023f4e1-2-50,0,f,2026-04-17 10:38:19.474
38048044-132e-46f2-954a-8dfb731c60d0,3c422615-b8c0-43fa-a3b3-989660afaee8,3c422615-b8c0-43fa-a3b3-989660afaee8-2-6,2,f,2026-04-17 10:38:38.797
216ae33a-5405-4cf2-a708-281e970bbc9e,5528ac60-398d-45aa-9388-7ac369fe12f2,5528ac60-398d-45aa-9388-7ac369fe12f2-2-18,2,f,2026-04-17 10:38:39.363
e85d63a7-9eb5-4851-a0a7-30f69833a2bc,e69bd144-2923-49f8-b842-eadfe70293b8,e69bd144-2923-49f8-b842-eadfe70293b8-2-4,0,f,2026-04-17 10:38:50.18
16107dc4-f981-4bfe-9a7a-1bbfb6e2efe8,7fd5cf0d-0011-4d38-a68b-2db190070c4f,7fd5cf0d-0011-4d38-a68b-2db190070c4f-2-32,1,f,2026-04-17 10:38:52.665
be14cd7e-25d7-4d54-9d5f-c2e4e2b03652,3322878a-a2b0-419b-a77c-15ee6afe13e5,3322878a-a2b0-419b-a77c-15ee6afe13e5-2-26,2,f,2026-04-17 10:38:53.969
