id,username,password,email,name,grade,role,expiresAt,isTemporary,reportDownloadedAt,createdAt,schoolId
5508e5e1-0e0a-44fb-b17a-94f0a4aba491,admin,$2b$12$Mn5w2t5oOy06wgwSIZw/kuI9KuFJwb/V8FK4XuMOX/zp0JiaGr1FC,,System Administrator,,ADMIN,,f,,2026-04-16 14:20:53.577,
95f667f5-dc3d-4fcc-a55b-a690f958e838,arsath,$2b$10$lOAwNStw1wiYA2tmX41EE.ao88mLYDMJY4BF.d0S3OQLQhbwNKd6C,,,10a,STUDENT,,f,,2026-04-16 17:44:21.005,
01964126-a6d0-41df-a2c6-de8ea0fc85b5,student003,$2b$08$8YDEsOjRHdjux6gesqza6.E60dsTAEVP1AqYbtvKvztzHYo6LkTN.,,Sample1,10A,STUDENT,2026-04-16 21:26:04.875,t,,2026-04-16 20:26:08.372,85c01773-7911-4671-83c5-d04609c62fdf
bd9fe427-4678-478f-8e1f-df368291d737,vigneshpandian0710,$2b$10$62xPE.VtOEvNkCfd07HTjOFJCRDaUT2UXIj1goDpb05R0zPMR4EeC,vigneshpandian0710@gmail.com,,,STUDENT,,f,,2026-04-17 03:05:40.718,85c01773-7911-4671-83c5-d04609c62fdf
8411cec8-59d6-47e8-b74b-b5523e06d9b2,sandy,$2b$10$XKbk7EPsErFFJ3f/GDwvDOyEbBcy0Dk9XM.zYZvqckw/ty6PWnwbC,sandy@gmaill.com,,,STUDENT,,f,,2026-04-17 03:21:22.045,85c01773-7911-4671-83c5-d04609c62fdf
e37e3c8a-d140-4bd3-a4d6-c89fad743e2a,rithik.r,$2b$08$DV7VrN/k/Caqi5eHPKgnD.02A1MGnrjuuEnNgr9e09Oau6pVk9.uq,tn.nextlord@gmail.com,Rithik R,IX-B,STUDENT,,t,,2026-04-17 04:26:14.912,889ca6ac-586f-4be2-8ddc-20c85fc6dbf5
e399c905-cafb-4199-9439-9f15919d86c2,diya.v,$2b$08$sn5q.Py4ZOFe0DV6zboI5.ewZselSYyPeaMl/IWmdPd5Rn8vDjzdG,,Diya V,IX-B,STUDENT,,t,,2026-04-17 04:26:17.468,889ca6ac-586f-4be2-8ddc-20c85fc6dbf5
778e8e08-a9ec-4dc8-9c22-017dc92ea0cd,mohit.v,$2b$08$/dVCtoQ9PqDNdcJZi0hYNeggR6eeNp0CUow5Nzh9bszZF5JZh/sD2,catchmemohitprahit@gmail.com,Mohit V,XI-A2,STUDENT,,t,,2026-04-17 04:26:22.111,889ca6ac-586f-4be2-8ddc-20c85fc6dbf5
1a76af95-1fba-4730-9ea4-3773d1649d5a,abhinav.barath.s.r,$2b$08$jdxZUeKPh7.EpdM8MhAbTeykcz0lkQVvuaZd4epKZo6.sYweJeInS,abhinavbarath1411@gmail.com,Abhinav Barath S R,XI-A2,STUDENT,,t,,2026-04-17 04:26:22.68,889ca6ac-586f-4be2-8ddc-20c85fc6dbf5
dadd1552-0329-4a3d-9283-c7e9fc178963,jaiajen,$2b$08$UrbWchLlvzbBb.B2RvUWnu6bH3/f7pRGV/4DyN6TwWJMS52w6Pa/e,Anitha.Gnanasekaran007@gmail.com,jaiajen,IX-A,STUDENT,2026-04-17 09:23:38.138,t,,2026-04-17 04:26:02.588,0ba72023-b40e-42fe-9aca-1dbc1346aaa8
e01a3921-ae6e-48fc-a04b-b440ebbaddfb,siddesh,$2b$08$uj7/7rXSYPN/dOuqkJloZeeArPLkux2FD1f8d9gRn2DfWG7vnsP.u,pp1610175@gmail.com,siddesh,IX-A,STUDENT,2026-04-17 07:30:34.527,t,,2026-04-17 04:26:03.663,0ba72023-b40e-42fe-9aca-1dbc1346aaa8
0fedeb0b-ce3d-4ea2-be98-c8ea8439b673,afifa.syed.s,$2b$08$p4X9BilzWoIdIxV8ZFHK2Oly6nTMgSUZsrEwzfx37Qp7WSA0NEufq,sylisyeds@gmail.com,Afifa syed S,IX-A,STUDENT,2026-04-17 09:25:57.008,t,,2026-04-17 04:26:12.38,889ca6ac-586f-4be2-8ddc-20c85fc6dbf5
5acfcb89-71a4-4847-b5ba-b747c0f0c58a,kavya.s.d,$2b$08$0e.FYke7fS5cjleur8Ax5uTSdjUSRJuSa78HZEuRnw.Rq17A.M7QG,kavyadurai123@gmail.com,Kavya S D,IX-A,STUDENT,2026-04-17 09:27:59.958,t,,2026-04-17 04:26:13.013,889ca6ac-586f-4be2-8ddc-20c85fc6dbf5
9651adcc-6e22-42a6-b506-4924d2dbf61b,puneet.j.g,$2b$08$5HCspfDmkSRrY7Jpu4UPQepOuHxZ6RlZqvm1WudyfPWg/WiGrWd6u,puneetgavaskar@gmail.com,Puneet J G,IX-A,STUDENT,2026-04-17 09:30:37.88,t,,2026-04-17 04:26:11.869,889ca6ac-586f-4be2-8ddc-20c85fc6dbf5
4d064b59-db6f-4c00-a7bd-dd47165afed8,renish.kumar.pl,$2b$08$AQW12AK2fyPLEup/y.tJAO8Lwqh52lku.bna3lr6L5a4S2vny3sGW,pl.renishkumar@gmail.com,Renish kumar PL,IX-A,STUDENT,2026-04-17 09:31:08.824,t,,2026-04-17 04:26:11.228,889ca6ac-586f-4be2-8ddc-20c85fc6dbf5
d0f0e917-cd51-470b-8476-db9f2ccd33b4,khavinesh.s,$2b$08$53JPRV8N42nf4L9m1Ejq0.kqhs4VEW.PYUz2wM10JMWysRqjZlffu,,Khavinesh S,IX-D,STUDENT,2026-04-17 09:31:54.043,t,,2026-04-17 04:26:21.506,889ca6ac-586f-4be2-8ddc-20c85fc6dbf5
ad2ea128-38e3-4ed1-a9e9-612e79f000bd,janakan.s,$2b$08$KnJuqWbg54Pm/nEsiySyZeBEWvGZOIiLl0jA.S7Xhmb6JXRa08wsG,janakansenthil2010@gmail.com,Janakan S,XI-A2,STUDENT,2026-04-17 09:42:59.141,t,,2026-04-17 04:26:25.955,889ca6ac-586f-4be2-8ddc-20c85fc6dbf5
57fd170e-8fcf-425e-aafb-34331dbe4494,achyut.s,$2b$08$0glyFBqwfBICTR0s4Oavg.Mgmaaugu9aWA2O2rYcShjQzofr7DIMK,,Achyut S,XI-A2,STUDENT,2026-04-17 09:43:45.859,t,,2026-04-17 04:26:23.835,889ca6ac-586f-4be2-8ddc-20c85fc6dbf5
d39050bd-ce5c-4719-ae39-d694ab777186,nishant.p,$2b$08$ZF0oAXCrsymYRf02car/0uHgGjSMXiT6wSsLXShJJRmEr3CAEJmqu,nishani123@gmail.com,Nishant P,XI-A2,STUDENT,2026-04-17 09:45:54.573,t,,2026-04-17 04:26:24.351,889ca6ac-586f-4be2-8ddc-20c85fc6dbf5
21d53331-bf7e-4a4a-8242-daa5236fc398,surya.a,$2b$08$vMATWhFgw3wouoTrzQv9OOJsK2o2nXgCKCF.X2k7s32BFDkgsECRW,,Surya A,XI-A2,STUDENT,2026-04-17 09:46:58.693,t,,2026-04-17 04:26:25.035,889ca6ac-586f-4be2-8ddc-20c85fc6dbf5
1d9c5d60-e2bb-4d62-a4fe-23e4d269f411,abinav.k.v,$2b$08$FNSTMJKcoKAQbOpd3D3IFO5Y0HD6epG.6HOkP09McMBOHqFelKF0e,abina7411@gmail.com,Abinav K V,XI-A2,STUDENT,2026-04-17 09:48:28.883,t,,2026-04-17 04:26:23.173,889ca6ac-586f-4be2-8ddc-20c85fc6dbf5
1a94d1fc-a7f8-4bf4-a15e-d0ac8d2c0f3e,samvida.g,$2b$08$pqkxe.C6jtv.hcsQ2iT0aevzV43gFDkXKlTKtrQhzHelps0IodNU2,ganga.mech2006@gmailcom,Samvida G,IX-A,STUDENT,2026-04-17 10:17:16.769,t,,2026-04-17 04:26:10.584,889ca6ac-586f-4be2-8ddc-20c85fc6dbf5
ee167702-12fb-4e79-9b71-c1a3d0ee55dd,bragathi.k.g,$2b$08$.Oj7nPI2O13fLEWE6eNJBOv9j2CtwZv8uUPNxy7Xdf8OoWilFZo9C,kgayathri9500@gmail.com,Bragathi K G,IX-A,STUDENT,2026-04-17 10:18:30.124,t,,2026-04-17 04:26:13.667,889ca6ac-586f-4be2-8ddc-20c85fc6dbf5
83fc1576-5e46-4bae-9238-994beccf1bc6,mithun.priyan.p,$2b$08$MS/OSwnORqBv.b6kbd268.QExKkRpdXMsT3i8RDe5Eqjzgf8API1.,godtelesman@gmail.com,Mithun Priyan P,IX-C,STUDENT,2026-04-17 10:45:48.975,t,,2026-04-17 04:26:18.042,889ca6ac-586f-4be2-8ddc-20c85fc6dbf5
08b9e6da-978e-48e0-ad00-2efc29254f3f,gomath.p,$2b$08$ykH.Whh8P8qz/8rsPOVZpON23TzDD/tWZ59eArzHNyoJ7v8Mqd/Fy,,Gomath P,IX-C,STUDENT,2026-04-17 10:48:28.299,t,,2026-04-17 04:26:19.075,889ca6ac-586f-4be2-8ddc-20c85fc6dbf5
3e67364b-1669-4370-9904-fa584023f4e1,vrisha.nihal.r,$2b$08$ZWESXUlVegg9k4Is2JawxOLvl0C/F7jSI6HxAHtkpP9H6WDC8duIK,vrishanihal.r@gmail.com,Vrisha Nihal R,IX-B,STUDENT,2026-04-17 10:49:36.659,t,,2026-04-17 04:26:16.189,889ca6ac-586f-4be2-8ddc-20c85fc6dbf5
0c86c28b-6cf4-4e45-b8e8-dcead9cf4422,raghavi.sadhana.d.m,$2b$08$Uq7j69hrObSsTfON4U5YE.HJdfJhapqmLxbIaIW.DneFHWa7/Thcy,,Raghavi Sadhana D M,IX-B,STUDENT,2026-04-17 10:49:49.433,t,,2026-04-17 04:26:16.828,889ca6ac-586f-4be2-8ddc-20c85fc6dbf5
56d52538-da5f-4448-825e-dd9b3af16e58,vishnu.varthan.r.m,$2b$08$/cp.VXB5RhmwQNdHcMJ5MeLL/Lqqplnl9Py1v9SdGGnf/HSTD922m,morevis20@gmail.com,Vishnu varthan R M,IX-B,STUDENT,2026-04-17 10:53:09.187,t,,2026-04-17 04:26:15.551,889ca6ac-586f-4be2-8ddc-20c85fc6dbf5
9614eb1b-7eed-468d-be6b-99e39ace6227,akhilesh.p,$2b$08$izjv79WjFps4qpAatbVIOOyqaY.kNQbqvEmOViIr3Ac6Q8Uz8eq42,akhilesh2021luffy7@gamil.com,Akhilesh P,IX-C,STUDENT,2026-04-17 10:57:00.205,t,,2026-04-17 04:26:19.642,889ca6ac-586f-4be2-8ddc-20c85fc6dbf5
49c11042-6782-4e99-b97b-2acc0dd9899a,karish.raghav.r,$2b$08$XCTGDQ/maUEbntJoPfFNVOd4qqO8mi3pdBi.bPHgqF6yhE044Ovuu,,Karish Raghav R,IX-C,STUDENT,2026-04-17 10:57:25.66,t,,2026-04-17 04:26:20.148,889ca6ac-586f-4be2-8ddc-20c85fc6dbf5
0bdf1b36-32e6-44bb-8f3f-d925932add35,shivcharan.p.u,$2b$08$Cueid9icaAcE1UdoaWMKUePuZoCApjn/tPxhWDvYRDsyiwmFeb0HW,shivcharan0000013@gmail.com,Shivcharan P U,IX-C,STUDENT,2026-04-17 10:58:24.834,t,,2026-04-17 04:26:20.828,889ca6ac-586f-4be2-8ddc-20c85fc6dbf5
58ae3205-b2a2-4b49-8b06-3db06018640a,sashank.s,$2b$08$4aBwq3mXLjE4E.Vvg4ohEOyEszM7uW4KXBXLoGd5pr4R6mqPHp15C,,Sashank S,XI-A2,STUDENT,,t,,2026-04-17 04:26:26.52,889ca6ac-586f-4be2-8ddc-20c85fc6dbf5
0bf8acec-450c-44e6-899a-2391b1cccaec,sridharan.s,$2b$08$1mPfpJQju3v8XdwjKiodTOues6qNHJhv4hOywrK1jgSx./KpPM3Kq,gayu.somu@gmail.com,Sridharan S,XI-A2,STUDENT,,t,,2026-04-17 04:26:27.275,889ca6ac-586f-4be2-8ddc-20c85fc6dbf5
7eccbf69-14a3-4d28-923a-c3d2ccc15873,surya.kumar,$2b$08$F9ZR.6.pncrLGiDL/PurtOyATZIv0TBz5Suxxl.tkF7NjZZMEhKKO,,Surya Kumar,VIII-B,STUDENT,,t,,2026-04-17 04:26:32.03,889ca6ac-586f-4be2-8ddc-20c85fc6dbf5
0fe1286b-b294-42e0-8acd-fa377cd166cf,thanikaivel,$2b$08$xhCkSNE3fyyJgAVgrZdOd.r2JC9kzuLaKrzlwmScl85.XRxPWbEFq,,Thanikaivel,VIII-C,STUDENT,,t,,2026-04-17 04:26:39.578,889ca6ac-586f-4be2-8ddc-20c85fc6dbf5
28a02786-d533-4a1f-b44e-67895fa8cb4a,lakshaya.s.i,$2b$08$1FwLSEJ3Qyzg4chxUmjewO7QARuGl6Y1xyTe2P0k.qUYmgK56.kRS,mr.indumathi@gmail.com,Lakshaya S.I,IX-A,STUDENT,,t,,2026-04-17 04:26:47,cb13ac87-a2df-43d4-a91d-6d83b8e5fdbc
38087dff-7339-42ef-9ba8-dcc9eb36963a,mario.infant.g.s,$2b$08$q5oWC.cHRfRzNaW7xOq6We6dZwE.jXpHOIo0aly.U1RHhjBcQb75a,santhakumari.maths@gmail.com,Mario Infant G.S,VIII-A,STUDENT,2026-04-17 07:30:34.527,t,,2026-04-17 04:26:44.625,cb13ac87-a2df-43d4-a91d-6d83b8e5fdbc
0182159a-8a5a-4562-b230-ec4bd8e2cfc9,nalan.t,$2b$08$e8lPbvCVudF8pSeAQgWQ9uOfW3vT6QcC.XahgYW4lYePSskgpYwiq,nalan9160@gmail.com,Nalan T,VIII-A1,STUDENT,2026-04-17 07:30:34.527,t,,2026-04-17 04:26:38.539,889ca6ac-586f-4be2-8ddc-20c85fc6dbf5
7810aaf2-8dd8-4d53-9477-5442f1103233,m.r.crithivi.ram,$2b$08$CoJ3DSfen7ue8StH5V91EuaMr97NfjsHUwq2XZN/ltXRPgWfuH59u,manikandan@gmail.com,M R Crithivi Ram,VIII-A1,STUDENT,2026-04-17 07:30:34.527,t,,2026-04-17 04:26:37.949,889ca6ac-586f-4be2-8ddc-20c85fc6dbf5
26dad967-6886-4305-b385-3400cde5a964,harshapranaya.v,$2b$08$DYjRzqEq6g206UHnWIFxDuhvlZhZ7r4oAKEXVTXep1fVRDFOOyXXO,saranya48@gmail.com,Harshapranaya V,VIII-A1,STUDENT,2026-04-17 07:30:34.527,t,,2026-04-17 04:26:37.399,889ca6ac-586f-4be2-8ddc-20c85fc6dbf5
4bc0bc61-6cda-4aae-954d-4d7ed465c815,prajith,$2b$08$tZEg2N/HCZEX9o50nyfNSexWt.08es0mWcmHASLruAJ2UpCWLv.vW,,Prajith,VIII-A1,STUDENT,2026-04-17 07:30:34.527,t,,2026-04-17 04:26:39.083,889ca6ac-586f-4be2-8ddc-20c85fc6dbf5
15ef0388-6643-4e15-aae0-5bff9c5c6687,yashwanth.s,$2b$08$CB5iSBatKhN2yLBRuNCCuOS1O7k7dtUWOLk9YjcAyTZe57jZhdxdq,gpsri1972@gmail.com,Yashwanth S,VIII-A,STUDENT,2026-04-17 07:30:34.527,t,,2026-04-17 04:26:45.148,cb13ac87-a2df-43d4-a91d-6d83b8e5fdbc
316d0ef9-3596-406f-974d-3d3bb82172a1,rohit.a.p,$2b$08$1k17ovDcDoUGh13HOuiUQ.4cpj.XXZ/XgzhRl8rlpfHmvjYm5/yKm,sumathy.p09@gmail.com,Rohit A.P,IX-A,STUDENT,2026-04-17 09:31:52.532,t,,2026-04-17 04:26:48.088,cb13ac87-a2df-43d4-a91d-6d83b8e5fdbc
cbda3b01-8d5c-4bca-ae8c-9eef22d085da,sudipta,$2b$08$ym7c7KXQqaONQ7bMrpDFAuRgoNWIEitpo2H0mnCDzgI0W113JP55W,,Sudipta,VIII-A,STUDENT,2026-04-17 07:30:34.527,t,,2026-04-17 04:26:33.132,889ca6ac-586f-4be2-8ddc-20c85fc6dbf5
8f893900-33b1-466b-aa6a-a878ab337074,naga.harshith,$2b$08$iWCtT0Z6OCGp1F786tnE9OyYFy5JwV0hfDmFwoI8BaWE2z8LOK46S,nagaharshith.p@gmail.com,Naga Harshith,VIII-A,STUDENT,2026-04-17 07:30:34.527,t,,2026-04-17 04:26:34.995,889ca6ac-586f-4be2-8ddc-20c85fc6dbf5
1daaac2e-a8cd-417f-8c9f-827df7a64dcf,jaaiwaanthi,$2b$08$bOLBxtkNalhPc/HCf2TqqekdQGEAc03AvgCPCKlDuq29RvvZDh.fe,,Jaaiwaanthi,VIII-A,STUDENT,2026-04-17 07:30:34.527,t,,2026-04-17 04:26:33.79,889ca6ac-586f-4be2-8ddc-20c85fc6dbf5
17b83f64-278e-4ff9-b656-d45937dd4fc4,v.pranavajayan,$2b$08$DelPh1rJh2b1gRaUJUx1Pen8ShjlJSDKH7Sy3RPsYnMH/yMgLnBLG,anitha624@gmail.com,V Pranavajayan,VIII-A1,STUDENT,2026-04-17 07:30:34.527,t,,2026-04-17 04:26:36.83,889ca6ac-586f-4be2-8ddc-20c85fc6dbf5
f18dfe31-9680-4f29-aba5-7726a2b296bf,dhevashree,$2b$08$MHKrpHIs1klW3oTMQkxMRuJ72g7ybXASf.SbM7I4ZuF2kIxFK2v6K,umasomu10@gmail.com,Dhevashree,VIII-A,STUDENT,2026-04-17 07:30:34.527,t,,2026-04-17 04:26:35.548,889ca6ac-586f-4be2-8ddc-20c85fc6dbf5
bf03ae65-a3e8-464a-80ef-12d8d6863c89,sabari.gireesh.b,$2b$08$FtdzAMWQ4vUSMJw556YXL.rBpREbkBtrrLI2IZzaU3BF07Z8LltcW,sabarigireesh093@gmail.com,Sabari Gireesh B,VIII-A,STUDENT,2026-04-17 07:30:34.527,t,,2026-04-17 04:26:45.734,cb13ac87-a2df-43d4-a91d-6d83b8e5fdbc
8feab4a3-20e4-48ff-b9ea-a9cc612ef8cc,rithul.aswath.r.s,$2b$08$kNexIgvK4a73PINgXl6.feb3Rx.B3UJ6rhe3dN6oPq.DpgXuBEJLi,r.s.rithulaswath642@gmail.com,Rithul Aswath R.S,IX-A,STUDENT,2026-04-17 07:30:34.527,t,,2026-04-17 04:26:48.628,cb13ac87-a2df-43d4-a91d-6d83b8e5fdbc
f3322c05-95af-46a3-9829-40332a2135a6,krishav.k,$2b$08$yhHkgQ.LCGAVfNPUc/zI.O1or.kIRzVl1i7OG9iuL/UjnF5GXMlT.,kathir98cs@gmail.com,Krishav K,VIII-A,STUDENT,2026-04-17 07:30:34.527,t,,2026-04-17 04:26:46.471,cb13ac87-a2df-43d4-a91d-6d83b8e5fdbc
902cdc82-6e20-450c-955f-c13491ebf0ef,jishnu,$2b$08$4esuSk0mM6QXOG0UvNykke4mg0Oo.P6nT.h1QUi7.Wpxrr0gLK1K.,sjishnu916@gmail.com,Jishnu,VIII-C,STUDENT,2026-04-17 10:01:03.341,t,,2026-04-17 04:26:40.12,889ca6ac-586f-4be2-8ddc-20c85fc6dbf5
5f42d829-f4be-4762-8706-6ee43f14526b,darunraam.v,$2b$08$dqIYFlrGs1eN6NNvddi8aOCkB/oYZ6/jdHROI96q2w7cnmPU..sC.,darunraam5205@gmail.com,Darunraam V,XI-A2,STUDENT,2026-04-17 09:47:50.15,t,,2026-04-17 04:26:27.89,889ca6ac-586f-4be2-8ddc-20c85fc6dbf5
17476afe-7fbd-4f5a-8266-b5d92173f7ef,vajeem,$2b$08$4qTh6cUAGvxtEN0GfQojR.Fgwl24GuYeNoZL0kLeBFBEYDfa1t3j2,abdulvajeem1@gmail.com,Vajeem,VIII-A,STUDENT,2026-04-17 07:30:34.527,t,,2026-04-17 04:26:32.605,889ca6ac-586f-4be2-8ddc-20c85fc6dbf5
2b6b5f05-2f37-4d80-a478-b16e450f3358,akash.narayanan.r,$2b$08$SHL3q771CSq.THgaAoDjwulj4C8W5q.kxE5gLZLbIrrqr.N7bgc.i,srthamarai85@gmail.com,Akash Narayanan R,IX-A,STUDENT,2026-04-17 09:20:32.965,t,,2026-04-17 04:26:47.503,cb13ac87-a2df-43d4-a91d-6d83b8e5fdbc
941a564c-77b9-48d6-920a-648da559328e,shashvathan,$2b$08$BZcwaZAP5eppvN9T3X20LeRo4tcrKhBMIWAdRvJBj28Gxcs0Vskx2,thangam11@gmail.com,Shashvathan,VIII-C,STUDENT,2026-04-17 10:02:47.063,t,,2026-04-17 04:26:28.397,889ca6ac-586f-4be2-8ddc-20c85fc6dbf5
b90a9c80-0433-49e1-b0ba-06f4234b647e,tharun,$2b$08$I8sy.87pQAIfg6R/fW0mUOG3UnqwIOVEA2OvdM8L5Ig5uvgnPyW7u,manikatan113@gmail.com,Tharun,VIII-B,STUDENT,2026-04-17 10:03:55.739,t,,2026-04-17 04:26:31.391,889ca6ac-586f-4be2-8ddc-20c85fc6dbf5
0909b68c-aaca-4bf2-a2cd-bbdeecdee3e8,ashmitha,$2b$08$ccXQ2Cwzjd2phU3gNOwduudJ2WooYN6H0mMIO5J/MEwIN8JBShaKq,agilapriyadarshini@gmail.com,Ashmitha,VIII-B,STUDENT,2026-04-17 10:05:15.954,t,,2026-04-17 04:26:30.809,889ca6ac-586f-4be2-8ddc-20c85fc6dbf5
0b32d4cc-c2f4-4667-98d4-6ac9580694ec,navanya.mithra,$2b$08$ceKHvGfCBQGXE40dp/jUNes0Rga5PXgsideefMCfEl314vYHwOq5K,udhaya.chandrika@gmail.com,Navanya Mithra,VIII-B,STUDENT,2026-04-17 10:07:59.128,t,,2026-04-17 04:26:30.269,889ca6ac-586f-4be2-8ddc-20c85fc6dbf5
8c7484f8-84c2-475a-97e2-859b7abc6883,jiyasree,$2b$08$NQdn8OQuVwDX2TjBIRPqmefjk1ijfSPft9.b9glK7W38KN1fdmKDS,jiyasree.shakes@gmail.com,Jiyasree,VIII-C,STUDENT,2026-04-17 10:08:42.413,t,,2026-04-17 04:26:28.989,889ca6ac-586f-4be2-8ddc-20c85fc6dbf5
e8ec8ac3-72eb-420a-80e3-1be06708b38c,nivyashree,$2b$08$PXqqmpxvLtx6yfsUCy.hjOqQd5vHUbFqweQcb05eQjXzUSclY5l0G,loganayakinnp@gmail.com,Nivyashree,VIII-C,STUDENT,2026-04-17 10:12:37.41,t,,2026-04-17 04:26:29.628,889ca6ac-586f-4be2-8ddc-20c85fc6dbf5
8b084f2e-30be-4d4e-838b-6cb1d0dccb1e,vinu.varsha.r,$2b$08$ObAHn6ZlW.caF5mMEIg39udo4sJAhkgq9ZB9CZxNkYcu4hFb0XmVC,vinuvarshaa@gmail.com,Vinu Varsha R,IX-A,STUDENT,,t,,2026-04-17 04:26:50.55,cb13ac87-a2df-43d4-a91d-6d83b8e5fdbc
07555dfb-053e-40ec-a3e1-f83834d0f7d8,mohith.kumar.m,$2b$08$/a4tJtVSePnlKR5O2haSwu0NZhQ0DpnUlMJFbydbNMMGI7RCfDyy2,,MOHITH KUMAR M,VIII-A,STUDENT,,t,,2026-04-17 04:26:56.054,453faa22-2eab-464f-aa12-ce52364be467
cb1238f4-c212-450d-b851-b305d8bf8c36,hemanth.k.v,$2b$08$jd32bfp7gLdQ6W34DX8Fz.GR3w5ex3JXW9/8cbNN4cyFm19ehA8Cq,,HEMANTH K V,VIII-A,STUDENT,,t,,2026-04-17 04:26:56.829,453faa22-2eab-464f-aa12-ce52364be467
c112f8e2-390d-4a06-b9fa-3554e4b94850,prabanjaanaa.sree.v.s,$2b$08$vZfYCh8Gp7jytvGOV7Oufe7mHv9nprv8Ho6qus3gD5uU.lYeIQ1uC,,PRABANJAANAA SREE V S,VIII-A,STUDENT,,t,,2026-04-17 04:26:57.469,453faa22-2eab-464f-aa12-ce52364be467
c01204c8-55d4-4bb2-874c-9d629ea8e21a,dhanya.sri.d,$2b$08$228fvsMM2AxBHOdyV/PkjusL6MFr4npaBCxPQr00h8gmDXBQKhAo2,,DHANYA SRI D,VIII-A,STUDENT,,t,,2026-04-17 04:26:57.976,453faa22-2eab-464f-aa12-ce52364be467
abaa99d9-761d-4706-953b-d7a1208d26db,saadhana.c,$2b$08$u/YAqqXRU0I2qjqzIb/DUedThMXiZqlqYB6w3Q7dIjEvEoxrcipBW,,SAADHANA C,VIII-A,STUDENT,,t,,2026-04-17 04:26:58.59,453faa22-2eab-464f-aa12-ce52364be467
2d1c8567-5742-4b65-b300-ec5656adc9d1,joshikaa.s,$2b$08$9OWuP/4EIIGiq4E1FxuRPOF.eY1FFsl.8IZuMWvNtiRppXkWMfkAG,,JOSHIKAA S,VIII-A,STUDENT,,t,,2026-04-17 04:26:59.228,453faa22-2eab-464f-aa12-ce52364be467
4f895e5a-5240-4280-ad7c-a47b405c7f3b,sanantha.venkatesh,$2b$08$0tvkxYTbFZNn60JLxUH6I.FHpjKb4LDGe.SIR0UMfauHxFCvj8mG6,,SANANTHA VENKATESH,VIII-A,STUDENT,,t,,2026-04-17 04:26:59.868,453faa22-2eab-464f-aa12-ce52364be467
715d265b-9ea8-4aad-a1f2-74d5589b507c,mirudhula.i,$2b$08$zdaD2pxVbLpsJtU.aIzcguYtup6C9vZ/PJxaevTpe2hrXp/fm7yPu,,MIRUDHULA I,VIII-A,STUDENT,,t,,2026-04-17 04:27:00.509,453faa22-2eab-464f-aa12-ce52364be467
97ad62f4-bad3-487b-89f3-26b0c94015a1,rohitha.m,$2b$08$2qi2JGZb9xtFGLUwPiflZuPQaAWgMhi6BLIgds90buaIdc9KhVVU.,,ROHITHA M,VIII-A,STUDENT,,t,,2026-04-17 04:27:01.08,453faa22-2eab-464f-aa12-ce52364be467
804552d7-e4ac-43fa-ac92-a34524bcc27c,sudhiksha.m.a,$2b$08$3cZJ0adL/Tj1sEqitP5g8OovWlvxQSeIf/4cfoPbQ0DEdd.bto4Hq,,SUDHIKSHA M A,VIII-A,STUDENT,,t,,2026-04-17 04:27:01.793,453faa22-2eab-464f-aa12-ce52364be467
ed09d530-a96a-455c-9dd1-a9a053aa65de,udhaynithi.m,$2b$08$DYd.eunYfioLvqsaFySNw.VvES1GqDAmBfgWSalWC1sgx4475d2qK,,UDHAYNITHI M,VIII-A,STUDENT,,t,,2026-04-17 04:27:02.428,453faa22-2eab-464f-aa12-ce52364be467
eba81a45-f3ba-4e15-8c70-2f5e502206f9,kanishka.r,$2b$08$XL8/W7En2mywpkeOEj0qAOjHvfOPNngD..hG61KaxkPwdBXmTTp7a,,KANISHKA R,VIII-A,STUDENT,,t,,2026-04-17 04:27:03.069,453faa22-2eab-464f-aa12-ce52364be467
a4d3350e-6313-489c-be62-5daba90ffc08,klaksheka.j,$2b$08$cV44sWJYY3joLFworHxabeAVDvb.dpRaZrxZpaRYbkBKTf/omhqhO,,KLAKSHEKA J,VIII-A,STUDENT,,t,,2026-04-17 04:27:03.656,453faa22-2eab-464f-aa12-ce52364be467
fdc75632-55ce-4dbd-9583-5c028fa068de,vaishnavi.u.m,$2b$08$YcpBpKypFxdeyRDnkc4jXuAlpT46SMlULTHLk.085LhlfBsYoyfWS,,VAISHNAVI U M,VIII-A,STUDENT,,t,,2026-04-17 04:27:04.281,453faa22-2eab-464f-aa12-ce52364be467
71952a3c-3964-4153-a6bf-8d02dbe812b7,aarradhya.g,$2b$08$EUVkdqwjD7owVRufMrUFnOD3hfryu5dORm/lG1WGtUiHm9oMoqxsy,,AARRADHYA G,VIII-A,STUDENT,,t,,2026-04-17 04:27:04.989,453faa22-2eab-464f-aa12-ce52364be467
bc1060d4-a418-4b9c-af2d-5dddb54813b9,mugunth.m.l,$2b$08$/EGkd7X7bE0SWtoaicyGF.2XtpE.rn9PJz7Y29MjF8AeuS4Wvq0fK,,MUGUNTH M L,VIII-B,STUDENT,,t,,2026-04-17 04:27:05.628,453faa22-2eab-464f-aa12-ce52364be467
ce03a5a1-5b13-455d-bf3c-d863e88bf12f,thraneesh.j,$2b$08$DkoPbfNHfaOPzyeOXz7lMO9KoaCKGfuTwQUKKMjDBT50LPGZFXUg2,,THRANEESH J,VIII-B,STUDENT,,t,,2026-04-17 04:27:06.914,453faa22-2eab-464f-aa12-ce52364be467
2782b08c-7fd4-4250-b9e5-7683c0874c98,gayathri.shree.k.r,$2b$08$7lRYO81GBJT3juKCA.LaJO7JWb9x/Uixgv1iyCsfdHjjizqVNlKga,,GAYATHRI SHREE K R,VIII-C,STUDENT,,t,,2026-04-17 04:27:08.508,453faa22-2eab-464f-aa12-ce52364be467
4d118df1-80fa-40d1-9960-f7bb12d1e4fa,madhu.hanshika.s,$2b$08$lxWx0oCw55TAjJGtCGiCXO3ojjlKRUUmvmuBUS3y/E8axb2b60gha,,MADHU HANSHIKA S,VIII-C,STUDENT,,t,,2026-04-17 04:27:09.016,453faa22-2eab-464f-aa12-ce52364be467
b49dd6eb-4a05-43df-adf2-8e022b550aa8,hannishka.y.g,$2b$08$aITHe4yzh3SiptYrh3DyvOn0GegeHGPTB5mA1frdkpIlEPT8tO9g2,,HANNISHKA Y G,VIII-C,STUDENT,,t,,2026-04-17 04:27:09.628,453faa22-2eab-464f-aa12-ce52364be467
b221205f-05b8-4be8-89d5-493ac9bc23e0,rithiksaa.a,$2b$08$5.AaAB5ZNn.986M73Doh0uFZn5z3/d8zAFO00ekMCKck9hlHEQb4m,,RITHIKSAA A,VIII-C,STUDENT,,t,,2026-04-17 04:27:10.285,453faa22-2eab-464f-aa12-ce52364be467
0d6f69cc-57c8-4094-b72d-41b251c0de56,siva.karthikeyan.s,$2b$08$9OwAXq7.bYji/rU9ze1XrubRoc1vUn46wIBofqU/f3eRhYT8Ue6u2,,SIVA KARTHIKEYAN S,VIII-C,STUDENT,,t,,2026-04-17 04:27:10.848,453faa22-2eab-464f-aa12-ce52364be467
bce35dfc-1e78-47b2-8079-e4c0372736c9,srivishakan.r,$2b$08$dBFL4A9FBqtAp.HB8M1u2eqKBxmdDjTubFS87gfZC5hxUWPpbmm2y,prasanna@gmail.com,SRIVISHAKAN R,IX-A,STUDENT,,t,,2026-04-17 04:27:13.11,453faa22-2eab-464f-aa12-ce52364be467
c152cba1-4efe-43be-b5e5-27d69079d29e,mahatheesh.s.m,$2b$08$p3cYNDflUcaUz9IWIq97PezZzDnW./VD9c8QFyZJ2wS.ZHxz9jiRO,lushboutique@gmail.com,MAHATHEESH S M,IX-A,STUDENT,2026-04-17 08:58:08.853,t,,2026-04-17 04:27:13.64,453faa22-2eab-464f-aa12-ce52364be467
2b258a2a-639d-4f06-b934-cee9812144d2,tharanjai.m.g,$2b$08$qAQpGC3d9sLb7SFDgXQ4O.Dj/6KXOYyVjADATZbVVr5Jhn9eNW2Wy,gopugopu896@gmail.com,THARANJAI M G,IX-A,STUDENT,2026-04-17 07:36:08.396,t,,2026-04-17 04:27:12.615,453faa22-2eab-464f-aa12-ce52364be467
2c738779-8e62-4a41-ab0a-4fa9585c961c,boomika.s.s,$2b$08$Q2fmzI9SVVuRfZZofRJZte/dpVgFWhJtnGrVFOD3u/uG4Zq0cNgZ6,sudha29.7.1987@gmail.com,BOOMIKA S S,IX-B,STUDENT,2026-04-17 07:32:19.351,t,,2026-04-17 04:27:14.151,453faa22-2eab-464f-aa12-ce52364be467
166525fb-5cc1-4883-a70f-a5db42b90d1c,kauthik.k,$2b$08$XyQf/.sR.FeKFRN0.v4yhureKarXzEhV89FBT1GLfxen/kikciNcS,kauthik33@gmail.com,KAUTHIK K,IX-A,STUDENT,2026-04-17 07:33:42.189,t,,2026-04-17 04:27:12.098,453faa22-2eab-464f-aa12-ce52364be467
33a61d52-3347-4686-871d-f0eee1598765,chitheeswar.k,$2b$08$NPYWkZV09/4dNXbneL/k0OX.mKiUbrIkPi0qhWaFmLYic1iUwX6D.,,CHITHEESWAR K,VIII-C,STUDENT,2026-04-17 08:59:43.765,t,,2026-04-17 04:27:07.963,453faa22-2eab-464f-aa12-ce52364be467
d6c40f95-78a4-41ff-99ca-92ada2fa7a25,pranesh.s,$2b$08$8XDICZPwMJEuaSFhrXl98.42OOAgZNMpEEV9jWhVVHcunse7Tm1CO,,PRANESH S,VIII-B,STUDENT,2026-04-17 09:13:02.032,t,,2026-04-17 04:27:06.269,453faa22-2eab-464f-aa12-ce52364be467
963fec59-78ac-420b-9d9e-84e6bae46cd0,kishore.dheva.s,$2b$08$uh8.IPvk2mp6wdUqFYtWtujDEiVdklY5cOuhQuTJ1uH.JWGvTYbq6,,KISHORE DHEVA S,VIII-B,STUDENT,2026-04-17 09:13:34.377,t,,2026-04-17 04:27:07.42,453faa22-2eab-464f-aa12-ce52364be467
c15c0884-27c8-4e33-9f94-d15539014060,siddharth.s,$2b$08$JB4cBefUd8EnZwHoQQpghu9wY3jz0LDaSWSubdowys730Ly6HJKgK,,SIDDHARTH S,VIII-C,STUDENT,2026-04-17 09:25:17.143,t,,2026-04-17 04:27:11.341,453faa22-2eab-464f-aa12-ce52364be467
b19ce3ea-90c7-4c5f-b1fd-2bbef2efb0a4,kishore.p,$2b$08$bPO6MQLZ7DlWWUbuCOaDqeyoRw5I4oAiwaJRMGuOkUpSsQSgVYfAO,kishoregomatgi@gmail.com,Kishore P,IX-A,STUDENT,2026-04-17 09:36:39.951,t,,2026-04-17 04:26:49.954,cb13ac87-a2df-43d4-a91d-6d83b8e5fdbc
5451a167-5999-495c-ada9-594e65241682,harshitha.sri.k,$2b$08$KKKRNhAVMCJTzUCFUNdZAeMooQJM0GmJU.nies2Z/hfyP6wfHsOPW,thamaraiengg@gmail.com,HARSHITHA SRI K,IX-B,STUDENT,,t,,2026-04-17 04:27:14.749,453faa22-2eab-464f-aa12-ce52364be467
c877df02-02a6-4282-9cbe-c81ab017700b,lakshidvaibhaw.a,$2b$08$zYz6jrf1QldSc2O/RAGGIOq3OM83jL8QxSNnEFkktoPhKBhWcEya2,2571987devi@gmail.com,LAKSHIDVAIBHAW A,IX-C,STUDENT,,t,,2026-04-17 04:27:15.284,453faa22-2eab-464f-aa12-ce52364be467
0eaad145-8078-40c2-b21b-a99d6a7325df,sujay.nithin.n.p,$2b$08$te0yleuXnotaOVGEv//A5O5WV.MGm7mt98jJ3fvXHT6q7CDQ1qHB2,yokusamy@gmail.com,SUJAY NITHIN N P,X-A,STUDENT,,t,,2026-04-17 04:27:15.872,453faa22-2eab-464f-aa12-ce52364be467
d4ffd6cc-9b1c-4d2f-9772-ad4c39106842,vishal.d,$2b$08$ASotvayzNXlIOY9vTwqiIeZqHdcZmh7a0PaZS2j.PcDn7fP/GJnY2,d.vishal2011@gmail.com,VISHAL D,X-A,STUDENT,,t,,2026-04-17 04:27:16.509,453faa22-2eab-464f-aa12-ce52364be467
43f278d4-5079-4ebc-9ccc-3c38d9659539,raajeshwar.d.h,$2b$08$sHIpf7UTlzHgXMnq90ENe.UycIy.05Qta/fUr6mrbcqFFemW28XD6,hemaraja2007@gmail.com,RAAJESHWAR D H,X-B,STUDENT,,t,,2026-04-17 04:27:17.797,453faa22-2eab-464f-aa12-ce52364be467
76af9095-5775-424a-a8f7-99fa0c2f4f8a,harshil.m,$2b$08$XpPDWyix2ge6nD162o0MXuXcOEA0DTQz0EtAq5Eo8ja.drCRHOmey,krungking88@gmail.com,HARSHIL M,X-C,STUDENT,,t,,2026-04-17 04:27:18.428,453faa22-2eab-464f-aa12-ce52364be467
926c7b26-c17e-4d84-b685-2343af232c50,rithik.t,$2b$08$J/snodvLYZhWgmVf1aQ7AuXhkCn00hX.4JWfOdd/nDjWud9Zav8qG,rithiktiswanth@gmail.com,RITHIK T,X-C,STUDENT,,t,,2026-04-17 04:27:19.05,453faa22-2eab-464f-aa12-ce52364be467
a2b4c9db-783e-443e-9aa9-947be3da3d72,lishanth.s.r,$2b$08$P6JWndhTe.ADfxYbNezp7eH2riyr6fp0OByEc.lmctNt7tdRcVc6m,elango.elgon@gmail.com,LISHANTH S R,X-C,STUDENT,,t,,2026-04-17 04:27:19.56,453faa22-2eab-464f-aa12-ce52364be467
cb200035-fd20-4431-a056-11a7977809d4,dhanya.e.p,$2b$08$swWo8Of9N8tdNcUyMvxj9O8goHHQ/./FRbbVpvkRK0FU44XLK5pta,mrk5181@gmail.com,DHANYA E P,X-C,STUDENT,,t,,2026-04-17 04:27:20.074,453faa22-2eab-464f-aa12-ce52364be467
eb08ca34-16d5-4bc4-94c7-1ad571208b5b,nagul.r.k,$2b$08$BG.tCj1mUz9yboR3T9tfWOvhgd6NLCd.tSccL8kdzK/s2LV44YhJe,rknahul@gmail.com,NAGUL R K,XII-E,STUDENT,,t,,2026-04-17 04:27:27.549,453faa22-2eab-464f-aa12-ce52364be467
370d43cb-b8ab-4c4a-a501-6fb750e84a2f,johnson.t,$2b$08$CaOWMOCKrQYM0teLhZhoeOms2b9LU7Kay96.Phh05WMB30GyftcMi,devi.msccse@gmail.com,JOHNSON T,XII-E,STUDENT,,t,,2026-04-17 04:27:28.188,453faa22-2eab-464f-aa12-ce52364be467
bdfbbf0a-e44e-4f66-a792-297d42655f85,mohammed.arquam,$2b$08$Woblw5xH6.OB3uyEsEDvlu.EGDsjx7R04dkA0V0teXFBpnVsDOOVG,,Mohammed Arquam,8,STUDENT,2026-04-17 08:58:25.709,t,,2026-04-17 04:27:34.267,5b9d3f3e-43e3-4add-bd51-12225a377c23
8d19d3c4-6471-44d6-8d83-1551d7c0517c,niveithitha.shree.u.s,$2b$08$5B0C3giF28.Gqf.VhmFNNeq5JddoAu8vjwYwttDK8C7g89p7CPiMK,umasivamargobi@gmail.com,NIVEITHITHA SHREE U S,XII-D,STUDENT,2026-04-17 07:30:34.527,t,,2026-04-17 04:27:26.63,453faa22-2eab-464f-aa12-ce52364be467
d57b3905-c415-4356-a4ec-1838dd74e7ea,naveen.m,$2b$08$CdGe8B4rma7/sg2SiW8aTu4WGjnKmMRnpu.SQPX4o706M50hXAiQy,c.muirugankalyani@gmail.com,NAVEEN M,XII-D,STUDENT,2026-04-17 07:30:34.527,t,,2026-04-17 04:27:25.47,453faa22-2eab-464f-aa12-ce52364be467
038ba9c9-05c2-44a3-9f33-21941d6b13d3,armaan,$2b$08$Jr.creDSJPBH9bmd0HqPi.Xg9cuGY/31YWV0jxV2ztyOgABZZCJB6,,Armaan,8,STUDENT,2026-04-17 08:58:34.681,t,,2026-04-17 04:27:34.912,5b9d3f3e-43e3-4add-bd51-12225a377c23
e5281933-cab1-4a55-98f0-8ebee5451ee5,saara,$2b$08$xzRaYKUZuEZe6wguXHUC5.a4SBEjNL5ukNcOPWrPdPBg9JN8EyY4.,shobanaram@gmail.com,Saara,8,STUDENT,2026-04-17 08:58:43.547,t,,2026-04-17 04:27:35.552,5b9d3f3e-43e3-4add-bd51-12225a377c23
27a69e03-7147-4f1d-8331-650a51e441e2,satvek.saravanan,$2b$08$tUM.Z8YcoiXB.TGtsD1aw.o/I4CodcZRE3a3k7901bUTIlD9OasSS,dharshana.nirmal@gmail.com,Satvek Saravanan,8,STUDENT,2026-04-17 09:12:57.513,t,,2026-04-17 04:27:32.509,5b9d3f3e-43e3-4add-bd51-12225a377c23
289fc8f4-4e54-45ee-8816-dd99f02cd6bb,vishruth,$2b$08$Foydh1zmJBezMHI4HFpcW.pkxLSlqACXeJ0FF4khFopD1wikGMWSa,karthikcselect@gmail.com,Vishruth,9,STUDENT,2026-04-17 09:12:58.424,t,,2026-04-17 04:27:36.668,5b9d3f3e-43e3-4add-bd51-12225a377c23
5efac7b6-2605-4f18-9a35-2a71e7d6bdc0,prajein,$2b$08$JlK0L3SyolRKzWdzmio/tOYqV9BI/J8XgHzzCP2StWBB4cdGngY2u,deepa.grs@gmail.com,Prajein,9,STUDENT,2026-04-17 09:12:59.329,t,,2026-04-17 04:27:37.315,5b9d3f3e-43e3-4add-bd51-12225a377c23
e088125b-c75e-434b-90ce-2d11aa4b1146,owshik.k,$2b$08$5OCgdGRk06j.2sfafh6hKuh5LP0X7OgrVxIrWOopEde/sJsptCDZC,janakiowshik@gmail.com,OWSHIK K,X-A,STUDENT,2026-04-17 09:22:39.526,t,,2026-04-17 04:27:17.152,453faa22-2eab-464f-aa12-ce52364be467
9a9af92a-7c5d-49ec-953f-9f230f9c3bc5,sana,$2b$08$fNNBjYym.lTjvhZchHFlyOBbDCy2N9vNOvUr2uJt.UDB5ySQo1ZG.,,Sana,8,STUDENT,2026-04-17 09:23:25.617,t,,2026-04-17 04:27:33.66,5b9d3f3e-43e3-4add-bd51-12225a377c23
dbba1f0b-1211-44f1-b727-2bd457c6203b,swetha.s,$2b$08$AkPnUG2.HIEcuMX8o0meDuLJuqmC5UFRywFKPe31U82QG.yccS.hK,solalvallan@gmail.com,SWETHA S,XII-C,STUDENT,2026-04-17 09:59:03.437,t,,2026-04-17 04:27:23.068,453faa22-2eab-464f-aa12-ce52364be467
996b54c6-df4b-42e0-b36a-0b183de8fa03,sri.nithish.g,$2b$08$vQBmS/7xQsQgu1DKUflpWefFF.lXkj4WhYAl/SIQsuJ/6xWSLe12G,srinithish07@gmail.com,SRI NITHISH G,XII-C,STUDENT,2026-04-17 09:38:57.603,t,,2026-04-17 04:27:24.292,453faa22-2eab-464f-aa12-ce52364be467
a276db23-8b57-4fb8-bc06-59bbf14f7100,shwethaakrishnan,$2b$08$xMIyLDaeCPD2qTWsjIJ1kej.84QP4xIIG4x0WoiOqT72Ld7C0utz6,shwethaakrish1911@gmail.com,SHWETHAAKRISHNAN,XII-C,STUDENT,2026-04-17 09:40:13.885,t,,2026-04-17 04:27:21.342,453faa22-2eab-464f-aa12-ce52364be467
b3b85ddf-f0e9-41a1-9e77-b3d6fe57fd92,sudikshaa.d,$2b$08$TaR1yqFrsYoUKHAytXWtwul7k5azDhiqTfArLNsLoiuHvfuI6X7Ji,chikoonini120@gmail.com,SUDIKSHAA D,XII-C,STUDENT,2026-04-17 09:40:53.058,t,,2026-04-17 04:27:20.668,453faa22-2eab-464f-aa12-ce52364be467
6d3e1cc2-1774-4e0f-bbb7-21f0468e81d0,arush,$2b$08$zGC8q8dfc5mD6bKN5f8pOOOotmWCvHP/AKuqg86TG4nuavFtVvHdK,vss.sridevi@gmail.com,Arush,8,STUDENT,2026-04-17 09:41:01.494,t,,2026-04-17 04:27:36.105,5b9d3f3e-43e3-4add-bd51-12225a377c23
006eee1f-7c23-4324-b8e0-3234d930131f,srija.t.s,$2b$08$/hzfkqAQ4cT.XpzVDEYf9.KVKsrRSIUWSgJoTOon4GvyUorZ1wfEi,srijats2009@gmail.com,SRIJA T S,XII-C,STUDENT,2026-04-17 09:44:01.495,t,,2026-04-17 04:27:21.949,453faa22-2eab-464f-aa12-ce52364be467
cd3fce12-0fbc-4c8c-923b-8d0db1d0a4dd,aashlin.aishwarya,$2b$08$F/P5c0ZVcmClP.VWylAKc.nhuA/ZTvfTJ2w6pJZOhnKKv9by46ND6,aashlinaishwarya25@gmail.com,AASHLIN AISHWARYA,XII-C,STUDENT,2026-04-17 09:44:13.077,t,,2026-04-17 04:27:22.561,453faa22-2eab-464f-aa12-ce52364be467
5447cc7a-9630-4dc1-a474-fca1ddf341e6,garvit.khanted,$2b$08$7xBDAd/0IctUF..7I9zzWe1Oc/Jqm6e9FIbdBDh7jXURdDkJC.7/.,garvitkhated28@gmail.com,GARVIT KHANTED,XII-C,STUDENT,2026-04-17 09:47:37.001,t,,2026-04-17 04:27:24.828,453faa22-2eab-464f-aa12-ce52364be467
ca35df0c-8896-47e7-9dcd-485fa1d8274b,rithvika,$2b$10$UD55D6tbJhhBKVHLlY8pHuhk8fIIwmisl0qDXJ32ihMqkWKeMyXEy,gurusathipriya@gmail.com,Rithvika,9,STUDENT,2026-04-17 09:49:36.296,t,,2026-04-17 04:27:37.954,5b9d3f3e-43e3-4add-bd51-12225a377c23
cd63e7c5-8d29-4d59-adaa-e76fbbc1aabd,abdhul,$2b$10$A4RjmIagesjbVon7tKmBJeLQWPVWUUcR64X14AkcIyp8Pe23S.ZSS,esaukatholi@gmail.com,Abdhul,8,STUDENT,2026-04-17 10:09:25.473,t,,2026-04-17 04:27:33.008,5b9d3f3e-43e3-4add-bd51-12225a377c23
d22a46cc-5ca1-4ee5-acef-0d1d2b1fdf83,akilesh,$2b$08$LDfbS0zqkEUS9xX0walAaOSuOsIWQllhvr1HgZPr7X./uHSGLFX0K,jsvisasriram@gmail.com,Akilesh,9,STUDENT,,t,,2026-04-17 04:27:39.208,5b9d3f3e-43e3-4add-bd51-12225a377c23
98756797-2698-49ad-8386-f44cd0af6aa5,adethya.r,$2b$08$RI.j8Ee6XeHvkj4J3hpQJ.RbdyvCNu6rjzi9bdnQBiXUxeKV1XPRi,adethya20002009@gmail.com,ADETHYA R,XI-B,STUDENT,,t,,2026-04-17 04:27:51.471,25af592d-49c4-45ce-a0e7-bb524be73913
a88f44fe-42a8-497e-8c5b-5808c2ebd89a,aneesh.raghul.j.t,$2b$08$vB4Wnj2fjSJOZ1nnGqvUguSmzNdp37wSzTKtpQpAX74JJcqthEtz.,aneeshraghul@gmail.com,ANEESH RAGHUL J T,XI-B,STUDENT,,t,,2026-04-17 04:27:52.035,25af592d-49c4-45ce-a0e7-bb524be73913
e38f67a9-a638-4535-ac38-d35bbb34b7bf,dharani.rajan.n.s,$2b$08$6OlUX6kisOvsNWrTLvMW4OZt7jAoSo/213VEEhjmZBiEFFCHzCKGS,dharanirajan973@gmail.com,DHARANI RAJAN N S,XI-B,STUDENT,,t,,2026-04-17 04:27:52.571,25af592d-49c4-45ce-a0e7-bb524be73913
4d71b783-6efe-4578-8dc1-13bc66217d9d,gowtham.j.k,$2b$08$gXjr8FoMXxyTB5eLKI3J/exbQb2K6ufKfE8Y1Ip.bkkXetiEIWxqW,gowthamjk014@gmail.com,GOWTHAM J K,XI-B,STUDENT,,t,,2026-04-17 04:27:53.121,25af592d-49c4-45ce-a0e7-bb524be73913
bc882337-700c-4958-81cf-36ef60a814b1,rithik.s.s,$2b$08$ttHRCWAMQ0qJ6gIQpVI9Ae8jYKJGLq/Ey48Z/SAmx9pwccvmj0KzS,ssrithick28@gmail.com,RITHIK S S,XI-B,STUDENT,,t,,2026-04-17 04:27:53.643,25af592d-49c4-45ce-a0e7-bb524be73913
7970d1bb-6664-4bba-aa94-91009f105865,rohan.k,$2b$08$xxRplx4SwUM.dnmMQiqG2e4WNxgabjqGmftL5Lh4dCo7q7ChJit7W,rohanks2008@gmail.com,ROHAN K,XI-B,STUDENT,,t,,2026-04-17 04:27:54.158,25af592d-49c4-45ce-a0e7-bb524be73913
d3e145ad-e79b-400f-b982-c2cf0345200f,sanjith.m,$2b$08$exa.PhZxCsTde8g1xQbOkOw1RAapbvNaDc4BvGD7FIxn4Oi/tk7li,selvam.m248@gmail.com,SANJITH M,XI-B,STUDENT,,t,,2026-04-17 04:27:54.672,25af592d-49c4-45ce-a0e7-bb524be73913
f80c238b-3e8b-42e7-b6ff-2cc64b13351e,subikshan.s.s,$2b$08$reT5Gx0Ln/wMZepI1siOfeLe3GX5a2eCeXT5x2Waiew84LxPVTJty,sudhasaro@gmail.com,SUBIKSHAN S S,XI-B,STUDENT,,t,,2026-04-17 04:27:55.209,25af592d-49c4-45ce-a0e7-bb524be73913
43409e31-ad4d-4b67-bbbe-5576f2135610,thamizh.d.k,$2b$08$1DiDUGqfKB...MannVerWe.speD9DDeKx5Y5445u72Ou5IGDs6Iae,thamizhrithin@gmail.com,THAMIZH D K,XI-B,STUDENT,,t,,2026-04-17 04:27:55.794,25af592d-49c4-45ce-a0e7-bb524be73913
8c1aa733-91d0-499a-bcf2-920534820dc7,varsith.r,$2b$08$Gf20WHkMJ1elMRvyomZed.SNLnj4ahCKo1OlYb7UVg1SuIl6N80Ta,varsithrajkumar@gmail.com,VARSITH R,XI-B,STUDENT,,t,,2026-04-17 04:27:56.33,25af592d-49c4-45ce-a0e7-bb524be73913
5326a312-cee5-401f-8c51-29d5f269b0a1,vishal.k.s,$2b$08$U2Kh40gYTVa.Y0rWXubFweYgrYiQB3cZMAzMrO3rga1.SpnYqmkOm,dhanavishalsubu@gmail.com,VISHAL K S,XI-B,STUDENT,,t,,2026-04-17 04:27:56.945,25af592d-49c4-45ce-a0e7-bb524be73913
203ad603-f19d-4c88-91c2-797893315ac4,anuvarshini.l.r,$2b$08$zjlh7P2xFot4qCbIsTHpput0.oeBZyztfCiTlXuTDfPyH.atJmZz2,ravikalaianu@gmail.com,ANUVARSHINI L R,XI-B,STUDENT,,t,,2026-04-17 04:27:57.461,25af592d-49c4-45ce-a0e7-bb524be73913
8e53bdb5-5b9b-4a62-9e84-e647c3e28a87,hasini.p.s,$2b$08$sP2nqNS3y4F0BQdiPHmUoO13WrTbeXVP4koQwmck5qjWo3rgvZ70K,hasinithanushni@gmail.com,HASINI P S,XI-B,STUDENT,,t,,2026-04-17 04:27:58.036,25af592d-49c4-45ce-a0e7-bb524be73913
58c1f7e6-01bf-4f5e-af55-f1c3babaf1eb,prathiksha.r,$2b$08$IaVvOc1llniBgve9JhMRre.j4ri2oNIufhwQPg9t.nDCY8ukH9WNy,arthisharvin1985@gmail.com,PRATHIKSHA R,XI-B,STUDENT,,t,,2026-04-17 04:27:58.939,25af592d-49c4-45ce-a0e7-bb524be73913
ed8b70e0-3ab8-40d4-a828-2adea07ece22,sanmathi.g,$2b$08$Z9I4.7lWWvfjndtu3oC0OuTfOmezASrrgWyd.s5qPRmYczIgj8j/K,sanmathigovind2732009@gmail.com,SANMATHI G,XI-B,STUDENT,,t,,2026-04-17 04:27:59.426,25af592d-49c4-45ce-a0e7-bb524be73913
a6351b73-f369-4472-9d2c-2f27dd8e0d23,sanmitha.v.s,$2b$08$k8OCxpFn727kp.0T.UQNsuib3ShWwDh.445f8vXZRSF/sgIAxMKnG,sudhavetrivel7575@gmail.com,SANMITHA V S,XI-B,STUDENT,,t,,2026-04-17 04:27:59.946,25af592d-49c4-45ce-a0e7-bb524be73913
56d91cff-508d-4ac3-a681-f52f7ed59d62,varsita.e,$2b$08$DLEVUBeDpGYjWJrYuL/fnOPAo2NQYgmZmrdIHPAUMBz5pvXBubyjK,msuvarsita6@gmail.com,VARSITA E,XI-B,STUDENT,,t,,2026-04-17 04:28:00.524,25af592d-49c4-45ce-a0e7-bb524be73913
cc4542df-c05b-4724-933f-d5549f720593,dhananyaa.shri.s.s,$2b$08$3yBxNPK3FulTGzv42gJamOgvHWBO6lJw6Af42GMKvMYC79TUVfp0W,shiyamsadha84@gmail.com,DHANANYAA SHRI S S,XI-B,STUDENT,,t,,2026-04-17 04:28:01.107,25af592d-49c4-45ce-a0e7-bb524be73913
95c4a4af-508d-4c1c-afbc-eaef6918ab6a,gokulavarshini.r,$2b$08$QLUGEiAZhiW4ht.wHN2zLus6ewJQWzTUn6FknlegB70XqUTpyOL.i,sudharavi@gmail.com,GOKULAVARSHINI.R,IX-A,STUDENT,,t,,2026-04-17 04:28:04.901,615047f0-da49-441f-a56e-6d762d0e4549
81eee1a0-38e2-4cab-a2d4-74687bd7dc68,abirami.r,$2b$08$VV42I2NB0PAYRYQmjqEswOZbMPlcc9l3rQLvd3eERhm/qoiEPeyWi,geetharajinikathdentalclinic@gmail.com,ABIRAMI.R,IX-A,STUDENT,,t,,2026-04-17 04:28:05.427,615047f0-da49-441f-a56e-6d762d0e4549
1319181f-6f3c-435a-b43f-0f1c9db34303,abinav,$2b$08$YMlZnBOr2DY09iDxT7hmK.no1CGX1YLOywvxNxSHffE7sBnNdrmY.,jkabhinav2010@gmail.com,Abinav,11,STUDENT,2026-04-17 08:57:56.26,t,,2026-04-17 04:27:40.258,5b9d3f3e-43e3-4add-bd51-12225a377c23
c15fa367-a67a-439c-aa44-3d5413987a82,harikesh,$2b$08$0c3jv1Inh02NnKM6SiO8M.3OA02sedl2829jcX.0Pb5khD3bgN1nq,bhavaperu@gmail.com,Harikesh,11,STUDENT,2026-04-17 08:57:59.917,t,,2026-04-17 04:27:40.763,5b9d3f3e-43e3-4add-bd51-12225a377c23
69755a35-d3e1-4d6d-b090-a4075401f6be,arun.mozhi.varman,$2b$08$Ae3rQi1y/rQkSkfkfzwwaePb6HwHVEqd/SXyYN.pfbrOI10wdqsmO,devalallnkl@gmail.com,ARUN MOZHI VARMAN,VIII-B,STUDENT,2026-04-17 09:12:56.728,t,,2026-04-17 04:27:50.374,25af592d-49c4-45ce-a0e7-bb524be73913
36ee50db-b493-43dc-b9d7-51cc4f4916e0,mithilesh,$2b$08$D3fC08sV23D9jA/0oO72FOe5ZNMgxm/8QDhokYa./f56oVxFQYGxG,,Mithilesh,9,STUDENT,2026-04-17 09:13:05.28,t,,2026-04-17 04:27:39.722,5b9d3f3e-43e3-4add-bd51-12225a377c23
12b01164-8204-4162-a8d5-1c7128b05523,sarvika,$2b$08$Up9F.62ZEkAEhZRgjXJeG..O.1CHndSbrfIMsu90AxZbyRnuzujAK,snsarvika@gmail.com,SARVIKA,IX-A,STUDENT,2026-04-17 09:25:38.147,t,,2026-04-17 04:27:47.794,25af592d-49c4-45ce-a0e7-bb524be73913
1d7d8a6d-b644-489f-8c94-3b8fe34d9c9a,subhikshan,$2b$08$GFk/zd8xaV066iNwSSPu1uafPrX.jPzOJm8UOTy14kFffEpS5G7zm,krubakalki@gmail.com,SUBHIKSHAN,IX-A,STUDENT,2026-04-17 09:28:52.744,t,,2026-04-17 04:27:47.105,25af592d-49c4-45ce-a0e7-bb524be73913
4f7c2ed7-83a1-4fa7-ac08-c7c3640fd0b2,darshan,$2b$08$B018nswsDXKGRFIk65JHd.CCXY.0RNrCDYJd/aUBqsi3GxYMkc8Mm,rbsarath99@gmail.com,DARSHAN,IX-A,STUDENT,2026-04-17 09:29:23.318,t,,2026-04-17 04:27:45.918,25af592d-49c4-45ce-a0e7-bb524be73913
e34b9241-22a9-4da5-a69b-90c53ec1b42a,pranesh,$2b$08$gYsDEG0M.KjBEwn6D14/B.OFrC2UAeVtQ2pbkRjTDG9SZ3c3Pn3Rq,skaathiran29@gmail.com,PRANESH,IX-A,STUDENT,2026-04-17 09:29:35.33,t,,2026-04-17 04:27:49.221,25af592d-49c4-45ce-a0e7-bb524be73913
c909bd23-7897-4dea-8402-2cca7a3df7c6,yogesha,$2b$08$JqP.R890.JBHWL09fLiAz.HE9HAXm6AtmgBkKrtuoCiQLMvYeCQJy,sasivadivel11@gmail.com,YOGESHA,IX-A,STUDENT,2026-04-17 09:32:08.427,t,,2026-04-17 04:27:48.64,25af592d-49c4-45ce-a0e7-bb524be73913
ae512a82-7989-4fb2-87f7-abece7160322,maganth.surya,$2b$08$RH1PVMKcCUFRC6CcEhf0S.kY4a3HROY1ODiI8avpcbIeKANYYPEPm,maganthsurya11@gmail.com,MAGANTH SURYA,IX-A,STUDENT,2026-04-17 09:39:44.655,t,,2026-04-17 04:27:46.509,25af592d-49c4-45ce-a0e7-bb524be73913
0d972d9a-c613-45ae-b7ec-ec87ef798783,nisha.b,$2b$08$OLPtzBJmeiN1rP9Owh9F1uFq.OAT4MYWeHbi8rwgZK9X3vNCNZhjC,tamilbala303@gmail.com,NISHA.B,IX-A,STUDENT,,t,,2026-04-17 04:28:05.946,615047f0-da49-441f-a56e-6d762d0e4549
782153e5-5930-4c26-a877-d5b10be8c5bd,arathya.g,$2b$08$EGjxXSmudYTJVIsZhTE1J.AsNw/Ke4KJb3RWN1gPsWq4AbqGEB0hK,kgarathya2012@gmail.com,ARATHYA.G,IX-A,STUDENT,,t,,2026-04-17 04:28:06.485,615047f0-da49-441f-a56e-6d762d0e4549
73439b86-5925-406b-b068-32142d5233fe,puvisha.t,$2b$08$5DDzXfsm1ZevI36eliy34eGy69Vm1gc7QWdQpBcFQYyfcKMrmwIEm,puvikalaiprabu@gmail.com,PUVISHA.T,IX-A,STUDENT,,t,,2026-04-17 04:28:07.001,615047f0-da49-441f-a56e-6d762d0e4549
bf492f3e-1c43-43cb-88b4-1f0878f07c6b,puvina.t,$2b$08$Hd.xCD/lDbbiCAwyXC3cG.2UFmogvZQXuN9wuWyBTuqv5R8OrHtDC,puvina.t31@gmail.com,PUVINA.T,IX-A,STUDENT,,t,,2026-04-17 04:28:07.581,615047f0-da49-441f-a56e-6d762d0e4549
7893dbae-43b5-484b-bc07-efb64822a676,nikhilkrish,$2b$08$vBpLqNp6YtgSTGU4wHO3W.UEByUIbN3M1mbs7.tcwIJ7Qjq6lPLOO,nikhilkrish073@gmail.com,NIKHILKRISH,IX-A,STUDENT,,t,,2026-04-17 04:28:08.092,615047f0-da49-441f-a56e-6d762d0e4549
353cabe0-915d-4d62-8d90-6c7693a77d2f,shravan.g,$2b$08$kaxTaNW1p3SKM7WanSQ6ZOjBjKzXqpmSJPKcYltpLgXcbDLdsGzse,shrravanguhan5@gmail.com,SHRAVAN.g,VIII-A,STUDENT,,t,,2026-04-17 04:28:08.662,615047f0-da49-441f-a56e-6d762d0e4549
d5a093cb-114f-46d9-a1e0-95bcfc7a332b,nikhilesh,$2b$08$2z4XudZZXl/xzL0SUdFfxuftVM8J07RFU087dQh3B6.nohta2l8E.,jsasivasantha1982@gmail.com,NIKhILESH,VIII-A,STUDENT,,t,,2026-04-17 04:28:09.196,615047f0-da49-441f-a56e-6d762d0e4549
5e67a41c-8b45-4a85-a171-42abbceb7b2d,mounika,$2b$08$fUGBeUOyJ.kZD8CHtmNAH.zviRUs6aywvQbo6DWu1ZuELXLbVqLim,manoransaro@123@gmail.com,MOUNIKA,VIII-A,STUDENT,,t,,2026-04-17 04:28:09.735,615047f0-da49-441f-a56e-6d762d0e4549
d0205c92-6960-4ed7-ae18-1c7e5a8d96fe,p.s.dhivya,$2b$08$V1kJlfu8Q0BvQ3ogD9eSau/fQuecyUB6bueCQDWt1xV7kvjsAxX9m,sudhapachiyappan8@gmail.com,P.S.DHIVYA,VIII-A,STUDENT,,t,,2026-04-17 04:28:10.258,615047f0-da49-441f-a56e-6d762d0e4549
74064ed7-a2b8-48a8-a8d1-1b394453df05,nithin.ettrick.s,$2b$08$yfFt8H0r4P.wyY0ZEW.VSOkaYzob3GF5O9zeNTdUa8N97UCmuc/V6,senthilmurugan301187@gmail.com,NITHIN ETTRICK S,VIII-A,STUDENT,,t,,2026-04-17 04:28:10.787,615047f0-da49-441f-a56e-6d762d0e4549
9a1fc1b7-acb0-4d93-b69e-e91120f3313e,sanjith.thota,$2b$08$/yxf/wl7X.6e8czqQo3Qi.OhiZX56/uaJAw1opl1UP3c9aB23Cb3C,sanjiththota@gmail.com,SANJITH THOTA,8-B,STUDENT,,t,,2026-04-17 04:28:16.612,37e0d6aa-7a46-4dd1-9d0e-2bf0c2ff64f7
40a77f05-ae5b-4679-98cf-182061f64e44,arun.prithiv,$2b$08$gRU1rRElIVQO3pDNAkAI.OegQ6BVZZqziw00xdp8EYibOQQHbcKwm,vijideva2010@gmail.com,ARUN PRITHIV,8-A,STUDENT,,t,,2026-04-17 04:28:17.694,37e0d6aa-7a46-4dd1-9d0e-2bf0c2ff64f7
5c4634f1-3d15-4433-ab65-1c06b1e1f9dc,abishek.suriya.e.s,$2b$08$Q1yMupMhcceYJq0pYEMoeuEYy9hTLfxf5G4D854oANXddWt6p7DrG,Absent,ABISHEK SURIYA E S,XI-CSC MATHS,STUDENT,,t,,2026-04-17 04:28:18.867,37e0d6aa-7a46-4dd1-9d0e-2bf0c2ff64f7
55056ce1-899d-494f-9d65-2d3c51904ef9,karthikeyan.s,$2b$08$R1DVwfaNVLxrDId5X6Vpf.sFMuSwnH9WByoFse4eu5qkjBS3Y.BiK,karthikarthikeyan12040@gmail.com,KARTHIKEYAN S,XI-CSC MATHS,STUDENT,,t,,2026-04-17 04:28:19.41,37e0d6aa-7a46-4dd1-9d0e-2bf0c2ff64f7
f3f390ab-69b5-41d3-9432-e28119f3ab72,logithashwa.v,$2b$08$IG5y6.n4wxLZq6Opp./7euP5nF7QqLc0/OcyLYe70lA8PIv0/iPQO,vithyavino89@gmail.com,LOGITHASHWA V,XI-CSC MATHS,STUDENT,,t,,2026-04-17 04:28:19.914,37e0d6aa-7a46-4dd1-9d0e-2bf0c2ff64f7
db009595-502e-429d-87ca-371ece523a0e,mohammd.shahir.s.a,$2b$08$E9xgDqvx9OY/FCiSKhgypOYoZMCDiqQOlS5gq4Xh75KWbPbECiAcq,mohammedshahir1956@gmail.com,MOHAMMD SHAHIR S A,XI-CSC MATHS,STUDENT,,t,,2026-04-17 04:28:20.446,37e0d6aa-7a46-4dd1-9d0e-2bf0c2ff64f7
6040e052-8c9c-43fd-8538-b3ef5925bb9e,tarun.s,$2b$08$UkYmYgUjBXYZORIMhoFlSeV.h79kYZ.uIsroxHBnquD0tll73DCO6,tarunst.2019@gmail.com,TARUN S,XI-BIO MATHS,STUDENT,,t,,2026-04-17 04:28:21.129,37e0d6aa-7a46-4dd1-9d0e-2bf0c2ff64f7
4b780b88-d2c3-4fcb-b16f-1d52bcd6723e,sanjeev.p,$2b$08$Vfk.17rCKsC6LctlTmh.muGrSxix.AuLo9/EKS/lQKNO7Ldq5jgcC,Sanjeevansanjeev688@gmail.com,SANJEEV P,XI-CSC MATHS,STUDENT,,t,,2026-04-17 04:28:22.265,37e0d6aa-7a46-4dd1-9d0e-2bf0c2ff64f7
8bea9a0b-5f55-4353-876a-d28fa6e4affb,subhanesh.s,$2b$08$pL4VcistjZ2ReG2I9jOu2.hzTJmEOE2OcTyBQVK2qVyXh3aOMMmue,selvam1547@gmail.com,SUBHANESH S,XI-CSC MATHS,STUDENT,,t,,2026-04-17 04:28:22.834,37e0d6aa-7a46-4dd1-9d0e-2bf0c2ff64f7
4283391f-5957-4c29-8d97-77d2f6539376,surya.prakash.p,$2b$08$e6dxZimtFQwax9PXeDhDe.Az1MIMxBkTC7bjpv1jYySAIMNOoGpfG,suryaprakashsuryaprakash96078@gmail.com,SURYA PRAKASH P,XI-CSC MATHS,STUDENT,,t,,2026-04-17 04:28:23.336,37e0d6aa-7a46-4dd1-9d0e-2bf0c2ff64f7
63de9ef9-0f53-4d16-89c4-7f796f9593db,gokul.kanna,$2b$08$uGZ770PvWuAkWjXEx6QYEeHyxpLhgKjl5/D5xHsbKkNlewUhw2mR.,Absent,GOKUL KANNA,XI-CSC MATHS,STUDENT,,t,,2026-04-17 04:28:24.389,37e0d6aa-7a46-4dd1-9d0e-2bf0c2ff64f7
29688b13-01cd-461b-89bc-0ba0fe2159aa,p.rithika,$2b$08$W.FuGolW44ao3u1PhsNi5ONMHfXg7H/0FnGqvcLij2hWG6eMKkEu.,Absent,P RITHIKA,XI-CSC MATHS,STUDENT,,t,,2026-04-17 04:28:24.893,37e0d6aa-7a46-4dd1-9d0e-2bf0c2ff64f7
2b47d82d-e407-4c7c-a58b-466fffad15c3,gokul.krishna.r,$2b$08$cSfHfRCUfT9fVmSzRpLGu.DO9AxMtfjrrfltfL3yL8DVlWtqZOOeG,vmraja14@gmail.com,GOKUL KRISHNA R,XI-IIT,STUDENT,,t,,2026-04-17 04:28:25.988,37e0d6aa-7a46-4dd1-9d0e-2bf0c2ff64f7
960a48a7-7fb3-4acc-9c3a-957739affb89,krithik.kumar.s.k,$2b$08$EkdI/UhPWX72nHtuPxWHT.s3hlaSW0SpaBh7RmTjHIcs9K0BA601K,Absent,KRITHIK KUMAR S K,XI-IIT,STUDENT,,t,,2026-04-17 04:28:26.501,37e0d6aa-7a46-4dd1-9d0e-2bf0c2ff64f7
0baf2fbe-66b1-4b53-b522-8b4080379a00,pragadish.s,$2b$08$Zb8gxxU.Hszia5lBOaQAIupOfcZClB9A5/zGhRI7GtxfDFArzLB5e,pragadishpsy1227@gmail.com,PRAGADISH S,XI-IIT,STUDENT,,t,,2026-04-17 04:28:27.045,37e0d6aa-7a46-4dd1-9d0e-2bf0c2ff64f7
79533d62-52cb-4e60-b900-f56bc4d81b40,sanjay.krishnan.m.p,$2b$08$LUaRsStEs.xS6EiA8jjar.qq1M0znNqo6fW85c3zh3Paat65Vbjye,Absent,SANJAY KRISHNAN M P,XI-IIT,STUDENT,,t,,2026-04-17 04:28:27.574,37e0d6aa-7a46-4dd1-9d0e-2bf0c2ff64f7
3af6637b-773d-4efe-97bc-0f738c242dd3,sayasri.b,$2b$08$SxaQ7IhuTC9WErj3AgMr2eQ/1oo.WSk8fU8LkjzT/8L9xCe2O5mty,Absent,SAYASRI B,XI-CSC MATHS,STUDENT,2026-04-17 08:13:07.361,t,,2026-04-17 04:28:23.863,37e0d6aa-7a46-4dd1-9d0e-2bf0c2ff64f7
b58a75f2-71e0-48f6-b23e-06614904b247,vignesh,$2b$08$6onEpKAAnXsn9aHmRNTbD.tAAfzF49DkCfhNVtifPZNXJtPptBc0m,vikitmg97@gmail.com,VIGNESH,8-B,STUDENT,2026-04-17 07:31:46.153,t,,2026-04-17 04:28:17.208,37e0d6aa-7a46-4dd1-9d0e-2bf0c2ff64f7
d3f2605e-dc00-465c-a66a-1fe00bae1bc8,srivatsan,$2b$08$PLJki6ng5jNeDlPcbjyjdegKX/XPRFPiQkE6dAXQOvQwRPr/VbZfa,rajuvlr@gmail.com,SRIVATSAN,8-A,STUDENT,2026-04-17 09:12:57.07,t,,2026-04-17 04:28:18.299,37e0d6aa-7a46-4dd1-9d0e-2bf0c2ff64f7
03c72251-350d-4306-90e8-29fb2e7d9820,norvin.savio.a.c,$2b$08$7gkIQxZ5SR760dRZkvBVseSfO8./7fBoIik/NyXda4.NfVQPcwRc2,jaak.indien@gmail.com,NORVIN SAVIO A C,XI-IIT,STUDENT,2026-04-17 09:43:57.755,t,,2026-04-17 04:28:25.447,37e0d6aa-7a46-4dd1-9d0e-2bf0c2ff64f7
b4e7203d-cf8d-4685-a95e-4b43505d273f,rithik.b.r,$2b$08$/I7zX9c4/QT70Vsnlg3Vseqt7Ar4O3PXypf46cT8/gqSkezwtUjXu,rithikbr1947@gmail.com,RITHIK B R,XI-CSC MATHS,STUDENT,2026-04-17 09:48:50.669,t,,2026-04-17 04:28:21.731,37e0d6aa-7a46-4dd1-9d0e-2bf0c2ff64f7
2767cbbe-2a91-46e2-80d5-4b478d966b47,sagana.d.v,$2b$08$1rLlAotaHvnQTV7vJzemUu8t5W8B.V5pC0a.5lP1r0rOSpOe/3wp.,sagavisaka@gmail.com,SAGANA D V,XI-IIT,STUDENT,,t,,2026-04-17 04:28:29.17,37e0d6aa-7a46-4dd1-9d0e-2bf0c2ff64f7
6abcebdb-700f-48b4-93d4-9311c36c859a,yazhini.r,$2b$08$Rc7audHqHuS57zmhcmZW..qv7/EYGJrsQ8zIBhdfg0R.dxddxGPMm,vimalac1977@gmail.com,YAZHINI R,XI-IIT,STUDENT,,t,,2026-04-17 04:28:29.688,37e0d6aa-7a46-4dd1-9d0e-2bf0c2ff64f7
22002bc8-c994-4338-8578-12cf9db7fc13,kaushik.kumaran.rao.s,$2b$08$SK0nJcYr1dMO1Qg.ywb6buK7BJWKbVb.nqOV2NO6A5/YTpkW6/hOe,kkrkaushik823@gmail.com,KAUSHIK KUMARAN RAO S,XI-IIT,STUDENT,,t,,2026-04-17 04:28:30.209,37e0d6aa-7a46-4dd1-9d0e-2bf0c2ff64f7
1455fe7a-d2cc-4a2e-a23f-2eac43728d9b,aravindh.r,$2b$08$v0fuhnR9kAlATUYxcgop9.q.5x3MMH4c2djHR48g4.uP6MFl9MCj6,krmoorthy72@gmail.com,ARAVINDH R,XI-IIT,STUDENT,,t,,2026-04-17 04:28:30.818,37e0d6aa-7a46-4dd1-9d0e-2bf0c2ff64f7
459f1390-5ff9-43c0-87ce-89528c6bd3aa,sadhanjanan.a,$2b$08$W0GvuZvasTr9qqaxQ/7qyuAk0hM.saVp8IbqEwHdT5wEzOZ28LoQC,govindanari4@gmail.com,SADHANJANAN A,XI-IIT,STUDENT,,t,,2026-04-17 04:28:31.615,37e0d6aa-7a46-4dd1-9d0e-2bf0c2ff64f7
39619ff6-0a45-4973-9d6f-060ccd9a46e0,nafhisa.n,$2b$08$UYocPESDfs33K.nnMj9Eo.8LKnSWdqXVCPtF/dznbIqtUHryh4SE.,basha.nizam@gmail.com,NAFHISA N,Vlll-J,STUDENT,,t,,2026-04-17 04:28:40.014,8842d9a0-4224-4874-a92e-556d799b8605
be636aad-3b22-4cd2-9969-270246728d22,jaideep.r,$2b$08$aNA0eEklyyq/j1q14rtHduMo1xrM1oCpZoeNVK/V9ovGJjMht/ave,rajguruca.vs@gmail.com,JAIDEEP R,Vlll-J,STUDENT,,t,,2026-04-17 04:28:41.059,8842d9a0-4224-4874-a92e-556d799b8605
fbb27d6e-102c-4be3-878e-880a3339142d,yaswanth,$2b$08$n.q8VkOG8bSrrMQ8b5Zj8ewOab1zoYfY5sFvZKOjEBmGQHC1olPhe,sangeethasakthivel4109@gmail,YASWANTH,Vlll-G,STUDENT,,t,,2026-04-17 04:28:42.68,8842d9a0-4224-4874-a92e-556d799b8605
309a79fd-a921-42f0-a876-2dc1c27919af,ilamaran,$2b$08$nuBEOcoWS/fjNyeRJBaeveIREccVtmMhjZU.okSdBvOenH0T7n2gS,narmisivam@gmail.com,ILAMARAN,Vlll-D,STUDENT,2026-04-17 07:32:18.387,t,,2026-04-17 04:28:43.742,8842d9a0-4224-4874-a92e-556d799b8605
7aedc9bb-497f-432b-9fd8-9bc9d3a00dce,kiruthika,$2b$08$9OEOHfTK/DTH5PkpATF9te438I4eNND5PajhrbnoEFCHi35hcm9BO,lathasakthivel12@gmail.com,KIRUTHIKA,Vlll-J,STUDENT,2026-04-17 07:30:34.527,t,,2026-04-17 04:28:40.529,8842d9a0-4224-4874-a92e-556d799b8605
adcdac03-fd4a-40b5-9eec-3f2d9ff6cef0,danvarsh.poojan,$2b$08$vOYZ5JSwTofUS/u/7.J0/.doPbQmkxSOgxwiKzL71FPFH.PEjdX4y,rdpoojan@gmail.com,DANVARSH POOJAN,Vlll-G,STUDENT,2026-04-17 07:30:34.527,t,,2026-04-17 04:28:41.584,8842d9a0-4224-4874-a92e-556d799b8605
2462686e-1768-4c60-862f-0134a53e66f1,sanjith.g,$2b$08$COVg9RDKnnOepSPS2R4.Fep00BiEkGQWwQnmXKixCwQDLGbP9ABeu,ramyaramyagopal@gmail.com,SANJITH G,XI-IIT,STUDENT,2026-04-17 08:12:45.854,t,,2026-04-17 04:28:28.111,37e0d6aa-7a46-4dd1-9d0e-2bf0c2ff64f7
b4e8a7c0-f877-4ff9-8f3c-4ff0a4f6f6c1,sreenisha,$2b$08$4T.A7Pno1X3Z7zrGVdkiLeivJIhxcByW8WfbSq3fDcaRBdrQIX3U.,sudharj83@gmail.com,SREENISHA,Vlll-I,STUDENT,2026-04-17 07:30:34.527,t,,2026-04-17 04:28:43.197,8842d9a0-4224-4874-a92e-556d799b8605
ac71a408-3d15-487c-9d18-7a32874fc650,nikil,$2b$08$nET8vqsmeGQbp7HT8eRXQOPWEirrh78JTI9grj7WE28PEGGsZk442,sathya.feb15@gmail.com,NIKIL,Vlll-D,STUDENT,2026-04-17 07:30:34.527,t,,2026-04-17 04:28:44.319,8842d9a0-4224-4874-a92e-556d799b8605
85175f43-29c6-412c-9519-fe3445af8cd4,devadharshan.r,$2b$08$Q1y5VoPZ/T3AGTM6uJ0xie0vCWrpRNaJgA8wGFqItjVwYLAZytc7y,vasanthanagarajan69@gmail.com,DEVADHARSHAN R,IX-A,STUDENT,2026-04-17 07:34:08.311,t,,2026-04-17 04:28:32.724,37e0d6aa-7a46-4dd1-9d0e-2bf0c2ff64f7
b5c18032-e3ff-46d4-bdb3-a46fc1e56c63,ansnic.ryan,$2b$08$nzpWjQ2f4w34.0omnyjUFupwWpjqqvGvQ.r/e4yv2NCXfyiX9/z22,sumandominic@gmail.com,ANSNIC RYAN,Vlll-J,STUDENT,2026-04-17 07:30:34.527,t,,2026-04-17 04:28:39.468,8842d9a0-4224-4874-a92e-556d799b8605
0ee70dda-2b66-4128-9aa4-756af8ee7373,ezhil.raj.k,$2b$08$Dxe6n.QxLgjzYawYyexiQ.MAJJa48qEO6i4jKdbDFk9ZIAsBq5BQ.,ezhilraj25712@gmail.com,Ezhil Raj K,IX-A,STUDENT,2026-04-17 07:33:21.097,t,,2026-04-17 04:28:33.829,37e0d6aa-7a46-4dd1-9d0e-2bf0c2ff64f7
0d08c860-822b-474a-8ab5-3eba991f5ae4,gokul,$2b$08$H/zb2WnOqow.RQHLqC49u.ts4bV26dBP.R6Fiq5X/dfKrhFPlcyV6,dhivyacse2@gmail.com,GOKUL,IX-A,STUDENT,2026-04-17 08:01:05.904,t,,2026-04-17 04:28:33.291,37e0d6aa-7a46-4dd1-9d0e-2bf0c2ff64f7
9b3035db-0946-41ed-b5ff-4a9c2e30ed32,mugunthan,$2b$08$HdYjAk5d3f3vXOcxTRQRy.t8tb68MQR7DHaEAtp71GBoJT/Sk3JEi,leelabalaji14101992@gmail.com,MUGUNTHAN,IX-A,STUDENT,2026-04-17 07:33:02.253,t,,2026-04-17 04:28:32.224,37e0d6aa-7a46-4dd1-9d0e-2bf0c2ff64f7
6b4971ac-7694-4e91-af84-74a9e3d5f19f,thanshikha.v.s,$2b$08$DFiEytizd1YznRWNYFN5GOz8sEPrNGZEuWq2yqXTQQhLunepdYPKK,varshithanshi@gmail.com,THANSHIKHA V S,XI-IIT,STUDENT,2026-04-17 08:17:48.139,t,,2026-04-17 04:28:34.846,37e0d6aa-7a46-4dd1-9d0e-2bf0c2ff64f7
483834b8-4dd8-48f3-b7e1-c4de54c5079a,nethra,$2b$08$fhu5QybygSd06xfT1SfoTO81KZmf1NPkOznbcSQUICWL4rKHdfXzu,saravan.phy3@gmail.com,NETHRA,XI-IIT,STUDENT,2026-04-17 08:32:42.915,t,,2026-04-17 04:28:28.65,37e0d6aa-7a46-4dd1-9d0e-2bf0c2ff64f7
01e89da0-052e-4a56-b001-dc55712d8828,hirithik.s,$2b$08$7wmIdcbNOPX/ooixDwJYge9TwhNfirh06yUH97eteUomuPXcDDuN6,hirithik2603@gmail.com,Hirithik S,XI-F,STUDENT,2026-04-17 09:48:18.68,t,,2026-04-17 04:28:49.638,8842d9a0-4224-4874-a92e-556d799b8605
41e44d4e-ed4b-41b7-851a-04be3bf4f9ec,daksheen.raj,$2b$08$Pi29Thdgu5PrRJTU.W.zBu/uv9Np25bElc7ZAbyk0UuyFBHj5SYP6,dhakksheenraj2009@gmail.com,Daksheen Raj,XI-G,STUDENT,2026-04-17 09:52:36.847,t,,2026-04-17 04:28:49.066,8842d9a0-4224-4874-a92e-556d799b8605
49247d98-f3ca-4858-ae94-383e1e7323ad,taanisha.s,$2b$08$./gfBEP4FJXa8tnZryTFlerHUqVLUtHkWuj3ErL7thAlL7n4E/W6e,shtaanisha@gmail.com,Taanisha.S,XI-C,STUDENT,2026-04-17 10:36:42.706,t,,2026-04-17 04:28:48.52,8842d9a0-4224-4874-a92e-556d799b8605
a6b190d3-7dec-4ad7-b19a-f57c7b481473,kaviaya.y.j,$2b$08$JPSWnKoD.KM0OtYRTbFpK.Ah96qHeZxFhBGX4kc..o01HkWFOVVii,kaviayayj00@gmail.com,Kaviaya Y J,XI-C,STUDENT,2026-04-17 10:48:33.992,t,,2026-04-17 04:28:48.023,8842d9a0-4224-4874-a92e-556d799b8605
287ebd44-f7f4-4f63-95f6-f81075012370,m.m.rivethaa,$2b$08$Z6iACwfOyV5YPI2u8m4vZOaKRqFjhD2tDP2YnqrqwB2T5zLGS11..,rivethaa517@gmail.com,M.M.Rivethaa,XI-C,STUDENT,2026-04-17 10:50:05.925,t,,2026-04-17 04:28:47.404,8842d9a0-4224-4874-a92e-556d799b8605
932de40d-6b96-42d3-8421-c6bd8974ab92,thamizhini.arunkumar,$2b$08$gB0eaDbbZzJjqI7.w2tFs.7rrrfQM87i.JJjPc3t7w.A1LuCyxJ/S,thamizhiniarunkumar13@gmail.com,Thamizhini Arunkumar,XI-C,STUDENT,2026-04-17 10:55:37.338,t,,2026-04-17 04:28:46.811,8842d9a0-4224-4874-a92e-556d799b8605
3322878a-a2b0-419b-a77c-15ee6afe13e5,viswanathan,$2b$08$70J6uNG8L2/re9QW8cZg..6OFED554qlfyvmAZX6V4u7i2g1pxta6,vidyav27@yahoo.com,Viswanathan,XI-C,STUDENT,2026-04-17 10:58:06.511,t,,2026-04-17 04:28:44.93,8842d9a0-4224-4874-a92e-556d799b8605
7fd5cf0d-0011-4d38-a68b-2db190070c4f,guhan.k,$2b$08$CB0uNbOqoly2srgDSlYb/OScX5kc6SKyczvV3Z72ekYxfNDqP/WC.,guhankalai31@gmail.com,Guhan K,XI-C,STUDENT,2026-04-17 11:00:23.212,t,,2026-04-17 04:28:46.029,8842d9a0-4224-4874-a92e-556d799b8605
cc05ec87-7c5a-487a-ae32-a062360e9d82,kavilash.vinayak,$2b$08$b5zJmcYM6mHgXbJT2JMPUe9PBmAZYDeSUUFQ7R1NeiJmI9e/XPq9.,kothainataraj@gmail.com,Kavilash Vinayak,XI-C,STUDENT,2026-04-17 11:01:15.714,t,,2026-04-17 04:28:45.525,8842d9a0-4224-4874-a92e-556d799b8605
9d7048a3-3045-4f68-bd0a-ab0301e60877,kathirarasan,$2b$08$uUZpgB9j5K0ozzahkIAfw.9/Ts.tKUp5kuxSeDMVIw3XDharashCy,kathirmurugan215@gmail.com,KATHIRARASAN,IX-F,STUDENT,,t,,2026-04-17 04:28:53.395,8842d9a0-4224-4874-a92e-556d799b8605
abd4817e-1a4c-4c2e-869a-c5057f79fe59,kirthik.s,$2b$08$fkdTOxe2m54PQl67gCBx9O5Uz8lM2eZMC3ewfblj3.vGkxN1c8cJe,KYC231123102311@GMAIL.COM,KIRTHIK S,11-B,STUDENT,,t,,2026-04-17 04:29:00.591,c4e26fb9-0d9e-4bbf-acfb-83f299f8ad22
b5b31b55-f2a7-4d1f-95c8-5512375549f6,krishanth.j,$2b$08$y1xtTpxAjp/EwgJ0zoUKs.O//E2R.YjwM.mVrsrjsGoA.FC4rwLjG,KRISHANTHRJ@GMAIL.COM,KRISHANTH J,11-B,STUDENT,,t,,2026-04-17 04:29:01.129,c4e26fb9-0d9e-4bbf-acfb-83f299f8ad22
c1cc354b-bb83-453b-9dce-4ba2149bc262,mithunan.v,$2b$08$X92yDPCKgRnx9PLJSxEWfOEM1MCB4kG1sn/RXUvSErxpNaz81scSy,MITHUNAN200@GMAIL.COM,MITHUNAN V,11-B,STUDENT,,t,,2026-04-17 04:29:01.646,c4e26fb9-0d9e-4bbf-acfb-83f299f8ad22
4f288781-c123-454b-a6ca-35795cbb0194,rio.m,$2b$08$j9M8gSMu8Y2yjnLMtjlTPeDUYMb.aoa27r96gO/VbbAQkUAj.i1P.,RIOVRIAS@GMAIL.COM,RIO M,11-B,STUDENT,,t,,2026-04-17 04:29:03.58,c4e26fb9-0d9e-4bbf-acfb-83f299f8ad22
f96b4df1-9219-4f89-9698-949248645814,sahasra,$2b$08$QmoPHWthUHuOMlIrtwrQXO1XnFw4jPtB4fLfJCIzCvZyFSERxrkqe,SAHASRAMALASAMI@GMAIL.COM,SAHASRA,11-B,STUDENT,,t,,2026-04-17 04:29:04.125,c4e26fb9-0d9e-4bbf-acfb-83f299f8ad22
5ae26bec-95a5-43df-a254-27ab553faccb,vinusha,$2b$08$OM/jXEUGOLzVySAV7RPx0.BEWLqmHb/D0wdXaOs3gXKsNdIB4jUV.,VINUSHAMK@GMAIL.COM,VINUSHA,11-B,STUDENT,,t,,2026-04-17 04:29:05.127,c4e26fb9-0d9e-4bbf-acfb-83f299f8ad22
aa2064af-54b7-46c3-87c3-9efa9ab6bb93,krithik.kumar,$2b$08$swqRJ7va7VC8/xMy/l061u5gvFqiz4fANghGWnKG5tj0qtRehh.xu,DRPRIYANKASANTOSH@GMAIL.COM,KRITHIK KUMAR,9-A,STUDENT,,t,,2026-04-17 04:29:09.089,c4e26fb9-0d9e-4bbf-acfb-83f299f8ad22
6329d7c5-fe04-4616-a662-455b77225983,aniruth.mahendran,$2b$08$5uNpXEjLd80r2mvH297iwe/lu7Q/vOBq.Wh2NKNHKv45c3Fm2fGzq,ANIRUTHMAHENDRAN072013@GMAIL.COM,ANIRUTH MAHENDRAN,9-A,STUDENT,,t,,2026-04-17 04:29:09.635,c4e26fb9-0d9e-4bbf-acfb-83f299f8ad22
bf4c269a-a200-4dd6-bcba-639e88161147,bhuvan.s,$2b$08$jI6Bqi1r1zYkI0jcb2eiG.LB1eDNQThknsiafhHL3B/pTFAWISX8S,RSK120910@GMAIL.COM,BHUVAN S,9-A,STUDENT,,t,,2026-04-17 04:29:10.13,c4e26fb9-0d9e-4bbf-acfb-83f299f8ad22
f5a2d553-173a-455f-a4b0-6c3fd853edfd,shashang,$2b$08$E5DxTl1Hir1En/sigd7BGu9PPRUXLinvsb/oBRO7crGJr4os9ve2G,YASHINISRIYASH@GMAIL.COM,SHASHANG,9-B,STUDENT,,t,,2026-04-17 04:29:10.689,c4e26fb9-0d9e-4bbf-acfb-83f299f8ad22
a1de7324-fce1-4e29-af3e-9fad6f7c9cf6,advait.r,$2b$08$uoX4DW5rjO15prqmrqDOWuBp6LQoRNPH0JR2YY3yeyeHTHq6u3JNu,RAJA.ADVAIT@GMAIL.COM,ADVAIT R,11-B,STUDENT,2026-04-17 07:34:46.496,t,,2026-04-17 04:29:05.652,c4e26fb9-0d9e-4bbf-acfb-83f299f8ad22
bd28d0ed-c914-4e53-b477-a5a3808a3e8d,harsidh.s,$2b$08$ReT4Vcn4bv/muXdDXkOpiOPZfyamvSAVgofeLxLVqZ.XDNn.ptjOy,HARSIDH.TVIS@GMAIL.COM,HARSIDH S,8-B,STUDENT,2026-04-17 07:30:34.527,t,,2026-04-17 04:29:07.832,c4e26fb9-0d9e-4bbf-acfb-83f299f8ad22
e6b9d16d-81d1-4234-9037-0cfdf9bcb5ff,roshan,$2b$08$DrCef.T4wp3jGk6nwMWNAOHW9NPtXxG4Ru.pYc5viycdrgV9jN1mi,ALAMU9511@GMAIL.COM,ROSHAN,9-B,STUDENT,2026-04-17 07:30:34.527,t,,2026-04-17 04:29:12.266,c4e26fb9-0d9e-4bbf-acfb-83f299f8ad22
2c0f5ae2-6cd8-4af1-aac1-2c0d756c3f64,yeshwan.s.v,$2b$08$dYhQmNuecRkOV/lUkUi77eOOEpwbzoebWN/Z1qL2ZV4ctf2cQlPKG,VSK@INTELLECTAC.COM,YESHWAN S V,8-B,STUDENT,2026-04-17 07:30:34.527,t,,2026-04-17 04:29:06.721,c4e26fb9-0d9e-4bbf-acfb-83f299f8ad22
e6c53b0a-9366-4c09-b785-b8c47ae36ae6,bhargav.d,$2b$08$8g2cEcC4mWdfvP3EDHl1CO/ES4Au13VVMPFc1zDrUCpULF9EYj3VS,PRAGATHIAMARESWAR@GMAIL.COM,BHARGAV D,8-B,STUDENT,2026-04-17 07:30:34.527,t,,2026-04-17 04:29:08.536,c4e26fb9-0d9e-4bbf-acfb-83f299f8ad22
a49cd068-ca2f-48f7-8170-1ff449ea4fd6,sideshwar.k,$2b$08$MwklchbfkX.gvqtpvz9g8uWIxdE.JaQaNNb8A.UDPfgK.VdgECae.,SDEVIKARTHICK@GMAIL.COM,SIDESHWAR K,8-B,STUDENT,2026-04-17 07:30:34.527,t,,2026-04-17 04:29:07.268,c4e26fb9-0d9e-4bbf-acfb-83f299f8ad22
275b1411-4cf7-4137-be56-4fe1741fbd49,krishyant,$2b$08$c3YDVtPb7pYTvg6jAVy6ouxO2kwHhcUwxIGh/IG3wAAwoQeqrNXqa,KRISHYANTH46@GMAIL.COM,KRISHYANT,9-B,STUDENT,2026-04-17 08:25:00.204,t,,2026-04-17 04:29:11.741,c4e26fb9-0d9e-4bbf-acfb-83f299f8ad22
7da0d7fe-1999-49ff-b8e8-216b1e9fbd98,krrisharjun.j.k,$2b$08$WWsjaiQYqhI69oHZFFC2kuqnbzPbcFCWyLC723vKMFv.nNfHwtL4e,KARTHIKAMANO@GMAIL.COM,KRRISHARJUN J K,8-B,STUDENT,2026-04-17 07:30:34.527,t,,2026-04-17 04:29:06.173,c4e26fb9-0d9e-4bbf-acfb-83f299f8ad22
758d4512-2d75-4443-b903-0ede8435f62b,duruva.jaya.prakash,$2b$08$r4fiVEBSEBvUiaHMdfCva.j7AmXhIrfixoRrKajrSvvrwqmxP2a1C,SUPER.DURUVA.1430@GMAIL.COM,DURUVA JAYA PRAKASH,11-B,STUDENT,2026-04-17 07:30:34.527,t,,2026-04-17 04:29:03.065,c4e26fb9-0d9e-4bbf-acfb-83f299f8ad22
4a984fc4-beba-48c3-95f1-0c49b4446bee,pabio,$2b$08$wqfPWz0Ixn1vrlREvButmukeElFCHCGsWAvb3HFYFdF59QdWkhBxe,KINGPABIO.PJ@GMAIL.COM,PABIO,9-B,STUDENT,2026-04-17 08:28:33.163,t,,2026-04-17 04:29:11.22,c4e26fb9-0d9e-4bbf-acfb-83f299f8ad22
a3e3f98b-4511-430d-8cc5-03e6b557fbee,lakshith,$2b$08$khuqcr8C.xGuiUevLUz4V.8aiChYNhSL8ISLZUPyPQRA65sdPaFW6,laksiththehero@gmail.com,Lakshith,XI-F,STUDENT,2026-04-17 09:47:34.899,t,,2026-04-17 04:28:50.184,8842d9a0-4224-4874-a92e-556d799b8605
514a5db5-8043-47c7-9e9a-214d7b05ca1b,siddhanth,$2b$08$kYrMG/BsMr0khNc/1KL6fOhHp5qgWQL7GIQDB1cvnNdx/uPYUg7pe,gotreetlord@gmail.com,SIDDHANTH,IX-C,STUDENT,2026-04-17 09:51:38.341,t,,2026-04-17 04:28:50.735,8842d9a0-4224-4874-a92e-556d799b8605
bedc8c20-6537-41cd-a397-24a85b8a3a24,b..kowshic,$2b$08$kmQ2k4ZHS0g3BgUn4dfGtOD1afg9aRBuIXBgidc8nErtLtVO4R9W6,kowshic32@gmail.com,B. KOWSHIC,IX-F,STUDENT,2026-04-17 09:55:31.69,t,,2026-04-17 04:28:54.442,8842d9a0-4224-4874-a92e-556d799b8605
fa6ae629-f37f-4409-aba6-c4e071599e36,vishnu.raghav,$2b$08$kJ0wvUW6Yh1rOxrmCyc7M.5Nf2d5YtUqhMVPYW6XapCejGOpUyLe2,honeytharavi@gmail.com,VISHNU RAGHAV,IX-D,STUDENT,2026-04-17 09:56:52.092,t,,2026-04-17 04:28:52.288,8842d9a0-4224-4874-a92e-556d799b8605
18ebe6f7-fcde-40f7-9e61-acd799d7c61f,lekka.varadhan,$2b$08$HO/a4WcNS8/DnDLqF6ArhO4BFzLbzYgRzorTQqk0jnBt36MxWUxXK,150184lekkhavaradhan.gbkm@gmail.com,LEKKA VARADHAN,IX-F,STUDENT,2026-04-17 09:57:57.656,t,,2026-04-17 04:28:53.933,8842d9a0-4224-4874-a92e-556d799b8605
4f08dd81-6f2e-4cc8-b553-763cdcdae36e,vaibhav,$2b$08$BlPtmMy5xKfMUc7A16Vl6.P/nzbUS2mWcJ/TyMaDW1bflR6G7CjQu,vidhyadarshaan@gmail.com,VAIBHAV,IX-D,STUDENT,2026-04-17 10:00:09.668,t,,2026-04-17 04:28:51.774,8842d9a0-4224-4874-a92e-556d799b8605
add279af-2d44-4ee5-a302-878d603890fd,dhanuj,$2b$08$vgb/H7t7RpxltcfWhhhbLuW41UA1Ixtt2rocSMiDI9pI0t5p1sggi,rdhanuj3@gmail.com,DHANUJ,IX-D,STUDENT,2026-04-17 10:01:52.688,t,,2026-04-17 04:28:51.27,8842d9a0-4224-4874-a92e-556d799b8605
0bf990e4-8545-4dbb-8253-87e4953f00ab,magitha.dm,$2b$08$U0hm7q9uEiHlzsRekNB3O.hXnalnpn2y7mGqQhglQGg7xkN4e4Hfe,menakadhina@gmail.com,MAGITHA DM,IX-G,STUDENT,2026-04-17 10:26:12.419,t,,2026-04-17 04:28:55.572,8842d9a0-4224-4874-a92e-556d799b8605
aeaad491-0cc9-4538-9c99-6e5b7bd30d1b,heshvanth,$2b$08$Oyeuvkvo5dLg5BJBqEa3E..wT7/.vfJG/RwrJ6B4hOgHhVE/lY/By,porkodin@gmail.com,HESHVANTH,IX-B,STUDENT,2026-04-17 10:28:34.312,t,,2026-04-17 04:28:52.835,8842d9a0-4224-4874-a92e-556d799b8605
39796882-6922-401f-bfd0-3ffd92731b9b,d.ashwanth,$2b$08$NS88z9qUVaMSmHoc5h3PguzRz/9LUo6Eydfny2uGezZQp1ZHaHMKK,DON.STELLACO@GMAIL.COM,D ASHWANTH,9-B,STUDENT,,t,,2026-04-17 04:29:13.28,c4e26fb9-0d9e-4bbf-acfb-83f299f8ad22
4421eaa7-fc88-443f-b933-fb1feea75f14,dineshnathan,$2b$08$ys3voxJK8ienm.EzmfUdQeyZFystSGJpdfPOcU.5pWvJyaNpTb1Am,nathas2010@gmail.com,DINESHNATHAN,XI-FOUNDATION,STUDENT,,t,,2026-04-17 04:29:19.015,48bcbbbe-db46-416c-9f4e-a81d37ae14f9
5df4a304-5a17-4913-ab08-f8ea2651202c,nityasree.vellanki,$2b$08$aRywJ9iumnsgkOt7cSvZo.0m80HFJl4USPwYnaZd0Zu4c.os.hD/6,ms.vellankinitya@gmail.com,NItyasree Vellanki,XII-B,STUDENT,,t,,2026-04-17 04:29:24.492,e1128c81-04e5-4358-a2f5-f2fd63826023
965176a1-ece0-4cb0-843e-fcc47b113d39,krithika.s,$2b$08$oYJ4Q5AeIcpf81tJ1093BeL1ZK6h8/7eyW7VdLsUnpClONPOL9e86,krithikakrithika440@gmail.com,Krithika s,XII-B,STUDENT,,t,,2026-04-17 04:29:25.139,e1128c81-04e5-4358-a2f5-f2fd63826023
799d6107-858b-4259-8d89-e17a2f428804,monasree.m.v,$2b$08$frffuHIELKdmSb.m4xzFcuTOcs7Ta3nYaRFxldNR8iX9PTx9nTF7e,monasree2009@gmail.com,Monasree M V,XII-B,STUDENT,,t,,2026-04-17 04:29:25.771,e1128c81-04e5-4358-a2f5-f2fd63826023
a0e3b440-2144-4c77-9fdc-382202e48b0f,kaavya.d,$2b$08$AWEmZVPG1HiB7xbl31G2UOENeTP0ejvNBhYyflUCqSxSPI78e3gxa,kaavya2009@gmail.com,kaavya D,XII-B,STUDENT,,t,,2026-04-17 04:29:26.325,e1128c81-04e5-4358-a2f5-f2fd63826023
7a58d1c5-b645-48fe-95f2-cfc03404fd1d,shahina.salma,$2b$08$qufL9yL54eTaZyjzfw/Nn.sap89IVTaZegw5mXK2QgZYc8AXSYP4S,shahinasalma568@gmail.com,Shahina salma,XII-B,STUDENT,,t,,2026-04-17 04:29:26.891,e1128c81-04e5-4358-a2f5-f2fd63826023
9720f0d0-a1b0-4397-894d-bf44c2c6a167,sharvin.m,$2b$08$vv2OOiGlQrqMxRnj7/ieBOg1vTom5CKbA69kDD55Af9.Qp5DxDJt2,sharvinmp.10@gmail.com,SHARVIN M,IX-A,STUDENT,,t,,2026-04-17 04:29:32.243,66f1322d-657c-4645-b78d-d46d8f4df2e1
923f7d06-2a43-4ab4-bd4f-c33b765fd9d3,poshika.reddy.r,$2b$08$rMKE/3fe1RQbuy4ZXnANZOsF3LcVBp5UMwDu3OH7gEK/oeteryMhK,niru1311@gmail.com,POSHIKA REDDY R,IX-A,STUDENT,,t,,2026-04-17 04:29:33.122,66f1322d-657c-4645-b78d-d46d8f4df2e1
0ab4e418-1d9e-41e0-b113-9d69ff54a2a7,lakshan.hayagreeva,$2b$08$UMZbURdE912jYMcMrbe.O.B5Cc2ASZXCvLkz9.BsgLU3icKPb4IA2,surekumk9292@yahoo.in,LAKSHAN HAYAGREEVA,IX-A,STUDENT,,t,,2026-04-17 04:29:34.235,66f1322d-657c-4645-b78d-d46d8f4df2e1
c6063c08-b1d8-4a33-882c-6431d079bd70,saravanan.r,$2b$08$dluYJhfwjRi1RusIwWg2VuRz0dbBSkYyGKg4SEuNALSFZa2QpCf1S,thefeol1981@gmail.com,Saravanan.R,VIII-F2,STUDENT,,t,,2026-04-17 04:29:40.363,cfabce65-f67d-445e-9846-f9528ffa1201
72d2f574-59b4-4e81-b1b6-c6bf46d66eb2,madesh.n,$2b$08$WLMZx8dyk3KN6Ke9OxluDOTf6W6YBhz5hfw468Q.7PyvN1yHTP26q,Madesh.maadhu.2025@gmail.com,madesh.N,VIII-F2,STUDENT,,t,,2026-04-17 04:29:40.973,cfabce65-f67d-445e-9846-f9528ffa1201
47b0f20a-9552-46ce-9f73-9fa3a76d22bf,yashwanth.kumar.r,$2b$08$qh1xzcKcJ16Au5F1VlFZFek9q.iKpnX1vFAsFy1xHNj8gu8CGLxH.,ravikumar8308@gmail.com,Yashwanth kumar.R,VIII-A,STUDENT,,t,,2026-04-17 04:29:42.891,cfabce65-f67d-445e-9846-f9528ffa1201
7793722b-f284-4bb2-b057-4385c4fc6a9f,thirukarthik..g,$2b$08$BNlKif71Kn01kYMtM34rZutSx5idKLQUFnVedm0Mb0P5gmgAHLSQW,Julietgopi2128@gmail.com,Thirukarthik. G,VIII-A,STUDENT,,t,,2026-04-17 04:29:43.529,cfabce65-f67d-445e-9846-f9528ffa1201
47268282-adb1-4cab-b7c9-48d6ebe81f97,nikhilesh.g,$2b$08$w5sNNbdJvBxyotDugS/N4uWRZth6Rx4DS8pgYFGjrryhTA3GkrYwG,guru_writeme@yahoo.com,Nikhilesh.G,VIII-F1,STUDENT,,t,,2026-04-17 04:29:44.651,cfabce65-f67d-445e-9846-f9528ffa1201
efd20b75-2320-448a-98ef-5dfb9f06429d,akshaya.v,$2b$08$aIcZLxTjbM2DQSas5sMVmOqPqLeENViY/DBgWfos0cQrhIs.WuAl6,GMATHI.VJ@GMAIL.COM,AKSHAYA V,9-B,STUDENT,2026-04-17 08:23:56.03,t,,2026-04-17 04:29:14.396,c4e26fb9-0d9e-4bbf-acfb-83f299f8ad22
d52e7e29-850a-492d-bf99-f316b04c7710,sri.varsa.d,$2b$08$QFXpPfsZD10xyAEz0BvHCOtNPq0FB.daWPUJ5ysoPfUqSNpjlkHgu,vinodhini662@gmail.com,Sri Varsa.D,VIII-F2,STUDENT,2026-04-17 09:20:32.965,t,,2026-04-17 04:29:42.179,cfabce65-f67d-445e-9846-f9528ffa1201
24d2edcc-c889-4e1b-8b85-857d7c6a2b4e,sarvadhrin,$2b$08$pzbImXe6EPaRaxgVVMufquDi5Bkmo/00O2rE3ZC83GzZBoD6lUXUC,avmuthukumar1979@yahoo.commenakat.mca@gmail.com,SARVADHRIN,IX-A,STUDENT,2026-04-17 07:30:34.527,t,,2026-04-17 04:29:34.861,66f1322d-657c-4645-b78d-d46d8f4df2e1
e3df140d-6f1a-46d8-a921-befdf3be8266,rohitha.m2,$2b$08$L5pSJxGOj23aXJS.edcg2eO35S5DeAvEpaR09/8CmiNbDz6DQErpS,mohana_pms2003@yahoo.co.in,ROHITHA M,IX-A,STUDENT,2026-04-17 07:30:34.527,t,,2026-04-17 04:29:33.653,66f1322d-657c-4645-b78d-d46d8f4df2e1
d046f7bb-6c8b-4921-bd3a-a1787d4a85aa,dikence.a,$2b$08$aoxWbAewZPiLJUT8LDlWqOd2LkTwiJuwk5mHaaxLJiXH12i9.4/DC,sreenuradha61@gmail.com,Dikence.A,VIII-F1,STUDENT,2026-04-17 10:08:44.612,t,,2026-04-17 04:29:45.167,cfabce65-f67d-445e-9846-f9528ffa1201
adcb01d6-e0ce-4c21-8a01-03a331d3d5aa,santhosh,$2b$08$N.RuB/glP3PWI32cCBsmMuKIuh8jzC0FUa7nUTM80ns8YioV9nfHG,nadhikasubhakaran@gmail.com,Santhosh,VIII-A,STUDENT,2026-04-17 07:30:34.527,t,,2026-04-17 04:29:28.698,e1128c81-04e5-4358-a2f5-f2fd63826023
2dfc2387-7569-4634-9242-27891971a9f0,s.pranavram,$2b$08$8w2e6h.P2VS0xtJl.hRJ5.E4Sm0yIRwX4Z5C2LUu0qCIQc31eOoeW,PRANAV3712@GMAIL.COM,S PRANAVRAM,9-B,STUDENT,2026-04-17 07:30:34.527,t,,2026-04-17 04:29:13.831,c4e26fb9-0d9e-4bbf-acfb-83f299f8ad22
af00367f-7486-494d-9ad6-fc14d12b1be5,mihana.s,$2b$08$iGc3KkgWzQ4tPw3Z7EjZc.Yp5c6VehkC47O9PRWPmV.mZfOcI9nCW,150080MIHANASTALIN.GBKM@GMAIL.COM,MIHANA S,9-B,STUDENT,2026-04-17 08:24:37.867,t,,2026-04-17 04:29:14.895,c4e26fb9-0d9e-4bbf-acfb-83f299f8ad22
eb4ed7f6-e1dd-486e-afc2-43dcedbfe64b,pragadeesh.v,$2b$08$86Xgmtou/tH9TxYo7GMIYOmp0IUUfacXLZjEWQmsHZGWuMRwOfdnm,balajisubramani1071985@gmail.com,Pragadeesh.V,VIII-C,STUDENT,2026-04-17 09:57:32.652,t,,2026-04-17 04:29:44.068,cfabce65-f67d-445e-9846-f9528ffa1201
c3ac1670-f197-4065-88b7-abb8a3f55e05,ahmed.raihan,$2b$08$OzQBxNYUDl8d6WEq1jjQGe3QCzLuwFHque/EZCLhrt0e3tncHqe.m,haameemirfana@gmail.com,Ahmed raihan,VIII-A,STUDENT,2026-04-17 10:00:17.32,t,,2026-04-17 04:29:28.132,e1128c81-04e5-4358-a2f5-f2fd63826023
00e05954-4303-4f5e-a0ba-efdcebe2e0fb,gauthan.akshay.m,$2b$08$olgsm8ubgDwczcGrrPORLuH/yf2Q1zyVkPryIRHnVjuFGl8riWAlm,missionimpossible7891011@gmail.com,Gauthan akshay.M,VIII-F2,STUDENT,2026-04-17 09:20:32.965,t,,2026-04-17 04:29:41.616,cfabce65-f67d-445e-9846-f9528ffa1201
08ffa16d-5fda-48dc-97ba-0fa8ad2ec214,krithesh,$2b$08$wPndHFHl4Y9wct2SVbxFGeHn3Fwe.FDTX96spJGR6Bh.bRynayRea,k.s.pirajanth2008@gmail.com,Krithesh,VIII-A,STUDENT,2026-04-17 10:17:56.961,t,,2026-04-17 04:29:27.452,e1128c81-04e5-4358-a2f5-f2fd63826023
5528ac60-398d-45aa-9388-7ac369fe12f2,mohammad.hasan,$2b$08$uiXQS7kOs102qs9PKoeeGOwrzJ7iEfJ/R./Qfh97SP4yUE729NnaG,hasanepic8@gmail.com,Mohammad Hasan,XII-B,STUDENT,2026-04-17 11:22:14.004,t,,2026-04-17 04:29:22.564,e1128c81-04e5-4358-a2f5-f2fd63826023
3c422615-b8c0-43fa-a3b3-989660afaee8,fazil.jakir,$2b$08$Ua4BBKyqo2mN3PMXV4mB5e4Exa8lGsSN4.LWa0Kd3PV9LVdARhsQu,ajakira123@gmail.com,Fazil Jakir,XII-B,STUDENT,2026-04-17 11:24:50.535,t,,2026-04-17 04:29:23.209,e1128c81-04e5-4358-a2f5-f2fd63826023
e69bd144-2923-49f8-b842-eadfe70293b8,devprakash,$2b$08$tBD90K7fjmK9FgWtN6HPVOGkDfL.i0eassvbKn49j4VSs3EE9Bq5q,,Devprakash,XII-B,STUDENT,2026-04-17 11:25:03.759,t,,2026-04-17 04:29:23.848,e1128c81-04e5-4358-a2f5-f2fd63826023
7772d5f7-abb4-47ba-bc8b-d47c412e807a,vishnu.vardhan,$2b$08$PtcZnMM0AfYECS0nH4sCdOo7wm2DK5ceqO1PBtvvF5ZGU7DCiwgl6,Itz.me.vixzzz@gmail.com,Vishnu vardhan,VIII-F1,STUDENT,,t,,2026-04-17 04:29:46.919,cfabce65-f67d-445e-9846-f9528ffa1201
109819a0-cd37-4c71-8db1-d5c9d490a5f7,darshan.s,$2b$08$B6nHIzFYjUqgGw0n0QyiJu.VysNaT0p3eAypPLG0xeZzGwiItU8oa,darshan.sendme@gmail.com,DARSHAN S,IX-F1,STUDENT,,t,,2026-04-17 04:29:48.391,cfabce65-f67d-445e-9846-f9528ffa1201
40f0d5d8-3a63-46d8-bf41-9b1b78937812,thirumanikandan.s,$2b$08$RKdTvjo3bkWHMXMhUVWmoO94BD0q5PD/z9z/RxcJy9iF8nq30GOCq,manithedon4646@gmail.com,THIRUMANIKANDAN.S,IX-F2,STUDENT,,t,,2026-04-17 04:29:58.262,cfabce65-f67d-445e-9846-f9528ffa1201
cb4d93c7-7547-4cf7-88c4-fd969fdb090a,dharshini.p.r,$2b$08$jg7JsgSB6ScClnV7tT.Lk.RV67VcMK6b4ki3HCZYvgLb3XHX3OqSi,lavanyahema75@gmail.com,DHARSHINI P R,IX-F2,STUDENT,,t,,2026-04-17 04:29:59.409,cfabce65-f67d-445e-9846-f9528ffa1201
79861957-de90-4a8c-bce9-d0d995c9860a,ravi.varma.c,$2b$08$NvNlokVk74OQ0DpB5t.zpuWZTEmloZRyg4mNW/EJJWVVG/lDjkbZG,chinnamanimrevthi@gmail.com,RAVI VARMA.C,IX-F2,STUDENT,2026-04-17 09:20:32.965,t,,2026-04-17 04:29:57.618,cfabce65-f67d-445e-9846-f9528ffa1201
5663fefd-383e-49e3-bcd7-1f674cd95c7d,gurucharan.s,$2b$08$m6uVFatKvwzzXMZa98UFC.jEkW7P5hf4oV3neGFbQ1/I2Dyff2np6,guruanusha3@gmail.com,GURUCHARAN.S,IX-B,STUDENT,2026-04-17 09:20:32.965,t,,2026-04-17 04:30:04.336,cfabce65-f67d-445e-9846-f9528ffa1201
f9fa9b3a-1fc9-45fc-8ff3-e1cec7157c07,sabarish.e,$2b$08$On8f3KX4YPpyugnYqnOxie4JLlyn2Jkg3tyAAxgyWzR0eI01TruHi,kalaivanielango2691@gmail.com,SABARISH.E,IX-F1,STUDENT,2026-04-17 08:25:32.683,t,,2026-04-17 04:29:52.475,cfabce65-f67d-445e-9846-f9528ffa1201
6e3d1f5e-26fe-4e3d-a8af-c39583f2fce2,vasiharan..s,$2b$08$yGvkGqZwGYKsMK/teeybvuZZ/DlAVV2MkBPY8yifjRDNkr5koK3KW,malavashi7@gmail.com,VASIHARAN. S,IX-B,STUDENT,2026-04-17 07:30:34.527,t,,2026-04-17 04:30:04.851,cfabce65-f67d-445e-9846-f9528ffa1201
6077991f-156c-447c-a69b-4e2d765b115b,hema.vishnu.priyan,$2b$08$nNqhm1YXjyago4NL04bpV.aw25.vVXcyFaEAYhT2Lz0//RzdbjAj2,hemavishva2419@gmail.com,Hema Vishnu Priyan,VIII-F1,STUDENT,2026-04-17 10:05:56.029,t,,2026-04-17 04:29:46.249,cfabce65-f67d-445e-9846-f9528ffa1201
3574454d-9b4d-405f-a009-7c58473df711,suhana.sk,$2b$08$5lzFgEiz5zDeRUZHKy30ROILhzEXYUq0AAZ31Cup2amLhqmVq6pki,mahaboobbashabotanyatthegmail.com,Suhana Sk,IX-F2,STUDENT,2026-04-17 09:20:32.965,t,,2026-04-17 04:29:59.966,cfabce65-f67d-445e-9846-f9528ffa1201
1545b7f2-2a7b-4355-b97c-111a6091093e,udhaya.sankar..m,$2b$08$9YggEQZk3xRCLe7tVpzsn.WElMCzGbMQNRfFcvGrd5t5O5xWEPBte,mmadhubala.udhay@gmail.com,UDHAYA SANKAR. M,IX-B,STUDENT,2026-04-17 09:20:32.965,t,,2026-04-17 04:30:03.376,cfabce65-f67d-445e-9846-f9528ffa1201
4868945e-d1c2-4895-946c-d603709e8edf,logadheesha..c.y,$2b$08$AISHZuIhzBKdUMUQA1XA.OTim7GD3/A81S9NrKQtVnQVEYrA/gf5y,logadheesha72@gmail.com,LOGADHEESHA. C.Y,IX-B,STUDENT,2026-04-17 09:20:32.965,t,,2026-04-17 04:30:02.21,cfabce65-f67d-445e-9846-f9528ffa1201
ab13ef04-58e1-4218-8444-e601f4f26e84,madhav.g.n.s,$2b$08$phlSB/uPvl3avxROy1748OE4Ph20edMHuyHSmgH8o9KARCb1aUG/C,nagaraju.g0088@gmail.com,MADHAV.G.N.S,IX-F2,STUDENT,2026-04-17 09:20:32.965,t,,2026-04-17 04:29:56.913,cfabce65-f67d-445e-9846-f9528ffa1201
14c643b2-9fef-4d63-8279-e56c75d5ee49,dhanveer.sai,$2b$08$8e1gp4WlVTVk88h2cvhGTuFyy7/WzWbFQIBWDL07z5tREDK0gms7G,supriyavinothkumar7@gmail.com,DHANVEER SAI,IX-F2,STUDENT,2026-04-17 07:39:08.745,t,,2026-04-17 04:29:58.852,cfabce65-f67d-445e-9846-f9528ffa1201
ec80cbaf-df31-4e85-92d6-a2e9d0d8fd08,sarthak.kumar.s,$2b$08$81AGkplZWvMKHSUj7gBw4eNwQAhm8Vtll06NJC4ncCx5V47O4.Q2S,arpanasrivastav565@gmail.com,SARTHAK KUMAR.S,IX-B,STUDENT,2026-04-17 09:20:32.965,t,,2026-04-17 04:30:00.545,cfabce65-f67d-445e-9846-f9528ffa1201
2b8e121d-6660-4971-b514-d55a5ff3b6bc,reyansh.tiwari..a,$2b$08$VZLkMYipxMGpRdDM7BKcjut8bQPVr8ZMw7bhBUgZrIuMY0ELBzQnC,anshubpc1@gmail.com,REYANSH TIWARI. A,IX-B,STUDENT,2026-04-17 09:20:32.965,t,,2026-04-17 04:30:01.092,cfabce65-f67d-445e-9846-f9528ffa1201
9083c549-095d-4e81-9dfb-394c712ae770,ashvanth.a,$2b$08$CKwBJ3FfDov2XPoUKSCsa.zqFQFytjNja/LIuwr6oZhkGDU.ZrD76,vvpashvanth001@gmail.com,ASHVANTH.A,IX-F2,STUDENT,2026-04-17 09:20:32.965,t,,2026-04-17 04:29:55.005,cfabce65-f67d-445e-9846-f9528ffa1201
5cd68e5e-40c7-4593-a8e9-9ee89538ccff,kamalajith.tg..ra,$2b$08$d6B06hBP7tQ23pXWWR1Wf.yYsdmSrx.Z.ffiPhA2Bu9Ho24x8ANaG,sarithar1982@gmail.com,KAMALAJITH TG. RA,IX-F1,STUDENT,2026-04-17 08:27:03.191,t,,2026-04-17 04:29:51.272,cfabce65-f67d-445e-9846-f9528ffa1201
dafa66ec-d66e-4e78-81c0-18163c4768c9,harsha.kumar..p,$2b$08$6qrJdNHuF3kTe2SZH0SIPe3u/g8ZoIIF9gDnXJPZgXhGhayFC4wcS,harsha131704@gmail.com,HARSHA KUMAR .P,IX-F1,STUDENT,2026-04-17 08:30:27.575,t,,2026-04-17 04:29:49.608,cfabce65-f67d-445e-9846-f9528ffa1201
a5f0dbbf-8f52-4dba-8cfe-f9380f1dd904,nikhilesh.mnew,$2b$08$Q2Mnhf3LCP9lYYXsixd04eU4KCdrwerQ/m/7tjp4gfoDq2xNT0w6O,kavimani9428@gmail.com,NIKHILESH M(NEW),IX-F1,STUDENT,2026-04-17 08:30:29.35,t,,2026-04-17 04:29:50.165,cfabce65-f67d-445e-9846-f9528ffa1201
8417893f-8741-4c11-99cf-a7f3f4111358,harish.m.k,$2b$08$esS6JjPStOobrkyErvcaSe/5eGnsZbcnRjGrArqjbrnvcPamZAqH2,kmia4422@gmail.com,HARISH M K,IX-F1,STUDENT,2026-04-17 08:30:36.173,t,,2026-04-17 04:29:50.761,cfabce65-f67d-445e-9846-f9528ffa1201
f44a21be-caea-4540-9d00-dd02a870f154,monish.krishna..s,$2b$08$3gj5vRiUYYymRSagkPvkHeftH/amIH7lS/6hYp4p6umjAl3xyay/C,nandhini@29091986gmail.com,MONISH KRISHNA. S,IX-B,STUDENT,2026-04-17 08:32:46.125,t,,2026-04-17 04:30:02.77,cfabce65-f67d-445e-9846-f9528ffa1201
9a5dd319-7f52-44e3-a8e5-41dea86e80db,rupake..r,$2b$08$zd7NEgRjpvysWRk4DnZEouKVu7eCAUQkenj0GzP2MZcd2pQq/hC6i,vidhya3g@gmail.com,RUPAKE. R,IX-F1,STUDENT,2026-04-17 08:43:05.345,t,,2026-04-17 04:29:54.415,cfabce65-f67d-445e-9846-f9528ffa1201
ee1ddb42-de6a-49f7-aa87-acabfa831b8c,sai.sachin..m,$2b$08$W0Y7sOUCMVNzlJhVOR4rru4hdDclSOKOjOYh6X409JTbUvWQKssIW,mrekha9596@gmail.com,SAI SACHIN. M,IX-F1,STUDENT,2026-04-17 08:43:22.554,t,,2026-04-17 04:29:53.772,cfabce65-f67d-445e-9846-f9528ffa1201
24eac769-6cb5-45be-a147-81584b0c3661,mithlesh..u,$2b$08$SaH7iYlFCKaXcOm6Z659MOkbkaHg8StBqZLgxr.lc.CDilqUjUmce,kalpanaumapathy@gmail.com,MITHLESH. U,IX-F1,STUDENT,2026-04-17 08:43:26.508,t,,2026-04-17 04:29:51.855,cfabce65-f67d-445e-9846-f9528ffa1201
8d0012d2-7ad0-45c3-9775-88525b65c5a6,anish.ragavan.l,$2b$08$VAq8r/Z1pYqrEceafQYBFO0/EkOF4fC5M6FEIjy3kRm4SNdo0XzTG,sangeetha130685@gmail.com,Anish Ragavan.L,VIII-B,STUDENT,2026-04-17 09:48:46.897,t,,2026-04-17 04:29:47.542,cfabce65-f67d-445e-9846-f9528ffa1201
fb712d44-ab94-48e2-8548-1144205eb581,dilli.ganesh.c,$2b$08$B4qvhKFCs97uHVgXGjVDguE5qWMUCCiEFSKg.tXCDp.TForO09Xue,pavithraraja4948@gmail.com,DILLI GANESH C,IX-F1,STUDENT,2026-04-17 09:20:32.965,t,,2026-04-17 04:29:48.935,cfabce65-f67d-445e-9846-f9528ffa1201
d7464694-cf28-49ad-9baa-2caab6d4a29d,ajay.balan..v..k,$2b$08$1SPEOy1szZG0UL6Va9GvKeF3CdKAoUx7jACRMUWKCOqBpaFp01G5a,20asmi@gmail.com,Ajay balan. V. k,VIII-F1,STUDENT,2026-04-17 10:26:25.038,t,,2026-04-17 04:29:45.669,cfabce65-f67d-445e-9846-f9528ffa1201
0ff9973f-4597-43ee-bb87-975152c88d6c,mahashwin.prasath.y.,$2b$08$/FE0qzYaKMG4hBoG57HMuu.hJx8OVFEGyyqahJpPfOE8lR.2O2obi,mahashwinprasath08@gmail.com,MAHASHWIN PRASATH Y.,IX-F2,STUDENT,2026-04-17 10:32:59.442,t,,2026-04-17 04:29:56.293,cfabce65-f67d-445e-9846-f9528ffa1201
c7b2955c-39cc-4229-8d66-1d2b48231cd0,p.tejeshwar,$2b$08$MlGLuuP/o0x7XIexS36ZMeEDaXhzQcRfETWonbBbB1b6tErDqP0ca,divyaparthi3007@gmail.com,P.TEJESHWAR,IX-D,STUDENT,,t,,2026-04-17 04:30:07.172,cfabce65-f67d-445e-9846-f9528ffa1201
64694f7f-4d81-4207-b068-faa34b26e793,m.mohit.sai,$2b$08$ainsNRppS75usXaSh1TnI..p.LrxhspRV5nEJ9SvxDLyS80mVGXSW,devimurali2190@gmail.com,M.Mohit Sai,IX-F1,STUDENT,,t,,2026-04-17 04:30:07.727,cfabce65-f67d-445e-9846-f9528ffa1201
383a40ee-740d-4607-aa85-568404652f1a,sanjai..b,$2b$08$Z3NFitWtVzR7gvIWuRhZjeSLCdkmH.KRuwSi1HUuPD26CHlBqcqie,brubitha@gmail.com,Sanjai .B,IX-F1,STUDENT,,t,,2026-04-17 04:30:09.405,cfabce65-f67d-445e-9846-f9528ffa1201
0f852e78-adf9-4c3a-a440-0b842d35d22e,yashitha.reddy.g,$2b$08$jYoWWhSQfuI79j2fmUDBAu/.85SB6eYEiw5GROcRAwzMTgViZ63.e,,Yashitha Reddy G,IX,STUDENT,,t,,2026-04-17 04:30:11.689,0ba72023-b40e-42fe-9aca-1dbc1346aaa8
ff0940b7-fb81-45fe-927f-16da0c9c4811,joshnavi,$2b$08$6rQODxMOzKCnW4j8fvXn2.kvVR4pgXWNEFbFaRiOwgacQ9v02v7Jm,,JOSHNAVI,XI-CBSE,STUDENT,,t,,2026-04-17 04:30:32.673,ccbeda19-2e56-4ba5-8bf6-8d9f35aa4b4d
dcc976be-efb6-42e4-8847-7d244359e554,biswojeet.khandual,$2b$08$85mEd5bU33HRqo9sCZqFPucCvLHJIgt0kJEdP7dUxDOQkWaT6lAWa,chhabilata030@gmail.com,BISWOJEET KHANDUAL,IX-B,STUDENT,2026-04-17 08:32:01.292,t,,2026-04-17 04:30:06.563,cfabce65-f67d-445e-9846-f9528ffa1201
ba4fc8de-42f0-49e4-9f0a-1d8fbe4e7c38,ravishan.v,$2b$08$icsx3AoqWsIq1gmnpPe2XuCTOliPgM43b1IrHxXKhJjGuLbeZqkZy,vennar82@gmail.com,Ravishan.V,IX-F1,STUDENT,2026-04-17 08:32:29.851,t,,2026-04-17 04:30:08.819,cfabce65-f67d-445e-9846-f9528ffa1201
898dbad1-1cdd-4af8-9c02-2bd3e137e931,s.ashwin.kumar,$2b$08$m5CvGalfXXGzDc3q.vvig.Ps0bugEdpLxu0ZqP7X3TcBYxR.VXRrW,salivendrakirankumar@gmail.com,S.Ashwin kumar,IX-F1,STUDENT,2026-04-17 08:37:10.97,t,,2026-04-17 04:30:08.228,cfabce65-f67d-445e-9846-f9528ffa1201
3de4071d-6ac3-4ee3-a5c2-9b21e67ff4b5,jaswanth.s,$2b$08$WNg3jx0YpXmm2ZTevUjJmek7wZgTai0OInRP7YXAtHw.qIuF8aUJW,,JASWANTH S,8-B,STUDENT,2026-04-17 09:13:01.894,t,,2026-04-17 04:30:21.478,ccbeda19-2e56-4ba5-8bf6-8d9f35aa4b4d
c696162d-add8-4d23-812d-b07e7b17d6a6,dheekshika.s,$2b$08$1Ab/VuHWA9M4rub.mrropeQ4m9d7jvL7sjNJBp8sBvPm7gtjDqh3O,,DHEEKSHIKA S,8-B,STUDENT,2026-04-17 09:13:03.564,t,,2026-04-17 04:30:18.881,ccbeda19-2e56-4ba5-8bf6-8d9f35aa4b4d
b4c5c04b-ee8f-4aba-95d4-0b2ca4146623,nithyasree.b,$2b$08$eLvzgCLKXzGNwWfsyfY80uj5RTyGuVMlmfaPFKbqSpMGJFzg1rkAK,,NITHYASREE B,8-B,STUDENT,2026-04-17 09:13:17.034,t,,2026-04-17 04:30:19.663,ccbeda19-2e56-4ba5-8bf6-8d9f35aa4b4d
86cf59e4-e80e-41c6-9b0e-7c0b184ab0fc,nafeel.r,$2b$08$sX2PwTv24EE6wnsZEapbW.CIAGgHHslD/6eZWivzUYqannXT5wyL2,rajak123@gmail.com,NAFEEL R,9-B2,STUDENT,2026-04-17 09:22:27.189,t,,2026-04-17 04:30:22.577,ccbeda19-2e56-4ba5-8bf6-8d9f35aa4b4d
fa756c53-780a-4bf9-8913-0c4c9e277df3,madhesh.p.s,$2b$08$QoOeYTSrBRxoZlBQArspqeCcKei9d1ANl7J9OES2plNLBxCOcYmc.,,MADHESH P S,8-C,STUDENT,2026-04-17 09:22:38.623,t,,2026-04-17 04:30:20.818,ccbeda19-2e56-4ba5-8bf6-8d9f35aa4b4d
1cb8fb30-5d58-42e9-aeb9-e6d3478e7295,shareak.m,$2b$08$/36KWacDOGD1IF4uKBkp6emfYRNNoi7Yja/E9z3p7cZA3W.2k6eSe,,SHAREAK M,8-A,STUDENT,2026-04-17 09:22:50.385,t,,2026-04-17 04:30:22.02,ccbeda19-2e56-4ba5-8bf6-8d9f35aa4b4d
e3a08443-dd2c-43bf-894d-e428f9cdb716,dhanesh.n,$2b$08$8WnBYazWPsHfPYxHypHB8.JNJtd0ouyPi/M2xfLOScToyeRlzvpji,dhaneshnandhastudio@gmail.com,DHANESH N,9-B1,STUDENT,2026-04-17 09:23:00.058,t,,2026-04-17 04:30:24.881,ccbeda19-2e56-4ba5-8bf6-8d9f35aa4b4d
f499e6e9-1ef7-4fce-b385-25fb1fc992f6,keerthika.sree.s,$2b$08$8PfdGuhB8t4NB.4E.tcOlOEV/bnBnnqYh6OXWAGM5tCVECK3e5Xru,kokilasrini26@gmail.com,KEERTHIKA SREE S,9-IIT,STUDENT,2026-04-17 09:23:06.21,t,,2026-04-17 04:30:29.45,ccbeda19-2e56-4ba5-8bf6-8d9f35aa4b4d
cfcb0c94-546d-4aea-b51f-6523e622e10f,guruprasath.u.s,$2b$08$viL1TuZDNIMfV8eNgVha7uAxovYdqcPOswKMKVssaT7XQ9ICCNnPC,sangeetha11udaya@gmail.com,GURUPRASATH U S,9-B1,STUDENT,2026-04-17 09:23:15.571,t,,2026-04-17 04:30:26.257,ccbeda19-2e56-4ba5-8bf6-8d9f35aa4b4d
985ae1b0-6dbe-493b-a5bc-20516e53dbbe,sudhiksha.p.s,$2b$08$3V5GKXsCCveOd9vdqt6sb.eJXKQL6lgfEL8TabxkSB6GkH70D3uiK,psangeethasri84@gmail.com,SUDHIKSHA P S,9-IIT,STUDENT,2026-04-17 09:23:20.364,t,,2026-04-17 04:30:28.825,ccbeda19-2e56-4ba5-8bf6-8d9f35aa4b4d
46592f64-4847-4dd0-b9d4-9a8736d9b75e,aswin.prasad.s,$2b$08$QKE2HA6yD08LkUwXCoZJReJ.u1CqohxgnG94MEw9bl0O54KYBU3L.,sasikumar.dharani@gmail.com,ASWIN PRASAD S,9-B1,STUDENT,2026-04-17 09:23:29.73,t,,2026-04-17 04:30:27.54,ccbeda19-2e56-4ba5-8bf6-8d9f35aa4b4d
8ee0c564-0f11-4ba9-b34e-cac68081767c,kanishka.b,$2b$08$doUB1uuzuxc1.6ltcLzQ6e1fdqJYsAS7WgSU0RbWwkm6BZXijWK2C,amalababu81@gmail.com,KANISHKA B,9-IIT,STUDENT,2026-04-17 09:24:01.202,t,,2026-04-17 04:30:28.125,ccbeda19-2e56-4ba5-8bf6-8d9f35aa4b4d
f2c67931-ab51-4f09-a434-df3cc4d0f3c9,krishikaa.s,$2b$08$85wgT1biEPRvLKWF4MD9G.DBbesSWowg1oMFmSq07OuyAyTx5iK/C,srinithy221@gmail.com,KRISHIKAA S,9-IIT,STUDENT,2026-04-17 09:24:27.023,t,,2026-04-17 04:30:30.729,ccbeda19-2e56-4ba5-8bf6-8d9f35aa4b4d
b36faffd-430e-4c0c-ac9a-4dba748e85a8,rishanth.m,$2b$08$4GbgMymrvetB80hAq0pIce6.g9olLljOUX1TqatRWpjqBWbZp6Rae,muralidoss77@gmail.com,RISHANTH M,9-B2,STUDENT,2026-04-17 09:36:14.859,t,,2026-04-17 04:30:23.215,ccbeda19-2e56-4ba5-8bf6-8d9f35aa4b4d
2e13985a-37c2-46b1-a116-d696630cc868,nilavan,$2b$08$abGAoY2OdbmDA0rdIY9lfu2lXTsGjJXQppOmMCaFSxfZlTUKikWxa,gopinilavan2009@gmail.com,NILAVAN,XI-IIT,STUDENT,2026-04-17 09:37:04.241,t,,2026-04-17 04:30:33.245,ccbeda19-2e56-4ba5-8bf6-8d9f35aa4b4d
aa79aaac-b075-422b-b9be-a4ba8ac21137,chandragiri.lokesh,$2b$08$J1VTFOnD5YYkrZSQ2f9qLufzX7TNUwKRYZNrWs6BtlxfKjYsQ8mrC,chandragirichangaiah@gmail.com,CHANDRAGIRI LOKESH,XI-CBSE,STUDENT,2026-04-17 09:38:06.207,t,,2026-04-17 04:30:32.009,ccbeda19-2e56-4ba5-8bf6-8d9f35aa4b4d
853a8dae-65c1-4c3b-aa1a-3d082cc81d82,gershon.samuel..m,$2b$08$36WqO1rYDTIbdFk7Ai0k8OuxvHjZ2g5uEh3ExklfKQNEnd7rAt0iO,gershonsamuelm@gmail.com,GERSHON SAMUEL. M,IX-B,STUDENT,2026-04-17 09:47:40.639,t,,2026-04-17 04:30:06.062,cfabce65-f67d-445e-9846-f9528ffa1201
22413047-2f23-4dc9-861c-024171bcfe51,deepesh.v,$2b$08$ikH82bYUmnMAFdx/fH/a3uk5dSykA2ExwB6EFmyjQCC9i9dBkFFJi,madhuchandu2723@gmail.com,DEEPESH V,9-B2,STUDENT,2026-04-17 10:00:54.141,t,,2026-04-17 04:30:24.37,ccbeda19-2e56-4ba5-8bf6-8d9f35aa4b4d
ccfa1e3b-55c9-4102-9146-6e5cc30549b7,dharshan.kumar.d,$2b$08$uPF4ugKsY5FUjjBtCzpLUuGlIKp.0uCaDRhw2qv2Qux3XSq7WjB9m,rekhadinesh333@gmail.com,DHARSHAN KUMAR D,9-B2,STUDENT,2026-04-17 10:03:49.119,t,,2026-04-17 04:30:30.09,ccbeda19-2e56-4ba5-8bf6-8d9f35aa4b4d
c7cebb6f-4ce3-4ec5-8846-3ed1bf6c8dbe,kiran.s,$2b$08$ZSbu8VSiB1ejbGsJZ3MhNerl7GYpVyZA1wvySmKgIxBGa4aZK.xUW,ks0619024@gmail.com,KIRAN S,9-IIT,STUDENT,2026-04-17 10:16:39.627,t,,2026-04-17 04:30:26.888,ccbeda19-2e56-4ba5-8bf6-8d9f35aa4b4d
7428391c-79d7-4f38-961c-2eae701e9b59,gurucharan.k,$2b$08$JO34NhzOab39kE6bW2.qROocid5wEYfbAg52.ixI8P.FrPF1sxSVK,cintholyadav@gmail.com,GURUCHARAN K,9-B2,STUDENT,2026-04-17 10:17:19.512,t,,2026-04-17 04:30:23.807,ccbeda19-2e56-4ba5-8bf6-8d9f35aa4b4d
4a1eecad-0ac4-40d1-9f3d-d1b6815a3247,siddharth.a.p,$2b$08$JilnL5a27v47AA/GN.Yk7.HNkn8S8BcHCAWQxkjRXrL6aUYBCUSYq,siddhartharunachalam@gmail.com,SIDDHARTH A P,9-B1,STUDENT,2026-04-17 10:26:36.194,t,,2026-04-17 04:30:25.618,ccbeda19-2e56-4ba5-8bf6-8d9f35aa4b4d
76cfd6ed-8dad-4b70-8339-fa9f2fab3aa7,kumaran.k,$2b$08$Fo/AHp54YLFYQXYuz0PM3uoXaYd3.yMA5iNcxihbO1AWEXfZ2d80e,prabhavathykesavan@gmail.com,KUMARAN K,XI-B1,STUDENT,,t,,2026-04-17 04:30:43.803,ccbeda19-2e56-4ba5-8bf6-8d9f35aa4b4d
83c64b4f-31d8-45be-88ad-44cbf8395884,sriram.s,$2b$08$hJZRy29tfxkCmmtA3D1IT.NIy65ISpnDF1zEBVa5IwA/B2eOBEhCe,,SRIRAM S,XI-B1,STUDENT,,t,,2026-04-17 04:30:44.359,ccbeda19-2e56-4ba5-8bf6-8d9f35aa4b4d
ad6f35fd-7271-4c5e-a4d6-0e2a57f4fbfc,nishanth.m,$2b$08$Ar.cvlahSKoeCsd4iQytiuSx8mIzKFLsSuz/.fEvChKjhvAjO/ZM2,hainishanthm2009@gmail.com,NISHANTH M,XI-B1,STUDENT,,t,,2026-04-17 04:30:46.248,ccbeda19-2e56-4ba5-8bf6-8d9f35aa4b4d
fe0fac29-ef3b-4e6e-8bf5-f178f6b8fc16,sivakarthikeyan.s,$2b$08$Ql9LHUJsTsG3ZYHrtSrM9uum1L8yF5bFNCeCYSPB441iFcvDlmSIC,suseesampath@gmail.com,SIVAKARTHIKEYAN S,XI-B1,STUDENT,,t,,2026-04-17 04:30:47.454,ccbeda19-2e56-4ba5-8bf6-8d9f35aa4b4d
2a0bbb71-454f-4fea-bdc7-bc54fd8eb59c,kishore.m,$2b$08$yz5Wj.wCIev4yGWULqCgO.0eWbrjmaLqYR9aWBSJqSZCILT/76Re.,kishorepkm009@gmail.com,KISHORE M,XI-B1,STUDENT,,t,,2026-04-17 04:30:48.168,ccbeda19-2e56-4ba5-8bf6-8d9f35aa4b4d
5ebc0f0e-8d8d-499e-8074-07b14553dfec,shyam.a,$2b$08$eg1ylMM4Rn7VBoBAeavwbeb90/QbhsOBudh1ZqaALSOG2xmhUQL7m,anand.10021980@gmail.com,SHYAM A,XI-B1,STUDENT,,t,,2026-04-17 04:30:49.453,ccbeda19-2e56-4ba5-8bf6-8d9f35aa4b4d
c154bfb8-f765-4362-b929-868fca859cb3,dinesh.karthik.j,$2b$08$ZMtZCuEWSlyRoy9UfSriceMkD/ktsQalubjJS4cf2b2s95myIZIpy,jdinesh7005@gmail.com,DINESH KARTHIK J,XI-B1,STUDENT,,t,,2026-04-17 04:30:50.408,ccbeda19-2e56-4ba5-8bf6-8d9f35aa4b4d
1390c275-05a8-451b-a47a-8010fc8b4eed,rithik.p,$2b$08$cpuxUiBQgnPXwCtyr.wHF.mC0sL.sTMqjHH75wzhoVbP2RUbghYfW,akshayarithik1979@gmail.com,RITHIK P,XI-B1,STUDENT,,t,,2026-04-17 04:30:51.049,ccbeda19-2e56-4ba5-8bf6-8d9f35aa4b4d
9813f5e0-e435-4507-a056-bc30c97edc39,praveen.kumar.g,$2b$08$EqKVgLrbO3hm5MejzBVEjeac/UWdrMdjDDH5v7K7xvPEUwa9.pdrO,praveenkumar260909@gmail.com,PRAVEEN KUMAR G,XI-B1,STUDENT,,t,,2026-04-17 04:30:51.648,ccbeda19-2e56-4ba5-8bf6-8d9f35aa4b4d
a2e3a62b-cd83-4213-8040-2807cb5c62e5,jaswanth.s2,$2b$08$dbS.B.mghZipMk9AYjFyI.URQY7/e.e7/JFYCrA0EAyetGdR834h.,,JASWANTH S,XI-B1,STUDENT,,t,,2026-04-17 04:30:52.199,ccbeda19-2e56-4ba5-8bf6-8d9f35aa4b4d
efb86581-3b4f-41a1-8e53-e65491a5b096,karnesh.v,$2b$08$JdWNqhnvpUFAkssI1844kO1nluEvLSzOY3/vAZ6hvlz57IEJ43LAi,,KARNESH V,XI-B1,STUDENT,,t,,2026-04-17 04:30:52.808,ccbeda19-2e56-4ba5-8bf6-8d9f35aa4b4d
c7efd17d-9ea1-4f77-b740-762be9ec535c,koushik.v,$2b$08$zF1.Ag1dIyd8vxFAS8hqGuAOHWfdJ6oy8iYe9ZTwynrZZSjVq0En2,mohanavimal11@gmail.com,KOUSHIK V,XI-B1,STUDENT,,t,,2026-04-17 04:30:54.74,ccbeda19-2e56-4ba5-8bf6-8d9f35aa4b4d
a051447d-a025-45c9-9651-5db3e0ed1ca1,gowri.v,$2b$08$uXiCPXqJUclEWbGE87qSseZhUqSWMOCZ1LnxtQ1jWFr3APCF0KGO2,jsandhiya123@gmail.com,GOWRI V,XI-A1,STUDENT,2026-04-17 07:30:34.527,t,,2026-04-17 04:30:43.208,ccbeda19-2e56-4ba5-8bf6-8d9f35aa4b4d
e8fbe795-ef25-4d0c-98c0-be35fffe6b50,nikithitha.sri.p.s,$2b$08$FDxKuF7C1s3vZqXvEAohueVHe./Mbt0MEIc764xsh94pAxT8o/ww.,hemalathasasikumar6@gmail.com,NIKITHITHA SRI P S,XI-A1,STUDENT,2026-04-17 07:30:34.527,t,,2026-04-17 04:30:39.112,ccbeda19-2e56-4ba5-8bf6-8d9f35aa4b4d
3e558d2f-935d-4406-811a-651dc69cd6d0,khaviya.j,$2b$08$J0gMMGq1fAN4VvEXZHc9TOk6O3fucN5hofkHcesKDj1QOoVJuFItC,jothijk2007@gmail.com,KHAVIYA J,XI-A1,STUDENT,2026-04-17 07:30:34.527,t,,2026-04-17 04:30:40.811,ccbeda19-2e56-4ba5-8bf6-8d9f35aa4b4d
60d3499a-115f-4650-b7ae-4ccf5f16dac4,alan.melchiz.raj.j,$2b$08$XA1XBV3EPkXCLqsRHXZISe0uxOkShjCzjif14uRfV5KxqBixY1a8u,jalanmelchizraj@gmail.com,ALAN MELCHIZ RAJ J,XI-B1,STUDENT,2026-04-17 07:30:34.527,t,,2026-04-17 04:30:44.969,ccbeda19-2e56-4ba5-8bf6-8d9f35aa4b4d
6c9af11c-864f-4cc7-9e05-bd732e00764f,nithya.sree.r,$2b$08$sPbpgU4CKTsYUxzVk0UZWeL87F.rp3yEb61jaTzrwRUVVdS0/zN6y,,NITHYA SREE R,XI-A1,STUDENT,2026-04-17 07:30:34.527,t,,2026-04-17 04:30:42.569,ccbeda19-2e56-4ba5-8bf6-8d9f35aa4b4d
a2542ae3-6418-4acc-b582-c612706dd9c6,monika.shree.s,$2b$08$wMjW6kRefCwEeAA3XGrnA.Z4CorERkwqUoPxiGCj16./e6cWQSpye,gettinmaha919@gmail.com,MONIKA SHREE S,XI-A1,STUDENT,2026-04-17 07:30:34.527,t,,2026-04-17 04:30:41.377,ccbeda19-2e56-4ba5-8bf6-8d9f35aa4b4d
4d2752ef-b567-4dae-9204-7690e7a23d90,harini.t.r.s,$2b$08$SiRgDJ9ZqCtjBFAyNKUFSOPpDREcJZoMT/Z9hm7YGlDVhIuCpLfUm,nmsvsa@gmail.com,HARINI T R S,XI-A1,STUDENT,2026-04-17 07:30:34.527,t,,2026-04-17 04:30:40.215,ccbeda19-2e56-4ba5-8bf6-8d9f35aa4b4d
3d28097a-8ca1-4c1c-a5da-f112d629a3ee,anuvarshini.v,$2b$08$CU3lohCix01NbMoYKqpksOdXDmRTkPiZzMDupRuEN2Vzw82MVdaDa,kavinvelu7@gmail.com,ANUVARSHINI V,XI-C2,STUDENT,2026-04-17 07:30:34.527,t,,2026-04-17 04:30:53.451,ccbeda19-2e56-4ba5-8bf6-8d9f35aa4b4d
5873ab9a-f10e-4a81-8745-0ca3b678dfb4,dharanivendhan.s,$2b$08$M5qEZ7M092JB0XOipcz5s.F/jOBrX3M5C7kv3SRTfNFr3J6Zq.w7q,sasikumar.dharani@gmail.com,DHARANIVENDHAN S,XI-B1,STUDENT,2026-04-17 07:30:34.527,t,,2026-04-17 04:30:46.888,ccbeda19-2e56-4ba5-8bf6-8d9f35aa4b4d
c9aa0ac1-2be7-4242-bdb9-cbdcd2e304b9,dhanush.g,$2b$08$teILMN7D3Dd5fUIr8BWQ6OVpnMvU76MGtM30hUhCS.1lMZfcyhVTe,saran959@gmail.com,DHANUSH G,XI-B1,STUDENT,2026-04-17 07:30:34.527,t,,2026-04-17 04:30:48.764,ccbeda19-2e56-4ba5-8bf6-8d9f35aa4b4d
f60012f6-9851-4e55-985a-ec6175dd404c,dhikshitha.s,$2b$08$Q/OHQTPs05YtXBhWlkgeuu4uZVbRw8ibSpZ4fXumgcChI1BkI.wPK,dhikshi27@gmail.com,DHIKSHITHA S,XI-C2,STUDENT,2026-04-17 07:30:34.527,t,,2026-04-17 04:30:54.096,ccbeda19-2e56-4ba5-8bf6-8d9f35aa4b4d
3ed8fc13-d8f6-4f15-a66d-be11fce71626,monish,$2b$08$TjxagWrLKh9qufU.Caa6.OhCwekbUkMkADY8MbU/n.M/rk07JQm4e,,MONISH,XI-IIT,STUDENT,2026-04-17 09:38:22.395,t,,2026-04-17 04:30:33.799,ccbeda19-2e56-4ba5-8bf6-8d9f35aa4b4d
cbe0ad90-34bb-416d-a095-e7a77d7a439e,magesh.s,$2b$08$ItlHlZaBaPaIgl/vR0.PoO.OITjE2kYctMVcY6TDBcHk.4qGTpZaO,magijani12@gmail.com,MAGESH S,XI-B1,STUDENT,2026-04-17 07:30:34.527,t,,2026-04-17 04:30:45.61,ccbeda19-2e56-4ba5-8bf6-8d9f35aa4b4d
bebf3401-3417-48f1-a3cb-dbaf147cb297,yukthesh.r,$2b$08$rTBmUSwUbylf814j78sVh.n6n8AjWev0QYvwJgb6ZI20f1FVhuU9.,ramayukthesh2009@gmail.com,YUKTHESH R,XI-A1,STUDENT,2026-04-17 07:30:34.527,t,,2026-04-17 04:30:36.011,ccbeda19-2e56-4ba5-8bf6-8d9f35aa4b4d
d810aa8b-2e6d-4258-97cb-1872d911e916,praveen.kumar.m,$2b$08$l48lyTfYsdpujQHJ5L.sHOmmgKwCMKyYJ73WyUffll0st0MQUGEaW,bhavanimagesh98279@gmail.com,PRAVEEN KUMAR M,XI-A1,STUDENT,2026-04-17 07:30:34.527,t,,2026-04-17 04:30:36.65,ccbeda19-2e56-4ba5-8bf6-8d9f35aa4b4d
3ae02e13-c575-4d19-8f56-26cf29c42768,deepak.i,$2b$08$Bm6foCcO.iQTUj1RzPFppeiuHNK0MnoBIMzeVPm/30ddo8JPfMnYu,inbanathanj4@gmail.com,DEEPAK I,XI-A1,STUDENT,2026-04-17 07:31:05.016,t,,2026-04-17 04:30:37.289,ccbeda19-2e56-4ba5-8bf6-8d9f35aa4b4d
dd06df73-9413-4079-a02a-bf2ca8cc7548,rakshana.r,$2b$08$Mr8Pe2PbSsRdZFmHZKRXw.fpaQyNnPzRaCk/bYnbXNA4dYlV1VMKG,rsrakshna@gmail.com,RAKSHANA R,XI-A1,STUDENT,2026-04-17 07:30:34.527,t,,2026-04-17 04:30:38.569,ccbeda19-2e56-4ba5-8bf6-8d9f35aa4b4d
68b684ba-2da5-4ed2-ac06-111b78a23568,soban.raj.s,$2b$08$3KXao88neUNrIHqlf0/otOg/M1A0QBW5ttkSivxZoAWcJXlkUmgHG,,SOBAN RAJ S,XI-A1,STUDENT,2026-04-17 07:34:21.524,t,,2026-04-17 04:30:34.408,ccbeda19-2e56-4ba5-8bf6-8d9f35aa4b4d
9faf28ff-cca3-43fc-888b-13310640f191,nithesh.v.k,$2b$08$IsX2M6sNz/HIL4ShjUuKj.CS4t2IUGr6mASXfiz6RbhvlwAtQKaNi,,NITHESH V K,IX-B,STUDENT,,t,,2026-04-17 04:31:04.328,3317f03b-4f08-46bd-a90c-d907892df575
255cbdde-4549-4a4e-8d1d-3bf6b3dc20d6,kalyan.v.s,$2b$08$5En0soxsWTf/fQJy1u/QoeFWM3Xa3i4Ymj/7NR3vBGcpkWQFePqpa,priyasureshnaidu@gmail.com,KALYAN V S,IX-B,STUDENT,,t,,2026-04-17 04:31:06.899,3317f03b-4f08-46bd-a90c-d907892df575
73c6ca88-43dd-4ac2-8702-e2f3a216c63b,rishiwanth,$2b$08$IeIYZUXsVO6Qn.pz7BL7tebQ5LW4iGizV/0gG5m8KQ3Z1OqapMksy,,RISHIWANTH,IX-B,STUDENT,,t,,2026-04-17 04:31:07.426,3317f03b-4f08-46bd-a90c-d907892df575
4a305817-4234-43de-bf20-e82d8682dc20,muthul.karthick,$2b$08$z/hZqBo.ynQHjd.IbAsjPOcvrKuZC5NYP43VavTLH5LL/KHn1PvCO,,MUTHUL KARTHICK,IX-B,STUDENT,,t,,2026-04-17 04:31:08.143,3317f03b-4f08-46bd-a90c-d907892df575
9247697d-a4d3-440c-ac9e-7d562bfb8641,sri.ram,$2b$08$19clLQ1GEEcDU24jLQ0bEOkiuYl3DMfsmPkFg8C6cW65di3a9j8r2,muthumetal@gmail.com,SRI RAM,IX-A,STUDENT,,t,,2026-04-17 04:31:10.569,3317f03b-4f08-46bd-a90c-d907892df575
5b4e2bda-41b9-4c53-8729-22570f1e2ea0,kushwanth.reddy,$2b$08$u6NrvFubWh1kC6B5Jjn78O2PHJ44Gh8F7T2gWrdRqVareUcc1y2Pm,kushwanth.preddy@gmail.com,KUSHWANTH REDDY,IX-A,STUDENT,,t,,2026-04-17 04:31:11.209,3317f03b-4f08-46bd-a90c-d907892df575
086e1e89-a0e0-4d8a-9100-51817a4f8a12,nethra2,$2b$08$iK5QfNPX9IOGoedIOjxQ7euRb33zRl1.RQiqNQS9rpCwMCttUqp/6,,NETHRA,IX-A,STUDENT,,t,,2026-04-17 04:31:14.731,3317f03b-4f08-46bd-a90c-d907892df575
e8fef25b-6fac-446b-99f2-8c5c576edeb0,nadhina,$2b$08$H/iTSOaHkDT8NmfmW3CGzO96DcAgx/uYtTdJCtLcAOjL7MAFYazSS,,NADHINA,IX-A,STUDENT,,t,,2026-04-17 04:31:15.335,3317f03b-4f08-46bd-a90c-d907892df575
d0a16bc7-5216-41a0-a7d2-5b677730534e,yogitha,$2b$08$iLIVy.sPMyeIj8wZG/l7leRnDS5tijWm7TzkFvlXm5FaoEafWOSSe,yogithashokkumar.2016@gmail.com,YOGITHA,IX-A,STUDENT,,t,,2026-04-17 04:31:15.857,3317f03b-4f08-46bd-a90c-d907892df575
53730efb-9c1c-45df-8310-e921dd8d67b7,merlyn,$2b$08$E864hojmu4fKLsnvrOo8TO2Q6oAdUvS22.r5Zs27V.I2yyISfa/YK,,MERLYN,IX-A,STUDENT,,t,,2026-04-17 04:31:16.461,3317f03b-4f08-46bd-a90c-d907892df575
5c1ba350-68fa-49bc-b16c-92e3a31ce189,ananya.j,$2b$08$KXlW/nw2/rhUutQWKrBjBu9IpfHmu/i2FW4TJ6rue08dq6buQVLR.,janakiraman482@gmail.com,ANANYA J,VIII-A,STUDENT,,t,,2026-04-17 04:31:17.788,3317f03b-4f08-46bd-a90c-d907892df575
6a03f5b7-2aa5-4359-ae9a-4e994a14363e,harsith.varshan,$2b$08$OhLpLZyvHNuyhJlCfj01aelh15W81ZRa/Zudi6YjjxIc4N6MOzSuW,venibi087@gmail.com,HARSITH VARSHAN,VIII-B,STUDENT,,t,,2026-04-17 04:31:23.011,520daa5e-51f1-4b80-b154-15cee645460c
5e4114ec-5aeb-4660-a01c-28194d8c68c6,shashanth.r,$2b$08$.m3J5uqEcZN66OJrWlsx3uWIV4IopADyQ0WLBTxLeTzKFQFKektaS,saranyarajeshgowda@gmail.com,SHASHANTH R,VIII-A,STUDENT,,t,,2026-04-17 04:31:24.177,520daa5e-51f1-4b80-b154-15cee645460c
7e2c84b1-7c4e-4e3e-8d0e-a398718e8b2f,akshaya,$2b$08$uQUGbthT0UIZ0T/RHTbb..tMF6B/XCQFlBdOaB2cSidvr0Csvfrje,,AKSHAYA,IX-A,STUDENT,2026-04-17 09:22:30.636,t,,2026-04-17 04:31:12.133,3317f03b-4f08-46bd-a90c-d907892df575
ef207197-162b-4243-a3b4-3fa7b6c10ced,shivakarthikeyan.g,$2b$08$J9JuKJP0n.z7rGyPZTVJVul5zCw2tLR2WmBW/IMChUVkY5gj8fhq2,akshayagokul123@gmail.com,SHIVAKARTHIKEYAN G,XI-A1,STUDENT,2026-04-17 07:32:28.836,t,,2026-04-17 04:30:56.853,ccbeda19-2e56-4ba5-8bf6-8d9f35aa4b4d
6706dc6d-2366-466b-a5d2-030aa1c7af67,hasmitha,$2b$08$iLgEvDP77tgFZDTl5OKJJuV1FRgX.iOTxPyG5FZt3hN8PuFoBlxi.,guna120884@gmail.com,HASMITHA,IX-A,STUDENT,2026-04-17 09:23:16.589,t,,2026-04-17 04:31:09.9,3317f03b-4f08-46bd-a90c-d907892df575
d34cebeb-d6e2-4f6e-bf65-cc118d4e996e,abilesh.b,$2b$08$rI.GzxxM477NCeJqoXPyXOAg.i.svs3FelJq6.H0sdUYQk5FX57TC,ukmblue02@gmai.com,ABILESH B,VIII-B,STUDENT,2026-04-17 09:24:59.422,t,,2026-04-17 04:31:23.534,520daa5e-51f1-4b80-b154-15cee645460c
bb853852-9b60-4bd7-88a3-63012845d3c9,aadhya.kumaresan,$2b$08$bJARpNPZrHg8zcTv/cXMfOJUTeO.vhLHhqAReX1LVqn5emSK2xlSe,radhika.aadhya@gmail.com,AADHYA KUMARESAN,VIII-A,STUDENT,2026-04-17 09:28:20.526,t,,2026-04-17 04:31:25.455,520daa5e-51f1-4b80-b154-15cee645460c
17a5a449-32db-47c3-a5e8-5f7368815036,rahul.gandhi.c,$2b$08$FXk55drFk8HZ/thXefkDEO9Yg2FHNE.ob64poAtl5T6rdZ/5qjrVS,soniageetham2003@gmail.com,RAHUL GANDHI C,VIII-H,STUDENT,2026-04-17 09:32:20.14,t,,2026-04-17 04:31:26.636,520daa5e-51f1-4b80-b154-15cee645460c
7e427b2a-9406-4473-a854-547395a4f8df,deva.dharshan,$2b$08$5tt/gGNk4n6hqZuqKUw0juCfHyeLqhdImLyTFmSey4q4AU3RW62gC,shanmugeetha@gmail.com,DEVA DHARSHAN,VIII-B,STUDENT,2026-04-17 09:33:43.173,t,,2026-04-17 04:31:26.102,520daa5e-51f1-4b80-b154-15cee645460c
f0ab63a2-2e97-4a4a-ace4-8715bb448f47,ashvath.kumar,$2b$08$4KUBgbqAmGo9XY0AgkDMpuqBG.DhmuEweWft5F5KoQRCcAbnmp8D2,ashvathkumar1313@gmail.com,ASHVATH KUMAR,VIII-A,STUDENT,2026-04-17 09:39:53.428,t,,2026-04-17 04:31:18.344,3317f03b-4f08-46bd-a90c-d907892df575
f5e2ef8c-4e28-4665-b659-8de68ae205cd,janet.jaba.seeli.s.p,$2b$08$zPHaFLeMgxAy7esCk5k/WurE9B7Pr8DOl3ApRltzgtaJ6mp7b4FPO,salomipraveenjanet@gmail.com,JANET JABA SEELI S P,VIII-A,STUDENT,2026-04-17 09:42:25.859,t,,2026-04-17 04:31:17.102,3317f03b-4f08-46bd-a90c-d907892df575
3ab607f7-a0dc-4fe7-9962-162700c52251,vedha.vaishnav.v,$2b$08$aYFzXvhkMK9RA8L7vYnHJeCisoQfRAn7KVfXbW3XPgtqnq4i8a8wW,mgvairam@gmail.com,VEDHA VAISHNAV V,VIII-A,STUDENT,2026-04-17 09:43:08.324,t,,2026-04-17 04:31:24.781,520daa5e-51f1-4b80-b154-15cee645460c
7b350d11-7774-4d4f-9b2d-3721b7c4c72d,rithesh,$2b$08$xtGfHfxRpbgOHHzTpKqDrOeIUn1gr0msawSGOKRQdv957jl.hP8ZC,karthikathyagu@gmail.com,RITHESH,IX-A,STUDENT,2026-04-17 09:44:52.786,t,,2026-04-17 04:31:13.45,3317f03b-4f08-46bd-a90c-d907892df575
ea4f0316-df7a-437a-b8ce-63548e33cc5a,pavanesh,$2b$08$WdyrPE4lziqFuQlEg5UoMOiEKKf61FDicGgpmaj/2kH/9Ih.gtpN6,dr.priyankanandha@gmail.com,PAVANESH,IX-A,STUDENT,2026-04-17 09:50:29.303,t,,2026-04-17 04:31:14.089,3317f03b-4f08-46bd-a90c-d907892df575
bad969bd-28dc-4962-9a3f-3cc809904b38,ilamaran.g,$2b$08$dQZHIKzEMhdruRYtaysFWOueER5IeScWyia1QJ/1EtdXYvmqDq58S,vengaiammal8@gmail.com,ILAMARAN G,IX-B,STUDENT,2026-04-17 09:54:09.624,t,,2026-04-17 04:31:05.612,3317f03b-4f08-46bd-a90c-d907892df575
a037f741-a910-48c8-9024-37930d7b2190,lohith.kiran.r,$2b$08$kQjPAWfRXAI4SWcuIWu9DO4BnqXt8Ex/RpaiC4y0X74nhwrPWViri,,LOHITH KIRAN R,IX-B,STUDENT,2026-04-17 09:59:37.738,t,,2026-04-17 04:31:06.214,3317f03b-4f08-46bd-a90c-d907892df575
d027a5a4-42fd-4396-a3e5-afb28a7f78cc,hemadharshini,$2b$08$OCsMEFkumsW.OfL7BlfyseFi75MsI0dR7BmUM1hABce59kw8WF2KS,chandmath@gmail.com,HEMADHARSHINI,IX-B,STUDENT,2026-04-17 10:01:10.282,t,,2026-04-17 04:31:09.262,3317f03b-4f08-46bd-a90c-d907892df575
a57c2f4a-4224-4da8-8026-fc6f6253c6d0,ajay.s,$2b$08$IX5a89NYy2fCVHEtbbgqjOK6cD0F2KwAdI9eCYrR1UCNXKINrGjEy,sk.2841419@gmail.com,AJAY S,IX-B,STUDENT,2026-04-17 10:02:28.334,t,,2026-04-17 04:31:04.97,3317f03b-4f08-46bd-a90c-d907892df575
2cd8d4c7-3ce7-413b-b1bc-f06ca673a1c7,hardhik.g,$2b$08$FttK6XNkezCNATLsmdBnHeIuG3CVVEcpx2D4E8hHs4y085dkCpoX6,malaganakumar123@gmail.com,HARDHIK G,VIII-A,STUDENT,2026-04-17 10:07:06.814,t,,2026-04-17 04:31:18.896,3317f03b-4f08-46bd-a90c-d907892df575
d4ecfa36-8cae-4f49-bb89-7cdcd67cb290,saai.charan.l,$2b$08$zguKTpaIGv.jIAtWhAj6w.v5M40qM8W4VhhGxhuZoxivGhUnXKJEu,,SAAI CHARAN L,IX-B,STUDENT,2026-04-17 10:11:18.868,t,,2026-04-17 04:31:08.695,3317f03b-4f08-46bd-a90c-d907892df575
350c0da5-bf10-4e99-849b-6566f7ff9eaf,harshith.pranesh.m,$2b$08$Kbx6kfAcvnhUZmIw/0MqjOtozrL8YgFj4UiMOL8O/m2nxA2ADQeLC,pandimuthukumaran84@gmail.com,HARSHITH PRANESH M,VIII-H,STUDENT,,t,,2026-04-17 04:31:27.529,520daa5e-51f1-4b80-b154-15cee645460c
b7e44a9b-4078-4f36-a93b-20994cc9f0de,sindhu.tanishka.s,$2b$08$8H7B9QXMKHu5wHqtSmoodeiK.TjOu1WgxAO.tCrIplFxyjpsPSgjO,sindhuprabu7@gmail.com,SINDHU TANISHKA S,VIII-D,STUDENT,,t,,2026-04-17 04:31:29.965,520daa5e-51f1-4b80-b154-15cee645460c
f5f129b1-b17d-4de5-b3e6-6c9121202927,lakshan.p,$2b$08$zYgY3dnsLiYJHo7tPY7ytOjmBfnqmYO/Eub6KkZ/4enNVVRMRbKKO,lakshmi.nalina@gmail.com,LAKSHAN P,VIII-B,STUDENT,,t,,2026-04-17 04:31:30.729,520daa5e-51f1-4b80-b154-15cee645460c
7b19e7ba-e131-443d-8e27-ebc0028e17de,k.thriq.hussain,$2b$08$QsiMUKsDfYolflsWPPjRGedOaVT9maVqlV/qPefrTaG1.ijiXYjU2,arifmohammed.hussain@gmail.com,K THRIQ HUSSAIN,XI-C,STUDENT,2026-04-17 09:20:32.965,t,,2026-04-17 04:31:53.672,fc415a1d-70a7-4e65-aa7b-e48a365070c7
c45c5cf7-dcb8-4e2c-bad6-300befa8e399,g.dhinesh.kumar,$2b$08$b1eS8KOedzsTaK8CFRp4mO5BSYWlijKU.1H4H0pM9OZKRnbtNMGoS,vla86492@gmail.com,G DHINESH KUMAR,XI-C,STUDENT,2026-04-17 09:20:32.965,t,,2026-04-17 04:31:48.931,fc415a1d-70a7-4e65-aa7b-e48a365070c7
2203422e-29bb-488a-9083-af667800af35,m.mohamed.aashif,$2b$08$1TssS1wT/jbwU.I3iKU3B.ki0nBIIheLBQCnmFn5LhAjvOCayoGEe,bilal2820@gmail.com,M MOHAMED AASHIF,XI-C,STUDENT,2026-04-17 09:20:32.965,t,,2026-04-17 04:31:50.108,fc415a1d-70a7-4e65-aa7b-e48a365070c7
ead70ca2-d28d-4b61-bcb9-4ef84c465d57,rani.prashan,$2b$08$3ZpyfKJW.6WICvqGedjkLe1/g9adG0RlUR8ND9bgfZFmj3OIfQ482,vinayaksiva1357@gmail.com,RANI PRASHAN,XI-C2,STUDENT,2026-04-17 09:12:56.696,t,,2026-04-17 04:31:40.831,b1b05ef4-6f8d-40dd-a56f-35edc1934740
57e26e34-d7ba-4710-ac2e-0c19d7901d33,b.mohammed.raasith,$2b$08$AL.GRwI/KDodlnqByTvKPeA4DbtTQIlzIQEK5GQG5HKCQD43OWgBa,mohammedraasith10@gmail.com,B MOHAMMED RAASITH,XI-C,STUDENT,2026-04-17 09:20:32.965,t,,2026-04-17 04:31:50.774,fc415a1d-70a7-4e65-aa7b-e48a365070c7
775f8a37-2858-42fe-a253-5336a9183bd9,mohamed.aathil,$2b$08$ljjmxduKpUOWxbmJ6OtR7.FLqiZsC/Bclz82r/dtwALsRAIMaip/m,begambarjana1@gmail.com,MOHAMED AATHIL,XI-C,STUDENT,2026-04-17 09:20:32.965,t,,2026-04-17 04:31:49.452,fc415a1d-70a7-4e65-aa7b-e48a365070c7
1bec32e0-30be-46ce-86e4-2c63ff944ea1,m.sri.ajeesh,$2b$08$B.BQ/5mD4zH00s/uRtXdRefd.Li/reKwRzx/2pq6KJ0kQHSrlf50K,mahalingam7679@gmail.com,M SRI AJEESH,XI-C,STUDENT,2026-04-17 09:20:32.965,t,,2026-04-17 04:31:53.151,fc415a1d-70a7-4e65-aa7b-e48a365070c7
4d3f423a-c600-42d2-86f0-0de47d3456dc,m.udaya.lingam,$2b$08$2PmN625VZ6Urf3p.WK/c0OAqytdbHqlcjVSqLosQ/TRX9USNk2slW,udhayalingammageshwaran@gmail.com,M UDAYA LINGAM,XI-C,STUDENT,2026-04-17 09:20:32.965,t,,2026-04-17 04:31:54.237,fc415a1d-70a7-4e65-aa7b-e48a365070c7
19369cc7-101f-4580-a45c-d3a728230d91,mylesh.lakshmam.s,$2b$08$0AWqpJi/fgViYJNhwDAwp.CHGiXZNXy6L9jJgMAMiMk0ni.mvr9Ci,sastina@gmail.com,MYLESH LAKSHMAM.S,VIII-A,STUDENT,2026-04-17 10:04:44.815,t,,2026-04-17 04:31:37.509,b1b05ef4-6f8d-40dd-a56f-35edc1934740
ba3016d0-a950-4471-9fa9-c166422ead34,rama.krishna,$2b$08$QseCMbkAZGp05QbkGq.awuVQQyETfdkxkfpEc0NHqJFC53lHj0VP.,Ram123@gmail.com,RAMA KRISHNA,XI-C,STUDENT,2026-04-17 09:20:32.965,t,,2026-04-17 04:31:51.39,fc415a1d-70a7-4e65-aa7b-e48a365070c7
7928bd8f-719e-4964-a213-83ad1c372dd8,s.devnath,$2b$08$..UB10UHTtyw/fjuPDPUZeCiS7eajd5f6BBq8CFtQwjDoWW9O9kgq,deva2010@gmail.com,S DEVNATH,XI-C,STUDENT,2026-04-17 09:20:32.965,t,,2026-04-17 04:31:48.394,fc415a1d-70a7-4e65-aa7b-e48a365070c7
3ba4307f-c0ed-4239-bbda-f35ba419d93a,sangesh,$2b$08$I19ERRGomeTBWVzG8GrkzOSdrYCe6bWR6E2IQ2rGdnJJC9I9bpZ.y,karthikeerthikarthik@gmail.com,SANGESH,XI-C2,STUDENT,2026-04-17 09:13:06.161,t,,2026-04-17 04:31:40.128,b1b05ef4-6f8d-40dd-a56f-35edc1934740
0f87f5ca-90be-407a-a6fe-4bdea6c80f5a,sai.priya.dharshan,$2b$08$20k2/S9osAFsWmhzIxuDb.msajkLxCcHDo0e.SPP/P7ZPLsSPnfiO,rajamanickamraja001@gmail.com,SAI PRIYA DHARSHAN,IX-D,STUDENT,2026-04-17 09:14:03.127,t,,2026-04-17 04:31:41.37,b1b05ef4-6f8d-40dd-a56f-35edc1934740
5c4e6825-9393-45a5-82f2-bbfa1789b3c1,kavinram,$2b$08$VEQdhQHIXhAv9NC3tynjt.wAMYz2eQrqjkVvwBrgKAwgzV7uPE1X2,kavinramgopi@gmail.com,KAVINRAM,IX-D,STUDENT,2026-04-17 09:24:34.811,t,,2026-04-17 04:31:38.888,b1b05ef4-6f8d-40dd-a56f-35edc1934740
0dac11b6-9631-4184-a1c8-fb09702135e9,rithiksha.b,$2b$08$Qa4Q/ls7utivvusRgO1HHuA6y3bPT5c0rKoZ4SbzTe0xaK/q7KP5q,priyam.e@gmail.com,RITHIKSHA.B,VIII-F,STUDENT,2026-04-17 09:25:07.131,t,,2026-04-17 04:31:36.811,b1b05ef4-6f8d-40dd-a56f-35edc1934740
0ef56b5f-5e3d-4ad0-9d83-24e11c5c2e26,mamani.velan.s.k,$2b$08$AZ6HKEsFl0u7LO7QstyE/ubqgZm5nAe5cIFU403E2/Ldbuj21WRT6,velanskmamani@gmail.com,MAMANI VELAN.S.K,VIII-A,STUDENT,2026-04-17 09:25:35.203,t,,2026-04-17 04:31:38.249,b1b05ef4-6f8d-40dd-a56f-35edc1934740
2157b182-d26f-4929-9ea0-d14b0461db32,raksha.c.t,$2b$08$W6UXM8NnOcuqRrftxCDQaOw4cjty6zwkExN6PGGzyvZPnE0ARBmp.,chandrakarthika87@gmail.com,RAKSHA.C.T,VIII-C,STUDENT,2026-04-17 09:26:20.569,t,,2026-04-17 04:31:35.6,b1b05ef4-6f8d-40dd-a56f-35edc1934740
23224d87-2a2b-4e43-b601-671930d2ad0c,vetrivel.r,$2b$08$S.ToYEteMMEtr6gbIVCfCOQZHrQrBmQv2XXsviulKIulr/MmigjrK,bavithraramesh1989@gmail.com,VETRIVEL R,VIII-I,STUDENT,2026-04-17 09:28:15.599,t,,2026-04-17 04:31:28.654,520daa5e-51f1-4b80-b154-15cee645460c
71af5200-8305-4525-b2fc-af68aaeee385,sainikesh.pandian.s,$2b$08$qo0fLb45nHxsxEIflf0kxOmMemWTQ/rtZ4eqi9JA8Bl20BNqmIk7m,bhuvaneseswari66@gmail.com,SAINIKESH PANDIAN S,VIII-C,STUDENT,2026-04-17 09:34:16.919,t,,2026-04-17 04:31:29.255,520daa5e-51f1-4b80-b154-15cee645460c
5f297ad6-4f5c-4a11-b0c4-ff94caaa89bf,ayshajaasniya,$2b$08$2cNgEyZt8aUzYZeCOE3c0eO51gFB8t2BcfSd/AZCe3IWIHG4yA0Z.,jaasandjas@gmail.com,AYSHAJAASNIYA,IX-A,STUDENT,2026-04-17 09:37:10.883,t,,2026-04-17 04:31:42.947,b1b05ef4-6f8d-40dd-a56f-35edc1934740
8eacf413-c251-4506-b63c-8b2960144356,elamaran.s,$2b$08$z2JvbV582YU2bHZ.PgltXOQxC1mfjrRl/A0tAkjEdnOnzq4lnvpOW,indhusridharindhusridhar@gmail.com,ELAMARAN S,VIII-D,STUDENT,2026-04-17 09:40:36.6,t,,2026-04-17 04:31:31.369,520daa5e-51f1-4b80-b154-15cee645460c
3201a497-4a53-41cf-8c80-7953d79d37c5,arivukarasu,$2b$08$PgXi3Pi4mjBBY3bLngXCZevNDNp0FYAWP8Xhd7pV9Sm4fjKny5goW,anushiya641@gmail.com,ARIVUKARASU,IX-D,STUDENT,2026-04-17 09:40:57.345,t,,2026-04-17 04:31:41.952,b1b05ef4-6f8d-40dd-a56f-35edc1934740
44c86309-3836-4229-a747-e4bd365ac093,pavanesh.v,$2b$08$4X65Z2MxHtUSZiwtcZ7VB.nxfN6zgU8pGgIbZZJ9GLl3fewrFNB9q,pavanesh@gmail.com,PAVANESH.V,VIII-B,STUDENT,2026-04-17 09:52:33.076,t,,2026-04-17 04:31:36.171,b1b05ef4-6f8d-40dd-a56f-35edc1934740
d90b640e-7008-4861-8197-64e64a901462,oviyan,$2b$08$tmBZ4vGX4uNCytHZlPR1I.jfvO6k42e4U7FiH62qTmFTE4WIOfll2,ff1823768@gmail.com,OVIYAN,IX-D,STUDENT,2026-04-17 09:55:48.781,t,,2026-04-17 04:31:39.531,b1b05ef4-6f8d-40dd-a56f-35edc1934740
ee5ab438-fa9f-43ce-88bf-1ad79d6fda42,p.dharush,$2b$08$RLT6/wJFI2nmTj/p5iLMl.EDeAplSFVySN6xIkSzBtvjY448KN9KG,dharushp10@gmail.com,P DHARUSH,XI-C,STUDENT,2026-04-17 09:20:32.965,t,,2026-04-17 04:31:47.87,fc415a1d-70a7-4e65-aa7b-e48a365070c7
27404b00-16be-4986-bfc6-734c80c12af8,m.rohith.kumran,$2b$08$j6JqdeRkCHLXZ3bW5aA9SuVgF0ZgxtZhkSGEjbyl4PRHO4ZRDlsb6,vishnurohith521@gmail.com,M ROHITH KUMRAN,XI-C,STUDENT,2026-04-17 09:20:32.965,t,,2026-04-17 04:31:52.027,fc415a1d-70a7-4e65-aa7b-e48a365070c7
326de6c7-a5b3-4f31-97df-6e4fbff750c8,krishav.kesavan,$2b$08$AFb.zTbQfjFwSkVZCCZMOO34cf5UjWi6sxSQ83rrsQJGWVjolOU7u,seeniramya9@gmail.com,KRISHAV KESAVAN,VIII-D,STUDENT,,t,,2026-04-17 04:31:59.031,fc415a1d-70a7-4e65-aa7b-e48a365070c7
81cd4a09-bab2-4f79-8a7b-4ffcad903e4f,thiththiga.r,$2b$08$A5ELz4qzTn3x0WzSOPhsw.F2HEcd1VerNPGd/qzHU2/TFm5WClYH6,,THITHTHIGA R,VIII-A1,STUDENT,,t,,2026-04-17 04:32:04.036,d399daab-5070-46b2-b4bc-6678675d4bab
70bfaf36-1e7d-4897-9b26-f87e4295d390,logapriyan,$2b$08$Ov2lXWeC5fuzixhdaNEg6edPuYrDWwH/eXtdriPwQqkJ..Ryy2NVG,athistamani@gmail.com,LOGAPRIYAN,GRADE 8-B,STUDENT,,t,,2026-04-17 04:32:12.446,ad7a9cbf-f85a-4ad5-8cff-75f09bb9d7fb
ebc9f42e-626e-4692-b7b7-a54b95fca969,mokshitha,$2b$08$6CUBFLXc7ThfW.thESupHumtYrZIgib9SF8vXPXBnsKiSNQLCpqyS,ajmj151820@gmail.com,MOKSHITHA,GRADE 8-D,STUDENT,,t,,2026-04-17 04:32:12.981,ad7a9cbf-f85a-4ad5-8cff-75f09bb9d7fb
44e95580-eb6e-4819-8246-b2f9f7835c10,natchathra,$2b$08$1T3ie7Tv0KjVqDm/LpfzLuVDScfkyb8fYJm8Tiu/h1P2kRLB8MERy,tsudhan95@gmail.com,NATCHATHRA,GRADE 8-C,STUDENT,,t,,2026-04-17 04:32:14.945,ad7a9cbf-f85a-4ad5-8cff-75f09bb9d7fb
56da1301-7819-4f2c-a921-26f81bb5cb2f,yesasri,$2b$08$9bkMYGZrY8wkJH3SLycpFe6ww1fXE5yVwsiPUb/XRSwAA3uun7ywi,vrssvrs@gmail.com,YESASRI,GRADE 8-B,STUDENT,,t,,2026-04-17 04:32:16.83,ad7a9cbf-f85a-4ad5-8cff-75f09bb9d7fb
e1374a6f-e15d-465f-b1bc-e0d9cef7dbdd,thanusree,$2b$08$UU0B.SzEXvhzbDYgDZW1.uJa5jdjsPfeS.o6ot2K8B0.DavzIK1Cy,krishindrani@gmail.com,THANUSREE,GRADE 8-B,STUDENT,,t,,2026-04-17 04:32:17.383,ad7a9cbf-f85a-4ad5-8cff-75f09bb9d7fb
d6b0496e-528c-4565-a988-e3ecbe0691bb,sharona.vincentia,$2b$08$fseCw6K.XMcpryke49oAUuoYQWiWyy.XGLTkBCoXbvUW6m2MYukSu,navyrobin@gmail.com,SHARONA VINCENTIA,GRADE 8-D,STUDENT,,t,,2026-04-17 04:32:18.75,ad7a9cbf-f85a-4ad5-8cff-75f09bb9d7fb
6ad3775b-cd58-4e86-a600-489ee6fe37a5,evelin.febiyah..m,$2b$08$1CK.TqPRiiGZ2q02Si95.eEC8FosUr451Z67fEO5jjLljq5y9DfMC,sheebsarasalomi@gmail.com,Evelin febiyah .M,GRADE 8-C,STUDENT,,t,,2026-04-17 04:32:19.323,ad7a9cbf-f85a-4ad5-8cff-75f09bb9d7fb
45c6ebdf-785d-41a9-adf3-50cc19616d0a,pavithra...rp,$2b$08$xdJGZ8Q5o8TolSeZ16k9e.xN6fqBEuR5CDwMBSYE4yYf39AnWhr/.,nethrapavithra@gmail.com,PAVITHRA . RP,GRADE 8-C,STUDENT,,t,,2026-04-17 04:32:20.029,ad7a9cbf-f85a-4ad5-8cff-75f09bb9d7fb
431a8d30-1f53-47e6-a1e1-0f97b25681a0,kanish.s,$2b$08$qFmKY6uIc/UOdImCk2s6qeCC2Gz6AnDGQNxfcT7M7CuebDLKhlQDi,kanniga@gmail.com,Kanish S,VIII-A1,STUDENT,,t,,2026-04-17 04:32:27.551,cc83790f-42af-4b28-9fa0-c2703dddac62
d81bb077-8f15-4163-ad65-5abe3c7e6366,yathesh.g.v,$2b$08$Pdb4wjLxJevFpba4/uNsGeC.HRKjyh3EjR8wJIjFGLBX/uIH/LtUi,nagaranioffice@gmail.com,Yathesh G V,VIII-A1,STUDENT,,t,,2026-04-17 04:32:28.189,cc83790f-42af-4b28-9fa0-c2703dddac62
457ee9e8-d1f0-4dbc-8827-8d621b51ad51,lishanth.j.r,$2b$08$KJByV0LELWzyoOtlRqxofu12MwleQhVrTZuOKiI0n5./vW5pKaLRi,Lishanthncjr@gmail.com,Lishanth J R,VIII-A1,STUDENT,,t,,2026-04-17 04:32:28.859,cc83790f-42af-4b28-9fa0-c2703dddac62
4d28d2f3-e8bd-48c8-be53-f6e02a6070f1,p.sadacharan,$2b$08$1EV6YyqvFMApkDzOuxDWMeBuWfDgiCN0Nq9UcHMZ8DesPIXwsg3MO,vg15@gmail.com,P.SADACHARAN,VIII-B,STUDENT,2026-04-17 07:35:58.652,t,,2026-04-17 04:31:56.765,fc415a1d-70a7-4e65-aa7b-e48a365070c7
f6c99088-8b12-4bb0-a68c-2d2bcb90282b,sivakumaran,$2b$08$CZwZtU535OLuz9TF6fmU7uHcPGwStrbE.JWiHQvcFNdtNWCu8USry,,SIVAKUMARAN,X-F,STUDENT,2026-04-17 09:31:57.054,t,,2026-04-17 04:32:07.067,d399daab-5070-46b2-b4bc-6678675d4bab
661fbf1b-0c92-4247-a436-769300c03a1c,rohit.darshan,$2b$08$VbTBjK.K7xliC.4anY./hu7bh/OyzjCV3eAkpFVnx2eHStsU8TFna,rohitdarshan13.2@gmail.com,ROHIT DARSHAN,GRADE 8-B,STUDENT,2026-04-17 07:36:24.259,t,,2026-04-17 04:32:11.927,ad7a9cbf-f85a-4ad5-8cff-75f09bb9d7fb
47cb8b3b-62b5-459a-887e-da8944d4b945,v.kathir,$2b$08$EjBSLvuXKKN8P2Ag/jr2cOl0.o.KuBkSrRXGgIAl.MiiNnXA3bTN6,ramani03011990@gmail.com,V.KATHIR,VIII-C,STUDENT,2026-04-17 07:38:23.909,t,,2026-04-17 04:31:57.405,fc415a1d-70a7-4e65-aa7b-e48a365070c7
d0e1aac6-3877-42ad-971e-1710731398e8,kishore,$2b$08$qGa8oy32mivH5sU/r8eUZe6iA2MLPoLeLKfO.UbA2nswoIeI7/3ru,rspriya31@gmail.com,KISHORE,GRADE 8-D,STUDENT,2026-04-17 07:36:29.198,t,,2026-04-17 04:32:18.108,ad7a9cbf-f85a-4ad5-8cff-75f09bb9d7fb
797785c1-0048-4a72-922d-f3d73a57cf81,arshad,$2b$08$aSCoo7Ss0j5dOeTH2lmVF.f3652oRN/ek03JRKq796MbSDHqTumL.,kumaragumautt@gmail.com,ARSHAD,GRADE 8-D,STUDENT,2026-04-17 07:36:10.902,t,,2026-04-17 04:32:14.413,ad7a9cbf-f85a-4ad5-8cff-75f09bb9d7fb
8509b13c-e904-4623-a1cb-239c24e9ec41,kiran.keshavu.m.a,$2b$08$ICUdV3qwjQR9C0lgjaQ9K.RE2Ec/TQoJJVAwWIQJQK1mpStS24dS2,,KIRAN KESHAVU M A,IX-A1,STUDENT,2026-04-17 08:30:38.997,t,,2026-04-17 04:32:05.311,d399daab-5070-46b2-b4bc-6678675d4bab
aa15cec1-d810-44a6-8c22-b1c26513f846,r.aathithyan,$2b$08$.jTXYWmLvvT/EKhedCVkPuTOC4JSy5gfgiT//4P/gzqBRxh3bvXOm,raja1573k@gmail.com,R.AATHITHYAN,VIII-D,STUDENT,2026-04-17 07:35:18.771,t,,2026-04-17 04:31:58.428,fc415a1d-70a7-4e65-aa7b-e48a365070c7
84e66aa5-c93f-4576-b6a9-3b6024de6944,v.naga.shivani,$2b$08$a0GhJ.zMZbQ67fdl7mykT.Mt10sAvWH2oHf.u7qeeBuJvgUoQ6z3O,sivaniharish2012@gmail.com,V NAGA SHIVANI,XI-C,STUDENT,2026-04-17 09:20:32.965,t,,2026-04-17 04:31:56.127,fc415a1d-70a7-4e65-aa7b-e48a365070c7
c61c19e1-d60a-4f35-a113-97ee86c81071,nanda.p,$2b$08$o/upNOFqjLKUj6iNyN4vpO7ycdU45P3OL4Lylf6P2Jnv7rAnthto2,,NANDA P,IX-A1,STUDENT,2026-04-17 08:33:10.323,t,,2026-04-17 04:32:04.618,d399daab-5070-46b2-b4bc-6678675d4bab
9b8668b1-041a-4193-94b7-e689aa591474,sai.ram.k,$2b$08$uDBHoze68OZJdpyeX6u.nuS0hmDwygBWYVHa1.RTVIcC8i0TwbFcK,kannanvaithi@gmail.com,SAI RAM K,VIII-A1,STUDENT,2026-04-17 08:34:52.028,t,,2026-04-17 04:32:02.685,d399daab-5070-46b2-b4bc-6678675d4bab
e691efa7-d7b7-493d-9a07-64415b0953da,sivamithran,$2b$08$F0jMOgDfgG0ZfTvdKwE.J.fZX2CGeZ.88O4tr0HxYrXB2tNZOh7u2,,SIVAMITHRAN,X-F,STUDENT,2026-04-17 09:31:57.054,t,,2026-04-17 04:32:06.471,d399daab-5070-46b2-b4bc-6678675d4bab
6c16aba8-4cc7-4d11-8121-3178a8de1659,srisaran,$2b$08$gEFiZJMpDXQmyaUR7oPnIuHeZPT138DGPOAqZxgetX8/gDc9ZssYa,,SRISARAN,IX-F,STUDENT,2026-04-17 09:31:57.054,t,,2026-04-17 04:32:05.951,d399daab-5070-46b2-b4bc-6678675d4bab
12f07921-83d4-4029-b9f0-0897b7c4abe9,babithasri.r,$2b$08$id/3BcRdmaEDpg/7UeKHnuKxbxI3UN0U9kgImRnf.xFA57tSuJsqO,Jothirajaguru142@gmail.com,BABITHASRI R,VIII-A1,STUDENT,2026-04-17 08:43:36.866,t,,2026-04-17 04:32:03.345,d399daab-5070-46b2-b4bc-6678675d4bab
06e481bf-ddf2-4c37-a992-b0442fe3a25a,barath..d,$2b$08$mOVW.NZjLVxzO3z/YVAjIeOVbfDF78vC4etce.oXOzgk0pn./EdRW,barathd2013@gmail.com,BARATH .D,GRADE 8-B,STUDENT,2026-04-17 08:58:08.512,t,,2026-04-17 04:32:11.396,ad7a9cbf-f85a-4ad5-8cff-75f09bb9d7fb
6f338d94-781d-476d-beb8-d7e612e1eb54,sana.amreen,$2b$08$Sjhue5JpXahdtd/RAwz0BOszjW4261T/AxnnG2xra8sTi47tZ5iWW,anasneerma@gmail.com,SANA AMREEN,GRADE 8-D,STUDENT,2026-04-17 08:59:36.9,t,,2026-04-17 04:32:13.889,ad7a9cbf-f85a-4ad5-8cff-75f09bb9d7fb
22b4795d-5617-4a05-82bf-553780520d5a,s.v.lakshanika,$2b$08$1NMwt2EV22nphZLnWfXj1eYHiWHpaUwJXhWpwAXJ59RCl8i/x/riu,rathiyavenkat@gmail.com,S V LAKSHANIKA,XI-C,STUDENT,2026-04-17 09:20:32.965,t,,2026-04-17 04:31:55.518,fc415a1d-70a7-4e65-aa7b-e48a365070c7
5d323ee8-704c-46ed-82c5-9df7a330e597,sai.yuvann.s,$2b$08$WGS96LIXgGNkDj0icGT6sO4jHIx5Bc5E0jMvFVtqmqobx8JN/RXwm,umarajan15@gmail.com,Sai Yuvann S,VIII-A1,STUDENT,,t,,2026-04-17 04:32:30.431,cc83790f-42af-4b28-9fa0-c2703dddac62
92af54ba-834a-4ec2-986c-d65485fe45c1,samukthaa.j.s,$2b$08$SLY8PWOlgKLB6cFl1XSr0OOsrKOkOw/7HfRpDYyK5OTTRQ.gBTCrq,,Samukthaa J S,VIII-A1,STUDENT,,t,,2026-04-17 04:32:33.631,cc83790f-42af-4b28-9fa0-c2703dddac62
37283279-e148-441d-a0bc-41aa8d55629d,pradeepa.shri.b,$2b$08$uLzT7wBR4CBKJuSVRhGS6eClMSnpZrWPHccpsizorIUCVr1ENU1A.,Umaboopathi0624@gmail.com,Pradeepa Shri B,VIII-A1,STUDENT,,t,,2026-04-17 04:32:34.225,cc83790f-42af-4b28-9fa0-c2703dddac62
1ed84c7f-bd11-4b40-9172-e909f4dee579,vedanth.s,$2b$08$j5WuqRHactxKQDKR5aEo4uKsLRQ.MtlQ9VesjM7tsjWoiKCvUHBr2,vedanth5007@gmail.com,Vedanth S,VIII-A1,STUDENT,,t,,2026-04-17 04:32:37.956,cc83790f-42af-4b28-9fa0-c2703dddac62
a74fd65e-7534-4370-bf76-1cfe574c979e,kasish.ram.b.s,$2b$08$83PfBGbz.qIENIemc8/M6.qJxyKVNk1pmnhtKREeN8Ew5RPlqu75q,,Kasish Ram B S,VIII-A1,STUDENT,,t,,2026-04-17 04:32:39.232,cc83790f-42af-4b28-9fa0-c2703dddac62
7e3014e9-738a-4303-8d75-236784381677,tharunika.s,$2b$08$mRo3p8/huWXoCHPnR8PhJuufKqWF/BvjTHJ1IITlJgUV6f7p4/qwm,,Tharunika S,VIII-A1,STUDENT,,t,,2026-04-17 04:32:39.87,cc83790f-42af-4b28-9fa0-c2703dddac62
2cc5268c-e4a4-4858-802a-18d99ac7db6c,mansa.devi.g,$2b$08$f/93mtnowuAw8NwvYdjgduN3mmShf.qk3UIEEeBlAwSFTthKpYWoe,,Mansa Devi G,VIII-A1,STUDENT,,t,,2026-04-17 04:32:40.443,cc83790f-42af-4b28-9fa0-c2703dddac62
4a1fb319-3822-49ea-bb67-a86475dcf016,sanjay.dharan,$2b$08$zkPt4NzDc9nBF258j5qiMOF7ZlVirMOG3F1Gzfe.uIhZXa0ZfqVfu,ambinaga86@gmail.com,Sanjay Dharan,VIII-A1,STUDENT,,t,,2026-04-17 04:32:42.431,cc83790f-42af-4b28-9fa0-c2703dddac62
0c5b4f44-e4f9-4107-bb8e-bf014b0d027f,chane.benitha.b,$2b$08$ugOTMwS5xk1GdEPtGJiOreNwXpzwecyOsxAMRJxvk.erVRgFaCYw6,,Chane Benitha B,VIII-A2,STUDENT,,t,,2026-04-17 04:32:43.634,cc83790f-42af-4b28-9fa0-c2703dddac62
47121ac9-cfb4-4581-bf9f-b4b0514d8e06,nayonika.jemimah.b,$2b$08$BEk/zKTrms/NjqUnGPreke1vfn5ERWsJZlMlGLzORUsOo21jxdada,,Nayonika Jemimah B,VIII-A2,STUDENT,,t,,2026-04-17 04:32:44.314,cc83790f-42af-4b28-9fa0-c2703dddac62
facdd17d-69e0-4834-bcd8-7fbab035bd59,hari.priya.t,$2b$08$h4T2Mob815vVeMOE20PtW.QcYecW37tpxP0HDm9GNey.3Dtkv5wP.,,Hari Priya T,VIII-A2,STUDENT,,t,,2026-04-17 04:32:45.31,cc83790f-42af-4b28-9fa0-c2703dddac62
ed7ad5a5-3898-4bb8-99f8-b2310693d059,vainavi.s,$2b$08$/kAuh23Sdjqw43grAStz.ececuW2GeRA2VR0yCZ.BrQqpOn.TKtOi,noddysen@gmail.com,Vainavi S,VIII-A2,STUDENT,,t,,2026-04-17 04:32:45.885,cc83790f-42af-4b28-9fa0-c2703dddac62
6fc6cc64-1f81-4c6e-9889-ab6d00284ecc,aswin.hari.n,$2b$08$gGQ/dyQbtoSxdNc54uu4Iecgl96vJWY4okTjR65tWKgmy2GLU5QDi,,Aswin Hari N,VIII-A2,STUDENT,,t,,2026-04-17 04:32:47.115,cc83790f-42af-4b28-9fa0-c2703dddac62
b5e0c9ac-efc2-4d8a-9787-28221dc8dc5a,chiranjeevi.v.k,$2b$08$veBQtitti3C6kMZBCMVGw.1k54AOMFUX7LQc0gqrQSZSgOByvx8Lu,Kavithavelmurugan@gmail.com,Chiranjeevi V K,VIII-A2,STUDENT,,t,,2026-04-17 04:32:47.812,cc83790f-42af-4b28-9fa0-c2703dddac62
c882bcae-2d07-44fb-a602-428831bfd424,elamugil.v,$2b$08$sJpk7c95Ha3l4eReytAlfOUTw/nvtQYc2QxHaEmu3RZJnQ2AQGw2u,Sailakshmi771990@gmail.com,Elamugil V,VIII-A2,STUDENT,,t,,2026-04-17 04:32:48.343,cc83790f-42af-4b28-9fa0-c2703dddac62
ded07eb9-2d8f-4359-a58f-b3314901dd65,jai.s,$2b$08$P1h0Iir4OjL7UbZU7fn5/.VfQl3rCWZ1uvv/WxN94H0amTGl70VBW,,Jai S,VIII-A2,STUDENT,,t,,2026-04-17 04:32:48.925,cc83790f-42af-4b28-9fa0-c2703dddac62
e32afdb9-b0f9-4c8a-ba12-0fd31b85549e,kavin.prasanna.m,$2b$08$4ijheBY8Gm53q5Wcp1OSneGFytSZM3HIwUSlfe/wzOgLdTSvYsb.m,SaraKavinMuthu@gmail.com,Kavin Prasanna M,VIII-A2,STUDENT,2026-04-17 07:30:34.527,t,,2026-04-17 04:32:49.484,cc83790f-42af-4b28-9fa0-c2703dddac62
ca4cf04e-6d5e-459a-bf1c-b353e87e7b4a,vinishya.p.k,$2b$08$ROI70R0XIzx88Po95v7HKeqA/xjYquNVjZL53G8WKn1n78.vclWGq,,Vinishya P K,VIII-A2,STUDENT,2026-04-17 07:30:34.527,t,,2026-04-17 04:32:46.572,cc83790f-42af-4b28-9fa0-c2703dddac62
34b9808d-e4cc-445e-a140-14627ed72ebe,titiksha.c.m,$2b$08$sgx6OueLboBacye.Recpj.3QkEN0V1CdAFAbyztV0fNUVcsQW0Ky6,CMtitiksha@gmail.com,Titiksha C M,VIII-A1,STUDENT,2026-04-17 10:08:18.262,t,,2026-04-17 04:32:35.553,cc83790f-42af-4b28-9fa0-c2703dddac62
c1bc0737-5727-48a5-976b-ff325e0759b0,harini.d,$2b$08$ko32IckyCQv4Ojl8wQ0Vou.cWYK/PYA91miVh9NFBFi3WJVnwg/.u,,Harini D,VIII-A1,STUDENT,2026-04-17 07:51:53.98,t,,2026-04-17 04:32:41.149,cc83790f-42af-4b28-9fa0-c2703dddac62
c911db06-64b2-4c1c-8bba-608ca0ea47b9,ahnert.sabine.b,$2b$08$hM0ur810PbV7xN9Sd2M7R.ATkFFGbLOb5Zqhp7rawaVIaqbDSwkVa,,Ahnert Sabine B,VIII-A2,STUDENT,2026-04-17 07:30:34.527,t,,2026-04-17 04:32:43.07,cc83790f-42af-4b28-9fa0-c2703dddac62
afd93135-e8fc-4d52-a2b5-2a4df955e146,nithya.haashini.k,$2b$08$pn2G8setM29RmKUkUyXI9.3BFYKTIyUA6bNCqME17ylrZqcJW5o12,thiruvenikarthik@gmail.com,Nithya Haashini K,VIII-A1,STUDENT,2026-04-17 10:13:15.899,t,,2026-04-17 04:32:31.734,cc83790f-42af-4b28-9fa0-c2703dddac62
3c6306dc-eec2-41c2-8d8b-f95096887ac8,shree.harshan.s,$2b$08$9Bnt7PGPLwOzFa6GMk0LIek7PLhQPamURW9xPw4cJ34W2Kf9KnzL2,KSundarvini@gmail.com,Shree Harshan S,VIII-A1,STUDENT,2026-04-17 10:14:42.633,t,,2026-04-17 04:32:31.078,cc83790f-42af-4b28-9fa0-c2703dddac62
20fa5705-5dac-4748-9f9d-6986571e65f1,advaith.vinav.v,$2b$08$OnTypLPvYKQtCCHGTFGcTuGmrFD6dGmFMm//0kYRTWH8DUdggy5q6,vadvaithvinav@gmail.com,Advaith Vinav V,VIII-A1,STUDENT,2026-04-17 10:15:29.293,t,,2026-04-17 04:32:36.797,cc83790f-42af-4b28-9fa0-c2703dddac62
739b9181-f4e6-44f3-9f82-b8dc34c81fa5,prathish.m,$2b$08$dPUo8SFhACSs47ztufajq.BJqGS/a4JNOStZkrkWJ3E5mC.tnnaWa,vennilakn@gmail.com,Prathish M,VIII-A1,STUDENT,2026-04-17 10:16:02.259,t,,2026-04-17 04:32:29.716,cc83790f-42af-4b28-9fa0-c2703dddac62
95b4713c-2d16-4eca-8fe7-b71e4ebdc3db,sasmitha.p,$2b$08$vKaK97VDXmyaSYAEDNohWu2eHahFbyh9ElDLFwKMzG9e/bSr4LpCe,,Sasmitha P,VIII-A1,STUDENT,2026-04-17 10:20:24.742,t,,2026-04-17 04:32:32.988,cc83790f-42af-4b28-9fa0-c2703dddac62
168d9ac5-fe98-4413-89ca-c7521f7238d3,suvetha.v.n,$2b$08$H01jSJ6tGFpWs2SFwOj4s.coegaSmaQLpGYHxa8ul8sgzFpRuKmDS,swethavn715@gmail.com,Suvetha V N,VIII-A1,STUDENT,2026-04-17 10:22:59.581,t,,2026-04-17 04:32:32.352,cc83790f-42af-4b28-9fa0-c2703dddac62
af396e60-26b6-432a-8422-e4deb7c06937,kiran.rajshanmuga.raja.s,$2b$08$NMexbU9/5RYy1WmDsPoeT.04EyQfmY3FbMF48TfVDO5ZK/1fgKhpa,subwaygamer77@gmail.com,Kiran Rajshanmuga Raja S,VIII-A1,STUDENT,2026-04-17 10:24:20.008,t,,2026-04-17 04:32:37.377,cc83790f-42af-4b28-9fa0-c2703dddac62
6492e27e-18a2-4530-9fd1-f768b90de974,ganiska.n,$2b$08$3/jMdPxx4mJdnZh1OGR4Ee5nyi77QAPr04h0anbZpMkMLayDeXYCC,,Ganiska N,VIII-A1,STUDENT,2026-04-17 10:24:40.128,t,,2026-04-17 04:32:41.793,cc83790f-42af-4b28-9fa0-c2703dddac62
d09d7e68-5479-4db3-85c6-55ce2229906f,monishvarthan.d,$2b$08$DH/o9kHj.TMcFjvGUokioO5jOfmtnKb2umZ48okX.04.uVWUyCtI2,Mdhana00007@gmail.com,Monishvarthan D,VIII-A1,STUDENT,2026-04-17 10:24:45.452,t,,2026-04-17 04:32:38.589,cc83790f-42af-4b28-9fa0-c2703dddac62
bda87e9c-8e4a-420b-8e9d-5b1dc1485648,rudra.thanya.m.j,$2b$08$Fyl52X9kWKxxAkciU0Gu5O70ncz3i5M/yVXf3GPQ0Jd7tiRKOHeya,,Rudra Thanya M J,VIII-A1,STUDENT,2026-04-17 10:28:25.681,t,,2026-04-17 04:32:34.912,cc83790f-42af-4b28-9fa0-c2703dddac62
98e9ba6b-86ec-4ca6-8ec9-7185fb934523,kumaran.s,$2b$08$oB9SRYViijYS6Md8Vp91UeP66AopJ1.Iu968JVPM165ENSroySqe.,,Kumaran S,VIII-A2,STUDENT,,t,,2026-04-17 04:32:50.749,cc83790f-42af-4b28-9fa0-c2703dddac62
2b3cb9ba-8133-4fa1-81eb-935ecd4fe40b,logeswaran.s,$2b$08$DRdkI5L.IAzCnzzNz9Y9cOihY6hytXXEbnfrILYB3fgqX2.Tw1aoO,,Logeswaran S,VIII-A2,STUDENT,,t,,2026-04-17 04:32:52.026,cc83790f-42af-4b28-9fa0-c2703dddac62
111e79c6-5d1a-44d4-80b3-cba8fd09d5cb,madhav.k,$2b$08$j9Uk1mGH2x5J7D18XnTR9uxf5vxWMydhcvEDab2XOPXR/sFl8bIIS,Karthikpillai87@gmail.com,Madhav K,VIII-A2,STUDENT,,t,,2026-04-17 04:32:52.667,cc83790f-42af-4b28-9fa0-c2703dddac62
ee93a66d-c290-40a7-9d8b-53d4dc183971,rithish.s,$2b$08$zGangnPmUfrl72pyahTCgeWYFgAfXpy8xePUSsieQBWT/rv89XkgO,,Rithish S,VIII-A2,STUDENT,,t,,2026-04-17 04:32:53.948,cc83790f-42af-4b28-9fa0-c2703dddac62
497b6be7-1208-4b3c-903b-8bab547dd0f1,rio.marin.d,$2b$08$TzJIIupGkydT5wVpcfc3MO8xC/Di2pxcmINcMqg4AGqQ6HmY/8E3i,,Rio Marin D,VIII-A2,STUDENT,,t,,2026-04-17 04:32:54.498,cc83790f-42af-4b28-9fa0-c2703dddac62
b819c518-2b5b-4ec7-b429-4cb65eabf45c,saran.s,$2b$08$K2Q0W4ScHkyJLrNdxcGcSuB7vL9obcO6qz3cP1xOwyVBSL0woUML2,,Saran S,VIII-A2,STUDENT,,t,,2026-04-17 04:32:55.024,cc83790f-42af-4b28-9fa0-c2703dddac62
3cf1a459-da2f-49b8-8ebb-0123b50b47f0,shaswin.shankar.g,$2b$08$7hijFhoQM1gCPEqxpf0/m.8qb3/tfMIdpJJY9wZr3nWCqaaDOk3nu,,Shaswin Shankar G,VIII-A2,STUDENT,,t,,2026-04-17 04:32:55.706,cc83790f-42af-4b28-9fa0-c2703dddac62
d405a943-bf43-4fb0-978e-9a9835f8a9a5,shazil.fahad.m,$2b$08$ss5adQLa4HuDLPKumewV0uGBoNx.cylhr1fwfjtP8eKC9LmDrZTn2,,Shazil Fahad M,VIII-A2,STUDENT,,t,,2026-04-17 04:32:56.308,cc83790f-42af-4b28-9fa0-c2703dddac62
a5d9579c-899a-452a-a043-8e64668558e2,vishanth.ruban.d,$2b$08$hghoMs3t/RQjN0QSh35jXuoETeCSmAbcLIy3cjlPXKqQ8CbbYB.c.,,Vishanth Ruban D,VIII-A2,STUDENT,,t,,2026-04-17 04:32:56.831,cc83790f-42af-4b28-9fa0-c2703dddac62
3fcfcf97-8ee9-4189-8346-91d4941d68d8,velammal.bodhi.campusdindigul,$2b$08$ERBv77JKAd163H2F8itVuekKffMS23sfTYY5vIRJ4vVjlHECyT6iy,,"VELAMMAL BODHI CAMPUS,DINDIGUL",,STUDENT,,t,,2026-04-17 04:32:57.475,cc83790f-42af-4b28-9fa0-c2703dddac62
5ddafe67-d4a6-48ad-908b-d641070cf0f1,l.sarah.ancelina,$2b$08$GS7.QXabJvhlFboGI/3KXONyu.x/V2kZwwugay2T91b5ebSYQhjJG,,L.SARAH ANCELINA,,STUDENT,,t,,2026-04-17 04:32:58.11,cc83790f-42af-4b28-9fa0-c2703dddac62
defd7f86-bcf7-4fb9-b84a-2618053280cb,8870044909,$2b$08$LbEnuwg6kqzE6VT6wdOC0edHpPt7mx0ndyuakhLcD9Ax1NFqTBXGm,,8870044909,,STUDENT,,t,,2026-04-17 04:32:58.75,cc83790f-42af-4b28-9fa0-c2703dddac62
5d890ebe-d47f-403b-969e-f4e222c29c22,pradeepa.k,$2b$08$a5ZlB6eS71Kww8LjhoaO1eibIX.F30DtT1Yykb/X9icyVJDxH4zoq,meenaksikannan@gmail.com,PRADEEPA K,IX-A1,STUDENT,,t,,2026-04-17 04:33:02.269,cc83790f-42af-4b28-9fa0-c2703dddac62
565f018b-22e8-421b-ad68-844d85f8e5e5,sahana.s,$2b$08$fUeWKEDbPRL/cIbfOl2teOJVvsOp087e8I59aMR6JBqvKjxs2qzNW,sahanas4368@gmail.com,SAHANA S,IX-A1,STUDENT,,t,,2026-04-17 04:33:03.447,cc83790f-42af-4b28-9fa0-c2703dddac62
27c34a83-1d97-4669-8d9e-fee4a3cba296,abdul.rahim.m,$2b$08$7gL7qBj8W.kM24ALn81/7uW8A06F61lWsJs/qh1X6kMlX/AyCmeWu,,ABDUL RAHIM M,IX-A1,STUDENT,,t,,2026-04-17 04:33:07.393,cc83790f-42af-4b28-9fa0-c2703dddac62
68649233-4378-4025-853e-3bfdf1feadb1,anu.shri.p,$2b$08$Pu.boXuLY27qXi0Ltb6G0.5apEMbEe3MeO4dyfN0BvCIlQD10VcxW,,ANU SHRI P,IX-A1,STUDENT,,t,,2026-04-17 04:33:08.031,cc83790f-42af-4b28-9fa0-c2703dddac62
1f2d449e-33f1-41b6-9707-e577c2f84aa5,ariharan.s,$2b$08$6BORybCz1qflG2ZxjUQ9MeTmkh7S/dQ3C1Yz.T3esHwP9aZl6ywvW,,ARIHARAN S,IX-A1,STUDENT,,t,,2026-04-17 04:33:08.56,cc83790f-42af-4b28-9fa0-c2703dddac62
72b552d9-c7b3-4632-b3ca-9d90f3406f78,dharshan.lingesh.m,$2b$08$DlLslRpUF6Yd6BbAT85ifOW9CpWouH7HdLc064x1dlh8YzjK4EFyy,,DHARSHAN LINGESH M,IX-A1,STUDENT,,t,,2026-04-17 04:33:09.603,cc83790f-42af-4b28-9fa0-c2703dddac62
6d888d91-2a67-40bf-9a8c-049484856677,dheya.shree.b.d,$2b$08$VSULIeH1oJQgM44GjPBwueuS9Q9d8oeXEEcDOZcaNFvhslYhMQPEi,,DHEYA SHREE B D,IX-A1,STUDENT,,t,,2026-04-17 04:33:10.293,cc83790f-42af-4b28-9fa0-c2703dddac62
465b53f9-b239-4c49-a637-22b4d423e4b1,dhashvin.s,$2b$08$RUaC3MGyWFFC5x/sI.hfju051m4u2vvk.tlwSq.1klexeHSvmjmVK,,DHASHVIN S,IX-A1,STUDENT,2026-04-17 07:30:34.527,t,,2026-04-17 04:32:59.363,cc83790f-42af-4b28-9fa0-c2703dddac62
074627b4-02d5-4c95-a3ac-5fa0b7a8583c,deepak.n,$2b$08$TeSf2BY//qw5bfC8XT1a/exGT1CtGC/72mFPFDfWePdvcoX2mWmGC,gopikadeepak59@gmail.com,DEEPAK N,IX-A1,STUDENT,2026-04-17 09:23:31.932,t,,2026-04-17 04:33:09.079,cc83790f-42af-4b28-9fa0-c2703dddac62
aa5b0880-4be5-4046-8abd-4dc20479813a,loga.selva.n,$2b$08$7N1yRvOdYgFBiroCBNtXyeRa56ZdXwcDxnfbQ9eB0bRLdyykCUCLC,,Loga selva N,VIII-A2,STUDENT,2026-04-17 07:30:34.527,t,,2026-04-17 04:32:51.385,cc83790f-42af-4b28-9fa0-c2703dddac62
8e22e569-7e6d-405b-ab7c-1e37deaab668,gunalan.riaaj.r,$2b$08$aj783Bw8KpquH4/o0NmRlupvTON2iny7iNK1PXkIeXA01ekIjN4uO,,GUNALAN RIAAJ R,IX-A1,STUDENT,2026-04-17 09:32:25.773,t,,2026-04-17 04:33:11.541,cc83790f-42af-4b28-9fa0-c2703dddac62
c8aae197-315d-45a8-b7c9-3558994c1831,sudhish.a,$2b$08$tMoO.N78g2V8WQt761.qy.5ySHDUKcgF5rf04TFdHO8OD2e.e1.Yy,gviji365@gmail.com,SUDHISH A,IX-A1,STUDENT,2026-04-17 10:52:52.547,t,,2026-04-17 04:33:04.845,cc83790f-42af-4b28-9fa0-c2703dddac62
0ad19c41-e1bb-4f72-85ba-e9831152740d,subhashit.s.p,$2b$08$lHMuuYIEkgKwker685Fjx.eAlwPlKICa1OwJO7qXDjfDDKJ/Qj00i,nancybsc.bed@gmail.com,SUBHASHIT S P,IX-A1,STUDENT,2026-04-17 10:52:59.205,t,,2026-04-17 04:33:04.123,cc83790f-42af-4b28-9fa0-c2703dddac62
e8a33cee-af55-4118-b509-ddfd03230674,priyanka.s,$2b$08$DntSwdianyqA3FJ.UvaJs.Ie5H95NaCC1BVLamh9he2VQmhvQWhFm,@kavithasubramani11@gmail.com,PRIYANKA S,IX-A1,STUDENT,2026-04-17 10:55:07.424,t,,2026-04-17 04:33:02.885,cc83790f-42af-4b28-9fa0-c2703dddac62
259106ed-1eae-4fe8-9c4b-383e40260584,neythra.j,$2b$08$Pp4Lrce9iIonSe/u17ixHegK1vbj/ayNr6B/CLJrao/8VkxSKxCGO,yashsangeetha766@gmail.com,NEYTHRA J,IX-A1,STUDENT,2026-04-17 10:55:54.879,t,,2026-04-17 04:33:01.654,cc83790f-42af-4b28-9fa0-c2703dddac62
f10642fb-f989-4614-b086-067ddf239150,gladson.j,$2b$08$XrI6FfpgU.uYDE5rF2hU9uv3eha4y0Aqh6bsKnZVULt7uielhfm/u,teachraja@gmail.com,GLADSON J,IX-A1,STUDENT,2026-04-17 10:56:30.914,t,,2026-04-17 04:33:10.9,cc83790f-42af-4b28-9fa0-c2703dddac62
d18b547b-ebb5-4909-87b9-36848e277d54,thirumurugan.m.r,$2b$08$T7KGLSaDY4ehzNmndmYqUu5Rmx1qzJ25Ts5KqTVx4vxZ0pC2UTRYG,rajamuthu1969@gmail.com,THIRUMURUGAN M R,IX-A1,STUDENT,2026-04-17 11:00:23.557,t,,2026-04-17 04:33:06.785,cc83790f-42af-4b28-9fa0-c2703dddac62
660726cf-c9de-4bad-bb9a-e11d7d2c46cc,sweta.r,$2b$08$NHCUXQGVvbCbxCLQMjS4TO2BdHD8/47hSM6a2OznG5qhdWiWtO60y,swethaharish@gmail.com,SWETA R,IX-A1,STUDENT,2026-04-17 11:02:16.294,t,,2026-04-17 04:33:06.109,cc83790f-42af-4b28-9fa0-c2703dddac62
3f35d82d-8219-48ac-8c4b-26f8bcb2a6bc,sujan.j.p,$2b$08$WIf7BXd8uj8Fy3sgntRkeOZ06jtp4n7rOH/PvjCTNqvsUwku2PG3W,jpsujan12@gmail.com,SUJAN J P,IX-A1,STUDENT,2026-04-17 11:03:19.08,t,,2026-04-17 04:33:05.471,cc83790f-42af-4b28-9fa0-c2703dddac62
e9ce6a43-ca43-4754-ac6e-3c0c6cb32692,liyana.hifza,$2b$08$r18GLItQuY69qGEbpgfHsuJukOlb0r1mBOp1vHxSEtYpdxegkGZL2,,LIYANA HIFZA,IX-A1,STUDENT,2026-04-17 11:06:30.307,t,,2026-04-17 04:33:00.991,cc83790f-42af-4b28-9fa0-c2703dddac62
877720a5-e1dc-432f-9f47-f5386a7b9705,jeevanathan.m,$2b$08$ArblL/Rz9Zyxq/b3ZARjROLQe514Ngx4tPGUGywuFJlPZUhfZ/wlC,,JEEVANATHAN M,IX-A1,STUDENT,,t,,2026-04-17 04:33:12.84,cc83790f-42af-4b28-9fa0-c2703dddac62
c41a1e2c-1543-4737-af75-caa3cea73de6,murugadhanam.m,$2b$08$6DZNAZ.Vwvcagvd3l6mkzOxc8IK9pRr7h/tNbG.Vgz7uct9K3f7Ci,muthumarimuthumari7061@gmail.com,MURUGADHANAM M,IX-A1,STUDENT,,t,,2026-04-17 04:33:13.985,cc83790f-42af-4b28-9fa0-c2703dddac62
1f142946-f833-40a5-b63f-3001c3f72f4d,praveena.s,$2b$08$0GKao46Tyl6FiUSnFPzyru73F1NrwbvkLvSh.tAtNMbAeJ7FB6cGu,,PRAVEENA S,IX-A2,STUDENT,,t,,2026-04-17 04:33:15.879,cc83790f-42af-4b28-9fa0-c2703dddac62
30091420-6752-41e5-89ee-2251f89ae05b,sujith.m,$2b$08$q.YsuiTMbjBKRa0ghdFsT.1JSIJJ8R7npNyS21Gb.qz3PQkx8EF1u,,SUJITH M,IX-A2,STUDENT,,t,,2026-04-17 04:33:20.294,cc83790f-42af-4b28-9fa0-c2703dddac62
2a9eaf3c-34cd-4aa0-b97a-a56de1fa1bca,yuganathan.hari.r,$2b$08$c/dPKAwlAYVuFG0yWLw4gOzinAtVz72guAU6jIgDLCVBJ9YMq.202,,YUGANATHAN HARI R,IX-A2,STUDENT,,t,,2026-04-17 04:33:21.959,cc83790f-42af-4b28-9fa0-c2703dddac62
e8ae3a59-af56-4f95-b1d3-84f83bd64667,velammal.bodhi.campusdindigul2,$2b$08$kg5BcorS3o4WZCwPtpO1juMD0yPvMRSpwHt34dw2qPo/C4nhO8BrG,,"VELAMMAL BODHI CAMPUS,DINDIGUL",,STUDENT,,t,,2026-04-17 04:33:22.51,cc83790f-42af-4b28-9fa0-c2703dddac62
8821d07e-08a5-40e3-afe7-464f17ebdb7f,l.sarah.ancelina2,$2b$08$3sOpnY6L6FFnrANljYFUqOM8s2HayD8jsb1yrPfyjyUfzUych./WG,,L.SARAH ANCELINA,,STUDENT,,t,,2026-04-17 04:33:23.046,cc83790f-42af-4b28-9fa0-c2703dddac62
68a6bd4e-abc7-4144-bbb0-c3d20bd26ccc,lakshith.s,$2b$08$LjbvBwE8/6OdfyM7h6XiLOrZ9W3VPpC.SKZJQ33BD4jKQ4TKT5tj2,Sivarajperumal1999@gmail.com,LAKSHITH.S,XI-NCERT,STUDENT,,t,,2026-04-17 04:33:26.46,cc83790f-42af-4b28-9fa0-c2703dddac62
b8271d41-7b1b-4543-ac28-08427e21a012,sasmidha.devi.k.n,$2b$08$iyrlwZm9/6Em.lQC7/Ea4./zcsXmqB4Y4K1os2x8NEzHzYxrJH76u,narmadhadevi1987.s@gmail.com,SASMIDHA DEVI.K.N,XI-NCERT,STUDENT,,t,,2026-04-17 04:33:28.193,cc83790f-42af-4b28-9fa0-c2703dddac62
8746ac05-8a8c-4f13-973b-9d3588b114ff,dheeraj.velan.b.d,$2b$08$65WJ/Wh6tLP56JA88xB2fONSO74E0mELK5H.Pe3rMIAlvnSqFZkP.,mangala.mca@gmail.com,DHEERAJ VELAN.B.D,XI-NCERT,STUDENT,2026-04-17 08:58:19.26,t,,2026-04-17 04:33:25.306,cc83790f-42af-4b28-9fa0-c2703dddac62
fad6dba6-af87-465e-b625-c5818010936b,sujay.sarvesh.k.s,$2b$08$t8w4GOFlrkfoHeyMCMhFDOLJ.zzCeNQxBxqXtraq3Aqx3EQ.pKeIW,visalatchisenthilkumar@gmail.com,SUJAY SARVESH K S,IX-A2,STUDENT,2026-04-17 09:22:27.111,t,,2026-04-17 04:33:19.763,cc83790f-42af-4b28-9fa0-c2703dddac62
359f8bb4-be81-4ca6-97ff-580bc13be414,sai.prasath.r,$2b$08$gwcKO1LCFvcrEY1W1dwOqeCh.D5630DGqUfwOm4vPEOly6rRl1O/y,drrajeshabi@gmail.com,SAI PRASATH R,IX-A2,STUDENT,2026-04-17 09:22:37.929,t,,2026-04-17 04:33:16.415,cc83790f-42af-4b28-9fa0-c2703dddac62
517abf64-f692-41a3-aa57-199f17b7150a,nithish.d,$2b$08$00qTk3QfP76ezwRRvwlABOzkUmyruXvBlaHj4CK6LpSRQCe3Y0Cmy,,NITHISH D,IX-A2,STUDENT,2026-04-17 09:22:44.786,t,,2026-04-17 04:33:15.069,cc83790f-42af-4b28-9fa0-c2703dddac62
a093824f-0569-46ef-9823-4bbccdd6aa41,siddhaarth.r.a,$2b$08$pUoPBhS8QaEIO5ej3325QuTA/nxwLWSZUBP7IM.iYBYUyGco9p8F6,anithashri@gmail.com,SIDDHAARTH R A,IX-A2,STUDENT,2026-04-17 09:22:46.403,t,,2026-04-17 04:33:18.668,cc83790f-42af-4b28-9fa0-c2703dddac62
2d6b6626-038e-45ac-b337-005acf831731,umar.s,$2b$08$g9WLeFnu8TOL1gdLfmbSHOhfD5BQKITPSmHNEkyKV8slBjsGp9RRK,mysteriousumar1234@gmail.com,UMAR S,IX-A2,STUDENT,2026-04-17 09:23:08.021,t,,2026-04-17 04:33:20.83,cc83790f-42af-4b28-9fa0-c2703dddac62
0daea515-b946-4a2b-aab3-6ab6d96c0be9,sanjey.s,$2b$08$9PuO/XsrxGwkKvfE7O0h2uT4Y7Dxc0WReg1q.N.ZKV0w173ouPeiC,,SANJEY S,IX-A2,STUDENT,2026-04-17 09:26:42.203,t,,2026-04-17 04:33:17.564,cc83790f-42af-4b28-9fa0-c2703dddac62
5ca8cf18-027c-47da-a94d-85108ccc3503,nakul.r,$2b$08$rEzJ8JNgLMQC6mJGl22w1uZJjemCcvdgo0DExJ9qnXwj6xdTYKwqK,,NAKUL R,IX-A2,STUDENT,2026-04-17 09:26:55.428,t,,2026-04-17 04:33:14.524,cc83790f-42af-4b28-9fa0-c2703dddac62
9ebb7038-11ab-438f-baef-23aff65325cb,sajeev.m,$2b$08$zPHwH05uLzf7jff.ijn5cOWrOZMZsxQ/ck4zL8n9JqopKqAZdhlY.,sajeevsheeba@gmail.com,SAJEEV M,IX-A2,STUDENT,2026-04-17 09:27:21.073,t,,2026-04-17 04:33:16.988,cc83790f-42af-4b28-9fa0-c2703dddac62
116fbde3-d81a-4d0a-a537-39fa3a78dffd,joshua.j,$2b$08$tlocQY2aOXuA4RiV087vQuuUvkAnJnYKu.Sr3f3e.2sdoPnw78UYm,,JOSHUA J,IX-A1,STUDENT,2026-04-17 09:28:27.959,t,,2026-04-17 04:33:13.423,cc83790f-42af-4b28-9fa0-c2703dddac62
98797811-22c4-4314-af1c-5f56d9c30599,iniyal.p,$2b$08$Mpu2qO/9ChfDa6z4rLmjBu1ChKTguAxf.r/DRMpnt9EvJshXvy.KG,,INIYAL P,IX-A1,STUDENT,2026-04-17 09:34:40.98,t,,2026-04-17 04:33:12.175,cc83790f-42af-4b28-9fa0-c2703dddac62
17e8d699-c0a0-46d6-a26d-9137bcfd9c5a,sathish.m,$2b$08$By4dj2KTIMNsCATb2C5qMuIwwmhgNibxXTsRyvhXqjhMdGqsCLrXS,RMS1051986@gmail.com,SATHISH M,IX-A2,STUDENT,2026-04-17 09:34:57.31,t,,2026-04-17 04:33:18.109,cc83790f-42af-4b28-9fa0-c2703dddac62
f7e88f42-b0d4-4999-8a5c-e50064ed0ee5,sri.raman.k.b,$2b$08$o4iKVCUvEhS2UuKZ6QpedutZq7F1TDLrgPXXNR1nR2AH.Q6UmfQPi,,SRI RAMAN K B,IX-A2,STUDENT,2026-04-17 09:41:52.578,t,,2026-04-17 04:33:19.184,cc83790f-42af-4b28-9fa0-c2703dddac62
09616f14-bdbc-4a08-81a4-460e529179a2,danish.joe.a,$2b$08$C.ZbKetJ5/5mfS2.Xm5.N./9MhNpVhHa.ao8oTYjkQBnb68KdkeCW,mangala.mca@gmail.com,DANISH JOE.A,XI-NCERT,STUDENT,2026-04-17 10:11:59.253,t,,2026-04-17 04:33:24.756,cc83790f-42af-4b28-9fa0-c2703dddac62
0fe6c4b2-51f6-4335-8018-6048d4d289a1,prathiksha.d.v,$2b$08$uUbXTRt9gmlrzKsGk537YuSPoo4YZXMQ3SsLbBDRKAOK4scTwZ2Oi,nakshashree@yahoo.com,PRATHIKSHA.D.V,XI-NCERT,STUDENT,2026-04-17 10:12:33.257,t,,2026-04-17 04:33:27.623,cc83790f-42af-4b28-9fa0-c2703dddac62
ba1b79f1-b218-42e0-90c9-515c590bfb5c,sriram.v,$2b$08$Z094lCN2oi0q8nbXDR0cj.i18phqoyG6q7bTMEj2WoNRDFeKhnwz.,VIJAYANVE@gmail.com,SRIRAM.V,XI-IIT,STUDENT,2026-04-17 10:12:53.229,t,,2026-04-17 04:33:28.822,cc83790f-42af-4b28-9fa0-c2703dddac62
2685f831-e1b0-4ad2-a7ef-cf48ff212488,mohamed.thariq.b,$2b$08$WduZ5rOSHM9/CQ8CsFmJderlKLOn2ypV5Evvr6OwgVZxc6IXh1cnC,aathila735@gmail.com,MOHAMED THARIQ.B,XI-NCERT,STUDENT,2026-04-17 10:13:30.273,t,,2026-04-17 04:33:27.065,cc83790f-42af-4b28-9fa0-c2703dddac62
1ea25203-f0cf-4df2-9c93-50f24187f149,krishvikash.p,$2b$08$Al9BYty.gANJkxsIbgJnH.GMviN0vLlhIX3DfZ2qurHBnN7xlH4Ka,chitraprakash2441985@gmail.com,KRISHVIKASH.P,XI-NCERT,STUDENT,2026-04-17 10:15:56.511,t,,2026-04-17 04:33:25.842,cc83790f-42af-4b28-9fa0-c2703dddac62
52fb53ed-992a-40b7-a284-d0ef206d8b3b,vishnu.das.r,$2b$08$XGfAoru6Gl9fTZiHTpED3eI9VsPnLRwjvNoyPkMCF/gseO7bexFEa,ramadas1793@gmail.com,VISHNU DAS.R,XI-NCERT,STUDENT,2026-04-17 10:20:08.542,t,,2026-04-17 04:33:30.099,cc83790f-42af-4b28-9fa0-c2703dddac62
e41d9c3d-d076-4e58-960a-aa31d0e90b47,abinesh.b,$2b$08$q8j5ohYRVVlvMRhFV1FDBuQlIZGNBtZqWAFun84JqwWvRi3Sugy8C,latha9843@gmail.com,ABINESH.B,XI-NCERT,STUDENT,2026-04-17 10:25:40.154,t,,2026-04-17 04:33:24.104,cc83790f-42af-4b28-9fa0-c2703dddac62
c9ffd548-293a-4eb4-8a72-16b3ea5f6071,yohith.b,$2b$08$3gQRF2xSDwZu6vMHlIr2LOXj6VHkVaEi5kwKBLaDb4spVpxGXk1X6,Yohithbalasubramani@gmail.com,YOHITH.B,XI-NCERT,STUDENT,2026-04-17 10:32:13.965,t,,2026-04-17 04:33:31.059,cc83790f-42af-4b28-9fa0-c2703dddac62
bf87387d-942c-419b-82ae-53d332793dde,s.t.humaidh,$2b$08$vU8Jly9fjuzbaMd3xPxSY.NZ1n2Nay5LzM0UjvGDlUEqPoiDyviwq,,S.T.HUMAIDH,8-C,STUDENT,,t,,2026-04-17 04:33:39.702,a2087e88-8a57-40a0-b8a7-dedf207f96a4
cb51c4b6-a4f7-4f1b-afa1-3f7bb4cad28b,s.mohammady.ahya,$2b$08$SgWrrOFpqz84Tj21LaHSTuG41IUa5PTWKBysF1XyoYXCr4w9J05la,,S.MOHAMMADY AHYA,8-A,STUDENT,,t,,2026-04-17 04:33:44.153,a2087e88-8a57-40a0-b8a7-dedf207f96a4
225085e3-8666-49df-b5a8-c7324a65d593,ramsaran,$2b$08$E0Nb3ri5vNAoAq02HRkWGu8Z1VU/L7YO2QwJYPLmyvzoq4.K0JeZS,,RAMSARAN,9-C,STUDENT,,t,,2026-04-17 04:33:45.946,a2087e88-8a57-40a0-b8a7-dedf207f96a4
e99c136d-543f-446a-80b6-d2f0a4565806,s.arundhati.krishna,$2b$08$jmARqgWI4FNno7ybcMCq9unM.kNOvaXEA4aamwWy/yh3LxWjqZpZy,arundhatikrishna.nature@gmail.com,S.Arundhati Krishna,11-IIT,STUDENT,,t,,2026-04-17 04:33:51.406,a2087e88-8a57-40a0-b8a7-dedf207f96a4
b3a1d6cd-f6bb-436d-a865-3a71585b2a0d,shreeya.somi,$2b$08$PS1p/.JsjLRAUmjD6W1noefK/Pfl1mFZQSIFcCSyJGgyXmQCDDo8C,ragramya75@gmail.com,Shreeya somi,11-IIT,STUDENT,,t,,2026-04-17 04:33:52.025,a2087e88-8a57-40a0-b8a7-dedf207f96a4
cbc20a98-ad63-43a9-83db-45552faa74ef,anumitha.deivanai.g,$2b$08$Ow9RajeEXOpZPB6wZcZ9f.eyf1ktfFh0IC4SIH/a1vCpNYVeqCTre,ramah.jaya@gmail.com,Anumitha Deivanai.G,11-IIT,STUDENT,,t,,2026-04-17 04:33:52.651,a2087e88-8a57-40a0-b8a7-dedf207f96a4
e2cf1b62-0b70-4306-ba34-105ca76608ba,yogana.s.g,$2b$08$L6e7mRFq5bU9qMNgOAt74OsfjC34R1KAEYKZjQehWIU8RMmcRdWMG,allwinksn@gmail.com,Yogana.S.G,11-IIT,STUDENT,,t,,2026-04-17 04:33:53.307,a2087e88-8a57-40a0-b8a7-dedf207f96a4
81a2fd92-198a-4605-996e-9e0b2ad828e8,sai.dharshini.s,$2b$08$jxCwwMUzws.Br47K5u2SjeIIKqgPQxmHQ2cpu0bAYq8kvEaSfaFd2,,Sai Dharshini.S,11-C1,STUDENT,,t,,2026-04-17 04:33:54.579,a2087e88-8a57-40a0-b8a7-dedf207f96a4
a6273f2e-938e-47c9-9e0b-0b191fe04bbc,mahitha.sri.r,$2b$08$pX/g7xw12j2sxBzFtbCCsetjmAw.o55cR6PGXkyQghOERMXdEa0Jq,,Mahitha sri.R,11-C1,STUDENT,2026-04-17 07:30:34.527,t,,2026-04-17 04:33:53.943,a2087e88-8a57-40a0-b8a7-dedf207f96a4
3af64616-321f-4bb3-ae52-5d26e4882017,aadhikan.s,$2b$08$AbiSlCueDv1g41qTy5BsSOW3U40L/BVeqRWpS5TqrxbnAFcQTes2y,suganyasudan1519@gmail.com,AADHIKAN S,9-B,STUDENT,2026-04-17 07:30:34.527,t,,2026-04-17 04:33:48.594,a2087e88-8a57-40a0-b8a7-dedf207f96a4
3876e3c3-2a12-42c0-adff-4fd8d449b392,ahmed,$2b$08$JJBRzQZz4I88UP0KY73pSeupib2otcsHdCyB7QKuJmowRZNu7ZyO.,hameedmunavar@gmail.com,AHMED,9-A,STUDENT,2026-04-17 07:30:34.527,t,,2026-04-17 04:33:50.863,a2087e88-8a57-40a0-b8a7-dedf207f96a4
82a0a7ec-c490-4171-9873-36d8cee8c75a,kavin.m.r.k,$2b$08$wlxO9sjvy.9xBS.PJVvz6.4tV/kq8IE5Tc0ruXxpTb/FvwLku/H3.,,KAVIN M.R.K,9-B,STUDENT,2026-04-17 07:30:34.527,t,,2026-04-17 04:33:48.031,a2087e88-8a57-40a0-b8a7-dedf207f96a4
e922a8ae-0187-4f08-8063-c13bf64596d5,a.kavikarthikeyan,$2b$08$4qQYxu2pZ0JKHCZrRS550.rtDkjFs47hK4xr9q1vRkTfVJUm/to6u,,A.KAVIKARTHIKEYAN,8-V,STUDENT,2026-04-17 07:30:34.527,t,,2026-04-17 04:33:42.215,a2087e88-8a57-40a0-b8a7-dedf207f96a4
94e0a1ce-4e5c-42f7-ac8b-81fe5a73d092,r.nikilesh,$2b$08$96im6RtiL/atsDO0vjOBfOlxv9Ed4XVVNgDCWoJe/QltengDqEyB2,,R.NIKILESH,8-B,STUDENT,2026-04-17 07:30:34.527,t,,2026-04-17 04:33:42.901,a2087e88-8a57-40a0-b8a7-dedf207f96a4
eb91535a-7a49-4274-ae12-72b9d659701a,s.n.mukundan,$2b$08$OFx8XqX4kjOWcEem/gLynuhYP13SMA2mx/DTWRuJiyPJF3zJZDMdO,,S.N.MUKUNDAN,8-E,STUDENT,2026-04-17 07:30:34.527,t,,2026-04-17 04:33:40.986,a2087e88-8a57-40a0-b8a7-dedf207f96a4
8d1d649d-097a-4464-9bcd-a5d62957395a,nithiyasree,$2b$08$X/9Wi.XNZGNYbB2VabFLrul8lJXX8wk1/qx7BaHtLU3OyXejfgBCS,meetpriya@gmail.com,NITHIYASREE,9-C,STUDENT,2026-04-17 07:30:34.527,t,,2026-04-17 04:33:46.901,a2087e88-8a57-40a0-b8a7-dedf207f96a4
59941341-9846-4321-8821-f0eaa8f5e1d2,k.sreenikesh,$2b$08$uMxw.NS7YQF3tWl1ygT4gO.6Wylqar5yIGyaY3INYIRtRNm2VaOIO,,K.SREENIKESH,8-E,STUDENT,2026-04-17 07:30:34.527,t,,2026-04-17 04:33:40.339,a2087e88-8a57-40a0-b8a7-dedf207f96a4
5e8526ad-950e-42b8-a620-127c9d3a8e1f,c.christon.jenatham,$2b$08$LP83.GOz0jdsdWIPf3vPQO.0GsZ9YHFjXj9fRYe6ozfPoYXDM9eJq,,C.CHRISTON JENATHAM,8-E,STUDENT,2026-04-17 07:31:15.588,t,,2026-04-17 04:33:43.474,a2087e88-8a57-40a0-b8a7-dedf207f96a4
9a180759-f7be-4da8-b739-b40688b5853b,mukesh..s.s,$2b$08$OsHM7FoNuW8dIDaC0LSWzuomt5esFfHJEwIKuFahB.fUiMFS2IsIa,ssmukesh@gmail.com,Mukesh. S.S,11-C1,STUDENT,2026-04-17 07:30:34.527,t,,2026-04-17 04:33:55.869,a2087e88-8a57-40a0-b8a7-dedf207f96a4
129f2a12-36ee-4f40-8504-029cfb337c03,padmesh.k,$2b$08$uF62.hH708MVGXbEAkUNVu2PzY67g55khTK5rM2M5ZHZ67SeN0S/.,kpadmesh13@gmail.com,PADMESH.K,XI-IIT,STUDENT,2026-04-17 10:14:07.689,t,,2026-04-17 04:33:31.717,cc83790f-42af-4b28-9fa0-c2703dddac62
18f92e5f-fecc-4dd4-8ee7-2e07fa3c333c,nikhil.frederick,$2b$08$Xv23Id9pebuofKhnf9EobugyJdMVfCtTS4N4kRYlFvqsYyzx9IgIW,trpinkiya2411@gmail.com,NIKHIL FREDERICK,9-F,STUDENT,2026-04-17 07:30:34.527,t,,2026-04-17 04:33:45.269,a2087e88-8a57-40a0-b8a7-dedf207f96a4
b3869c5a-224b-4de6-a0b7-274956f6f151,flarish.raghav,$2b$08$CS4cppWplsjxC7PZBImJj.gkIE5SfPW24UHumioA9gkzxLNUAfRzu,,FLARISH RAGHAV,8-D,STUDENT,2026-04-17 07:30:34.527,t,,2026-04-17 04:33:44.715,a2087e88-8a57-40a0-b8a7-dedf207f96a4
8af9683e-23dc-46d7-be10-1a60f73db618,divyashini,$2b$08$T9Ge0w9AMrpCf82qggjUw.vyDzz.P2zv/YKroos/eRwQmWkmXKBaO,mageshezhil1@gmail.com,DIVYASHINI,9-C,STUDENT,2026-04-17 07:51:54.238,t,,2026-04-17 04:33:47.46,a2087e88-8a57-40a0-b8a7-dedf207f96a4
9e0a8e24-d791-4c2e-a11e-c037946a0bf5,manickam.c,$2b$08$JRf3wPYZfzhqWlO.A8n6duqHdu7FfjLdwJzechf4glqQpA18Qse0K,,Manickam.C,11-C1,STUDENT,2026-04-17 07:59:59.883,t,,2026-04-17 04:33:55.223,a2087e88-8a57-40a0-b8a7-dedf207f96a4
3426c61d-ecb7-4b7a-9257-4260fc213358,ashwanth,$2b$08$S6OuRlhemoERtRmKbOagUufETvFIAg5KE5BZbAYYtS4bMnfvd5rFW,arunanusha021@gmail.con,ASHWANTH,9-A,STUDENT,2026-04-17 08:00:58.253,t,,2026-04-17 04:33:50.26,a2087e88-8a57-40a0-b8a7-dedf207f96a4
0152092e-a65d-4561-9f45-b0fa5655c830,sudheesh.s,$2b$08$tTV3KWsVU3aFFcfttxfVcuaTpEAppdKQtkm2U/RTl4CPpMXuTv1qa,sudheesh2013s@gmail.com,Sudheesh.S,VIII-A1,STUDENT,2026-04-17 08:01:15.913,t,,2026-04-17 04:34:01.15,88d87062-de38-4543-a56a-d284d73897ab
25496d33-4ff4-4289-8b2a-938186aff52c,c.karthikeyan,$2b$08$6E1cFarcabK1UJ7u6XAC/OLWNjCgWqOAhE55czPjQvCszh3VWH/eu,,C.KARTHIKEYAN,8-C,STUDENT,2026-04-17 07:30:34.527,t,,2026-04-17 04:33:39.063,a2087e88-8a57-40a0-b8a7-dedf207f96a4
7afa437d-92ff-461c-a526-7bcc284e9e63,v.naethra,$2b$08$AGV3E7xCRanI7u54MlIdk.Wx2pGlPOT1zaBcgAm1i1xPIVxRAPqBW,subhanaethra@gmail.com,V NAETHRA,XI-IIT,STUDENT,2026-04-17 10:20:19.157,t,,2026-04-17 04:33:32.34,cc83790f-42af-4b28-9fa0-c2703dddac62
ee1ce29b-7c86-48cd-850f-f5a8ee856031,m.yogeshwar,$2b$08$ruHTZZFIkQmin27a6Q1RVOhIpO47/b6ZQ41GOpkyuAwJYure/IhLW,YogeswarMani2010@gmail.com,M.YOGESHWAR,XI-IIT,STUDENT,2026-04-17 10:20:19.831,t,,2026-04-17 04:33:32.983,cc83790f-42af-4b28-9fa0-c2703dddac62
4aa59ff8-da67-4892-bffb-557d6cccf237,n.nirmal,$2b$08$7Uyn7rZBPTpOoX4TnngD4.iRuzBj6YIEReXXkP/iBvI.TUXpH3djq,nirmalganisks@gmail.com,N.NIRMAL,XI-NCERT,STUDENT,2026-04-17 10:25:07.458,t,,2026-04-17 04:33:33.618,cc83790f-42af-4b28-9fa0-c2703dddac62
302626cc-4563-4b71-954e-25f240a89c48,nikhilesh.sivaramanan,$2b$08$dkoFl0W5UydceAlWSSld8uLxbPz4gMAHC0svxZguf5rrwH5TfW5..,kamalsuganya27112009@gmail.com,NIKHILESH SIVARAMANAN,XI-NCERT,STUDENT,2026-04-17 10:57:06.818,t,,2026-04-17 04:33:34.232,cc83790f-42af-4b28-9fa0-c2703dddac62
f7d29ed9-87f2-4c4b-83d4-34a3ab861e33,gopikasree..k,$2b$08$dV9SH5ZsA2.u177bVg9Qv.s3tETTXN7niE8di4efkAJT./kd8vSo.,jasree@gmail.com,Gopikasree..k,VIII-F,STUDENT,,t,,2026-04-17 04:34:04.671,88d87062-de38-4543-a56a-d284d73897ab
48c8f076-a469-4be1-b31f-a51a38bc1270,surya.v,$2b$08$xtR.6SZJ2zFBDqHjKoqWTOY5PBnKR/Xhi9BnB94h7pZtwr2/k7adq,vsurya1827@gmail.com,surya.V,IX-F,STUDENT,,t,,2026-04-17 04:34:05.299,88d87062-de38-4543-a56a-d284d73897ab
4d7a063e-b78d-4118-8279-2bee325991cb,naveen.m2,$2b$08$NpgemmjI49nobADuXTJ/zOoH6z8Y/i3LsC2Xthi48552szuVL4YAO,vidhumaha21288@gmail.com,Naveen.M,IX-F,STUDENT,,t,,2026-04-17 04:34:05.94,88d87062-de38-4543-a56a-d284d73897ab
48b668b0-e22c-432b-a743-4d08bea9823b,sharvesh.karthik.k,$2b$08$DYkbZHD8TvuMoOeI6VNzIOJ46QjOeQUmOdO4V93nBSJWliPqbSGia,absent,Sharvesh Karthik.K,IX-A1,STUDENT,,t,,2026-04-17 04:34:07.22,88d87062-de38-4543-a56a-d284d73897ab
c2334429-fa59-48fa-9109-31a03e4e475b,praveen.m,$2b$08$0NEs4gpRqng35h5UJ6lzZOwN7jEdGV//fcUAtH0NsbmqITYa3sp0C,praveenmohan142012@gmail.com,Praveen M,IX-A1,STUDENT,,t,,2026-04-17 04:34:09.753,88d87062-de38-4543-a56a-d284d73897ab
4b1dfc6d-72e2-43dd-9379-fc14405faef0,rayan.wahab.m,$2b$08$68BuVg386f7oV1BZP27eUOWH9nG6/PektGdxr.1nMezpKsiRPcoj6,rayanwahab2012@gmail.com,Rayan wahab M,IX-A1,STUDENT,,t,,2026-04-17 04:34:10.388,88d87062-de38-4543-a56a-d284d73897ab
1e6e4242-21d1-4124-9ed6-783e999c3e38,rajakaruppasamy.k,$2b$08$ex5TIA5qsPX7.r9c6INTyevSV6pYKmCIV34BSqE94O9JWVzVL/LXK,,Rajakaruppasamy K,X-A3,STUDENT,,t,,2026-04-17 04:34:11.55,88d87062-de38-4543-a56a-d284d73897ab
e32949f6-43f0-4cf2-b634-790ac4dd934d,vetri.pranav.s,$2b$08$J.7IPMqcjB0Ri/N4CflAdejQhwaExII49Damd5MDkJzrteWIg0.xm,,Vetri pranav S,X-A3,STUDENT,,t,,2026-04-17 04:34:12.187,88d87062-de38-4543-a56a-d284d73897ab
6931081c-3206-4973-9a5e-b5068a73e4f4,kishore.s,$2b$08$LGJSG7ybQk9iBCz6g8stKexYNyW2kGcEOeUj4khancfi6H9Ih8E5W,,Kishore S,X-A3,STUDENT,,t,,2026-04-17 04:34:12.978,88d87062-de38-4543-a56a-d284d73897ab
75df72ec-d335-40c3-ab20-3d017d4b9241,dinesh.m,$2b$08$UVVonElhwsziAshEhuTJo.ifz7DX/ixhVlvOyvUSi2uS9rEBSItV.,,Dinesh M,X-A3,STUDENT,,t,,2026-04-17 04:34:13.618,88d87062-de38-4543-a56a-d284d73897ab
b2a14606-cc69-4491-935d-21474120febd,kirthik.r,$2b$08$xaf/QlLKnZRmj3y2Ep0/FevDtl37EJWQdOuqaQ4bvikfKjWAxvSdW,mrsragumekala@gmail.com,Kirthik R,VIII-A2,STUDENT,2026-04-17 06:00:27.479,t,,2026-04-17 04:32:50.114,cc83790f-42af-4b28-9fa0-c2703dddac62
ae668d44-242b-4610-ae27-26399a5f64bd,suma.sree.n,$2b$08$EUAR9lcyrQq6jQ2VN17H/uCwP89OpxtmPoIJVdYt3Bq2UsZFlHUJO,nagaraj3407@gmail.com,Suma sree N,XII-A2,STUDENT,2026-04-17 09:22:46.051,t,,2026-04-17 04:34:16.181,88d87062-de38-4543-a56a-d284d73897ab
6adb7973-2e74-4cd2-9cf4-f25fa28d9537,prathik.viswa,$2b$08$ZpnztFX9EnhgFi1VfOxfXud4LMtqM7s6XYZRy7C7eJfk.HnEEk4d2,karthikpoyyamozhi@gmail.com,PRATHIK VISWA,VIII-B,STUDENT,2026-04-17 06:03:32.476,t,,2026-04-17 04:27:49.767,25af592d-49c4-45ce-a0e7-bb524be73913
f7bba0b2-be7b-4062-81a6-c85cfc91c69b,ashwathika.s,$2b$08$gBspBS16PirufREwuQNd8.mqZHt5kBTfDTFwpV8/X14iQXuOr8VxG,ashyeaaahhh@gmail.com,Ashwathika S,XII-A2,STUDENT,2026-04-17 10:05:22.665,t,,2026-04-17 04:34:16.784,88d87062-de38-4543-a56a-d284d73897ab
2acd739c-84d0-493a-af20-356b7e5227c3,dhanushka.v,$2b$08$VO2QgFOkoIPogfAlzhFl0uhJxhpSTbWzg7fLhbUHYTTsN/Z9ehymW,tvetriselvan@gmail.com,Dhanushka.V,VIII-F,STUDENT,2026-04-17 08:12:12.984,t,,2026-04-17 04:34:04.022,88d87062-de38-4543-a56a-d284d73897ab
7254ea81-947c-4281-8c87-20180ade7d10,muhil.adhavan.v,$2b$08$g.LvbOtqKL1mfyvQygwmhe1SrfeF6/R3DbO3S/f5N7l5xf2OUjfli,muhil.01@proton.me,Muhil Adhavan V,XII-A2,STUDENT,2026-04-17 07:30:34.527,t,,2026-04-17 04:34:18.722,88d87062-de38-4543-a56a-d284d73897ab
4245889d-9a61-47a6-8c71-34631e8b5988,kavin.aadhithyaa.k.s,$2b$08$Us9dSeSgnRoV8c7KwJUbbevZwRd/wTCKCuMv1imIFQeznOeAs1tNe,Absent,kavin Aadhithyaa.K.s,IX-F,STUDENT,2026-04-17 08:16:47.566,t,,2026-04-17 04:34:06.585,88d87062-de38-4543-a56a-d284d73897ab
3620ee77-307c-4613-b980-473ec2a7993c,harish.rajan,$2b$08$SHB0Ea6cBCZq8uAXqP3PBu.HcCrgY234GmXCuCVy.J05qdaOBdgEK,harishrajan2929@gmail.com,Harish Rajan,XII-A2,STUDENT,2026-04-17 09:22:46.051,t,,2026-04-17 04:34:17.63,88d87062-de38-4543-a56a-d284d73897ab
6d0d2ccc-0a0d-4ec6-882b-7f79393a6aed,sai.prasadh.s,$2b$08$TNo0s/lonzaSfOK.KOxu1ujCJCeZUhLNIumHhoq5C/p3IOkV6a5jS,,Sai prasadh S,XII-A2,STUDENT,2026-04-17 09:22:46.051,t,,2026-04-17 04:34:19.293,88d87062-de38-4543-a56a-d284d73897ab
80c96f37-3a57-4a90-a78a-bfea3714e947,bassil.b,$2b$08$x5KHdCtrGpNsGZn/mnbW8Ovyo4AB2vuZHYhfgrA2UiOnefQdiBBJi,basilbassil8@gmail.com,Bassil.B,IX-A1,STUDENT,2026-04-17 07:39:14.65,t,,2026-04-17 04:34:07.859,88d87062-de38-4543-a56a-d284d73897ab
f88312f6-fe65-4b39-806e-6c8511f826f6,shailesh.g,$2b$08$wgKYIVTqeg4Mt6v6toI4AuETK4GdhRar28S6Z4P/QTbJkLyC6.isK,kavithagshailesh@gmail.com,Shailesh G,XII-A2,STUDENT,2026-04-17 07:30:34.527,t,,2026-04-17 04:34:14.285,88d87062-de38-4543-a56a-d284d73897ab
45d2530f-ae48-4c45-a93e-180df12e7619,azeemaa.s,$2b$08$YKvy8OEQtxwQ6r9c1l/yjeBhJiJGcv4racvrNo8M18QWnax01DmSe,asianeeda@1704gmail.com,Azeemaa S,IX-A1,STUDENT,2026-04-17 07:38:45.368,t,,2026-04-17 04:34:09.149,88d87062-de38-4543-a56a-d284d73897ab
e8b2eea4-f5c6-4d10-8f95-9c6ccc124ed7,jafrolin.duke,$2b$08$g4AwW9BESycZLjSoHXsYP.vn9jFzBpsAXGOmdh3JRLF29Vu67sTfe,Shinyfranklin22@gmail.com,Jafrolin Duke,VIII-A2,STUDENT,2026-04-17 07:59:35.183,t,,2026-04-17 04:34:02.098,88d87062-de38-4543-a56a-d284d73897ab
6deba58a-75a7-4482-9fdd-1c15a3cb56e4,hamshavarshini,$2b$08$7s/ZtrtgYRjlWFr9Ay19ueearY3PgAFzSv/TRvQ9INJDUkHRUG4ca,uthrajobcenter@gmail.com,Hamshavarshini,IX-A1,STUDENT,2026-04-17 08:01:20.295,t,,2026-04-17 04:34:08.499,88d87062-de38-4543-a56a-d284d73897ab
3f0a381a-a20d-48fc-b091-06633e64919d,divyesh.a,$2b$08$j0QHHkyeIYcq9Fv7wwJLyetGEb7xkKKL7QFXa3tNzgdneZCnbfyI2,divyeshaarunkumar@gmail.com,Divyesh.A,VIII-F,STUDENT,2026-04-17 07:30:34.527,t,,2026-04-17 04:34:03.382,88d87062-de38-4543-a56a-d284d73897ab
21e35136-9cee-4d52-ae17-4a5469715d23,anbu.tamilarasan.a,$2b$08$DTbypL7QTK7Mto/V.wINzOQnjVpenDRYvGl3v86juhAA9MOkNwqgi,tamilrobot83@gmail.com,Anbu Tamilarasan A,IX-A1,STUDENT,2026-04-17 08:13:18.775,t,,2026-04-17 04:34:10.948,88d87062-de38-4543-a56a-d284d73897ab
f6af9a1c-b651-4756-81be-bb78380c2bcb,ameera.m,$2b$08$oGTUPbNXVNuiWdVNxBY58un81iYJLKseQDvz38bZZzPYzTSMQxC.m,,Ameera M,XII-A2,STUDENT,2026-04-17 09:53:38.138,t,,2026-04-17 04:34:14.898,88d87062-de38-4543-a56a-d284d73897ab
b8ebf3ec-b6c7-4648-a49a-af83302cab8c,hari.prasath.r,$2b$08$8QuO1eZN91II6obUAiPF4.M4e/zKpQBaKAxeZkO68biQnT2gmiJZO,rade96756@gmail.com,Hari Prasath.R,VIII-A2,STUDENT,2026-04-17 09:23:52.995,t,,2026-04-17 04:34:02.741,88d87062-de38-4543-a56a-d284d73897ab
a7ea9885-a0e9-429d-a123-86fd1d284936,tarcin.coordinator1,$2b$10$n5KbnOVZSW4Ex495JfgTLeVVnXtUzHV8CIq.EjTdtIvAL2EhXWcia,,Tarcin Coordinator 1,,STUDENT,2026-04-17 12:30:12.797,t,,2026-04-17 04:51:30.371,397a4f14-49e6-4ca1-b57a-e7a236e4683e
273c5a32-3806-4ebf-bedd-56ad0f50c61d,halima.m,$2b$08$zbiVXgbn5IGwB4CsdI8.k.nWV1mIKJWTrttzaddEmzLT24jFuqwwq,halimaeliyas.m@gmail.com,Halima M,XII-A2,STUDENT,2026-04-17 09:22:46.051,t,,2026-04-17 04:34:15.539,88d87062-de38-4543-a56a-d284d73897ab
9011e0d7-5b00-4f4a-8b12-5af5d6d0e0a7,saaihari.viswananth.s,$2b$08$PZF/scSRHxxzMnMG2VT8WeBTTF.xPKn9ND1m4CpWsLikCzmS41yFG,saaihari922@gmail.com,SAAIHARI VISWANANTH S,8 IIT 1,STUDENT,,t,,2026-04-17 05:05:31.415,6bddf467-1115-46b5-af75-c190c55b1359
1412767c-3115-41ed-8f21-41310cb264fd,ashwin.prasath.s,$2b$08$MSPiryC4TFDOBYAqDg.bNeZZVtP2IciuMGf1iKsOVKVNEf//qdGhe,ashwinschoolvbck20@gmail.com,ASHWIN PRASATH S,8 IIT1,STUDENT,,t,,2026-04-17 05:05:33.308,6bddf467-1115-46b5-af75-c190c55b1359
a46303aa-c344-471a-b771-c7d6963048a9,sadhana.r,$2b$08$yZIKq.x/Dpg4aWNQAFij9eQfZ0KMlJriDoiTyJFGq3SR3BJL.xl8u,rakeshmahendiran@gmail.com,SADHANA R,8 E,STUDENT,,t,,2026-04-17 05:05:35.157,6bddf467-1115-46b5-af75-c190c55b1359
a46c856b-5d98-4dff-a8cb-167a3980aa74,safaa.a,$2b$08$doCG5gLCu5V.BrltVO/Lq.9dxFDUEMHYW3Miytu2TgBYnmq8a/67m,ahamadsha786@gmail.com,SAFAA A,8E,STUDENT,,t,,2026-04-17 05:05:35.871,6bddf467-1115-46b5-af75-c190c55b1359
919a0be4-6a3a-44c2-bfa8-a6525503987a,sri.krishnabala.j,$2b$08$gMbXPUoUqj9UHsjo51iUzurUfqe.DJ8gj93s/RBVZmpu3kp6auc7.,kpjagadeesan@gmail.com,SRI KRISHNABALA J,8 D,STUDENT,,t,,2026-04-17 05:05:38.108,6bddf467-1115-46b5-af75-c190c55b1359
6ebc5776-b77e-4e6c-8bc9-0072594f1c07,thoshith.b.b,$2b$08$SvbS1m8EiuQCdHS/tDtO9OZiIBqRFnYVsRozl7hHKQPrMUet3wIy.,jagathbala@gmail.com,THOSHITH B B,8D,STUDENT,,t,,2026-04-17 05:05:38.748,6bddf467-1115-46b5-af75-c190c55b1359
8b774b79-9a72-4329-bafe-579085afe857,jashwanth.vrajesh.s.d,$2b$08$GixRaJth/aM5An8kY3K4.OeYB2OowTaJID2OYvbX04Xl51sFNExJC,jsprema90@gmail.com,JASHWANTH VRAJESH S D,8B,STUDENT,,t,,2026-04-17 05:05:40.59,6bddf467-1115-46b5-af75-c190c55b1359
75cae15e-6132-4669-90c5-99767aea6400,hejal.g.k,$2b$08$RuzJ7ipbX.eEalP1KAP58eiz9hB17Y4fceJguCbkQS3Gpgyu7Pbo2,hejalgandhi@gmail.com,HEJAL G K,8B,STUDENT,,t,,2026-04-17 05:05:42.267,6bddf467-1115-46b5-af75-c190c55b1359
29adae6c-652a-4bb8-9e69-5b52573dbda0,bhargavi.s,$2b$08$aUofyQb2QBBiJ6OrXfLKBOEgeiZmD4BYEMDr5FUfJ0XA2lZMBGm8y,bhargavisaravanavel@gmail.com,BHARGAVI S,8B,STUDENT,,t,,2026-04-17 05:05:42.807,6bddf467-1115-46b5-af75-c190c55b1359
f1543c0f-e180-4ae9-b500-ac7774808b85,jeevanandhan.s,$2b$08$I96qp/DSQKsX0qL7e0rMhel2XBLn5duqIgfa7A8TkLjpRtDA2r6Ie,jeeva029@gmail.com,JEEVANANDHAN S,9A,STUDENT,,t,,2026-04-17 05:05:46.589,6bddf467-1115-46b5-af75-c190c55b1359
496bd772-d8bc-4884-a212-75e4f9ecfd30,vijaya.mohana.vel.v,$2b$08$Gg0upVlpYts7m3WeohFBIuX.i0bKyeB8LMt7m46sUx/IgEvoGCjZm,lathavinayagam6@gmail.com,VIJAYA MOHANA VEL V,9A,STUDENT,,t,,2026-04-17 05:05:47.868,6bddf467-1115-46b5-af75-c190c55b1359
42b10180-eb73-4415-ba4d-00a54ac1d790,kruthika.v,$2b$08$JztVepAwRbiCQzgvguntVe9fVRcBt9hoRwa9MhoFEWvcE8WRt/swK,musclekingdom@gmail.com,KRUTHIKA V,8B,STUDENT,2026-04-17 09:20:32.965,t,,2026-04-17 05:05:43.391,6bddf467-1115-46b5-af75-c190c55b1359
de3ff6b8-3451-42be-abc6-cf91f7ffe348,dhanyaa.shree.s,$2b$08$/gSAyufst0D6iMUp9zqiJOJHx1jxRlsb8b2IHyoggW9ZZBRszSlWq,sendhamca@gmail.com,DHANYAA SHREE S,8 IIT 1,STUDENT,2026-04-17 09:20:32.965,t,,2026-04-17 05:05:33.914,6bddf467-1115-46b5-af75-c190c55b1359
7cec589b-5fc8-4f64-9cda-395495399298,trivid.nileshwar,$2b$08$rFWTpWdrkd.LKK/pXPHt6OpqOwRlAfTlf2CwWGryD7Vm.hpld.hUi,iamvarsha.cvrce@gmail.com,TRIVID NILESHWAR,8 IIT 1,STUDENT,2026-04-17 07:30:34.527,t,,2026-04-17 05:05:32.733,6bddf467-1115-46b5-af75-c190c55b1359
14f5e49b-d78a-4b35-93a4-c14dd523a2cb,deshni.s,$2b$08$p6QejDS/LQAWFVDViyYkLOd.SWN0nw2UX9zsvDcrzd19DeRvPsxAC,deshniharish@gmail.com,DESHNI S,8 D,STUDENT,2026-04-17 10:34:01.37,t,,2026-04-17 05:05:36.843,6bddf467-1115-46b5-af75-c190c55b1359
4a3472ef-4168-42ef-bd3e-75b067f3d9ae,vishanthini.s,$2b$08$tQkSjX3OfPeGCG/aTS2uA.OedxNi19mVFqr/3b0A1L10lGZ8pJqi2,sasivathi2@gmail.com,VISHANTHINI S,8B,STUDENT,2026-04-17 09:38:15.53,t,,2026-04-17 05:05:41.681,6bddf467-1115-46b5-af75-c190c55b1359
4e36fdd4-88f8-4814-9d01-be775e6bc0dc,saindhavi.bharathi,$2b$08$c2IHGylDiuKoSkzgCssiXuCpwkMhuHfd3Fj2Q5hbMSd5ev0RD0o0S,saindhavibharathi@gmail.com,SAINDHAVI BHARATHI,8 IIT 1,STUDENT,2026-04-17 08:40:12.797,t,,2026-04-17 05:05:34.601,6bddf467-1115-46b5-af75-c190c55b1359
d5d92b86-bd62-49ed-97b8-875e72052450,monish.k.p,$2b$08$lE521sohrefeRuErU2kcLu56PbaEl3sbhRKCBdfC4V/2SutWOC.NK,kpmonish27@gmail.com,MONISH K P,8B,STUDENT,2026-04-17 07:30:34.527,t,,2026-04-17 05:05:41.111,6bddf467-1115-46b5-af75-c190c55b1359
7c24664f-2c5e-4883-a66c-0bc3798693b5,aakash.a,$2b$08$ZRKrazDSJstSlhqY2z2DveXMv8o6JxpOTZ9H.GQ1kMHsQ7iImQhhy,jayapendiswari2gmail.com,AAKASH A,9E,STUDENT,2026-04-17 09:20:32.965,t,,2026-04-17 05:05:44.037,6bddf467-1115-46b5-af75-c190c55b1359
306784ba-a4aa-4dd4-a0a6-5b439490c046,varuna.raghav.v.a,$2b$08$A4PxnnXpC1e2HZAuNRyhHOTmHNkAmES/v4/Ya.NzyI./Yjl/3baKS,varun.blacky.15@gmail.com,VARUNA RAGHAV V A,8 D,STUDENT,2026-04-17 07:30:34.527,t,,2026-04-17 05:05:37.476,6bddf467-1115-46b5-af75-c190c55b1359
bbf30bbe-45d5-4dec-b2b3-f903b2d10658,ragasiyan.d,$2b$08$cxFCRZkCvqnU0efq.90sy.a0JxxEkBINKKXsG68e4ga.FdfTlaE9y,Anitha7a@gmail.com,RAGASIYAN D,9C,STUDENT,2026-04-17 09:20:32.965,t,,2026-04-17 05:05:45.981,6bddf467-1115-46b5-af75-c190c55b1359
526f66f7-fc87-40b8-bdfa-8387b8452d16,nithish.t.b.k,$2b$08$m2dhHttFJXMiCSNLnbN2xOzwE9iKUcNCyTxK5.E0SwHPxewDvKwKa,babuit@gmail.com,NITHISH.T.B.K,8 IIT2,STUDENT,2026-04-17 07:30:34.527,t,,2026-04-17 05:05:30.748,6bddf467-1115-46b5-af75-c190c55b1359
bc02266e-78ce-4a25-964c-974dc84affca,duraisrikanna,$2b$08$OyksZVtGephwEgHBYiVMW.hEY5lRuiZ3xFUh4KUJOcl9oBcVvNkdC,duraisrikanna@gmail.com,DURAISRIKANNA,8 IIT2,STUDENT,2026-04-17 07:38:52.874,t,,2026-04-17 05:05:30.156,6bddf467-1115-46b5-af75-c190c55b1359
dcdda9e0-304b-44cd-8079-3d1d7bfe088a,sachit.s,$2b$08$.I3EKmtM7q82uvljaCv47u1bG1eCXzzP7qCMVCtctWjOz02uzMflS,jainyogitha10@gmail.com,SACHIT S,9A,STUDENT,2026-04-17 08:36:50.487,t,,2026-04-17 05:05:48.512,6bddf467-1115-46b5-af75-c190c55b1359
41de605a-5ab7-4bbb-8c2a-28deb3c57f39,muguntheshwar.s.r,$2b$08$zpRyxxJADIg8I8nN.zbHbuU7LXy5zrEu8R7PaMS81RcvHhayBzga6,muguntheshwar@gmail.com,MUGUNTHESHWAR S R,8C,STUDENT,2026-04-17 08:37:38.478,t,,2026-04-17 05:05:39.387,6bddf467-1115-46b5-af75-c190c55b1359
7e3a8998-e364-4f72-8ea3-b32814dc7a81,mohammed.irfan.m.j.s,$2b$08$BBdAZ1sKsMjIsiP68jepeeKOpYpqdDPwgfKnzRkdVe1hOKzJp/rQy,noorjshaj@gmail.com,MOHAMMED IRFAN M J S,9A,STUDENT,2026-04-17 08:44:06.56,t,,2026-04-17 05:05:47.153,6bddf467-1115-46b5-af75-c190c55b1359
70cc4a4d-99eb-4423-8c03-9ed6f07ac880,arun.sriram.u.b,$2b$08$vkE.o7/NcvtUOQEj.vaja.bU19GSB/jBRD7l4XEwluHBkl6SvLoW2,bindhuutham19862gmail.com,ARUN SRIRAM U B,9 IIT-3,STUDENT,2026-04-17 08:57:57.446,t,,2026-04-17 05:05:45.311,6bddf467-1115-46b5-af75-c190c55b1359
67020039-958b-47ea-92fb-8440e69e788d,yaswanth.a,$2b$08$.LZNwld9mDbaV004sdqU6.5h8zy4u7cGV0cgQjBCkUwlMDnxtlysO,Depalk@gmail.com,YASWANTH A,9E,STUDENT,2026-04-17 08:59:14.625,t,,2026-04-17 05:05:44.595,6bddf467-1115-46b5-af75-c190c55b1359
a8b4b170-9e9a-4433-a6d9-4d26d1f4d697,dinesh.k,$2b$08$GSYYJiNMwJa4WbBMTeUmBuOrAq32.UCtZxW3cDfeX9pcTNmrKfnSe,paulprabakaran01012012@gmail.com,DINESH K,9A,STUDENT,2026-04-17 09:12:56.728,t,,2026-04-17 05:05:49.682,6bddf467-1115-46b5-af75-c190c55b1359
22306e0a-2c6b-4d7b-a097-3caa87ead621,harshadha.t,$2b$08$brjSLqJrU/1yZ2ZdLztQBewk7Mwzd3.0dGqjJcQdL0n4j85faeGa2,harshaarasu@gmail.com,HARSHADHA T,8C,STUDENT,2026-04-17 08:50:12.797,t,,2026-04-17 05:05:39.999,6bddf467-1115-46b5-af75-c190c55b1359
82099021-20a7-431e-9f59-5abb94e46794,pranava.harish,$2b$08$xdSctnfXWR382bt6LJ1mjekPoSyGB7z7r5mJUOrCmIkm9qSO8exf.,chandrakala.btech@gmail.com,pranava harish,IX-A,STUDENT,,t,,2026-04-17 04:25:57.793,0ba72023-b40e-42fe-9aca-1dbc1346aaa8
1d17fe91-ffce-4ba1-bd26-f4cbc4c03ab5,nithilan.d,$2b$08$Wk2VtHIEB4kAlciMaL1aEub64RiT3eIerMHnlPjX.BgYOl2K8.3ga,21nithilan@gmail.com,NITHILAN D,9 IIT-2,STUDENT,2026-04-17 09:28:22.536,t,,2026-04-17 05:05:53.792,6bddf467-1115-46b5-af75-c190c55b1359
d7593afd-7fdb-4676-8c8b-502d45069b44,harini,$2b$08$QPftGKBqm50E0uNnzHe0keO0HgBiX5pAuECy1g1k/M8etwWtvDawO,vijayanagarajn4@gmail.com,Harini,11 IIT,STUDENT,,t,,2026-04-17 05:06:06.058,6bddf467-1115-46b5-af75-c190c55b1359
dcb87900-5bd9-4a76-a9d6-c04551651f86,vishnu,$2b$08$LPGY1HQT553c42kokYycBeJY6CdAm/MlDmswFKB/ZVdJwP0kBMNeC,delinamegavanan7@gmail.com,vishnu,IX-A,STUDENT,,t,,2026-04-17 04:26:00.191,0ba72023-b40e-42fe-9aca-1dbc1346aaa8
9a1c80ba-9735-4b14-be47-2e29c7d360a3,johith.ram,$2b$08$otOgrg2QfSxAO53k0/GkzebLS7KguOlXb3KlDGSjPfl06VbzWG6Hm,rathimist@gmail.com,JOHITH RAM,IX-A,STUDENT,,t,,2026-04-17 04:26:01.345,0ba72023-b40e-42fe-9aca-1dbc1346aaa8
6d3cc063-386c-4e81-9680-daa9dc40da88,kavin..s,$2b$08$yNaVW91WV1abdbqlyltHleUlWpK1QBMY5wo6zCosQw/eNanyooBi.,saravanan05@yahoo.com,kavin. S,IX-A,STUDENT,,t,,2026-04-17 04:26:01.95,0ba72023-b40e-42fe-9aca-1dbc1346aaa8
8292e6da-da36-4c69-bb20-c9b6f9c2c3ee,sai.balaji,$2b$08$GKl7tnYzVwsfoHfotJl5SeeA8Y/CbZ1cne6V7gg6P1lpIG8GNuHoy,,sai balaji,VIII-A,STUDENT,2026-04-17 06:01:21.385,t,,2026-04-17 04:26:00.794,0ba72023-b40e-42fe-9aca-1dbc1346aaa8
640210b4-15f5-4392-a9fe-1003a5b64bde,rakesh.pandi,$2b$08$lzA408aany.GwA2vAHnfLuLJxLsHH5cg4S2h7UKwyHRibE52boZD2,Rakeshpandi47@gmail.com,Rakesh pandi,IX-A,STUDENT,2026-04-17 08:24:27.235,t,,2026-04-17 04:25:58.975,0ba72023-b40e-42fe-9aca-1dbc1346aaa8
128b10a4-d01c-4e8e-8601-664820c379e9,lohith.v.r,$2b$08$6u6K8cx909acUx4t8cEaC.jxHTyOK2BHb9NFyVyRvew/DPDmfr01S,valarsa963@gmail.com,LOHITH V R,9 IIT-2,STUDENT,,t,,2026-04-17 05:05:50.908,6bddf467-1115-46b5-af75-c190c55b1359
e7e38e51-1483-4357-adcf-3f1c317e311e,shivamugilan,$2b$08$S886bUkZuTA3aeh4Lp4/qeXWQFzcxEwOBhJQWO3X5MIYCksqH89VW,sivamugilantm@gmail.com,Shivamugilan,11 & Bio,STUDENT,,t,,2026-04-17 05:06:00.355,6bddf467-1115-46b5-af75-c190c55b1359
ebcdfc0b-766b-4fe8-aacb-5b970b569445,nidhish.rajan,$2b$08$3gfXH7NTCKSTve8R27.e1.5XjVyheZb146GmzD7gCmOx6mO/06Dg2,kanmanirajan@gmail.com,Nidhish Rajan,11 & Bio,STUDENT,,t,,2026-04-17 05:06:01.631,6bddf467-1115-46b5-af75-c190c55b1359
c7a99cd4-732d-4be5-a154-7e0a18bb343a,harish.p.,$2b$08$AodcNYpC3ZQfgtt3xVcOx.7SbPkjZJ0eiJUt.Mbackc/EURkV3NVW,Omsharavana@gmail.com,Harish P.,11 IIT,STUDENT,,t,,2026-04-17 05:06:03.55,6bddf467-1115-46b5-af75-c190c55b1359
849d061e-404b-4062-b4de-1b19045b10be,shakthi.sharan,$2b$08$v1ePgG1NLpYESkjBjAW0.efAbliCLe4MZaqJkAgfK5/hPwwHCm612,shakthisharan31@gmail.com,Shakthi Sharan,11 IIT,STUDENT,,t,,2026-04-17 05:06:04.189,6bddf467-1115-46b5-af75-c190c55b1359
37d1cf92-6aa6-46cd-b53e-43c0476e2fdc,nandhitha,$2b$08$PukS7eJQ/pI0DTmbOEjbMuGk0ZfTyCHFCxdwPlqdz11ikV79NtFee,ooviyasri228@gmail.com,Nandhitha,11 IIT,STUDENT,,t,,2026-04-17 05:06:05.391,6bddf467-1115-46b5-af75-c190c55b1359
2b3ef407-4db1-4f33-af04-71e0b6c9841f,reyanth,$2b$08$G9ZnYfHy3ca2rjeI.kn3O.mYb0yngY.0I9EKSTruXJdjKEKWYoWLK,saramaha111@gmail.com,REYANTH,VIII-FOUNDATION,STUDENT,2026-04-17 06:07:31.428,t,,2026-04-17 04:29:18.509,48bcbbbe-db46-416c-9f4e-a81d37ae14f9
751d3a53-8e22-4423-93fe-e22da4330af9,vedanthan.p.v,$2b$08$Rqz3uMljs6XXTTT.mWZ4XOTKwMt79gfbDhYWFAeIa5OVdawDc1Htu,pvedanthan@gmail.com,VEDANTHAN P V,9 IIT-3,STUDENT,2026-04-17 07:38:52.701,t,,2026-04-17 05:05:56.987,6bddf467-1115-46b5-af75-c190c55b1359
1e4d7928-481a-4e8d-ad61-a9ffbbaa5374,abhinav,$2b$08$bNHtvJ8NePuOGRZR3K4iBuUCYLDKO47eiFNlmk8knMupkpkj1CjRu,bharathipriya062@gmail.com,ABHINAV,9 IIT-2,STUDENT,2026-04-17 09:31:28.121,t,,2026-04-17 05:05:50.268,6bddf467-1115-46b5-af75-c190c55b1359
8e56a4a5-a012-4d03-a49b-1fbbca1953f7,naren.sharavanan,$2b$08$EeX/X.RUQuID2hJVE9tRouC88.Zb9uIwPw.tNSGoYXzX.cJe1VuT2,Narenglimnaer@gmail.com,NAREN SHARAVANAN,9 IIT-2,STUDENT,2026-04-17 09:33:13.471,t,,2026-04-17 05:05:53.121,6bddf467-1115-46b5-af75-c190c55b1359
e2dabc7c-955e-44b7-b230-97640bea013e,thanuj.k,$2b$08$JXinHcKzltlb1u7VMrz5b.FoY4aQ0bc2MbocwQGk8fJ0nj.4/FmLy,dhivyakarthi29@gmail.com,THANUJ K,9 IIT-2,STUDENT,2026-04-17 09:35:34.481,t,,2026-04-17 05:05:54.432,6bddf467-1115-46b5-af75-c190c55b1359
9fad1346-db17-4e69-9f23-78eebc0077db,varunesh.a,$2b$08$Bi2uR0f8kbmsE583c3qocOd6ZcqaG8DJXfs/9kGfA62BbWF8V/uZ6,varunesh28112012@gmail.com,VARUNESH A,9 IIT-2,STUDENT,2026-04-17 09:36:03.933,t,,2026-04-17 05:05:51.756,6bddf467-1115-46b5-af75-c190c55b1359
976db7d1-71ac-4b46-9871-48fd7f6980dc,adeeb.najmal.m,$2b$08$9jedb5xVEHnK/jxtKbGJl.4P6vrt6MVEiR2AuvB/egPe1Z6FGqYSe,mabukshaira@gmail.com,ADEEB NAJMAL M,9 IIT-2,STUDENT,2026-04-17 09:38:18.19,t,,2026-04-17 05:05:52.349,6bddf467-1115-46b5-af75-c190c55b1359
1c81e191-a57e-415c-8fbe-d214bb1df9d0,kowardan,$2b$08$ALXGT2/M89S9HId.0ahaCeXyc995JiBHEyoRDQWwjlNS.utAQyCWi,kovakanchi1234@gmail.com,Kowardan,11 & cs,STUDENT,2026-04-17 10:04:19.118,t,,2026-04-17 05:05:58.909,6bddf467-1115-46b5-af75-c190c55b1359
1df7744c-4296-4a4a-a293-6431531fce9a,santhosh.a,$2b$08$TuPtF/R.GLCo96nvK9vjiu4T2uLnLCnPZa1PAU0/zl1Jqe65Ry5JC,santhosha4577@gmail.com,Santhosh A,11& cs,STUDENT,2026-04-17 10:04:40.473,t,,2026-04-17 05:05:57.626,6bddf467-1115-46b5-af75-c190c55b1359
51bf8b84-0573-47bc-8ae9-056c9b8819c7,sujai,$2b$08$26f5nD69b88vWUH63NTp6e8YWa9Zzd26JFlQFnG9HZlflUgo4iQSC,ds.sujais2010@gmail.com,Sujai,11 & cs,STUDENT,2026-04-17 10:06:23.855,t,,2026-04-17 05:05:59.691,6bddf467-1115-46b5-af75-c190c55b1359
a7731f21-6ce1-4d01-914b-1d25018210bc,arun.krishna,$2b$08$8nA2kbF7zdprSx6cm7Lf7uMYOR7Cr/6Dkje6gP1NteEfC9uWZlfBy,arunkrishnajai@gmail.com,Arun Krishna,11 IIT,STUDENT,2026-04-17 10:08:46.295,t,,2026-04-17 05:06:04.829,6bddf467-1115-46b5-af75-c190c55b1359
3b87423f-faa3-41f0-8c7a-842466473516,thejesh.d,$2b$08$a1KzMEed.HH3Fjp/13qtwO1dkhN44zqs7XGpm5hduc8EZGIpbQ/xy,thejeshpondu@gmail.com,Thejesh D,11 NEET,STUDENT,2026-04-17 10:09:16.766,t,,2026-04-17 05:06:07.531,6bddf467-1115-46b5-af75-c190c55b1359
5c2703f1-c588-4abe-9a48-8c4d20a94b61,udhay.karthik,$2b$08$/pnElVmg6oyPm7SdAUQyO.v1kwEZLIyDbCG7mYr1J161sC2RYSPW.,Udhay9939@gmail.com,Udhay karthik,11 IIT,STUDENT,2026-04-17 10:09:48.721,t,,2026-04-17 05:06:02.268,6bddf467-1115-46b5-af75-c190c55b1359
6a804deb-cef1-4cdc-95c7-6574a1e7577a,yugan,$2b$08$zQjcjQCbWGXLWhUEhQORIeIQkZJ2RiozsRXR5jNLCkDnUJWho0NUW,dansrikpm@gmail.com,Yugan,11 IIT,STUDENT,2026-04-17 10:10:12.119,t,,2026-04-17 05:06:02.911,6bddf467-1115-46b5-af75-c190c55b1359
ff0050af-b573-4178-a75c-7c6480e584a3,sai.shravan.t.h,$2b$08$J3ySczAnv79iaBvH99WtM.INRJxjC4m/Fuvmf79LJS2AylJHixYr6,arthiharan@gmail.com,Sai shravan T H,11 IIT,STUDENT,2026-04-17 10:10:38.874,t,,2026-04-17 05:06:06.678,6bddf467-1115-46b5-af75-c190c55b1359
9bb6df29-5afa-4a41-aa19-f45af6d0b8b5,mithun.m,$2b$08$CNh4AugVMc1ggglFTAbj1u6GMNanWTuuY/rJAKPEqho9YHirFl1Dm,mmithunmahesh@gmail.com,Mithun M,11 & Bio (new,STUDENT,2026-04-17 11:12:47.781,t,,2026-04-17 05:06:00.988,6bddf467-1115-46b5-af75-c190c55b1359
3aca3a95-3944-46d4-8994-95584b423788,kalaiyarasi.j,$2b$08$dAMPMXD.KUyoWVAKKpSYlu2uK3yh0NF7Suo09dY2vSLLQstwIQsoK,,KALAIYARASI J,XI-A1,STUDENT,2026-04-17 06:12:42.673,t,,2026-04-17 04:30:39.689,ccbeda19-2e56-4ba5-8bf6-8d9f35aa4b4d
39b7d720-b00f-4db5-acdc-fe6a28594394,vishwadh.balaii,$2b$08$mcmbVh38O4qVW/90lc4gG.aDSjkIr5aALfXa0BGz1B5cYXTgTuuTa,sujeetha.762010@gmail.com,vishwadh balaii,IX-A,STUDENT,2026-04-17 07:30:34.527,t,,2026-04-17 04:25:59.496,0ba72023-b40e-42fe-9aca-1dbc1346aaa8
3ed999a7-456c-4e7b-a70d-fc069e338889,guganeshwaran,$2b$08$fNH4J5SY2LhIr7B7u9D49ue4XFYW14ZMlmMX3b5J0dxEN5sVXW4hS,sbkanish@gmail.com,Guganeshwaran,VIII-A,STUDENT,2026-04-17 07:30:34.527,t,,2026-04-17 04:26:34.431,889ca6ac-586f-4be2-8ddc-20c85fc6dbf5
9fbae194-6ae8-4f9d-82b8-efe60c2de378,abilash.k,$2b$08$rVpnr.4rWHhHZZkI8qqB9.zoJp6wSjVpfVHhxunJx0SR/LFIqcjAy,6aabhilash@gmail.com,ABILASH K,XI-A1,STUDENT,2026-04-17 07:30:34.527,t,,2026-04-17 04:30:35.369,ccbeda19-2e56-4ba5-8bf6-8d9f35aa4b4d
18cf4c3b-7af3-46c0-9727-e496dab0ff31,hamad.m,$2b$08$/p1oC.GcOiVmzNu46SHLZ.2WeBs/Z6eexUrPYJ3LKm1wRZS4tF4L6,,HAMAD.M,9-B,STUDENT,2026-04-17 07:30:34.527,t,,2026-04-17 04:33:49.128,a2087e88-8a57-40a0-b8a7-dedf207f96a4
0ce229a1-dc58-4760-8475-b76faaa19ffa,kanishka.e,$2b$08$BF3m/arfhrEW1QddLQVln.QDEyLSkan9gV5T9JhNtVhzGSoDwmdKy,,Kanishka E,IX-A,STUDENT,2026-04-17 09:28:29.163,t,,2026-04-17 04:26:14.284,889ca6ac-586f-4be2-8ddc-20c85fc6dbf5
1ba4c6b9-4c26-4030-bfde-58ff3da5e5b9,s..abhinav,$2b$08$fHJL.AQzQyeiqnW.XCUGLO70dB0xA.C//H75w9eJyMnf/j4BXGFSK,abhinavsakthivelu@gmail.com,S. ABHINAV,IX-F,STUDENT,2026-04-17 09:59:49.905,t,,2026-04-17 04:28:55.035,8842d9a0-4224-4874-a92e-556d799b8605
e0429249-d96d-48e2-ad56-cc8198adb3fb,dharani.dharan,$2b$08$/3juQxSPO4KbAPu6ZaHp7eQPkfhrphoHbRTeBviGigk5TUJqjasWu,dharanidharshan91@gmail.com,DHARANI DHARAN,9 C,STUDENT,2026-04-17 09:20:32.965,t,,2026-04-17 05:05:55.072,6bddf467-1115-46b5-af75-c190c55b1359
bda9e2c9-c3fd-45d4-b272-0224a1776439,vidhyacharan.g,$2b$08$LIBZ9B.a9lC8htlF/6ecSesqAhEr0tyqgHOzIrtdtqFlKpflS3mWK,vidhya12@gmail.com,VIDHYACHARAN G,9 C,STUDENT,2026-04-17 09:20:32.965,t,,2026-04-17 05:05:55.783,6bddf467-1115-46b5-af75-c190c55b1359
60f514c4-c7b7-498a-ac4d-72eb6ecb7de4,kamalesh,$2b$08$.vyil5LGNCMceLi1PDS/aesbYojU.HT6C3ZwMatIeUOTCkScL1KQ6,selvikamalesh2@gmail.com,KAMALESH,9 IIT-2,STUDENT,2026-04-17 10:01:38.312,t,,2026-04-17 05:05:56.349,6bddf467-1115-46b5-af75-c190c55b1359
0155c993-e159-4a3b-8cb4-1106b449a124,randeep.raj,$2b$08$XY.BP1pBqfnOKuSqNW5L9.WyC1rbbFLAwvViBrtDohI6rN1sonQWq,rakesh.awgp@gmail.com,Randeep raj,IX-A,STUDENT,2026-04-17 06:08:03.813,t,,2026-04-17 04:26:03.109,0ba72023-b40e-42fe-9aca-1dbc1346aaa8
defb9b04-645d-4e2a-a97f-58fc2d5f84f5,nithesh.balaji,$2b$08$WnmmXofNufPKV31m6hE8cuaOmDT5mnWYgdCVwx9FFu2ow4M5DixB.,BRAJAPRIYA@GMAIL.COM,NITHESH BALAJI,9-A,STUDENT,,t,,2026-04-17 05:13:42.571,c4e26fb9-0d9e-4bbf-acfb-83f299f8ad22
0c2e22f1-ec07-4168-ab77-4d9f7e33ee5c,haripriyan.s.t,$2b$08$D3TDWbG4kF4FH27I4v0pTOozgpr35WwAPosFUWAqy4cqpyEL1uABW,,HARIPRIYAN.S.T,IX-A,STUDENT,2026-04-17 08:14:22.216,t,,2026-04-17 05:53:32.09,399ac169-06a1-445d-957e-fec57488960c
2b4d89f5-ef05-41f0-a8c2-1ae2c2738ce4,tarcin.coordinator2,$2b$10$mEnw8gS764v6Qw8aY7ZoUe1NBMQ7qGtfQvPp8yRUjZQe0RwynVwu6,,Tarcin Coordinator 2,,STUDENT,2026-04-17 12:30:12.797,t,,2026-04-17 04:51:32.466,397a4f14-49e6-4ca1-b57a-e7a236e4683e
00692797-40c5-4e3a-8bc9-f642cc8c3845,monoj.kumar,$2b$08$mKUxeygU13O3uxLkWe65iuDIDAQaF06qapvLErm/rNgGYG/hXEAem,vmegalaramkumar@gmail.com,Monoj kumar,11 & cs,STUDENT,2026-04-17 10:04:55.703,t,,2026-04-17 05:05:58.271,6bddf467-1115-46b5-af75-c190c55b1359
c621f240-1818-4eb4-95a0-149598a46ccc,arjun.adikeshav.s,$2b$08$hpHb8ABvPblXF1Qys1CZMOIbQm9wqTt9ugQ0EPkKJSvrIAp4dz/sK,ARJUN.USER.3949@GMAIL.COM,ARJUN ADIKESHAV S,11-B,STUDENT,2026-04-17 07:30:34.527,t,,2026-04-17 04:29:04.629,c4e26fb9-0d9e-4bbf-acfb-83f299f8ad22
3c63949e-a037-42b9-87b9-5861735dc3ea,sanjitha.h,$2b$08$I/X9m3WhKpDBvOUezT5tUuzyZyA7mZ5vNxLGg1hR5WVHgdN4h/hM.,anithaharish61@gmail.com,SANJITHA H,XI-A1,STUDENT,2026-04-17 07:30:34.527,t,,2026-04-17 04:30:37.843,ccbeda19-2e56-4ba5-8bf6-8d9f35aa4b4d
ac8e6410-6737-4aa1-8eae-313e89e5e64a,mithish.s,$2b$08$mgCMeoYUd0.H5hs874ihyuW4wCwCvc82v1JBVBeXimMreC7TeLQ.q,,Mithish S,VIII-A2,STUDENT,2026-04-17 07:30:34.527,t,,2026-04-17 04:32:53.24,cc83790f-42af-4b28-9fa0-c2703dddac62
0869a06e-cb17-4a50-a684-d9035dbf8e1d,f.mohammed.sharif,$2b$08$ehjB8ozIrVdhh8573UqnDuDx1iA6uGi6UGjtPGjVugUSUF98VzSQa,,F.MOHAMMED SHARIF,8-B,STUDENT,2026-04-17 07:30:34.527,t,,2026-04-17 04:33:41.503,a2087e88-8a57-40a0-b8a7-dedf207f96a4
7b2f5f37-d75f-42c7-a64b-e7d6da909f2e,bhargavram,$2b$08$rKY3.GzmMBHP8VDptDQO5OkbXMZjhNmIejYvJksu.6Q5N0OtEjyhe,kavibala@gmail.com,Bhargavram,9-Foundation,STUDENT,2026-04-17 10:03:25.486,t,,2026-04-17 07:21:30.63,c7667d38-8b89-47fe-ba4d-fbf4c224d0c6
2f86813f-1aac-4617-9891-1f8c83a07a5e,krithik,$2b$08$ZNHaXDk8iSyyeM/OnixRO.qNeS6lClJnoE1Gv5glH5Eq5h8/4h7n2,krithiknittin@gmail.com,Krithik,8-B,STUDENT,,t,,2026-04-17 07:21:21.486,c7667d38-8b89-47fe-ba4d-fbf4c224d0c6
c58ae849-1f23-49a4-9610-2baff8230a05,harishsainath,$2b$08$zs9oXTG5QTAJAxF3id6Rr.skuxdvpeMhgGFb2WFK0CyW5GHyeZDwy,gunashivani115@gmail.com,Harishsainath,8-B,STUDENT,,t,,2026-04-17 07:21:22.757,c7667d38-8b89-47fe-ba4d-fbf4c224d0c6
1ce6b635-4d3e-4686-85eb-e55015dbb9d1,harin,$2b$08$HfahkROvvHBQ4IdILmO.W.1MPcz0UtaESQDyFkrWNmQEaF.So5KHS,nagumugittha@gmail.com,Harin,8-B,STUDENT,,t,,2026-04-17 07:21:23.392,c7667d38-8b89-47fe-ba4d-fbf4c224d0c6
c548286b-96aa-471f-9953-63a1453af78e,govarthanan,$2b$08$Ut56/EofPP2dDwVDyNT.9e.oKprQ5mVyPE3ONtCdMb7YX30o9yndC,crownrtlram@gmai.com,Govarthanan,8-B,STUDENT,,t,,2026-04-17 07:21:24.033,c7667d38-8b89-47fe-ba4d-fbf4c224d0c6
437552c3-dd8a-442d-9fe7-26547a1e7995,mithrakumari,$2b$08$LJSb..1PtG/9jpxPg3Hc5esXl81pF6a02tVeWqB01FD3ICSHoIuwK,vijays108@gmail.com,Mithrakumari,8-B,STUDENT,,t,,2026-04-17 07:21:24.669,c7667d38-8b89-47fe-ba4d-fbf4c224d0c6
068ace86-8dd5-4d46-ad2a-db1ca089ceaa,subiksha,$2b$08$Cev./Snjc3SqaE0FRrElluAB4xt0Gg80UEubP8FcEIAGNC0jNm4AK,purshothamanwood86@gmail.com,Subiksha,8-B,STUDENT,,t,,2026-04-17 07:21:25.266,c7667d38-8b89-47fe-ba4d-fbf4c224d0c6
f84dc7fd-d4c2-4e25-9d9f-14afebc9ad17,ashikaa,$2b$08$5Re42rt0u9qxgxVf82BpkOx8ahmbveDf21sx5YAhVFSTGSBYsqRV.,venkatasanrevathy123@gmail.com,Ashikaa,8-B,STUDENT,,t,,2026-04-17 07:21:26.548,c7667d38-8b89-47fe-ba4d-fbf4c224d0c6
bf3be56f-d262-4b5c-b920-b3cd94204e7b,akshay,$2b$08$dztC.DkBBOkBzkJ9gkS29esienSlLXFwKdgs7DmV4d3xWD5R2imw2,mahendiran8487@gmail.com,Akshay,9-B,STUDENT,2026-04-17 09:56:29.831,t,,2026-04-17 07:21:35.394,c7667d38-8b89-47fe-ba4d-fbf4c224d0c6
4975effd-c5f3-42c2-8e98-7a5eca5004b6,magitha,$2b$08$9vz/HCCL2ItQiTP.KN0Tf.ByWgSccWEXdRtgxWgymVBEV17nFc77i,magithagnanaganesh4u@gmail.com,Magitha,9-Foundation,STUDENT,2026-04-17 09:57:00.628,t,,2026-04-17 07:21:31.831,c7667d38-8b89-47fe-ba4d-fbf4c224d0c6
c590bbb6-233c-428e-ba79-dfbfcb024d69,eknath,$2b$08$cC9e5kY8t8cEwlKnZ9INw.CWlNraK5AeKtQqHfm94lylYmmen6AAO,murugafamily3@gmail.com,Eknath,9-Foundation,STUDENT,2026-04-17 09:57:22.612,t,,2026-04-17 07:21:29.064,c7667d38-8b89-47fe-ba4d-fbf4c224d0c6
897d03b4-4f5e-4d77-b19e-f7aee227197e,harikrishna,$2b$08$yrKavrKr9SOjXHAd0yogU.nO/xe7zV8m5yboFgYajeNe0H0Je5o06,pabitharaa@gmail.com,Harikrishna,9-Foundation,STUDENT,2026-04-17 10:01:33.448,t,,2026-04-17 07:21:31.261,c7667d38-8b89-47fe-ba4d-fbf4c224d0c6
7ed13b91-200d-43c2-ad9e-6ab09842430d,adhithyaa.raajh,$2b$08$wX6blTclPF.xAqtgrpMj8e2q.RVpzmhQnleNkEJP9ou7fmZsaqIny,shinichikudocona@gnail.com,Adhithyaa Raajh,9-Foundation,STUDENT,2026-04-17 10:02:12.505,t,,2026-04-17 07:21:28.51,c7667d38-8b89-47fe-ba4d-fbf4c224d0c6
5d48f615-bb08-49d7-9d29-de098d96d55c,kumaraguru,$2b$08$mLin8WGzgtTF4FnLnQcHaOM/DTUWXSBo.ivTG/qyDLynpHnGwTN/.,kumaragurupadamavathi@gmail.com,Kumaraguru,9-B,STUDENT,2026-04-17 10:02:46.336,t,,2026-04-17 07:21:34.752,c7667d38-8b89-47fe-ba4d-fbf4c224d0c6
8945559a-2ee7-494a-a731-9ac05c4dad8f,sharan.s,$2b$08$3HoFIYIe9.QB3t1YPCNzt.xD5DfzUStq13UQYv.gXfDTafOYxfyfW,sathishmarket@gmail.com,Sharan S,XII-A2,STUDENT,2026-04-17 09:22:46.051,t,,2026-04-17 04:34:18.185,88d87062-de38-4543-a56a-d284d73897ab
7ef6d63a-b0af-4be2-a8e0-3784fd609017,dharanraja,$2b$08$fg4J6ovbbdmaEFXS02nfReFmr0wkAKB/ellnyEOZA5900Fh.YaMZS,gunavathiyuvaraj91@gmail.com,Dharanraja,9-Foundation,STUDENT,2026-04-17 10:03:58.219,t,,2026-04-17 07:21:29.748,c7667d38-8b89-47fe-ba4d-fbf4c224d0c6
cfc602b7-76c8-40fe-8a3f-0227e7ae7f9d,narenkumar,$2b$08$uHbLTEPeo9CxrwrqiNa8dOhudB37P2V6aNQtT9EFkNdm32s0M9LO6,coumare27@gmail.com,Narenkumar,9-B,STUDENT,2026-04-17 10:04:54.407,t,,2026-04-17 07:21:36.66,c7667d38-8b89-47fe-ba4d-fbf4c224d0c6
a90cc6ed-473d-44c4-b771-109130f5a335,koshikdharan,$2b$08$QCsP7JSxT65btlFDK.A4/.j/QvEmBa1eBAd2812Rh2WTvjGXiC6Pe,umadevisasikumar61315@gmail.com,Koshikdharan,9-A,STUDENT,2026-04-17 10:05:47.531,t,,2026-04-17 07:21:39.377,c7667d38-8b89-47fe-ba4d-fbf4c224d0c6
cb6aa604-8827-4b80-b4ae-7ac9ab41e323,dhilipan,$2b$08$54unS4F4b1F/.wa4L66pO.Biwlz511rb3lBXOGCjTWR3VYxELSgWW,pandiyanmugilan@gmail.com,Dhilipan,9-A,STUDENT,2026-04-17 10:06:49.759,t,,2026-04-17 07:21:37.322,c7667d38-8b89-47fe-ba4d-fbf4c224d0c6
a3d745bf-e3f4-411c-97b5-2cd475f193f6,nirmalraj,$2b$08$wEWJy.nv/L3jpyHb41UsWe9ux3IfnMHalWX/Aw1vFNsdx1iFm7B6G,keerthiseelan@182gmail.com,Nirmalraj,9-A,STUDENT,2026-04-17 10:07:15.145,t,,2026-04-17 07:21:38.098,c7667d38-8b89-47fe-ba4d-fbf4c224d0c6
319d9117-957e-472c-ae32-07a254740eab,rohit,$2b$08$OGRyp4.em9WWWza5E8u4Xu6U.aYean2S41Z4Vlq.pzwOya1smeqqu,revathikalyan83@gmail.com,Rohit,9-B,STUDENT,2026-04-17 10:08:35.912,t,,2026-04-17 07:21:36.027,c7667d38-8b89-47fe-ba4d-fbf4c224d0c6
8c965050-a932-4536-9444-4170909450b3,sidharth,$2b$08$2zaY/QunuZgH6takUr1g2erEj.WO2boGlaFYDt237QIW1EqymlTwW,sidharth11anamikha21@gmail.com,Sidharth,9-B,STUDENT,2026-04-17 10:10:18.346,t,,2026-04-17 07:21:34.11,c7667d38-8b89-47fe-ba4d-fbf4c224d0c6
a7d55219-3a56-4459-ab06-848c1a483037,saivarsha,$2b$08$W4k77aN0QuuOQtEkYCrb4.F/Bfsc1qnPkRMXVHfMc70olB4PLXLVa,vishnucando@gmail.com,Saivarsha,8-B,STUDENT,2026-04-17 10:19:39.811,t,,2026-04-17 07:21:25.95,c7667d38-8b89-47fe-ba4d-fbf4c224d0c6
23e7680d-44ec-4c81-a8e0-a217af0db21c,ashika,$2b$08$YeD4GC2XLqB3ytOIJaR6depzCvq9LvZO6Xm5C5mc8qT4KB3SQ5EvS,murthyadhi@gmail.com,Ashika,8-A,STUDENT,2026-04-17 10:24:39.677,t,,2026-04-17 07:21:27.229,c7667d38-8b89-47fe-ba4d-fbf4c224d0c6
681a0041-3f56-4baf-9f99-de49e187b870,kavinesh,$2b$08$ooHVS3sdW74bhFjJL0Z3c.mg.d4fgPji0DQsDCZjGQ9sOBjYC0fle,manjula311991@gmail.com,Kavinesh,9-B,STUDENT,2026-04-17 10:28:29.264,t,,2026-04-17 07:21:33.469,c7667d38-8b89-47fe-ba4d-fbf4c224d0c6
c3602a51-1e5e-4155-9236-80ac9f4eb974,sanjana,$2b$08$NkxDQnueZsQNh2uvZsoygOii8aw28dNdYk5.JfrAIWiFV4badClDm,grajee1978@gma8l.com,Sanjana,8-A,STUDENT,2026-04-17 10:30:10.756,t,,2026-04-17 07:21:27.869,c7667d38-8b89-47fe-ba4d-fbf4c224d0c6
f235b933-cb0a-42c0-8b77-c8bc8b19b4ac,kanshik,$2b$08$E5.Ta1oGVMjbxVUqpfkJAeIKMzXmiLoJT8jzD/E41NMUTMKlO/iTG,cvsnithya@gmail.com,Kanshik,VIII-A1,STUDENT,2026-04-17 07:30:34.527,t,,2026-04-17 04:26:36.189,889ca6ac-586f-4be2-8ddc-20c85fc6dbf5
1356a969-626a-495b-99a4-6f5c43d70c15,nideesh.manickam.nagrajan,$2b$08$p0sDUn7LgTZn4zsdZ4TA7eh2eNIxaYSM3BS7huQB7Er9aFfur5P2i,NIDHEESHMANICKAMN@GMAIL.COM,NIDEESH MANICKAM NAGRAJAN,11-B,STUDENT,2026-04-17 07:30:34.527,t,,2026-04-17 04:29:02.409,c4e26fb9-0d9e-4bbf-acfb-83f299f8ad22
c64b9907-39f1-49ff-9180-676cd2ef091e,sanjeevi.b,$2b$08$sMbJhOCdbhTrmrwEwDlpSu90Fd/HPMVg2kujxfDgGKIvc4V9nOaxa,sanjubala@gmail.com,SANJEEVI B,8 IIT 1,STUDENT,2026-04-17 07:30:34.527,t,,2026-04-17 05:05:32.029,6bddf467-1115-46b5-af75-c190c55b1359
10210c31-b852-44a3-a0d2-dc76f7728bc9,omprakash,$2b$08$q0GBqJvGy3.hdY7b4p6JXeGBJ2tD8geaRwImCdYLFqdMQrDW/Ux2O,nirmalapratapomprakash1982@gmail com,Omprakash,9-A,STUDENT,2026-04-17 09:34:07.694,t,,2026-04-17 07:21:39.985,c7667d38-8b89-47fe-ba4d-fbf4c224d0c6
abe25cb7-cd1a-468c-b012-83d3b6052f26,j.s.akshay,$2b$08$hWNnLNoXWiNewK7tOMr6zOHcfEeUcHa4Ffh86VZ0eTI6cZrctHMnm,kjkphysics@gmail.com,J S AKSHAY,XI-C,STUDENT,2026-04-17 09:20:32.965,t,,2026-04-17 04:31:47.33,fc415a1d-70a7-4e65-aa7b-e48a365070c7
c350e513-ace9-47c0-89b3-c48b08a6552d,sharan,$2b$08$f5I0Ql7k4i1bxpFvAbivquYsEvnx859QgilhgI5uaz9N5zXvSjZDu,777sharanmurali@gnail.com,Sharan,9-A,STUDENT,2026-04-17 10:02:16.941,t,,2026-04-17 07:21:40.679,c7667d38-8b89-47fe-ba4d-fbf4c224d0c6
6a2053e0-87ba-489f-a3c8-4a2b6ff8f1f4,layaa,$2b$08$DZ28GQfhvaGmEupt10Z/ee3JFUHQqRTFz0VAPIBZagTgj3Zpk.CnK,cvidhya2000@gmail.com,Layaa,9-Foundation,STUDENT,2026-04-17 10:07:47.247,t,,2026-04-17 07:21:32.828,c7667d38-8b89-47fe-ba4d-fbf4c224d0c6
58d01453-bdf3-462d-b2cc-cc8e0a11f4bd,sidharth..l,$2b$08$zZFfKUffAtQY3dC24aSmNec2G4XV2WMUMsD.NMwCL3.ddOmT4jxNy,durgadevisivam@gmail.com,Sidharth. L,9-A,STUDENT,2026-04-17 10:17:34.918,t,,2026-04-17 07:21:41.308,c7667d38-8b89-47fe-ba4d-fbf4c224d0c6
89f21211-eb98-4f18-82ad-3230e9f0ff2b,nagahariharan.sridhar.kumar,$2b$08$ARs5AyX36nC7iW3Sy8gWdOUU8yVwhoMYbfXCY0deCxlAdmQmJNMyC,,NAGAHARIHARAN SRIDHAR KUMAR,XI,STUDENT,2026-04-17 08:25:02.878,t,,2026-04-17 05:53:46.269,399ac169-06a1-445d-957e-fec57488960c
256d4acd-1891-4ae4-a35f-20468f225bea,krithick.v,$2b$08$yYLuu9c7OxvjseXle5NkIOjijRWDt7Sh.kL9/o5gITf0hUlUzOPCK,tcsrisha2008@gmail.com,KRITHICK.V,IX-F2,STUDENT,2026-04-17 09:20:32.965,t,,2026-04-17 04:29:55.697,cfabce65-f67d-445e-9846-f9528ffa1201
0a1c2caf-5fab-4238-934a-49f53a889a64,lakshita.s,$2b$08$4CpwVYGI6CUStTyJkest4.5K7gKmGaJy6PukKL68c2qdaZnIcK6.y,chitrashivaramakrishnan@gmail.com,Lakshita S,VIII-A1,STUDENT,2026-04-17 10:11:00.723,t,,2026-04-17 04:32:36.191,cc83790f-42af-4b28-9fa0-c2703dddac62
c9b1368e-8ce8-4176-9867-ef48891d8ca5,sarvesh,$2b$08$6acAMRhs75DUKXWwQIyQ8ew2BoDjxIBt.sKyc7yNNCtkwJ4LbYtRa,,Sarvesh,9,STUDENT,,t,,2026-04-17 04:27:38.59,5b9d3f3e-43e3-4add-bd51-12225a377c23
3ca3a7ba-0861-4204-a5e7-3e4de089bce7,sanjith,$2b$08$Wvk5Hfugfsib.fsEe5woEu1rE07aTkqKYbW4xaSlZkXouaI8Tv7Pu,SANJUSRINIVASAN30@GMAIL.COM,SANJITH,9-B,STUDENT,2026-04-17 08:26:23.852,t,,2026-04-17 04:29:12.768,c4e26fb9-0d9e-4bbf-acfb-83f299f8ad22
14c88034-f5c1-4455-8b1a-ccfcffb86a31,sri.sai.rithish..c..g,$2b$08$cyOTbyqXJ/BiB/sPeVomGu4pteZ44pNwEjK9u42uzSXahLXXOCgcm,malathygunasekar1980@gmail.com,SRI SAI RITHISH. C. G,IX-F1,STUDENT,2026-04-17 08:27:02.344,t,,2026-04-17 04:29:53.137,cfabce65-f67d-445e-9846-f9528ffa1201
27c9b426-bbfa-4f74-b733-37e4e75d3e10,sai.krishnan..g,$2b$08$mRoqWj6V9M4X/nSDBtlY7OTAL6VzmD2uXiHif4xZEb0sW/Des7Zr6,thenpharma@gmail.com,SAI KRISHNAN. G,IX-B,STUDENT,2026-04-17 09:20:32.965,t,,2026-04-17 04:30:01.645,cfabce65-f67d-445e-9846-f9528ffa1201
495d6ec5-2846-4068-b1a9-afa26ece5ac9,keshav.raj.m.r,$2b$08$zqlZubqXmEEiMqEB16lceuAm3uu5WOcj.EYkoWqQb/QAAJCu2pd6W,,KESHAV RAJ M R,,STUDENT,2026-04-17 10:18:01.229,t,,2026-04-17 09:14:22.331,6bddf467-1115-46b5-af75-c190c55b1359
1cd91501-a12a-4a2d-ad0a-223a4c5e5f44,eneyan,$2b$08$.f60WkCpVDox7CMj9NklvuGe9g234pRcFVselJa4.BHXZkCghxMdK,laksha98@gmail.com,ENEYAN,Vlll-I,STUDENT,2026-04-17 07:30:34.527,t,,2026-04-17 04:28:42.125,8842d9a0-4224-4874-a92e-556d799b8605
4c7a6362-8ee7-4572-8f54-ecc4d0cb10b9,harin.elangovan,$2b$08$gYyv.5nTUS9pcvZjfhlvRe936Fzo7NsjMimh2cC1XuoiPicCEyz0u,,Harin Elangovan,9-B,STUDENT,,t,,2026-04-17 07:55:59.766,c4e26fb9-0d9e-4bbf-acfb-83f299f8ad22
37d9e26e-10fd-435d-b337-a843a3c2e7e8,shavesh.s,$2b$08$2DzRg8cgDwLwQDnteind5eAkOgJDabUVzEv0J2yRcTrW6Xn5ECutG,sharvehsaran15@gmail.com,Shavesh S,12-D,STUDENT,2026-04-17 09:29:25.525,t,,2026-04-17 07:56:00.871,453faa22-2eab-464f-aa12-ce52364be467
0fae6e06-cdbd-4916-912b-1b5686e37eb1,sumayya.zahir,$2b$08$cqiD57qmO7L/oZ81PhpwHuqcJXZFzIS6EXtqBBNPNgFS5IYNejwle,natheera413@gmail.com,SUMAYYA ZAHIR,XI-IIT,STUDENT,2026-04-17 10:24:43.147,t,,2026-04-17 04:33:29.458,cc83790f-42af-4b28-9fa0-c2703dddac62
e7c59bf7-cc28-469f-af2e-1033af751ce0,theekshna.k,$2b$08$hE5cTPKWHY2b7UwB3nJJYONn4Vihx10afh9YOVDyyGldAKd88u6ae,pkarthickdtp@gmail.com,THEEKSHNA K,XII-D,STUDENT,2026-04-17 07:30:34.527,t,,2026-04-17 04:27:26.02,453faa22-2eab-464f-aa12-ce52364be467
b66ee3c7-3a78-4687-9886-df1e51a8a5b3,riya.madhuvanthi,$2b$08$npXvxoqpipA6No4P41rwHOGdKIklmPjNBgLEvfQJMfFxUCwCPHM/G,kirubapalanivelan@gmail.com,RIYA MADHUVANTHI,GRADE 8-B,STUDENT,2026-04-17 08:58:51.054,t,,2026-04-17 04:32:16.191,ad7a9cbf-f85a-4ad5-8cff-75f09bb9d7fb
2c9c5075-fc3e-43f9-8fd8-8826d2ff4491,vishvajit.p,$2b$08$jKnalKFYsTSVgLIfOqMqr.NtRCp1DWLPVZSvxfFvPyqbwDLEpnLOu,entronicht@gmail.com,Vishvajit P,IX-C,STUDENT,2026-04-17 10:52:05.289,t,,2026-04-17 04:26:18.547,889ca6ac-586f-4be2-8ddc-20c85fc6dbf5
869341ac-0069-4fc0-8633-3c9aee4b1ea5,nakul.r.s,$2b$08$//vGS/nDLA9ARSGqBtIjP.Qm7dLdVGEM91DLg7MJXjegTPyotY.5S,ramesh.a.vbce@gmail.com,NAKUL R S,VIII-A,STUDENT,2026-04-17 09:12:57.149,t,,2026-04-17 04:27:50.931,25af592d-49c4-45ce-a0e7-bb524be73913
b85831fc-729d-438e-ad48-2c5b42a4b482,tharun.kumar..b,$2b$08$FtwUeEi1JUWQw4QVEv9cTumMnvpsfoBu9pr1P3xjhkaYQyF7ysZAm,balabalamurugan280@gmail.com,THARUN KUMAR. B,IX-B,STUDENT,2026-04-17 09:20:32.965,t,,2026-04-17 04:30:05.433,cfabce65-f67d-445e-9846-f9528ffa1201
5baa4199-f690-42c7-991f-31d0646a38d9,harish.saravanan,$2b$08$65cG.Z9Tn4AwYCSXIpm96e4LDeRl9oFjcXD70dM.azo4IlMyiLFKa,harishsarvan@gmail.com,HARISH SARAVANAN,IX-A1,STUDENT,2026-04-17 10:53:02.819,t,,2026-04-17 04:33:00.349,cc83790f-42af-4b28-9fa0-c2703dddac62
225cdc74-4a73-45df-96ce-c26fb678a98c,shriramkalyan.m,$2b$08$2Yk/dgJ9dxDH4zFh4VmPeeuufGPXsjhTMu.n1Xrz.FGKsgeeDQIta,s.m.kandan@gmail.com/m.sriramkalyan@gmail.com,SHRIRAMKALYAN.M,9-A,STUDENT,2026-04-17 07:30:34.527,t,,2026-04-17 04:33:49.629,a2087e88-8a57-40a0-b8a7-dedf207f96a4
a2dfb5d8-c9ca-4757-b2a8-f13e7dee26b2,kaashikaa.s.u,$2b$08$FKdOawF8bcjeQoZNGg80B..I/U4rhrtprUJZW2vRxwiehPAJrdUAy,,KAASHIKAA S U,8-IIT,STUDENT,2026-04-17 09:13:19.808,t,,2026-04-17 04:30:20.262,ccbeda19-2e56-4ba5-8bf6-8d9f35aa4b4d
a308d64e-a683-48c5-b2a8-601ec2450e19,88700449092,$2b$08$rzQTvj6Mn6JZ9pULJ96lyuniFMzaDfSfMsiwf8hAksgxuOYGwu/x6,,8870044909,,STUDENT,2026-04-17 07:30:34.527,t,,2026-04-17 04:33:23.583,cc83790f-42af-4b28-9fa0-c2703dddac62
2b834e56-49d1-4cf2-b41d-df797dd4d34f,rohith.vishwa,$2b$08$0Fa0MXelDqymC5NSQDr.d.lrJc2MmtRMbxPPpGKQoiz5dXT6jz.iK,e.senkumar76@gmail.com,Rohith Vishwa,IX-A,STUDENT,2026-04-17 09:13:24.265,t,,2026-04-17 04:28:34.33,37e0d6aa-7a46-4dd1-9d0e-2bf0c2ff64f7
cd7c2c47-113b-42da-bcc7-0ec4fb4e2618,abishek.s.a,$2b$08$Cmtqnx1lKZyZ42tYtG10Y.6di/yof0jlpCeR/AvBOLiOe6SVOqmvW,amuthamakcbe@gmail.com,Abishek S.A,VIII-A,STUDENT,2026-04-17 07:30:34.527,t,,2026-04-17 04:26:44.123,cb13ac87-a2df-43d4-a91d-6d83b8e5fdbc
663a5248-8bbc-45e7-8507-40b07a25cdbb,vikash.t,$2b$08$7PhpgvFkvl7Fdxl5sRjI5u.hKM3Ob5GBReL/uIiE6N/lzqmkOJXAu,nancyvikash68@gmail.com,VIKASH T,IX-A2,STUDENT,2026-04-17 09:27:05.673,t,,2026-04-17 04:33:21.383,cc83790f-42af-4b28-9fa0-c2703dddac62
1a0a64a3-96c3-4742-9f52-9678da1921fd,dhakshith.krishna.m,$2b$08$jtMsYfciFcQ58TIvpTpDl.4Tb78Ct8Ux4IGyOD5A/D36NQ3634yaG,dhakshithkrishna@gmail.com,Dhakshith Krishna.M,IX-A,STUDENT,2026-04-17 07:30:34.527,t,,2026-04-17 04:26:49.311,cb13ac87-a2df-43d4-a91d-6d83b8e5fdbc
89f3807f-dd13-4895-9f42-61aab40f51ef,navaneetha.n.v,$2b$08$Ce7rsptJIzekhODpdh7fYeAYERSytN/RagMGf/G9PklUxw/zRyZL6,,NAVANEETHA N V,XI-A1,STUDENT,2026-04-17 07:30:34.527,t,,2026-04-17 04:30:41.991,ccbeda19-2e56-4ba5-8bf6-8d9f35aa4b4d
aebd5ab0-d995-48cc-9ce2-257757499d18,krishiv.n,$2b$08$hUtD/nSF2dCdMzvjrtGcHOz99h4ILNVfbBskFLanN1buFBZbSQEhW,nagapriya12@gmail.com,KRISHIV N,VIII-I,STUDENT,2026-04-17 09:29:27.157,t,,2026-04-17 04:31:28.102,520daa5e-51f1-4b80-b154-15cee645460c
9dcb1b86-168d-4ba6-a5e4-0257a3a65e4c,linisha.m.n,$2b$08$0bZt9G0M.JntLjVPx8rP7eRR4rOoGTjAy4Bz/QoSYZhOmTpzQSlO2,,LINISHA.M.N,VIII-A,STUDENT,,t,,2026-04-17 05:53:08.577,399ac169-06a1-445d-957e-fec57488960c
d89ee134-9473-4eea-881c-1ec872654ab4,sanjayram.s,$2b$08$Wrx48v0qquYvb0TUyFpgU.tJPy.3vUoxJ3Ax64QcYYqWr4dO.XTz6,,SANJAYRAM S,VIII-A,STUDENT,,t,,2026-04-17 05:53:09.781,399ac169-06a1-445d-957e-fec57488960c
e6d7ee0b-b0e9-4b4a-b23c-48094f02b7d8,harshaavardhan.g,$2b$08$Gge9uQDm7I5CWAv32B7aDesRNx0K0HVdzJuHDP72H3EeEDiOozqiS,,HARSHAAVARDHAN G,VIII-A,STUDENT,,t,,2026-04-17 05:53:10.332,399ac169-06a1-445d-957e-fec57488960c
7e782d69-0177-4a33-a080-0c58374383c5,aaravsurya.s,$2b$08$JBn8QdgxaQdo4uNysf93y.Mb1P2Ia0RnhJQ4BRpefKjIZ5yltpcuq,,AARAVSURYA S,VIII-A,STUDENT,,t,,2026-04-17 05:53:10.943,399ac169-06a1-445d-957e-fec57488960c
837e7d4f-2651-4ffb-a1b3-601785e3c345,dhakshitha.s.s,$2b$08$TxD7ldkEa2E2eFxCH1UFA.29heAI/V8A4DSjnjxb5bHMwM5jo3NGm,,DHAKSHITHA S S,VIII-A,STUDENT,,t,,2026-04-17 05:53:11.488,399ac169-06a1-445d-957e-fec57488960c
0db8d10d-79ce-4253-9639-488da4094a73,hanish.m.s,$2b$08$SqkeSwNX8QwqT3wEpcVRQuByVPK6TzWndhUfbeRziwfnmQCEIlhWm,,HANISH.M.S,VIII-A,STUDENT,,t,,2026-04-17 05:53:12.082,399ac169-06a1-445d-957e-fec57488960c
060d9424-1f32-4822-b620-5caa40841fb4,v.c.lishanthikaa,$2b$08$8MGImXUUjZEyZ7L4enciT.lGKnf/cowydwmgj9TI/eNt18YG58fKe,,V.C.LISHANTHIKAA,VIII-A,STUDENT,,t,,2026-04-17 05:53:12.685,399ac169-06a1-445d-957e-fec57488960c
0ebe36d8-47bf-4648-ab03-59b6caaee59a,karnish.s,$2b$08$zfNOJoTmEdooOAQR7n.iK.DXSDIc.tym.BIrsV2qHnHAEdN58.76a,,KARNISH S,VIII-A,STUDENT,,t,,2026-04-17 05:53:13.331,399ac169-06a1-445d-957e-fec57488960c
b1b3c2be-1d59-4fd2-bff2-b074249854e6,mithun.srinivas,$2b$08$cwIUxZqmkajZoLjIDY8tyeZx..CfGeNjKqIQ.u0Y7iym9R4pU9b7C,,MITHUN SRINIVAS,VIII-A,STUDENT,,t,,2026-04-17 05:53:13.97,399ac169-06a1-445d-957e-fec57488960c
df20b142-975c-421c-9132-243abd040d2d,sagashra.h,$2b$08$cjsarq53c9EvBSOg2GmUfOeNiMcN/Uwc7ImNiaM16h/4mqlEgMHEO,,SAGASHRA H,VIII-A,STUDENT,,t,,2026-04-17 05:53:14.608,399ac169-06a1-445d-957e-fec57488960c
9037d8f9-30c9-4038-a038-c25bd7b5f63e,daneesh.s.v,$2b$08$pnhKSwTbAxRVpB/R0m8UT.CY1z4goYQ5VsxLqvlzRJpOAdoiOfoVG,,DANEESH S V,VIII-A,STUDENT,,t,,2026-04-17 05:53:15.148,399ac169-06a1-445d-957e-fec57488960c
3b67a4ff-8097-4afb-996a-18120f258386,darshan.r,$2b$08$AEv9V2rSKr1xb1.zxUoUpOWpaVJitCuQQm0/8HQwMl17EgU0g2XmW,,DARSHAN R,VIII-A,STUDENT,,t,,2026-04-17 05:53:15.77,399ac169-06a1-445d-957e-fec57488960c
767b53bb-a9c8-4585-bd29-5b6039e43ce8,p.b.sushmitha,$2b$08$Sv.KHPv5VBz8wlabnlzdq.R5CsRa0Kb59r.dqpseDxJtJZb2mH4Mi,,P B SUSHMITHA,VIII-A,STUDENT,,t,,2026-04-17 05:53:16.332,399ac169-06a1-445d-957e-fec57488960c
2b5b2d73-1f49-4c39-825a-9fadb5583c4c,dakshaya.arun,$2b$08$Z13.rQ25DoSNq1pCz4GoweRBhPccalnxxVWgGe2gsnnI68NmvqDGC,,DAKSHAYA ARUN,VIII-A,STUDENT,,t,,2026-04-17 05:53:16.863,399ac169-06a1-445d-957e-fec57488960c
c7df7d9d-e17f-440f-88e3-ce2e10fae286,hanshikanivasini.g.r,$2b$08$EJGzb/jE3bPOeTiZ1bQdVeaJQQMpc6TG1PrB9Riv8Pi86CLO1RSP.,,HANSHIKANIVASINI G R,VIII-A,STUDENT,,t,,2026-04-17 05:53:17.487,399ac169-06a1-445d-957e-fec57488960c
77908823-cb4b-4bfa-ab63-d7343b498d2d,d.abineshwaran,$2b$08$agg2rQgpqCly7EzNhBJ5d.zjaZI02ZpYcKc531NdkUIiKFni4pDb6,,D ABINESHWARAN,VIII-B,STUDENT,,t,,2026-04-17 05:53:18.637,399ac169-06a1-445d-957e-fec57488960c
692de8c1-35fd-4909-82e5-2623be0d44e2,magatheisri.s,$2b$08$XfAbspr4Vg78/ywtzI1kOuRPzi4Vof2.mJRJIWhhKsB3NCra68Gbu,,MAGATHEISRI S,VIII-B,STUDENT,,t,,2026-04-17 05:53:19.442,399ac169-06a1-445d-957e-fec57488960c
58d5389c-1959-4798-bcef-0dc9725155e7,rakshana.jagadeesan,$2b$08$oCoX78nx4TyAudHR1sLf.udzNcFHE3mNh9tSkaMfrJD3OAc2b7imK,,RAKSHANA JAGADEESAN,VIII-B,STUDENT,,t,,2026-04-17 05:53:20.045,399ac169-06a1-445d-957e-fec57488960c
3fff2433-715d-4fe4-aab7-199ddf86a2c6,yalhisai.t,$2b$08$K.9bb0zB9KaenGeRL72GbuuV4KjbkfAUIq57LcBJY6UgOnX3QeRD2,,YALHISAI T,VIII-B,STUDENT,,t,,2026-04-17 05:53:20.612,399ac169-06a1-445d-957e-fec57488960c
d5a43674-cb2d-4a80-b7ca-fc2f65d50307,anusri.c,$2b$08$XtlbzIIMwJQKTKajzhF5hu.IBURYddT9E6FEiLTDlkxcYUfgo3S8S,,ANUSRI C,VIII-B,STUDENT,,t,,2026-04-17 05:53:21.622,399ac169-06a1-445d-957e-fec57488960c
cc3b5e66-5ca2-4dff-acd7-2d18893053b5,harshan.k.s,$2b$08$K01WxvijyfzOZ3U.DqqqS.u2Q4t7lWgwNDCTH/C1zgXVeGpyuCLJm,,HARSHAN K.S,VIII-B,STUDENT,,t,,2026-04-17 05:53:22.246,399ac169-06a1-445d-957e-fec57488960c
8ad07b93-d0f2-4e82-b453-519fa66e7bdb,harish.s,$2b$08$1Rdf1GRiAVpZzA4Kemw1kuy1sbUafkT5G/eYKzwBvyQK3IzCPmYte,,HARISH S,VIII-B,STUDENT,,t,,2026-04-17 05:53:22.924,399ac169-06a1-445d-957e-fec57488960c
36183a2b-f72b-4de4-8ce9-4531a9915218,dhivya.dharshan.p.s,$2b$08$3QBIjKz0FgIpcgfvvvwnXu4J739AyrPJmZ6x8WpdML5hbDDmh8Ws.,,DHIVYA DHARSHAN P S,VIII-B,STUDENT,,t,,2026-04-17 05:53:24.25,399ac169-06a1-445d-957e-fec57488960c
b19ea4f2-d871-4cf2-9ab8-5fae0cee605a,dharshana.sri.n,$2b$08$IqEXqunYnfypGEmp/fFrFOarDarFSz1O1dgEpQz89bloBxXTfzsBO,,DHARSHANA SRI N,VIII-B,STUDENT,,t,,2026-04-17 05:53:24.866,399ac169-06a1-445d-957e-fec57488960c
1cbc6b8c-aa81-4a61-8455-7b78fba9462c,logitha.sri,$2b$08$Sw1RhJ57G17XaAkOTgVdi.CBNwttiFlr28rPz8BadLBTWoewn7202,,LOGITHA SRI,VIII-B,STUDENT,,t,,2026-04-17 05:53:25.489,399ac169-06a1-445d-957e-fec57488960c
ff9d8827-56fa-4994-befb-4b6aa67a76a9,yuvan.raj.a,$2b$08$0RG7JnxbzlFx6NDnOubn4uU9Sin0//2VgS761okRUt3ufWhvH6kn.,,YUVAN RAJ A,VIII-B,STUDENT,,t,,2026-04-17 05:53:26.044,399ac169-06a1-445d-957e-fec57488960c
068cfea7-9ab3-48cb-a3e0-a861312cec6b,m.reenesh.bhavin,$2b$08$l6O9IK0JmPV9sEixbjtYCu766FOKKmtLZM.54O0ZnCzXZDfrDaDti,,M REENESH BHAVIN,VIII-B,STUDENT,,t,,2026-04-17 05:53:26.764,399ac169-06a1-445d-957e-fec57488960c
6a66103b-91e7-44ad-9a40-9e70c1139348,subash.s,$2b$08$m9l3Z0MZOLrYO3hOk5Utw.wpUewKbcP.9oGWOSHZkqZaX4xiHcKfi,,SUBASH S,IX-A,STUDENT,,t,,2026-04-17 05:53:27.904,399ac169-06a1-445d-957e-fec57488960c
256dab29-a5eb-4813-a7fb-5012a0018326,rinoshan.p,$2b$08$l7epn10ZLtVk0WEoAgOiy.1JG4YC4DJKfnhvSAQq8ZHF5SlHapd8K,,RINOSHAN P,IX-A,STUDENT,,t,,2026-04-17 05:53:29.217,399ac169-06a1-445d-957e-fec57488960c
eb619daf-557a-4c68-82e2-4a6ff854a296,k.varshini,$2b$08$8JbO1HZYFlg8tv5tCokZ..niDIT7D/GCSHbsFMS50tllZq4lmRpBm,,K VARSHINI,IX-A,STUDENT,,t,,2026-04-17 05:53:29.925,399ac169-06a1-445d-957e-fec57488960c
83a2b10d-b981-401c-a152-48d55021c12c,e.bawanika,$2b$08$dY2E.n7g7s9XwcoGmT/Uburkmpl59uxhCnuV8olgILO8yw6KWQYuG,,E BAWANIKA,IX-A,STUDENT,,t,,2026-04-17 05:53:30.648,399ac169-06a1-445d-957e-fec57488960c
4626347f-a937-4b7f-8da9-b4a98783e145,nithishkumar.r,$2b$08$FiEyq/TUOOKD9akt5QdXvO6mH2ZgkBCl3lGC4OHMmkW1B7aboybzy,,NITHISHKUMAR R,IX-A,STUDENT,2026-04-17 09:52:09.943,t,,2026-04-17 05:53:28.495,399ac169-06a1-445d-957e-fec57488960c
0d7df0d3-7223-4b74-8c6c-3aa5b26af7bd,devadharsan.s,$2b$08$UmEgl05wBA/8oV//vNJkseFFVwSzmJpfYQBvOEQiXRuH9.G1RB46q,,DEVADHARSAN S,VIII-B,STUDENT,2026-04-17 09:58:08.678,t,,2026-04-17 05:53:18.085,399ac169-06a1-445d-957e-fec57488960c
da0aed5b-5f53-43fb-ba2a-cdc731072ed2,madhubalan.s.p,$2b$08$PVwCP8mpLxUANcxC5k2KbeSKtIlChoXZSqdD6WvYJP416N/j.zvY2,,MADHUBALAN S P,IX-A,STUDENT,2026-04-17 10:28:53.269,t,,2026-04-17 05:53:27.326,399ac169-06a1-445d-957e-fec57488960c
ffd023e5-607a-49b4-a0c2-b22dfb62b4f5,harish.r,$2b$08$DzS3kxl6GwJsN.0Nghe6JOez.dd6z/bnAkTAzAmGzL5R5LRWnzwQu,,HARISH R,IX-A,STUDENT,,t,,2026-04-17 05:53:32.718,399ac169-06a1-445d-957e-fec57488960c
f5fdfd4c-391b-4a79-96ef-b8e06bf433f9,jokul.krish.g,$2b$08$h5YeyrF5zWUOQIMUeTo2wuhuehYL0wl3y5OnrTTEE/qVqOv.qBMJG,,JOKUL KRISH G,IX-A,STUDENT,,t,,2026-04-17 05:53:33.288,399ac169-06a1-445d-957e-fec57488960c
9ffc7d28-7893-4792-86e7-63b775b131e1,prateeksha.s.s,$2b$08$mQHmmvi/GNRV/I.e0Gj1wOOUH5YU0mQBAHYs4msrsZt9mn9xSOoBm,,PRATEEKSHA S S,IX-A,STUDENT,,t,,2026-04-17 05:53:33.843,399ac169-06a1-445d-957e-fec57488960c
af984ed6-5ebe-4928-aeee-4eb089df6418,jaga.jeevan,$2b$08$NmmkjVTfoewYip4oYBM2E.hbJ4gRUKOZY8uZ7oxZ/iyuL3Nq1AOqe,,JAGA JEEVAN,IX-A,STUDENT,,t,,2026-04-17 05:53:34.674,399ac169-06a1-445d-957e-fec57488960c
35c4bdb5-6cdc-4de7-97a2-f4bf69c20be3,moneesh.b,$2b$08$PaRRar9bGGvqKs.fW968XuqZUI/3UFOSRRDAhBYthg0BKoGNKVZky,,MONEESH B,IX-A,STUDENT,,t,,2026-04-17 05:53:35.372,399ac169-06a1-445d-957e-fec57488960c
7f4ea30c-0d28-4ced-8a71-7a2907e54f73,siddharth.s2,$2b$08$PPJ3VgjHSS6As/B7eMY87..SmvaspdN24pdEM9cvTxJOsRH2AmF0u,,SIDDHARTH S,IX-A,STUDENT,,t,,2026-04-17 05:53:36.691,399ac169-06a1-445d-957e-fec57488960c
decd2492-d031-48cf-a4cb-ff2ce28c7aeb,darsswin.r,$2b$08$T/xtkZvkZ1LOfurQfTZ1IOG/yiiDvWlBEpMuSd3ybe3N881tbywfm,,DARSSWIN R,IX-A,STUDENT,,t,,2026-04-17 05:53:37.328,399ac169-06a1-445d-957e-fec57488960c
baa0e4d3-eb70-41ed-b0fa-96f41d37a903,sai.keshan,$2b$08$oAoT5.WnXOn6AEuo/SzHfOIhqhG1uNsHUtMYJ2KEz5E/qwfaCiDSG,,SAI KESHAN,IX-A,STUDENT,,t,,2026-04-17 05:53:38.006,399ac169-06a1-445d-957e-fec57488960c
a72a16c3-7e45-4c5c-bc7a-fb32f2945989,mohammed.rasheed.s,$2b$08$RcpUqMgPqBmbNiwfStDQKeyKnX20bute1sSiXObH/NukAOLeaZyEC,,MOHAMMED RASHEED S,IX-B,STUDENT,,t,,2026-04-17 05:53:39.415,399ac169-06a1-445d-957e-fec57488960c
a2767da0-29f6-4cb3-bed4-a07fc7e86a21,g.dhurubaran,$2b$08$jN2wXRiT3jvat7EGjD5ebeQwIRvM4kt/N9xpfWKViI6lUSrIL2tU.,,G DHURUBARAN,IX-B,STUDENT,,t,,2026-04-17 05:53:40.028,399ac169-06a1-445d-957e-fec57488960c
6f0a013c-1bed-4ae0-8be0-35311d720f55,saran.g,$2b$08$96L76e7fJwKRURT1kEy4jOx91uwHnosNspsaa9xL4RUKJaUtUTBKi,,SARAN G,IX-B,STUDENT,,t,,2026-04-17 05:53:40.665,399ac169-06a1-445d-957e-fec57488960c
11c602f7-5177-4514-a2c9-d3943f17bd54,keerthivasan.e,$2b$08$2OrjC1Ut1R0ofCTlfnY2i.jvP.PR.5otj/BCPVRO7mApd47iP8zQG,,KEERTHIVASAN E,IX-B,STUDENT,,t,,2026-04-17 05:53:41.975,399ac169-06a1-445d-957e-fec57488960c
5a1fe7fd-03f7-477a-a192-bde6923131ea,sarvesha,$2b$08$G/GMEoKHx2pEU/3G9w.20.cW5hWhFhH6gVs.p8qQ7W1x1bPv/WZdq,,SARVESHA,IX-B,STUDENT,,t,,2026-04-17 05:53:42.613,399ac169-06a1-445d-957e-fec57488960c
92d69187-161f-4969-b7c3-9da7c9417398,t.billion,$2b$08$5U7KNtDANFItvoMIslVGiu7hZCySaFfS2beNc3/QQVC13dUIM2ZV2,,T.BILLION,IX-B,STUDENT,,t,,2026-04-17 05:53:43.235,399ac169-06a1-445d-957e-fec57488960c
959f4845-abe6-4746-9d9d-b79850cab487,bhavisha.v,$2b$08$U3lpwRjLJhrV0BUmfFTwjeEtaYtD9ClSB2mLi.6xxpR2GHMJNclJS,,BHAVISHA V,IX-B,STUDENT,,t,,2026-04-17 05:53:43.833,399ac169-06a1-445d-957e-fec57488960c
91ba02e8-ee23-4576-b34a-fe6ba5fd304d,g.miruthyuvraj,$2b$08$hI64VC6/v3bvjoqqKFODy.ILC0dbaJFDX0h4zwreZ/x3gWkH1Mz4S,,G MIRUTHYUVRAJ,IX-B,STUDENT,,t,,2026-04-17 05:53:44.526,399ac169-06a1-445d-957e-fec57488960c
6a1445fc-1e08-4809-adc9-96e953d178f8,shakthi.sudhan.j,$2b$08$yCIdyszCBzB9ucAy8DhkbeyrWfLpND.xeYsdKofmVSFHm/iSwogU2,,SHAKTHI SUDHAN J,IX-B,STUDENT,,t,,2026-04-17 05:53:45.125,399ac169-06a1-445d-957e-fec57488960c
2b02077b-b9ad-47be-9c24-10a02dd49e13,jones.anto,$2b$08$rnKSSOabKHjK3b6LjzBGZOxJrvmZav3mlN9DWofzwlJbtJHfTuSbq,,JONES ANTO,IX-B,STUDENT,,t,,2026-04-17 05:53:45.721,399ac169-06a1-445d-957e-fec57488960c
bf8cb210-2156-4f2e-86e1-09980a851559,s.v.deshna,$2b$08$6txEt9pGcFHfqWy5DxskF.A3Wp3wCrI8jflMNczavTZIHfLK1h6nu,,S V DESHNA,XI,STUDENT,,t,,2026-04-17 05:53:48.165,399ac169-06a1-445d-957e-fec57488960c
7dac2b78-d1dc-4d0d-a35b-f409490bf072,devadharshini.selvaraj,$2b$08$viu80RnqB.RUYTcbbRPS3.mTiw5pdAMFpf0h7lnOwWSvNzKGAJ83a,,DEVADHARSHINI SELVARAJ,XI,STUDENT,,t,,2026-04-17 05:53:51.213,399ac169-06a1-445d-957e-fec57488960c
8603a916-f768-48c5-bd12-67d3d6381c89,yashini,$2b$08$vdJOZk08CqimeTGjrxosb.7EBtPmGTbjMzP4K/zfquZRiNmFQ7m82,,YASHINI,XI,STUDENT,,t,,2026-04-17 05:53:51.893,399ac169-06a1-445d-957e-fec57488960c
9de2c79d-c314-4bd2-9b5e-e1cdc1e58b6c,pavan.r,$2b$08$CBBy013ocLMcK4CcYK.h0ejdNNMhKdwWq3tZdMCJxmpvJL.zZ4pTy,,PAVAN.R,XI,STUDENT,,t,,2026-04-17 05:53:52.533,399ac169-06a1-445d-957e-fec57488960c
89e5b1f2-d712-4b90-89b1-1a1c0f033129,keerthana,$2b$08$XKpLwZ1rqoGeIapiBemQK.dEf.YxDNISVIFNyo5iLoFuL7VIUFpJ.,,KEERTHANA,XI,STUDENT,,t,,2026-04-17 05:53:53.175,399ac169-06a1-445d-957e-fec57488960c
19e30c98-45e2-4c69-aa7a-c935bac980c8,kanishka,$2b$08$jnuzTyi..MrQNYP0SEfdp.Q5OvD.7gtfzo2ZmJU9thAYUnBsL2ED2,,KANISHKA,XI,STUDENT,,t,,2026-04-17 05:53:53.857,399ac169-06a1-445d-957e-fec57488960c
782f8c98-2ddc-46d2-8d5e-6b2f51d9fdd9,nathish.v,$2b$08$V9q3Vn/s0fHSDq7ZEyG27ueHZSX40MklWEDh092aXptiV5RRDRKRC,,NATHISH V,XI,STUDENT,2026-04-17 08:19:53.428,t,,2026-04-17 05:53:50.009,399ac169-06a1-445d-957e-fec57488960c
17b4401a-3fb1-49e2-acb4-c9414dd7220b,mithun.v.j,$2b$08$j44F2XER4EzVMQyuEj7FXuRQwR95tYANzY1ll/A1pWbbjKS6PWxLK,,MITHUN.V.J,XI,STUDENT,2026-04-17 08:22:09.649,t,,2026-04-17 05:53:50.611,399ac169-06a1-445d-957e-fec57488960c
35fd59c5-bfd2-4154-9ccd-398d0d1cbd2b,selvaa.c.r,$2b$08$Uq6hAYO0tPhKhYa2qohO5OamDl9DSOyu9Giw4x6norsLCqnhwsJsW,,SELVAA C R,XI,STUDENT,2026-04-17 08:22:14.99,t,,2026-04-17 05:53:46.893,399ac169-06a1-445d-957e-fec57488960c
99591e75-8017-4d97-aa79-183d057cde08,badharish.v,$2b$08$.rPUZnHo5vCvTBJ7e.MJhOTbPH/WSs6xVVKBbu2TnvuiFK.MMFNtC,,BADHARISH V,XI,STUDENT,2026-04-17 09:12:57.117,t,,2026-04-17 05:53:48.695,399ac169-06a1-445d-957e-fec57488960c
e810366e-1e77-47e9-878d-baae7e38ecfa,sakthivel.m,$2b$08$cJ6bw.mjX6JXaT1CYJJR9.WAJrg7KSB2uk0rXRDmS7UFxSGaiaF/O,,SAKTHIVEL M,IX-A,STUDENT,2026-04-17 09:30:25.315,t,,2026-04-17 05:53:36.06,399ac169-06a1-445d-957e-fec57488960c
7b2fc2f3-7bed-4c31-81a9-2ec17d2a01ed,sishaanth,$2b$08$2LFbF.An5Xxn1yE5L54grOxS6/YhKtn2TYPT2IUQkuuqp4/fMLsb6,,SISHAANTH,XI,STUDENT,2026-04-17 09:32:15.074,t,,2026-04-17 05:53:49.256,399ac169-06a1-445d-957e-fec57488960c
4cf7f052-1d34-4442-9347-3eab9ed2fd67,hariprasad.s.t,$2b$08$HwyISzD/JffMcdRx2WUR7u1xUivmfnQjSHO3oExOxBQ5uzRAA2C1e,,HARIPRASAD.S.T,IX-A,STUDENT,2026-04-17 09:41:12.065,t,,2026-04-17 05:53:31.201,399ac169-06a1-445d-957e-fec57488960c
9a55e2ae-caea-48c8-8437-7fa6d560c28d,sharvesh.r,$2b$08$OzX.Lgez/X0RrZYg9aMziOd9FNWVvpdi7jXuSZbDwQcthDWGzYa5i,,SHARVESH R,XI,STUDENT,2026-04-17 09:44:03.985,t,,2026-04-17 05:53:47.631,399ac169-06a1-445d-957e-fec57488960c
afc95810-8ff4-495b-9031-274ac8712db1,siva.r.r,$2b$08$Ze6T6r0x1.pzuHJ/1Zvwgunv1elefBJsPc5Fr7Iq1wcteY9BXIRmi,,SIVA.R.R,IX-B,STUDENT,2026-04-17 10:51:09.194,t,,2026-04-17 05:53:38.676,399ac169-06a1-445d-957e-fec57488960c
4d8bb69d-3f26-4ad0-ab62-8a6eb4d5d9e3,s..mouriya.sakthi.thavaen,$2b$08$fn083i1de3kRGIxO3jDguutrrNNBwAA91vyS8OrJQCgWbaM9Ff/MW,,S. MOURIYA SAKTHI THAVAEN,IX-B,STUDENT,2026-04-17 10:53:12.941,t,,2026-04-17 05:53:41.367,399ac169-06a1-445d-957e-fec57488960c
43421c77-3011-4fec-a66d-26554ba1bd78,monisha,$2b$08$.vSTie0SmEQ5XwoeKO33R.DGGviYh2IoshYTWG/lJ8T7cohouP0lO,,MONISHA,XI,STUDENT,,t,,2026-04-17 05:53:55.045,399ac169-06a1-445d-957e-fec57488960c
1f1c85c8-5c03-4bc2-95a1-a6ee24ae3e2e,kishore2,$2b$08$6xrVbNhLVTG6CDmhOjwi5.qIMXi0fehEMPaRtVkzLxOSmXSuIe5l2,,KISHORE,XI,STUDENT,,t,,2026-04-17 05:53:55.674,399ac169-06a1-445d-957e-fec57488960c
66f5caa7-bea5-4422-836e-1070fc5e0cbb,aswadeep,$2b$08$qX1cjbNIfAr4opTJujBuFOqN7l7kVtPfcAg7LZ4Np5Dm5tezXmxFi,,ASWADEEP,XI,STUDENT,,t,,2026-04-17 05:53:56.24,399ac169-06a1-445d-957e-fec57488960c
32690833-59f9-430b-9176-44c118b57904,uddish,$2b$08$z9wqTDRpoQgEes3WR6nCsOsuUz7yx.CX/U6UbZJHdjxnHMDMq5TMm,,UDDISH,XI,STUDENT,2026-04-17 08:29:23.761,t,,2026-04-17 05:53:54.455,399ac169-06a1-445d-957e-fec57488960c
33743ba9-3388-48aa-9d68-4a022f127a6e,aswanth.balaji,$2b$08$mV/14vxTGRrEb5cdjrw1VeudY7CQqiZRm7cIGimqs9ZtN5z1xOOd6,,ASWANTH BALAJI,XI,STUDENT,2026-04-17 09:22:56.975,t,,2026-04-17 05:53:56.787,399ac169-06a1-445d-957e-fec57488960c
b448b940-e172-4174-ac48-d9961a46b951,kanishka.u.r,$2b$08$cT6PlNW5X.BbFLtAUetjMuw2iFJA1ggaXX9t1s9NeHJcmW.JLj1zu,Revathiudhayakumar@gmail.com,Kanishka U R,IX-A,STUDENT,2026-04-17 09:29:37.368,t,,2026-04-17 04:26:09.789,889ca6ac-586f-4be2-8ddc-20c85fc6dbf5
afae6400-5499-4665-b453-8f8e2633c3f7,d.devasmritaa,$2b$08$ZZ97sXxPRAxBo5cQZUVyBe0qUCZsEoKIUn9Sk0qR4fEJefnRBpLZi,,D DEVASMRITAA,XI,STUDENT,,t,,2026-04-17 05:53:58.096,399ac169-06a1-445d-957e-fec57488960c
3c946f5a-0316-4fb3-910b-ae20a72b6353,e.dharun,$2b$08$ZMdzyVBcFn5nGCgNerT8euj0XwXEhBa6HewGqXC6cApY3z7WnsSDu,,E DHARUN,XI,STUDENT,,t,,2026-04-17 05:53:58.771,399ac169-06a1-445d-957e-fec57488960c
c383b066-0127-4d80-9886-494d083f9c2f,e.vimal,$2b$08$UTklk1V.yWRjWhDsp4dZk.Fiw9VmabHKnCJa30j8fRSURQr48Ov5G,,E VIMAL,XI,STUDENT,,t,,2026-04-17 05:53:59.419,399ac169-06a1-445d-957e-fec57488960c
0ddb8c29-dfc9-4481-a4e7-f624080ccb65,koushik.s,$2b$08$ckFMHOIJNlwJIM2GxEXGKO1Vvi95HUK7tcV3vDEzBt.LxsfSOL1tm,,KOUSHIK S,XI,STUDENT,,t,,2026-04-17 05:53:59.984,399ac169-06a1-445d-957e-fec57488960c
0ccc6644-115b-470f-9663-d087ace5f02c,s.janani,$2b$08$6uPx3ue1NzaCYUirdVAvL.GKdCN0o1.71LPer/8IA4DCI7IDy/rE6,,S JANANI,XI,STUDENT,,t,,2026-04-17 05:54:00.562,399ac169-06a1-445d-957e-fec57488960c
25d6cbe9-ff0e-448e-87ea-62da98fe4677,s.balabaruni,$2b$08$PVIECTiYPNi0nbs65V6DReSF8wlnRah18cV82ED0v2eD8s3/qu.y6,,S BALABARUNI,XI,STUDENT,,t,,2026-04-17 05:54:01.766,399ac169-06a1-445d-957e-fec57488960c
d0248b0a-2d99-4057-bc47-8de2b317d841,m.sanjay,$2b$08$2/C76Ev6x/GJKaZBz2gTK.6fhIB5oQMg6Q5bcCbeBI0fVFsLFUKgm,,M SANJAY,XI,STUDENT,,t,,2026-04-17 05:54:02.453,399ac169-06a1-445d-957e-fec57488960c
00c3d904-7332-4f92-a05d-748e20cee538,aswin.surya,$2b$08$GgL1daR4CBI7GPOpo9QWDu4OTvI/q05z3umfxCMpx1y5gCMylftRq,,ASWIN SURYA,XI,STUDENT,,t,,2026-04-17 05:54:03.736,399ac169-06a1-445d-957e-fec57488960c
450824cf-0870-4049-bd95-ac39de676836,ajay.v,$2b$08$llhm3ak8swcULs.VAaQm4O3enKm0pr0llYrI1B7pQsmvn6yTkUpJC,,AJAY V,XI,STUDENT,,t,,2026-04-17 05:54:04.371,399ac169-06a1-445d-957e-fec57488960c
ce804507-c44e-42d0-b491-8873798ef103,dharanishwaran,$2b$08$Y426Fz/PIjjmq49M0sMASugGQDTYEMwTbtsA85pOOn1y0xR4.535S,,DHARANISHWARAN,XI,STUDENT,,t,,2026-04-17 05:54:05.013,399ac169-06a1-445d-957e-fec57488960c
f2387ff0-95e3-4abc-a6f7-8eeb207c5483,aadhish.s,$2b$08$ghyKA.9ykY7ZAz1QXQGBxO0VaBBv7Hu86Y2K3DeGGKZ215VXZFTMC,,AADHISH S,XI,STUDENT,,t,,2026-04-17 05:54:05.98,399ac169-06a1-445d-957e-fec57488960c
f54a660d-83a1-407b-9a08-f15627458487,varsha.b,$2b$08$HroHs7RgmJag/qN.CjnIsuuzY8QAY6b157iWpKdeJR1HH9hopJ4e2,,VARSHA B,XI,STUDENT,,t,,2026-04-17 05:54:06.649,399ac169-06a1-445d-957e-fec57488960c
c56814a8-5850-4e89-9a56-97c5f2f9739c,m.mukilan,$2b$08$WNlPCgJT/bqM1BiId9FYkeu1hUMp69vU4lW/tW5tC9S5yFt8m9Bqq,,M MUKILAN,XI,STUDENT,,t,,2026-04-17 05:54:07.194,399ac169-06a1-445d-957e-fec57488960c
065f2830-bb36-469c-96b1-307c9c3d6e15,pradeep.krishna.a.m,$2b$08$o6tops8MqIX4cRbqY1XFIOHBUqQR6M/lkoEiS8IHhWPesX4BwLbyy,,PRADEEP KRISHNA A M,XI,STUDENT,,t,,2026-04-17 05:54:07.757,399ac169-06a1-445d-957e-fec57488960c
5e5baa61-5785-48eb-8394-a282bb9dfc2e,thamaraikanan.j,$2b$08$PMUGbCs0QdIXQxGpMvywp.xambwVBJxzKHPDTBmdtzNhwI8i/MTru,,THAMARAIKANAN J,XI,STUDENT,,t,,2026-04-17 05:54:08.373,399ac169-06a1-445d-957e-fec57488960c
9275ad65-cb84-4eaa-9c4e-8c86fc00444b,hari.karthik.v,$2b$08$cjh295deJOYBpoL7I.JxtOElC/I7HVf8Dcdbd4HiJMRSjVHkeXxQC,,HARI KARTHIK V,XI,STUDENT,,t,,2026-04-17 05:54:09.014,399ac169-06a1-445d-957e-fec57488960c
b22ecc24-b1f5-4f3a-a9ea-3c7e0544c3ac,s.dharnish,$2b$08$dg6MbQoIMmbc5PSe3.0.ceY59QFjc8H3KeWeADKpZSEfA0LWxcPOa,,S DHARNISH,XI,STUDENT,,t,,2026-04-17 05:54:09.654,399ac169-06a1-445d-957e-fec57488960c
fac7a99b-7497-43e2-875c-9ba87e149401,v.amirthasaran,$2b$08$sTyrK9JaQJk4XLfBiSPNcOZdvIjT6i5LgoaVp6rCy80HPt6h1R/eu,,V AMIRTHASARAN,XI,STUDENT,,t,,2026-04-17 05:54:10.202,399ac169-06a1-445d-957e-fec57488960c
c3d2cd20-eb61-4445-85df-293e211264a1,janarthan.n,$2b$08$heIRdQqAnKcHyQgpgvxe3uAQF2.IrNCxHz5h5K5Utj5nMpFShObsS,,JANARTHAN N,XI,STUDENT,,t,,2026-04-17 05:54:10.858,399ac169-06a1-445d-957e-fec57488960c
d275c224-ac98-4e60-9d11-358e3181c89b,s.nivashini,$2b$08$sfr1kid9Dyu0bvG/xg6xAeQfLxbR5tQFxOSeZILv3dLe30zQpl1f6,,S.NIVASHINI,XI,STUDENT,,t,,2026-04-17 05:54:11.434,399ac169-06a1-445d-957e-fec57488960c
cb633346-6161-4243-8d2c-b2f7db338fb6,sonica.r,$2b$08$7bAw0/cYwMxyeTcXR1Mu5eGtNWGw2RciP1wdO8lJN4PxJ6B/Wa5Xy,,SONICA R,XI,STUDENT,,t,,2026-04-17 05:54:12.008,399ac169-06a1-445d-957e-fec57488960c
d9af9fff-ec60-4f3a-ae7e-11e7a6c01f90,kalpana.s,$2b$08$kp7Ptt5rAXdtig3HYRL8J.z1Q61aVoK70Bs4iQRezmk4qSUwTQrn2,,KALPANA S,XI,STUDENT,,t,,2026-04-17 05:54:12.55,399ac169-06a1-445d-957e-fec57488960c
050493f1-a5d8-4716-bb53-15b0337d6101,hirushanth.e,$2b$08$8kr4H0Ek8WrQlJEvu61Vwe1cmtO7XChee5sXNvEDAWm7oUnxM8M1W,,HIRUSHANTH E,XI,STUDENT,2026-04-17 08:21:30.631,t,,2026-04-17 05:54:01.203,399ac169-06a1-445d-957e-fec57488960c
37609e0d-8088-41d9-89bb-cdd5b35b65e0,rishi.s.d,$2b$08$dLGYYWjqImIbgu902wFp5eXLsfwZiZLfU5nqrABvj1qgvxC/j8k6a,,RISHI S D,VIII-B,STUDENT,2026-04-17 09:31:36.265,t,,2026-04-17 05:53:23.6,399ac169-06a1-445d-957e-fec57488960c
b4b098bd-438e-49a9-ad66-57cfc51fd272,devamaheswara,$2b$08$WNQYzbBOJBUlbj1/xJB3DemPCowGwnpvzpF7zE/I2eXdXkYFfKNVy,,DEVAMAHESWARA,XI,STUDENT,2026-04-17 09:34:06.248,t,,2026-04-17 05:54:03.065,399ac169-06a1-445d-957e-fec57488960c
7e1289eb-5ee1-4695-aab3-647721240979,nishanth.r.k,$2b$08$5GPWqkOx2X08zu1hhE30puRQtS3BP77AzCpozXz6/yH4eu0dlGFpS,,NISHANTH R K,XI,STUDENT,2026-04-17 09:48:28.697,t,,2026-04-17 05:53:57.493,399ac169-06a1-445d-957e-fec57488960c
bd262987-52d6-4e1f-acf8-f0b78aa44ee9,nithish.s.k,$2b$08$5rkKLNm.Ttsg27iNNFzDBuhH4pd7Hnu/rPfLtRAFpR5XSxB6Drt.i,,NITHISH S K,XII-C,STUDENT,2026-04-17 09:35:29.841,t,,2026-04-17 04:27:23.669,453faa22-2eab-464f-aa12-ce52364be467
2f2975e7-43f5-486f-8219-e1715b4ee539,mithraja,$2b$08$0.p47JxuAX3qYw3lthPQpeFkfP4fpm.6f3rj8Z/azyh1fYJjDcmPS,N.sundararajan1983@gmail.com,MITHRAJA,8 IIT2,STUDENT,2026-04-17 09:37:51.581,t,,2026-04-17 05:05:28.992,6bddf467-1115-46b5-af75-c190c55b1359
7b791075-1c18-4b3f-936e-37550be2f8eb,m.harini,$2b$08$namaQkuubL1WZr33NrKhweJoj5Jz7/.qSHh1r4EbTGag5Vhxhp6U.,salaimupa@gmail.com,M HARINI,XI-C,STUDENT,2026-04-17 09:20:32.965,t,,2026-04-17 04:31:54.911,fc415a1d-70a7-4e65-aa7b-e48a365070c7
26c39532-d5d1-4f2b-b4b1-be92e391b5d3,krishna.b.s,$2b$08$qlgWmfjDRzZYnLDLiQdETeO1jTIaAdrJfg22Ev28dNOSSso18mxj6,saran70125@gmail.com,KRISHNA B S,9A,STUDENT,2026-04-17 07:30:34.527,t,,2026-04-17 05:05:49.126,6bddf467-1115-46b5-af75-c190c55b1359
c14ef5db-05f5-4aac-b1d5-95491a5cc2b5,santhosh.n,$2b$08$djZs3A5lbIj0w6vYx7hcuu0nrTCPFdR2O1/EyeOyCx79opjM42LYm,gandhimadhi103@gmail.com,SANTHOSH N,XI-CBSE,STUDENT,2026-04-17 09:36:37.14,t,,2026-04-17 04:30:31.374,ccbeda19-2e56-4ba5-8bf6-8d9f35aa4b4d
40f6d192-39a7-46f7-af4a-ec30fe9cb5c8,s.sakthi.dharan,$2b$08$0ES90PdkwNoZfAjESn9uq.7YkhCaUiqAYyA6VulRHR8/npL57mMiq,subramaniyansivass@gmail.com,S SAKTHI DHARAN,XI-C,STUDENT,2026-04-17 09:20:32.965,t,,2026-04-17 04:31:52.604,fc415a1d-70a7-4e65-aa7b-e48a365070c7
3fc1d6d8-f233-4747-9d30-d71bc86ce051,geowin.p,$2b$08$xnuSUzpz6InGYB4sugprWePWkAe0LvB65jiVlloKYGvXy/d5.EPtC,geowin852010@gmail.com,Geowin P,XI-A1,STUDENT,2026-04-17 07:30:36.672,t,,2026-04-17 04:30:57.775,ccbeda19-2e56-4ba5-8bf6-8d9f35aa4b4d
835fa953-1c2f-45a5-a661-9679158bc35a,prasnna.s,$2b$08$CZ4YxU8xJrRSTYf.bzD6Fur6ePkBjLZyAkLEzi7mVHH4DBBGaG9yq,itsprasannas230@gmail.com,PRASNNA. S,XII B,STUDENT,2026-04-17 09:49:19.223,t,,2026-04-17 08:37:13.665,8416ae79-b6bc-4353-9f06-defc15a73964
95c6b49f-eee2-4a17-9277-26ed1dd063e5,sharan.karthik,$2b$08$lbAL3UdXrK6HPAlNp/JZSu5s2JORoilpJl7oOo/0afePyNhlDiSAu,sharankarthick5326@gmail.com,SHARAN KARTHIK,8-A,STUDENT,2026-04-17 07:30:58.484,t,,2026-04-17 04:28:16.054,37e0d6aa-7a46-4dd1-9d0e-2bf0c2ff64f7
d130faf7-1af2-415c-8c43-1b9a8c688fe2,harshavardhan,$2b$08$7Wrc6TrIA7HL4g3vRvNLROEXWN/Z3o529YCaBBOxBXItwraZv4Ppa,harsha100167@gmail.com,HARSHAVARDHAN,IX-A,STUDENT,2026-04-17 09:46:55.656,t,,2026-04-17 04:31:12.775,3317f03b-4f08-46bd-a90c-d907892df575
110b144f-49c6-4389-956c-8da441b92de7,rishi.karthik,$2b$08$CPwl10XxAfwMak/JilqQa.J7Uuz3vfe/2E5jkdZ9rYekP2CY6Imse,,Rishi karthik,XII-A1,STUDENT,2026-04-17 10:29:00.912,t,,2026-04-17 04:34:26.055,88d87062-de38-4543-a56a-d284d73897ab
6efda4cf-4eb4-4811-b12a-8d1fb218f1b5,hareesh.kandan,$2b$08$4soSgUmi9Vt4atjApmqIH.pnF0.pZHV3.ieennZlzj.Ljj60OKf3C,,Hareesh kandan,XII-A1,STUDENT,2026-04-17 10:29:51.186,t,,2026-04-17 04:34:25.313,88d87062-de38-4543-a56a-d284d73897ab
11ac051d-e50b-4de3-9253-981b8a526928,ajay.vardhan,$2b$08$qV/nY9LvWUQhtDfQuMMSK.HmxokorbQTmx/IfcChIQ22JKRiHJd/G,,Ajay vardhan,XII-A1,STUDENT,2026-04-17 10:47:20.288,t,,2026-04-17 04:34:23.425,88d87062-de38-4543-a56a-d284d73897ab
6c08cb63-873e-4859-b5f1-04224de2cc68,ashwanth2,$2b$08$aTEQ345pm5UB43DT9HTzauWDLDrW/XYzRFdfIXTc.At5qElPE99aa,,Ashwanth,XII-A1,STUDENT,2026-04-17 11:13:40.693,t,,2026-04-17 04:34:24.126,88d87062-de38-4543-a56a-d284d73897ab
e4ea90f6-083e-47fb-bf16-6234938c6dd5,thavanesh,$2b$08$kB9JEqJaff5fzXvdgLDnyu9Y059UAlqWP1471/TVi9msm86q.lX.W,,Thavanesh,XII-A1,STUDENT,2026-04-17 11:14:59.961,t,,2026-04-17 04:34:27.22,88d87062-de38-4543-a56a-d284d73897ab
452b6b0a-5422-42a3-a3ea-d9da3ab53a39,semmozhi.m,$2b$08$fBXsKCM63e1m...ehyz72.A/.nLqNZapV2O.T8aFB2YRTmvAPWP72,,Semmozhi M,XII-A1,STUDENT,,t,,2026-04-17 04:34:22.872,88d87062-de38-4543-a56a-d284d73897ab
3fda844e-1482-4143-874c-1e252dbc3e62,srinivasan,$2b$08$tiJG1nw.GTpH1paRx6nTsOVdAgGWs1OqLC3V5mfyRwWyjKetq1da.,vikramars@gmail.com,SRINIVASAN,GRADE 8-A,STUDENT,2026-04-17 07:36:03.194,t,,2026-04-17 04:32:15.571,ad7a9cbf-f85a-4ad5-8cff-75f09bb9d7fb
c7a78f51-0646-4f94-a39a-e0b803b8fff7,hari.krishna.siva.r,$2b$08$hcZXKHbwO5UVVCbb05zk/eYcd5FGID2XfISPSkcE7o4UzCyJuvMA6,harikrishnashiva2703@gmail.com,Hari Krishna Siva R,XII-A3,STUDENT,2026-04-17 09:26:13.709,t,,2026-04-17 04:34:21.732,88d87062-de38-4543-a56a-d284d73897ab
5c1c1b08-ad4f-4952-840e-cc58de5aee40,venkateshwaran.k,$2b$08$vRgJEDcLcBEgVbooq4TO3eG45ikiFOXhFjPrd/dppKYs71iu4k.FC,venkatesh31009@gmail.com,Venkateshwaran K,XII-A3,STUDENT,2026-04-17 09:26:26.708,t,,2026-04-17 04:34:21.111,88d87062-de38-4543-a56a-d284d73897ab
9b2bfc86-cd9e-48cc-affa-2645a1b65bd1,rishikesh,$2b$08$4C7UMhOUNT.A4E8IUu.6ueqXLGVgSRGSvjsGOyBpLEQO7CCUOd1V2,rmani2020rishi@gmail.com,Rishikesh,9-A,STUDENT,2026-04-17 09:56:07.691,t,,2026-04-17 07:21:38.753,c7667d38-8b89-47fe-ba4d-fbf4c224d0c6
41381924-e27e-4530-9a9c-d8e32f9c1f21,ruthuresh.arya.s.j,$2b$08$ysG2HGfFaO37W4sm5rilu.0jQD9YtRU6FkLojc0ru5yBBQIAsEtRG,muhil.vbck@gmail.com,Ruthuresh Arya S J,XII-A2,STUDENT,2026-04-17 09:22:46.051,t,,2026-04-17 04:34:19.829,88d87062-de38-4543-a56a-d284d73897ab
8a75a075-a148-4c61-aa92-b475c2c819c4,aksai,$2b$08$Xw3mrUw/EjaqG5zMkSHzIOJLJbwITajYc/1U48vHQLu3ZKVO.BPMG,aksaiks2009@gmail.com,Aksai,XII-A2,STUDENT,2026-04-17 09:22:46.051,t,,2026-04-17 04:34:20.514,88d87062-de38-4543-a56a-d284d73897ab
43b58b90-a814-4efd-8874-a8c662e6b307,hariharasudhan.r,$2b$08$M/9hSDINMPuikZmWqZZBnew2gfDmpW2mIxj800txbST8yBr9LU03O,goldenpegasus.efx@gmail.com,Hariharasudhan R,XII-A3,STUDENT,2026-04-17 09:22:46.051,t,,2026-04-17 04:34:22.306,88d87062-de38-4543-a56a-d284d73897ab
02a5f640-7742-4622-a181-86ce4bf7afdc,kavin,$2b$08$7Wvjbt9N/buYj3/tzINFXOf/Wyz66DFlPh5RxBIX3/kIaCKEODoE.,,Kavin,XII-A1,STUDENT,2026-04-17 10:23:50.377,t,,2026-04-17 04:34:26.588,88d87062-de38-4543-a56a-d284d73897ab
cf48e95c-ccd3-4508-839c-a0c78ad5d6af,kirubakaran,$2b$08$KSqG2XAd0yRP92h.4n94ROF/FLg/IUEK.7KzhmZ3.Cx/4ogr.OV6.,,Kirubakaran,XII-A1,STUDENT,2026-04-17 10:27:45.824,t,,2026-04-17 04:34:24.669,88d87062-de38-4543-a56a-d284d73897ab
