id,userId,eventId,participantNumber,joinedAt
d2f5780b-7317-48e9-bfe4-d6b743426b17,82099021-20a7-431e-9f59-5abb94e46794,f57ac10f-a520-407c-85aa-31f052ea6ed5,1,2026-04-17 04:25:58.429
d95e0013-82be-411b-ae84-36a5b71c95a3,640210b4-15f5-4392-a9fe-1003a5b64bde,f57ac10f-a520-407c-85aa-31f052ea6ed5,2,2026-04-17 04:25:59.229
5206ca40-8ff8-40f6-8c4d-d40bc8dc96f7,39b7d720-b00f-4db5-acdc-fe6a28594394,f57ac10f-a520-407c-85aa-31f052ea6ed5,3,2026-04-17 04:25:59.876
cba67939-12ec-429c-822f-f979a29c9ce3,dcb87900-5bd9-4a76-a9d6-c04551651f86,f57ac10f-a520-407c-85aa-31f052ea6ed5,4,2026-04-17 04:26:00.491
133449f2-170c-4d65-9b3a-b13c3cf71dc6,8292e6da-da36-4c69-bb20-c9b6f9c2c3ee,f57ac10f-a520-407c-85aa-31f052ea6ed5,5,2026-04-17 04:26:01.067
92accfbb-fa7b-480f-bdae-3a541d9ad0bd,9a1c80ba-9735-4b14-be47-2e29c7d360a3,f57ac10f-a520-407c-85aa-31f052ea6ed5,6,2026-04-17 04:26:01.628
12a70f3a-3276-4a60-9ddf-17296c14a282,6d3cc063-386c-4e81-9680-daa9dc40da88,f57ac10f-a520-407c-85aa-31f052ea6ed5,7,2026-04-17 04:26:02.275
34f8d93b-592c-43b0-87d4-c117219aadfe,dadd1552-0329-4a3d-9283-c7e9fc178963,f57ac10f-a520-407c-85aa-31f052ea6ed5,8,2026-04-17 04:26:02.849
f071cf43-0b15-4003-9bbc-e6019e352ae5,0155c993-e159-4a3b-8cb4-1106b449a124,f57ac10f-a520-407c-85aa-31f052ea6ed5,9,2026-04-17 04:26:03.388
bebfa966-b598-41aa-8008-1efd3cdd401a,e01a3921-ae6e-48fc-a04b-b440ebbaddfb,f57ac10f-a520-407c-85aa-31f052ea6ed5,10,2026-04-17 04:26:03.91
bb5c7bee-956e-45e8-8725-9a2d9260ee2c,b448b940-e172-4174-ac48-d9961a46b951,f57ac10f-a520-407c-85aa-31f052ea6ed5,11,2026-04-17 04:26:10.055
2c27ea59-fd3f-41dd-874d-c577d4c2257e,1a94d1fc-a7f8-4bf4-a15e-d0ac8d2c0f3e,f57ac10f-a520-407c-85aa-31f052ea6ed5,12,2026-04-17 04:26:10.91
1fdb0fa7-7ba3-415d-98bf-8d1873e71782,4d064b59-db6f-4c00-a7bd-dd47165afed8,f57ac10f-a520-407c-85aa-31f052ea6ed5,13,2026-04-17 04:26:11.555
c1912159-ca87-4688-bb09-74ecabfa7252,9651adcc-6e22-42a6-b506-4924d2dbf61b,f57ac10f-a520-407c-85aa-31f052ea6ed5,14,2026-04-17 04:26:12.125
2cba047f-1e6f-4c82-8bf8-62357b6e1b8c,0fedeb0b-ce3d-4ea2-be98-c8ea8439b673,f57ac10f-a520-407c-85aa-31f052ea6ed5,15,2026-04-17 04:26:12.625
e6a14c46-88f9-4d68-8a65-9ad32fd09a53,5acfcb89-71a4-4847-b5ba-b747c0f0c58a,f57ac10f-a520-407c-85aa-31f052ea6ed5,16,2026-04-17 04:26:13.309
71776a88-081d-44d7-830b-554aed4bc65e,ee167702-12fb-4e79-9b71-c1a3d0ee55dd,f57ac10f-a520-407c-85aa-31f052ea6ed5,17,2026-04-17 04:26:13.949
54498e39-0ce1-40e0-9b21-bd2fe862fc72,0ce229a1-dc58-4760-8475-b76faaa19ffa,f57ac10f-a520-407c-85aa-31f052ea6ed5,18,2026-04-17 04:26:14.587
4030a17e-ea73-4ba3-aea6-d3bad3dd58f6,e37e3c8a-d140-4bd3-a4d6-c89fad743e2a,f57ac10f-a520-407c-85aa-31f052ea6ed5,19,2026-04-17 04:26:15.228
82aafab5-8f4f-44ec-85e2-5daaa6a8ce50,56d52538-da5f-4448-825e-dd9b3af16e58,f57ac10f-a520-407c-85aa-31f052ea6ed5,20,2026-04-17 04:26:15.903
6b5f92d4-8707-42ec-a4b6-284d39bea8b6,3e67364b-1669-4370-9904-fa584023f4e1,f57ac10f-a520-407c-85aa-31f052ea6ed5,21,2026-04-17 04:26:16.509
0676d304-74c0-4916-a3d7-97c3dded021b,0c86c28b-6cf4-4e45-b8e8-dcead9cf4422,f57ac10f-a520-407c-85aa-31f052ea6ed5,22,2026-04-17 04:26:17.149
ee783abc-ecbf-4518-80d1-e7ce2e115ac7,e399c905-cafb-4199-9439-9f15919d86c2,f57ac10f-a520-407c-85aa-31f052ea6ed5,23,2026-04-17 04:26:17.789
26658def-f5f8-4dd0-91f3-8ce4f29d0e8b,83fc1576-5e46-4bae-9238-994beccf1bc6,f57ac10f-a520-407c-85aa-31f052ea6ed5,24,2026-04-17 04:26:18.295
948d0f1f-9098-49ef-809a-be1828a8abdb,2c9c5075-fc3e-43f9-8fd8-8826d2ff4491,f57ac10f-a520-407c-85aa-31f052ea6ed5,25,2026-04-17 04:26:18.8
6a28687c-651d-4fa8-9cd9-9ee0c8ae1401,08b9e6da-978e-48e0-ad00-2efc29254f3f,f57ac10f-a520-407c-85aa-31f052ea6ed5,26,2026-04-17 04:26:19.389
85cdac7c-9911-4e18-8368-5f6fb0eb9cda,9614eb1b-7eed-468d-be6b-99e39ace6227,f57ac10f-a520-407c-85aa-31f052ea6ed5,27,2026-04-17 04:26:19.898
ca69f3d7-e0fe-401c-801d-49a9a83fba41,49c11042-6782-4e99-b97b-2acc0dd9899a,f57ac10f-a520-407c-85aa-31f052ea6ed5,28,2026-04-17 04:26:20.51
ace98fe7-68d0-45e0-9442-5f30dfbf6cee,0bdf1b36-32e6-44bb-8f3f-d925932add35,f57ac10f-a520-407c-85aa-31f052ea6ed5,29,2026-04-17 04:26:21.149
b1db7649-e50f-4549-9814-0135d53c49f3,d0f0e917-cd51-470b-8476-db9f2ccd33b4,f57ac10f-a520-407c-85aa-31f052ea6ed5,30,2026-04-17 04:26:21.771
680f1934-4925-40e6-bee4-8680b9667653,778e8e08-a9ec-4dc8-9c22-017dc92ea0cd,f57ac10f-a520-407c-85aa-31f052ea6ed5,31,2026-04-17 04:26:22.428
27bed68b-a819-49e5-8f6e-c474afaec02b,1a76af95-1fba-4730-9ea4-3773d1649d5a,f57ac10f-a520-407c-85aa-31f052ea6ed5,32,2026-04-17 04:26:22.927
f5fc0b77-2629-4c6e-be71-d4ec88850c89,1d9c5d60-e2bb-4d62-a4fe-23e4d269f411,f57ac10f-a520-407c-85aa-31f052ea6ed5,33,2026-04-17 04:26:23.551
b09e63b9-4036-4a7d-ab7a-7c73b0ae72ae,57fd170e-8fcf-425e-aafb-34331dbe4494,f57ac10f-a520-407c-85aa-31f052ea6ed5,34,2026-04-17 04:26:24.095
1323b065-daa0-462e-9f41-18bafe60d878,d39050bd-ce5c-4719-ae39-d694ab777186,f57ac10f-a520-407c-85aa-31f052ea6ed5,35,2026-04-17 04:26:24.67
f5adc35a-1fb4-4826-a78c-298f8a38a6b9,21d53331-bf7e-4a4a-8242-daa5236fc398,f57ac10f-a520-407c-85aa-31f052ea6ed5,36,2026-04-17 04:26:25.309
e549a5a5-1e45-442b-88b3-13b2b8b32d39,ad2ea128-38e3-4ed1-a9e9-612e79f000bd,f57ac10f-a520-407c-85aa-31f052ea6ed5,37,2026-04-17 04:26:26.269
d723c9df-f724-47f8-8293-04d19d4a2f48,58ae3205-b2a2-4b49-8b06-3db06018640a,f57ac10f-a520-407c-85aa-31f052ea6ed5,38,2026-04-17 04:26:26.908
5836e56c-4f5a-44a8-895b-1f2adf80ec52,0bf8acec-450c-44e6-899a-2391b1cccaec,f57ac10f-a520-407c-85aa-31f052ea6ed5,39,2026-04-17 04:26:27.528
62ffe292-dc88-439c-8cb0-1ab875c4d9fd,5f42d829-f4be-4762-8706-6ee43f14526b,f57ac10f-a520-407c-85aa-31f052ea6ed5,40,2026-04-17 04:26:28.152
4faee8bd-76ce-4176-b8f3-07c354589c1b,941a564c-77b9-48d6-920a-648da559328e,f57ac10f-a520-407c-85aa-31f052ea6ed5,41,2026-04-17 04:26:28.645
be537bca-3101-4e6e-a4f8-f2dce9ee1d0c,8c7484f8-84c2-475a-97e2-859b7abc6883,f57ac10f-a520-407c-85aa-31f052ea6ed5,42,2026-04-17 04:26:29.379
8ac1ce18-40ae-4be8-a09a-d29e7ffdde72,e8ec8ac3-72eb-420a-80e3-1be06708b38c,f57ac10f-a520-407c-85aa-31f052ea6ed5,43,2026-04-17 04:26:29.902
0fc52253-f84a-4211-9331-0b5a9008d5cb,0b32d4cc-c2f4-4667-98d4-6ac9580694ec,f57ac10f-a520-407c-85aa-31f052ea6ed5,44,2026-04-17 04:26:30.529
b43079c7-40ec-4722-9450-73dbd8711e9a,0909b68c-aaca-4bf2-a2cd-bbdeecdee3e8,f57ac10f-a520-407c-85aa-31f052ea6ed5,45,2026-04-17 04:26:31.069
bf3240e3-ef4e-489a-bcbc-21bb1b6e70cc,b90a9c80-0433-49e1-b0ba-06f4234b647e,f57ac10f-a520-407c-85aa-31f052ea6ed5,46,2026-04-17 04:26:31.709
61136e16-4cad-4013-bdef-fb5e8c314396,7eccbf69-14a3-4d28-923a-c3d2ccc15873,f57ac10f-a520-407c-85aa-31f052ea6ed5,47,2026-04-17 04:26:32.29
50fe24f9-47fb-4e84-907f-b8fdc7e1cf0b,17476afe-7fbd-4f5a-8266-b5d92173f7ef,f57ac10f-a520-407c-85aa-31f052ea6ed5,48,2026-04-17 04:26:32.856
d883a937-8afa-4b61-b23b-a25ebbf19894,cbda3b01-8d5c-4bca-ae8c-9eef22d085da,f57ac10f-a520-407c-85aa-31f052ea6ed5,49,2026-04-17 04:26:33.471
4a990dd1-4c70-48c6-8012-19407ce69008,1daaac2e-a8cd-417f-8c9f-827df7a64dcf,f57ac10f-a520-407c-85aa-31f052ea6ed5,50,2026-04-17 04:26:34.135
d832a204-400c-4b27-a764-f0d433cf00ba,3ed999a7-456c-4e7b-a70d-fc069e338889,f57ac10f-a520-407c-85aa-31f052ea6ed5,51,2026-04-17 04:26:34.749
7e02c3b6-e48b-468b-ab86-13b1d46916df,8f893900-33b1-466b-aa6a-a878ab337074,f57ac10f-a520-407c-85aa-31f052ea6ed5,52,2026-04-17 04:26:35.25
a683bef6-58f3-49ef-9a68-9a7f055851e9,f18dfe31-9680-4f29-aba5-7726a2b296bf,f57ac10f-a520-407c-85aa-31f052ea6ed5,53,2026-04-17 04:26:35.897
b893f34b-fdfb-4f82-80dc-33b18906e061,f235b933-cb0a-42c0-8b77-c8bc8b19b4ac,f57ac10f-a520-407c-85aa-31f052ea6ed5,54,2026-04-17 04:26:36.51
00d47fdb-4750-4272-b891-ce1b896a5275,17b83f64-278e-4ff9-b656-d45937dd4fc4,f57ac10f-a520-407c-85aa-31f052ea6ed5,55,2026-04-17 04:26:37.156
5b6ee9eb-00de-4ef6-9297-aed899cee5c8,26dad967-6886-4305-b385-3400cde5a964,f57ac10f-a520-407c-85aa-31f052ea6ed5,56,2026-04-17 04:26:37.658
7511fd0c-75d3-40b4-bf1e-6aa7112850fe,7810aaf2-8dd8-4d53-9477-5442f1103233,f57ac10f-a520-407c-85aa-31f052ea6ed5,57,2026-04-17 04:26:38.204
3074948c-17c2-4f3c-b396-26fb2cd53c81,0182159a-8a5a-4562-b230-ec4bd8e2cfc9,f57ac10f-a520-407c-85aa-31f052ea6ed5,58,2026-04-17 04:26:38.796
abe8e77b-5fd7-4dca-b0b3-98afae2b0a45,4bc0bc61-6cda-4aae-954d-4d7ed465c815,f57ac10f-a520-407c-85aa-31f052ea6ed5,59,2026-04-17 04:26:39.335
10c5029f-46f7-4177-94a0-e808fdf445a3,0fe1286b-b294-42e0-8acd-fa377cd166cf,f57ac10f-a520-407c-85aa-31f052ea6ed5,60,2026-04-17 04:26:39.838
d20961dc-fbdd-46cf-9ea5-38047346e8c4,902cdc82-6e20-450c-955f-c13491ebf0ef,f57ac10f-a520-407c-85aa-31f052ea6ed5,61,2026-04-17 04:26:40.54
bef55edf-c6fd-4d2c-9004-ca0f4cb25b78,cd7c2c47-113b-42da-bcc7-0ec4fb4e2618,f57ac10f-a520-407c-85aa-31f052ea6ed5,62,2026-04-17 04:26:44.375
b0e7c1a5-83ef-48e5-9999-90292f18a822,38087dff-7339-42ef-9ba8-dcc9eb36963a,f57ac10f-a520-407c-85aa-31f052ea6ed5,63,2026-04-17 04:26:44.88
b6517666-e2cb-49e5-a761-3e33c672be2d,15ef0388-6643-4e15-aae0-5bff9c5c6687,f57ac10f-a520-407c-85aa-31f052ea6ed5,64,2026-04-17 04:26:45.398
d407d112-57d1-4d97-aa83-d7fe3aca6465,bf03ae65-a3e8-464a-80ef-12d8d6863c89,f57ac10f-a520-407c-85aa-31f052ea6ed5,65,2026-04-17 04:26:46.088
4e1b8255-d0f3-44da-8796-7602a55a0a6e,f3322c05-95af-46a3-9829-40332a2135a6,f57ac10f-a520-407c-85aa-31f052ea6ed5,66,2026-04-17 04:26:46.749
ce8d653b-3c59-4915-9d81-5e887f877dcd,28a02786-d533-4a1f-b44e-67895fa8cb4a,f57ac10f-a520-407c-85aa-31f052ea6ed5,67,2026-04-17 04:26:47.248
f9bba252-6588-4891-803b-41e0be1da8c1,2b6b5f05-2f37-4d80-a478-b16e450f3358,f57ac10f-a520-407c-85aa-31f052ea6ed5,68,2026-04-17 04:26:47.851
1a7905ce-4afe-4e93-a758-6743ecddaa4c,316d0ef9-3596-406f-974d-3d3bb82172a1,f57ac10f-a520-407c-85aa-31f052ea6ed5,69,2026-04-17 04:26:48.376
643bb6fa-e7fd-4434-86ff-81b2aa4198d3,8feab4a3-20e4-48ff-b9ea-a9cc612ef8cc,f57ac10f-a520-407c-85aa-31f052ea6ed5,70,2026-04-17 04:26:48.967
48316f7c-2187-46ee-a425-eca71bc3e1ea,1a0a64a3-96c3-4742-9f52-9678da1921fd,f57ac10f-a520-407c-85aa-31f052ea6ed5,71,2026-04-17 04:26:49.628
1a1ef357-019b-479a-b171-21468b2c6365,b19ce3ea-90c7-4c5f-b1fd-2bbef2efb0a4,f57ac10f-a520-407c-85aa-31f052ea6ed5,72,2026-04-17 04:26:50.295
003fefa5-2cef-4df9-a5eb-a78ec598c27d,8b084f2e-30be-4d4e-838b-6cb1d0dccb1e,f57ac10f-a520-407c-85aa-31f052ea6ed5,73,2026-04-17 04:26:50.911
759924ba-fc28-4c34-b8b8-2525b998216f,07555dfb-053e-40ec-a3e1-f83834d0f7d8,f57ac10f-a520-407c-85aa-31f052ea6ed5,74,2026-04-17 04:26:56.548
747dc8c8-eb7c-4381-85bf-c0aa879e1502,cb1238f4-c212-450d-b851-b305d8bf8c36,f57ac10f-a520-407c-85aa-31f052ea6ed5,75,2026-04-17 04:26:57.148
ef2b4046-53d9-4b48-95d7-3e27c0217134,c112f8e2-390d-4a06-b9fa-3554e4b94850,f57ac10f-a520-407c-85aa-31f052ea6ed5,76,2026-04-17 04:26:57.725
d4554bdd-8944-4fd8-a53a-3b3e1ab9a10a,c01204c8-55d4-4bb2-874c-9d629ea8e21a,f57ac10f-a520-407c-85aa-31f052ea6ed5,77,2026-04-17 04:26:58.27
5a0e629d-f5c8-4601-a2ca-1c895d7eec06,abaa99d9-761d-4706-953b-d7a1208d26db,f57ac10f-a520-407c-85aa-31f052ea6ed5,78,2026-04-17 04:26:58.924
6434e6e5-c3a0-4517-8f69-06e7c3c7cf4a,2d1c8567-5742-4b65-b300-ec5656adc9d1,f57ac10f-a520-407c-85aa-31f052ea6ed5,79,2026-04-17 04:26:59.549
5151fdef-d10b-4ac7-8db8-9417f56c5a70,4f895e5a-5240-4280-ad7c-a47b405c7f3b,f57ac10f-a520-407c-85aa-31f052ea6ed5,80,2026-04-17 04:27:00.135
6650c93a-46b0-4691-8f9b-3356c38f858c,715d265b-9ea8-4aad-a1f2-74d5589b507c,f57ac10f-a520-407c-85aa-31f052ea6ed5,81,2026-04-17 04:27:00.829
3ddad922-9abc-4081-a446-681157b470f6,97ad62f4-bad3-487b-89f3-26b0c94015a1,f57ac10f-a520-407c-85aa-31f052ea6ed5,82,2026-04-17 04:27:01.469
790159f5-6026-46ec-abbd-f6d9e32ae565,804552d7-e4ac-43fa-ac92-a34524bcc27c,f57ac10f-a520-407c-85aa-31f052ea6ed5,83,2026-04-17 04:27:02.109
a393dd9a-d2ac-4f53-a8c6-6c1b4845b944,ed09d530-a96a-455c-9dd1-a9a053aa65de,f57ac10f-a520-407c-85aa-31f052ea6ed5,84,2026-04-17 04:27:02.782
e16575b7-35e4-4238-9dc4-14a556551707,eba81a45-f3ba-4e15-8c70-2f5e502206f9,f57ac10f-a520-407c-85aa-31f052ea6ed5,85,2026-04-17 04:27:03.315
c06a04d8-70d5-4db1-8418-791c7e840a9d,a4d3350e-6313-489c-be62-5daba90ffc08,f57ac10f-a520-407c-85aa-31f052ea6ed5,86,2026-04-17 04:27:04.029
53b7023b-21ed-4832-bb77-09a4b8dfd010,fdc75632-55ce-4dbd-9583-5c028fa068de,f57ac10f-a520-407c-85aa-31f052ea6ed5,87,2026-04-17 04:27:04.669
06dbca6f-4bb5-49c1-bc23-19dbe812f668,71952a3c-3964-4153-a6bf-8d02dbe812b7,f57ac10f-a520-407c-85aa-31f052ea6ed5,88,2026-04-17 04:27:05.31
76797b1f-37ca-46f3-99ac-22e6dc381941,bc1060d4-a418-4b9c-af2d-5dddb54813b9,f57ac10f-a520-407c-85aa-31f052ea6ed5,89,2026-04-17 04:27:05.935
44628c58-a8ba-4ead-8737-d5a3b61c6b8e,d6c40f95-78a4-41ff-99ca-92ada2fa7a25,f57ac10f-a520-407c-85aa-31f052ea6ed5,90,2026-04-17 04:27:06.52
7d29d64a-45ac-4d8c-acdf-c37856352e56,ce03a5a1-5b13-455d-bf3c-d863e88bf12f,f57ac10f-a520-407c-85aa-31f052ea6ed5,91,2026-04-17 04:27:07.175
172c2902-4314-4ec7-868c-132fb892df2f,963fec59-78ac-420b-9d9e-84e6bae46cd0,f57ac10f-a520-407c-85aa-31f052ea6ed5,92,2026-04-17 04:27:07.709
dba1b73a-f6d5-44a4-8d44-6c77de111dd2,33a61d52-3347-4686-871d-f0eee1598765,f57ac10f-a520-407c-85aa-31f052ea6ed5,93,2026-04-17 04:27:08.214
9954a9db-4da4-43ac-acda-f683cd7db4b7,2782b08c-7fd4-4250-b9e5-7683c0874c98,f57ac10f-a520-407c-85aa-31f052ea6ed5,94,2026-04-17 04:27:08.766
02d27203-805f-4816-9604-0b68a34971d5,4d118df1-80fa-40d1-9960-f7bb12d1e4fa,f57ac10f-a520-407c-85aa-31f052ea6ed5,95,2026-04-17 04:27:09.308
cbf7e2e2-7ac1-4d0d-9a24-f393f1070fae,b49dd6eb-4a05-43df-adf2-8e022b550aa8,f57ac10f-a520-407c-85aa-31f052ea6ed5,96,2026-04-17 04:27:09.982
f914ef46-2628-45e4-929e-d1b378652106,b221205f-05b8-4be8-89d5-493ac9bc23e0,f57ac10f-a520-407c-85aa-31f052ea6ed5,97,2026-04-17 04:27:10.588
939ccc3b-3352-45c8-a898-28d79b5d7003,0d6f69cc-57c8-4094-b72d-41b251c0de56,f57ac10f-a520-407c-85aa-31f052ea6ed5,98,2026-04-17 04:27:11.095
f28aa711-86d1-454d-a8f7-9bef9ccda939,c15c0884-27c8-4e33-9f94-d15539014060,f57ac10f-a520-407c-85aa-31f052ea6ed5,99,2026-04-17 04:27:11.844
1bc3080d-6b58-42fa-b462-ee87eb1163f6,166525fb-5cc1-4883-a70f-a5db42b90d1c,f57ac10f-a520-407c-85aa-31f052ea6ed5,100,2026-04-17 04:27:12.368
141e340c-ce22-4efe-b510-3624e47008aa,2b258a2a-639d-4f06-b934-cee9812144d2,f57ac10f-a520-407c-85aa-31f052ea6ed5,101,2026-04-17 04:27:12.859
e4b72985-8a61-4900-acbb-08d0a9603651,bce35dfc-1e78-47b2-8079-e4c0372736c9,f57ac10f-a520-407c-85aa-31f052ea6ed5,102,2026-04-17 04:27:13.359
77c0b8a2-50c7-41c2-8db8-57588a6fb4d5,c152cba1-4efe-43be-b5e5-27d69079d29e,f57ac10f-a520-407c-85aa-31f052ea6ed5,103,2026-04-17 04:27:13.895
a50d1d19-797a-4b9a-9771-4b81f0683d0c,2c738779-8e62-4a41-ab0a-4fa9585c961c,f57ac10f-a520-407c-85aa-31f052ea6ed5,104,2026-04-17 04:27:14.445
bbab0960-439c-4cd1-93fd-647a287a4256,5451a167-5999-495c-ada9-594e65241682,f57ac10f-a520-407c-85aa-31f052ea6ed5,105,2026-04-17 04:27:15.011
b9b336fb-7620-4120-8fe2-71cb632ecd1d,c877df02-02a6-4282-9cbe-c81ab017700b,f57ac10f-a520-407c-85aa-31f052ea6ed5,106,2026-04-17 04:27:15.545
c03c83f7-8bdd-4bca-bbf1-2f09f1c341dd,0eaad145-8078-40c2-b21b-a99d6a7325df,f57ac10f-a520-407c-85aa-31f052ea6ed5,107,2026-04-17 04:27:16.19
ab62c41f-6192-43c4-b267-5076125f8c83,d4ffd6cc-9b1c-4d2f-9772-ad4c39106842,f57ac10f-a520-407c-85aa-31f052ea6ed5,108,2026-04-17 04:27:16.831
882e244d-0d3a-4eb2-87d2-3ac9410324bb,e088125b-c75e-434b-90ce-2d11aa4b1146,f57ac10f-a520-407c-85aa-31f052ea6ed5,109,2026-04-17 04:27:17.47
d1c0cfff-eed6-4a3f-8949-f314e643ef9c,43f278d4-5079-4ebc-9ccc-3c38d9659539,f57ac10f-a520-407c-85aa-31f052ea6ed5,110,2026-04-17 04:27:18.11
d86cc122-8357-4aed-af57-d9681fc31596,76af9095-5775-424a-a8f7-99fa0c2f4f8a,f57ac10f-a520-407c-85aa-31f052ea6ed5,111,2026-04-17 04:27:18.705
5d2b25b0-b39a-41ce-842e-750e88b5d948,926c7b26-c17e-4d84-b685-2343af232c50,f57ac10f-a520-407c-85aa-31f052ea6ed5,112,2026-04-17 04:27:19.305
e7700161-970c-4fd5-a43e-ec3614f07f0f,a2b4c9db-783e-443e-9aa9-947be3da3d72,f57ac10f-a520-407c-85aa-31f052ea6ed5,113,2026-04-17 04:27:19.805
07c1a142-1859-4a18-a813-139f66d11e5a,cb200035-fd20-4431-a056-11a7977809d4,f57ac10f-a520-407c-85aa-31f052ea6ed5,114,2026-04-17 04:27:20.355
92428703-0f19-4c0b-949a-f0c3cbcb9593,b3b85ddf-f0e9-41a1-9e77-b3d6fe57fd92,f57ac10f-a520-407c-85aa-31f052ea6ed5,115,2026-04-17 04:27:20.989
7da222ff-8ddf-4a25-a9a0-62f6f9fbe994,a276db23-8b57-4fb8-bc06-59bbf14f7100,f57ac10f-a520-407c-85aa-31f052ea6ed5,116,2026-04-17 04:27:21.629
a3854a6c-a54c-4c99-8523-5f95c4344b1e,006eee1f-7c23-4324-b8e0-3234d930131f,f57ac10f-a520-407c-85aa-31f052ea6ed5,117,2026-04-17 04:27:22.269
bb4ff7a2-ebf9-4c43-b941-8973326b4087,cd3fce12-0fbc-4c8c-923b-8d0db1d0a4dd,f57ac10f-a520-407c-85aa-31f052ea6ed5,118,2026-04-17 04:27:22.816
44286c90-c5de-4ed2-bf72-7a22ba04d936,dbba1f0b-1211-44f1-b727-2bd457c6203b,f57ac10f-a520-407c-85aa-31f052ea6ed5,119,2026-04-17 04:27:23.394
c6f15064-e65e-4b4a-b203-632b842572f5,bd262987-52d6-4e1f-acf8-f0b78aa44ee9,f57ac10f-a520-407c-85aa-31f052ea6ed5,120,2026-04-17 04:27:24.037
c2a490ec-ddcc-446d-9caf-2262a103462f,996b54c6-df4b-42e0-b36a-0b183de8fa03,f57ac10f-a520-407c-85aa-31f052ea6ed5,121,2026-04-17 04:27:24.545
2216a46f-dbf0-431a-987b-e328e428ba20,5447cc7a-9630-4dc1-a474-fca1ddf341e6,f57ac10f-a520-407c-85aa-31f052ea6ed5,122,2026-04-17 04:27:25.085
6144944b-cb16-4a21-8555-0fb4261cdeaa,d57b3905-c415-4356-a4ec-1838dd74e7ea,f57ac10f-a520-407c-85aa-31f052ea6ed5,123,2026-04-17 04:27:25.771
1d33164b-aa12-4759-944c-16d2cefd05a1,e7c59bf7-cc28-469f-af2e-1033af751ce0,f57ac10f-a520-407c-85aa-31f052ea6ed5,124,2026-04-17 04:27:26.389
52f61757-c7f7-45c9-b4c9-be82694ce66e,8d19d3c4-6471-44d6-8d83-1551d7c0517c,f57ac10f-a520-407c-85aa-31f052ea6ed5,125,2026-04-17 04:27:27.231
a3ac9c12-b1a2-43ba-bd83-90ae87cbe0e9,eb08ca34-16d5-4bc4-94c7-1ad571208b5b,f57ac10f-a520-407c-85aa-31f052ea6ed5,126,2026-04-17 04:27:27.805
137e3db2-1a0c-48db-aaf7-2fe98cd81681,370d43cb-b8ab-4c4a-a501-6fb750e84a2f,f57ac10f-a520-407c-85aa-31f052ea6ed5,127,2026-04-17 04:27:28.53
c5b3c1b2-b830-436a-9f89-5f1fc972ec77,27a69e03-7147-4f1d-8331-650a51e441e2,f57ac10f-a520-407c-85aa-31f052ea6ed5,128,2026-04-17 04:27:32.763
308f2afc-b2c5-487d-9cac-d0d1ab6b2509,cd63e7c5-8d29-4d59-adaa-e76fbbc1aabd,f57ac10f-a520-407c-85aa-31f052ea6ed5,129,2026-04-17 04:27:33.308
a49fe1f9-76f2-45a6-bf7e-ad58e72a189c,9a9af92a-7c5d-49ec-953f-9f230f9c3bc5,f57ac10f-a520-407c-85aa-31f052ea6ed5,130,2026-04-17 04:27:33.951
3f5f3521-2ff8-401c-bfc2-79492bb55e29,bdfbbf0a-e44e-4f66-a792-297d42655f85,f57ac10f-a520-407c-85aa-31f052ea6ed5,131,2026-04-17 04:27:34.653
f2acf7ad-22a0-4ec6-8de8-bf2d7fa02936,038ba9c9-05c2-44a3-9f33-21941d6b13d3,f57ac10f-a520-407c-85aa-31f052ea6ed5,132,2026-04-17 04:27:35.228
b4d1e304-8b67-4b4d-8894-78a507c6d3ad,e5281933-cab1-4a55-98f0-8ebee5451ee5,f57ac10f-a520-407c-85aa-31f052ea6ed5,133,2026-04-17 04:27:35.866
a340658b-0037-4d08-aa28-3a5d51b6d303,6d3e1cc2-1774-4e0f-bbb7-21f0468e81d0,f57ac10f-a520-407c-85aa-31f052ea6ed5,134,2026-04-17 04:27:36.354
9a0a9061-94c1-413b-8a38-209b7cb7e79c,289fc8f4-4e54-45ee-8816-dd99f02cd6bb,f57ac10f-a520-407c-85aa-31f052ea6ed5,135,2026-04-17 04:27:36.96
756063d7-e8e2-4f90-9cda-d972d5f3bca6,5efac7b6-2605-4f18-9a35-2a71e7d6bdc0,f57ac10f-a520-407c-85aa-31f052ea6ed5,136,2026-04-17 04:27:37.628
e4eb860a-3c01-4384-9c99-da79ee481eae,ca35df0c-8896-47e7-9dcd-485fa1d8274b,f57ac10f-a520-407c-85aa-31f052ea6ed5,137,2026-04-17 04:27:38.21
d0e025dd-ce0c-45fa-957a-f5c2838059ba,c9b1368e-8ce8-4176-9867-ef48891d8ca5,f57ac10f-a520-407c-85aa-31f052ea6ed5,138,2026-04-17 04:27:38.94
465c9ab7-72d9-4b6a-a35c-b56bffaa2171,d22a46cc-5ca1-4ee5-acef-0d1d2b1fdf83,f57ac10f-a520-407c-85aa-31f052ea6ed5,139,2026-04-17 04:27:39.465
f21173a6-3f57-4643-bbb3-c64bcfe405d1,36ee50db-b493-43dc-b9d7-51cc4f4916e0,f57ac10f-a520-407c-85aa-31f052ea6ed5,140,2026-04-17 04:27:40.005
5f53a2be-1e28-4f08-acf3-0071fd339415,1319181f-6f3c-435a-b43f-0f1c9db34303,f57ac10f-a520-407c-85aa-31f052ea6ed5,141,2026-04-17 04:27:40.515
52062c0c-a37e-4feb-adf4-76c5774ef1c9,c15fa367-a67a-439c-aa44-3d5413987a82,f57ac10f-a520-407c-85aa-31f052ea6ed5,142,2026-04-17 04:27:41.016
a52c076c-d4a5-472b-aec4-dd3d27016bd2,4f7c2ed7-83a1-4fa7-ac08-c7c3640fd0b2,f57ac10f-a520-407c-85aa-31f052ea6ed5,143,2026-04-17 04:27:46.229
fb61ce3d-5bc1-4e96-8362-bb784a1b83f2,ae512a82-7989-4fb2-87f7-abece7160322,f57ac10f-a520-407c-85aa-31f052ea6ed5,144,2026-04-17 04:27:46.82
864ad97e-dfd7-4f41-94a6-75d5e1ef8f7e,1d7d8a6d-b644-489f-8c94-3b8fe34d9c9a,f57ac10f-a520-407c-85aa-31f052ea6ed5,145,2026-04-17 04:27:47.378
44961eac-4325-44f3-acbf-d44c8172b68b,12b01164-8204-4162-a8d5-1c7128b05523,f57ac10f-a520-407c-85aa-31f052ea6ed5,146,2026-04-17 04:27:48.358
34d48296-e8e3-491e-bd9d-71cb66bd0b82,c909bd23-7897-4dea-8402-2cca7a3df7c6,f57ac10f-a520-407c-85aa-31f052ea6ed5,147,2026-04-17 04:27:48.915
7d1da632-9b81-4983-b280-dc483362f236,e34b9241-22a9-4da5-a69b-90c53ec1b42a,f57ac10f-a520-407c-85aa-31f052ea6ed5,148,2026-04-17 04:27:49.488
b01e3c05-dc95-473d-9f08-5f7bb86c8fae,6adb7973-2e74-4cd2-9cf4-f25fa28d9537,f57ac10f-a520-407c-85aa-31f052ea6ed5,149,2026-04-17 04:27:50.103
71c9484a-9e0f-463f-a81f-30775a2d1a72,69755a35-d3e1-4d6d-b090-a4075401f6be,f57ac10f-a520-407c-85aa-31f052ea6ed5,150,2026-04-17 04:27:50.654
716ee69b-0710-41f9-8070-678364a9727f,869341ac-0069-4fc0-8633-3c9aee4b1ea5,f57ac10f-a520-407c-85aa-31f052ea6ed5,151,2026-04-17 04:27:51.19
3b6b7065-78d1-44b3-a97b-16e913e7aeb2,98756797-2698-49ad-8386-f44cd0af6aa5,f57ac10f-a520-407c-85aa-31f052ea6ed5,152,2026-04-17 04:27:51.779
b75124be-ceb0-4cfd-af3c-e6cf9016d0d2,a88f44fe-42a8-497e-8c5b-5808c2ebd89a,f57ac10f-a520-407c-85aa-31f052ea6ed5,153,2026-04-17 04:27:52.288
0e5cfed3-d90a-4217-92c5-5183eec9ac7f,e38f67a9-a638-4535-ac38-d35bbb34b7bf,f57ac10f-a520-407c-85aa-31f052ea6ed5,154,2026-04-17 04:27:52.849
a3552506-a2ab-4e3a-912d-e3eb75de55e2,4d71b783-6efe-4578-8dc1-13bc66217d9d,f57ac10f-a520-407c-85aa-31f052ea6ed5,155,2026-04-17 04:27:53.368
e79817a9-b0d6-47a2-b08c-512a66fae93f,bc882337-700c-4958-81cf-36ef60a814b1,f57ac10f-a520-407c-85aa-31f052ea6ed5,156,2026-04-17 04:27:53.902
e18d9e51-f195-4ea9-aa06-9a6470043d8c,7970d1bb-6664-4bba-aa94-91009f105865,f57ac10f-a520-407c-85aa-31f052ea6ed5,157,2026-04-17 04:27:54.413
47d90f04-be44-424f-adb6-8b1e5a18a675,d3e145ad-e79b-400f-b982-c2cf0345200f,f57ac10f-a520-407c-85aa-31f052ea6ed5,158,2026-04-17 04:27:54.945
de6aef9a-5ee0-48a5-b665-3139ce531a97,f80c238b-3e8b-42e7-b6ff-2cc64b13351e,f57ac10f-a520-407c-85aa-31f052ea6ed5,159,2026-04-17 04:27:55.49
050fcf09-d202-48b0-a1d3-08af961ab779,43409e31-ad4d-4b67-bbbe-5576f2135610,f57ac10f-a520-407c-85aa-31f052ea6ed5,160,2026-04-17 04:27:56.062
361cb68c-72a1-4bd8-ab7d-7fdebecb22a7,8c1aa733-91d0-499a-bcf2-920534820dc7,f57ac10f-a520-407c-85aa-31f052ea6ed5,161,2026-04-17 04:27:56.638
7314ab80-b17b-4d11-b6e1-a933bb8034e4,5326a312-cee5-401f-8c51-29d5f269b0a1,f57ac10f-a520-407c-85aa-31f052ea6ed5,162,2026-04-17 04:27:57.208
847181d5-3e52-4b97-a292-dfc97ddcb60c,203ad603-f19d-4c88-91c2-797893315ac4,f57ac10f-a520-407c-85aa-31f052ea6ed5,163,2026-04-17 04:27:57.757
19e14048-d4e3-4e05-9d05-93e11547f19e,8e53bdb5-5b9b-4a62-9e84-e647c3e28a87,f57ac10f-a520-407c-85aa-31f052ea6ed5,164,2026-04-17 04:27:58.295
8d8583ff-7ba6-4348-8e75-df708bca48df,58c1f7e6-01bf-4f5e-af55-f1c3babaf1eb,f57ac10f-a520-407c-85aa-31f052ea6ed5,165,2026-04-17 04:27:59.181
3759d682-ae86-4966-b766-1cd23b6276a4,ed8b70e0-3ab8-40d4-a828-2adea07ece22,f57ac10f-a520-407c-85aa-31f052ea6ed5,166,2026-04-17 04:27:59.684
53a6d822-c14d-43a2-86bd-1c784baeee25,a6351b73-f369-4472-9d2c-2f27dd8e0d23,f57ac10f-a520-407c-85aa-31f052ea6ed5,167,2026-04-17 04:28:00.263
3066fec7-7cf5-4f7e-8761-3b868704048b,56d91cff-508d-4ac3-a681-f52f7ed59d62,f57ac10f-a520-407c-85aa-31f052ea6ed5,168,2026-04-17 04:28:00.808
fdf6c914-7678-4f70-8030-69d0fb474532,cc4542df-c05b-4724-933f-d5549f720593,f57ac10f-a520-407c-85aa-31f052ea6ed5,169,2026-04-17 04:28:01.372
40f0c6df-91b2-47bb-b553-30eb6b90ce32,95c4a4af-508d-4c1c-afbc-eaef6918ab6a,f57ac10f-a520-407c-85aa-31f052ea6ed5,170,2026-04-17 04:28:05.163
ec0bda94-682b-4d5c-a820-2d0adc7b0451,81eee1a0-38e2-4cab-a2d4-74687bd7dc68,f57ac10f-a520-407c-85aa-31f052ea6ed5,171,2026-04-17 04:28:05.69
b913070e-aa1e-45a6-a878-fb1022f25ff8,0d972d9a-c613-45ae-b7ec-ec87ef798783,f57ac10f-a520-407c-85aa-31f052ea6ed5,172,2026-04-17 04:28:06.22
151d3916-051d-47b0-ad71-fafe4b1a43ae,782153e5-5930-4c26-a877-d5b10be8c5bd,f57ac10f-a520-407c-85aa-31f052ea6ed5,173,2026-04-17 04:28:06.728
77359f82-c4dd-4c45-9e33-4096b4fa7dbf,73439b86-5925-406b-b068-32142d5233fe,f57ac10f-a520-407c-85aa-31f052ea6ed5,174,2026-04-17 04:28:07.25
04635f24-78c4-43b2-9dd4-43f9b3e17241,bf492f3e-1c43-43cb-88b4-1f0878f07c6b,f57ac10f-a520-407c-85aa-31f052ea6ed5,175,2026-04-17 04:28:07.835
791a4f44-fa16-42bf-a633-5920291a8913,7893dbae-43b5-484b-bc07-efb64822a676,f57ac10f-a520-407c-85aa-31f052ea6ed5,176,2026-04-17 04:28:08.376
49ec8c64-a3b6-4f48-9b5c-0a2c79caf61b,353cabe0-915d-4d62-8d90-6c7693a77d2f,f57ac10f-a520-407c-85aa-31f052ea6ed5,177,2026-04-17 04:28:08.938
0479053a-8ef4-484d-a151-e8b113393240,d5a093cb-114f-46d9-a1e0-95bcfc7a332b,f57ac10f-a520-407c-85aa-31f052ea6ed5,178,2026-04-17 04:28:09.454
8f10c298-c1c0-48ce-953f-f3bc5e41245b,5e67a41c-8b45-4a85-a171-42abbceb7b2d,f57ac10f-a520-407c-85aa-31f052ea6ed5,179,2026-04-17 04:28:09.989
8afa8bc3-9af9-468c-9cb9-6fde1249bb25,d0205c92-6960-4ed7-ae18-1c7e5a8d96fe,f57ac10f-a520-407c-85aa-31f052ea6ed5,180,2026-04-17 04:28:10.536
bb1a6109-980e-4a76-b414-d5e9e31f1c83,74064ed7-a2b8-48a8-a8d1-1b394453df05,f57ac10f-a520-407c-85aa-31f052ea6ed5,181,2026-04-17 04:28:11.043
eb362ab7-6636-46ef-b895-dee8241f7da4,95c6b49f-eee2-4a17-9277-26ed1dd063e5,f57ac10f-a520-407c-85aa-31f052ea6ed5,182,2026-04-17 04:28:16.327
a3b87ea1-c99c-4b02-8faf-0a60174709b1,9a1fc1b7-acb0-4d93-b69e-e91120f3313e,f57ac10f-a520-407c-85aa-31f052ea6ed5,183,2026-04-17 04:28:16.927
a5847c7e-395b-4ee4-9db2-fb42c2e20c40,b58a75f2-71e0-48f6-b23e-06614904b247,f57ac10f-a520-407c-85aa-31f052ea6ed5,184,2026-04-17 04:28:17.448
45f62283-6890-44b4-bccf-5bfcdb89ccc6,40a77f05-ae5b-4679-98cf-182061f64e44,f57ac10f-a520-407c-85aa-31f052ea6ed5,185,2026-04-17 04:28:17.968
564478dd-f905-4874-b82a-e5e339e1d2c2,d3f2605e-dc00-465c-a66a-1fe00bae1bc8,f57ac10f-a520-407c-85aa-31f052ea6ed5,186,2026-04-17 04:28:18.574
b3d53c2e-4b1a-4bc9-8e2f-676181b539fb,5c4634f1-3d15-4433-ab65-1c06b1e1f9dc,f57ac10f-a520-407c-85aa-31f052ea6ed5,187,2026-04-17 04:28:19.129
92e3f444-3148-454a-8a9b-70245cac0fbf,55056ce1-899d-494f-9d65-2d3c51904ef9,f57ac10f-a520-407c-85aa-31f052ea6ed5,188,2026-04-17 04:28:19.655
e0616ac7-f706-4359-9f14-4132c34f9b34,f3f390ab-69b5-41d3-9432-e28119f3ab72,f57ac10f-a520-407c-85aa-31f052ea6ed5,189,2026-04-17 04:28:20.171
e980d288-85f0-4497-acfc-8d373fe41f65,db009595-502e-429d-87ca-371ece523a0e,f57ac10f-a520-407c-85aa-31f052ea6ed5,190,2026-04-17 04:28:20.728
368bcd32-c052-49b7-926e-f68d87fda3cc,6040e052-8c9c-43fd-8538-b3ef5925bb9e,f57ac10f-a520-407c-85aa-31f052ea6ed5,191,2026-04-17 04:28:21.478
027c7cee-1b42-461a-8ca0-a81d35535a42,b4e7203d-cf8d-4685-a95e-4b43505d273f,f57ac10f-a520-407c-85aa-31f052ea6ed5,192,2026-04-17 04:28:22.008
092e481a-59f2-414b-98b3-12c82bacc310,4b780b88-d2c3-4fcb-b16f-1d52bcd6723e,f57ac10f-a520-407c-85aa-31f052ea6ed5,193,2026-04-17 04:28:22.522
779f458f-8afb-481c-81f0-9a818e8f4297,8bea9a0b-5f55-4353-876a-d28fa6e4affb,f57ac10f-a520-407c-85aa-31f052ea6ed5,194,2026-04-17 04:28:23.091
c743760d-0c81-4925-b803-fb5d808e9780,4283391f-5957-4c29-8d97-77d2f6539376,f57ac10f-a520-407c-85aa-31f052ea6ed5,195,2026-04-17 04:28:23.61
c631bdcf-bf8c-4db4-adc7-e2acdb485939,3af6637b-773d-4efe-97bc-0f738c242dd3,f57ac10f-a520-407c-85aa-31f052ea6ed5,196,2026-04-17 04:28:24.148
69ed99b6-a140-4efd-a54b-2438297f0a8c,63de9ef9-0f53-4d16-89c4-7f796f9593db,f57ac10f-a520-407c-85aa-31f052ea6ed5,197,2026-04-17 04:28:24.633
96c7803e-7dbe-4149-9dae-ce34419a5bbd,29688b13-01cd-461b-89bc-0ba0fe2159aa,f57ac10f-a520-407c-85aa-31f052ea6ed5,198,2026-04-17 04:28:25.168
20f42f1b-4b5b-45e2-8f0f-384f7ba2e756,03c72251-350d-4306-90e8-29fb2e7d9820,f57ac10f-a520-407c-85aa-31f052ea6ed5,199,2026-04-17 04:28:25.696
70aed29b-1603-4566-b756-cb2500428272,2b47d82d-e407-4c7c-a58b-466fffad15c3,f57ac10f-a520-407c-85aa-31f052ea6ed5,200,2026-04-17 04:28:26.251
ca88cdd0-ebda-4622-98b2-0551776ee0d5,960a48a7-7fb3-4acc-9c3a-957739affb89,f57ac10f-a520-407c-85aa-31f052ea6ed5,201,2026-04-17 04:28:26.775
efad57e5-7861-4848-9f17-b62691cb6771,0baf2fbe-66b1-4b53-b522-8b4080379a00,f57ac10f-a520-407c-85aa-31f052ea6ed5,202,2026-04-17 04:28:27.293
00041407-c618-478f-9c1e-d5f21df6260b,79533d62-52cb-4e60-b900-f56bc4d81b40,f57ac10f-a520-407c-85aa-31f052ea6ed5,203,2026-04-17 04:28:27.832
709d29c1-8402-4359-97b7-0da4485691ee,2462686e-1768-4c60-862f-0134a53e66f1,f57ac10f-a520-407c-85aa-31f052ea6ed5,204,2026-04-17 04:28:28.377
76595ed8-ddb3-4545-b373-1396bc85d7e0,483834b8-4dd8-48f3-b7e1-c4de54c5079a,f57ac10f-a520-407c-85aa-31f052ea6ed5,205,2026-04-17 04:28:28.925
0c444551-ba10-42c3-b502-236f68277992,2767cbbe-2a91-46e2-80d5-4b478d966b47,f57ac10f-a520-407c-85aa-31f052ea6ed5,206,2026-04-17 04:28:29.424
58137ce5-cad1-4d6c-a174-c43339563c7e,6abcebdb-700f-48b4-93d4-9311c36c859a,f57ac10f-a520-407c-85aa-31f052ea6ed5,207,2026-04-17 04:28:29.967
7cc1cbc9-c3ea-49d9-899f-4cd4f46eb9b6,22002bc8-c994-4338-8578-12cf9db7fc13,f57ac10f-a520-407c-85aa-31f052ea6ed5,208,2026-04-17 04:28:30.551
b1e3a2e9-d77f-49a2-8d7d-f6e20a584276,1455fe7a-d2cc-4a2e-a23f-2eac43728d9b,f57ac10f-a520-407c-85aa-31f052ea6ed5,209,2026-04-17 04:28:31.343
d2096760-727f-4d41-9281-8c23dd691712,459f1390-5ff9-43c0-87ce-89528c6bd3aa,f57ac10f-a520-407c-85aa-31f052ea6ed5,210,2026-04-17 04:28:31.909
6e540482-58a3-44b7-aa63-94a12e8f0e4b,9b3035db-0946-41ed-b5ff-4a9c2e30ed32,f57ac10f-a520-407c-85aa-31f052ea6ed5,211,2026-04-17 04:28:32.47
61edb1e5-7fd2-4b6a-a5a5-7a6853bec7a1,85175f43-29c6-412c-9519-fe3445af8cd4,f57ac10f-a520-407c-85aa-31f052ea6ed5,212,2026-04-17 04:28:33.009
8af14182-de99-4bf3-a7e6-3e6ba9f51886,0d08c860-822b-474a-8ab5-3eba991f5ae4,f57ac10f-a520-407c-85aa-31f052ea6ed5,213,2026-04-17 04:28:33.569
8f90dd2b-9479-4e71-bba6-a26ceff04269,0ee70dda-2b66-4128-9aa4-756af8ee7373,f57ac10f-a520-407c-85aa-31f052ea6ed5,214,2026-04-17 04:28:34.086
277115ad-6534-4ec2-a531-5e16c2648255,2b834e56-49d1-4cf2-b41d-df797dd4d34f,f57ac10f-a520-407c-85aa-31f052ea6ed5,215,2026-04-17 04:28:34.597
75380679-d8a0-411a-9688-2e7c35f68beb,6b4971ac-7694-4e91-af84-74a9e3d5f19f,f57ac10f-a520-407c-85aa-31f052ea6ed5,216,2026-04-17 04:28:35.106
068a0848-a5bd-4a64-98d4-0f8b63b5dae7,b5c18032-e3ff-46d4-bdb3-a46fc1e56c63,f57ac10f-a520-407c-85aa-31f052ea6ed5,217,2026-04-17 04:28:39.74
a2c99f4a-483e-45d8-b449-b874392cdebb,39619ff6-0a45-4973-9d6f-060ccd9a46e0,f57ac10f-a520-407c-85aa-31f052ea6ed5,218,2026-04-17 04:28:40.267
8722ea30-a8f8-4e19-a8c8-5aa5ec90cccc,7aedc9bb-497f-432b-9fd8-9bc9d3a00dce,f57ac10f-a520-407c-85aa-31f052ea6ed5,219,2026-04-17 04:28:40.789
467a16d0-2c80-4e3e-b683-a13ce310f87b,be636aad-3b22-4cd2-9969-270246728d22,f57ac10f-a520-407c-85aa-31f052ea6ed5,220,2026-04-17 04:28:41.31
fcbbb5ea-5251-4750-8e8c-dec6c0fc865d,adcdac03-fd4a-40b5-9eec-3f2d9ff6cef0,f57ac10f-a520-407c-85aa-31f052ea6ed5,221,2026-04-17 04:28:41.879
f41d3c66-68ca-42c1-9cfc-0ed99680455e,1cd91501-a12a-4a2d-ad0a-223a4c5e5f44,f57ac10f-a520-407c-85aa-31f052ea6ed5,222,2026-04-17 04:28:42.375
ba60a926-a75c-4806-9308-a5d015d36438,fbb27d6e-102c-4be3-878e-880a3339142d,f57ac10f-a520-407c-85aa-31f052ea6ed5,223,2026-04-17 04:28:42.948
ee3c48e8-f98e-4b0d-9689-f77ff013f195,b4e8a7c0-f877-4ff9-8f3c-4ff0a4f6f6c1,f57ac10f-a520-407c-85aa-31f052ea6ed5,224,2026-04-17 04:28:43.482
350d91c1-39c3-4e40-b486-a0df1f088018,309a79fd-a921-42f0-a876-2dc1c27919af,f57ac10f-a520-407c-85aa-31f052ea6ed5,225,2026-04-17 04:28:44.04
fff218b5-7412-46e7-a78b-21a0e16bd4ad,ac71a408-3d15-487c-9d18-7a32874fc650,f57ac10f-a520-407c-85aa-31f052ea6ed5,226,2026-04-17 04:28:44.635
42b6d40a-a6b8-48c4-9651-e72f06494f95,3322878a-a2b0-419b-a77c-15ee6afe13e5,f57ac10f-a520-407c-85aa-31f052ea6ed5,227,2026-04-17 04:28:45.223
a6e82fe6-b664-4086-8f28-ef25fe32bc69,cc05ec87-7c5a-487a-ae32-a062360e9d82,f57ac10f-a520-407c-85aa-31f052ea6ed5,228,2026-04-17 04:28:45.784
3811ecbf-8dac-40f3-bb20-add4aa48d710,7fd5cf0d-0011-4d38-a68b-2db190070c4f,f57ac10f-a520-407c-85aa-31f052ea6ed5,229,2026-04-17 04:28:46.274
1150f66b-ff12-4c59-9779-b3049252566d,932de40d-6b96-42d3-8421-c6bd8974ab92,f57ac10f-a520-407c-85aa-31f052ea6ed5,230,2026-04-17 04:28:47.112
32b13f6d-7b32-4ce3-9bb0-4b031b700dce,287ebd44-f7f4-4f63-95f6-f81075012370,f57ac10f-a520-407c-85aa-31f052ea6ed5,231,2026-04-17 04:28:47.715
fb763ec6-b96f-4942-90fb-101d718c3962,a6b190d3-7dec-4ad7-b19a-f57c7b481473,f57ac10f-a520-407c-85aa-31f052ea6ed5,232,2026-04-17 04:28:48.273
a1552186-81b2-4cce-bacd-94d0bcbdaed1,49247d98-f3ca-4858-ae94-383e1e7323ad,f57ac10f-a520-407c-85aa-31f052ea6ed5,233,2026-04-17 04:28:48.771
1fe7b28f-62a2-43c7-a62f-9436b0df7a29,41e44d4e-ed4b-41b7-851a-04be3bf4f9ec,f57ac10f-a520-407c-85aa-31f052ea6ed5,234,2026-04-17 04:28:49.347
dd4b57a2-3c9b-49b2-901a-d10ba2d15e44,01e89da0-052e-4a56-b001-dc55712d8828,f57ac10f-a520-407c-85aa-31f052ea6ed5,235,2026-04-17 04:28:49.93
be873fd3-89a9-4c13-acce-24f37549dcf8,a3e3f98b-4511-430d-8cc5-03e6b557fbee,f57ac10f-a520-407c-85aa-31f052ea6ed5,236,2026-04-17 04:28:50.451
c25bff03-4510-41e3-8a65-38cc7556277f,514a5db5-8043-47c7-9e9a-214d7b05ca1b,f57ac10f-a520-407c-85aa-31f052ea6ed5,237,2026-04-17 04:28:51.017
f6aea9fd-d28f-4b47-ba89-a16416e6d2d1,add279af-2d44-4ee5-a302-878d603890fd,f57ac10f-a520-407c-85aa-31f052ea6ed5,238,2026-04-17 04:28:51.53
ddde6956-0c38-4496-a741-b4f19bb9f115,4f08dd81-6f2e-4cc8-b553-763cdcdae36e,f57ac10f-a520-407c-85aa-31f052ea6ed5,239,2026-04-17 04:28:52.039
b273a597-aa3e-4d3e-8890-ca9eaf98476a,fa6ae629-f37f-4409-aba6-c4e071599e36,f57ac10f-a520-407c-85aa-31f052ea6ed5,240,2026-04-17 04:28:52.558
997d01e1-df13-4d2c-b264-79171d30a115,aeaad491-0cc9-4538-9c99-6e5b7bd30d1b,f57ac10f-a520-407c-85aa-31f052ea6ed5,241,2026-04-17 04:28:53.116
95a04a12-0711-486a-990a-0d42f7a752f8,9d7048a3-3045-4f68-bd0a-ab0301e60877,f57ac10f-a520-407c-85aa-31f052ea6ed5,242,2026-04-17 04:28:53.667
aafdb0f9-7442-451d-b87e-d76f39e4779f,18ebe6f7-fcde-40f7-9e61-acd799d7c61f,f57ac10f-a520-407c-85aa-31f052ea6ed5,243,2026-04-17 04:28:54.2
9bd29948-3ff9-4942-a763-ad8820096d8e,bedc8c20-6537-41cd-a397-24a85b8a3a24,f57ac10f-a520-407c-85aa-31f052ea6ed5,244,2026-04-17 04:28:54.734
c470b749-be74-4c14-9028-6e894633851a,1ba4c6b9-4c26-4030-bfde-58ff3da5e5b9,f57ac10f-a520-407c-85aa-31f052ea6ed5,245,2026-04-17 04:28:55.287
b199c034-2889-459d-86bd-2722d6b631cd,0bf990e4-8545-4dbb-8253-87e4953f00ab,f57ac10f-a520-407c-85aa-31f052ea6ed5,246,2026-04-17 04:28:55.865
b95c3a0b-5dec-460d-8b1d-4f01fff55417,abd4817e-1a4c-4c2e-869a-c5057f79fe59,f57ac10f-a520-407c-85aa-31f052ea6ed5,247,2026-04-17 04:29:00.875
34738e05-b254-414e-bf85-18e0c587e735,b5b31b55-f2a7-4d1f-95c8-5512375549f6,f57ac10f-a520-407c-85aa-31f052ea6ed5,248,2026-04-17 04:29:01.374
c5e2dcba-fbfa-4032-8013-66569f39e260,c1cc354b-bb83-453b-9dce-4ba2149bc262,f57ac10f-a520-407c-85aa-31f052ea6ed5,249,2026-04-17 04:29:02.156
b531ba49-b725-43f7-a049-adda7db57873,1356a969-626a-495b-99a4-6f5c43d70c15,f57ac10f-a520-407c-85aa-31f052ea6ed5,250,2026-04-17 04:29:02.693
9e239caf-306f-4889-9f0a-71158ea2e4b5,758d4512-2d75-4443-b903-0ede8435f62b,f57ac10f-a520-407c-85aa-31f052ea6ed5,251,2026-04-17 04:29:03.331
78d70348-03cd-4cbe-95af-110124d2a566,4f288781-c123-454b-a6ca-35795cbb0194,f57ac10f-a520-407c-85aa-31f052ea6ed5,252,2026-04-17 04:29:03.864
d7107d3e-810e-422a-b567-1b109b152389,f96b4df1-9219-4f89-9698-949248645814,f57ac10f-a520-407c-85aa-31f052ea6ed5,253,2026-04-17 04:29:04.373
1f311129-fbf3-490e-861f-005665e57b6e,c621f240-1818-4eb4-95a0-149598a46ccc,f57ac10f-a520-407c-85aa-31f052ea6ed5,254,2026-04-17 04:29:04.875
b773e5cb-14b2-46ca-82a2-dec76c3b3bd2,5ae26bec-95a5-43df-a254-27ab553faccb,f57ac10f-a520-407c-85aa-31f052ea6ed5,255,2026-04-17 04:29:05.398
9b7deed3-38ae-480f-a51a-fb760e8ddd2b,a1de7324-fce1-4e29-af3e-9fad6f7c9cf6,f57ac10f-a520-407c-85aa-31f052ea6ed5,256,2026-04-17 04:29:05.915
dbe8f9a0-b32d-47a7-aabc-bff1d4764005,7da0d7fe-1999-49ff-b8e8-216b1e9fbd98,f57ac10f-a520-407c-85aa-31f052ea6ed5,257,2026-04-17 04:29:06.45
47f7710f-bd1e-4457-b26a-4ea0984826c9,2c0f5ae2-6cd8-4af1-aac1-2c0d756c3f64,f57ac10f-a520-407c-85aa-31f052ea6ed5,258,2026-04-17 04:29:07.011
65e1dd1f-8d1b-4dd5-86aa-5ba308b096a5,a49cd068-ca2f-48f7-8170-1ff449ea4fd6,f57ac10f-a520-407c-85aa-31f052ea6ed5,259,2026-04-17 04:29:07.583
6df52175-596f-4773-889a-6e6e4e8eb5c6,bd28d0ed-c914-4e53-b477-a5a3808a3e8d,f57ac10f-a520-407c-85aa-31f052ea6ed5,260,2026-04-17 04:29:08.118
56272c74-46d7-49a4-b1b9-c491710d702f,e6c53b0a-9366-4c09-b785-b8c47ae36ae6,f57ac10f-a520-407c-85aa-31f052ea6ed5,261,2026-04-17 04:29:08.808
0d6d23cb-811f-488e-bc34-eaae0b5d23f5,aa2064af-54b7-46c3-87c3-9efa9ab6bb93,f57ac10f-a520-407c-85aa-31f052ea6ed5,262,2026-04-17 04:29:09.364
dbcc9df6-fc41-4b32-b0e1-7ca21c15f472,6329d7c5-fe04-4616-a662-455b77225983,f57ac10f-a520-407c-85aa-31f052ea6ed5,263,2026-04-17 04:29:09.889
fdb12bdd-2f8c-4648-a48f-eef1fdf7cf6b,bf4c269a-a200-4dd6-bcba-639e88161147,f57ac10f-a520-407c-85aa-31f052ea6ed5,264,2026-04-17 04:29:10.387
f4449ff6-b084-43e4-b178-79705a88d447,f5a2d553-173a-455f-a4b0-6c3fd853edfd,f57ac10f-a520-407c-85aa-31f052ea6ed5,265,2026-04-17 04:29:10.947
f9d0cb39-8acf-4db3-9e8f-0712acb17cc0,4a984fc4-beba-48c3-95f1-0c49b4446bee,f57ac10f-a520-407c-85aa-31f052ea6ed5,266,2026-04-17 04:29:11.486
c255cb21-437c-4df8-9a87-9adafcea351c,275b1411-4cf7-4137-be56-4fe1741fbd49,f57ac10f-a520-407c-85aa-31f052ea6ed5,267,2026-04-17 04:29:12.013
0be00db4-d917-43ff-84a4-41c745a27939,e6b9d16d-81d1-4234-9037-0cfdf9bcb5ff,f57ac10f-a520-407c-85aa-31f052ea6ed5,268,2026-04-17 04:29:12.509
c10a1c3c-594b-4d5a-a569-c3c7c77c4184,3ca3a7ba-0861-4204-a5e7-3e4de089bce7,f57ac10f-a520-407c-85aa-31f052ea6ed5,269,2026-04-17 04:29:13.016
3b38409d-caae-42b9-9daa-86e0bf504443,39796882-6922-401f-bfd0-3ffd92731b9b,f57ac10f-a520-407c-85aa-31f052ea6ed5,270,2026-04-17 04:29:13.578
b3ca9073-44e7-4b82-920d-be7424af1c95,2dfc2387-7569-4634-9242-27891971a9f0,f57ac10f-a520-407c-85aa-31f052ea6ed5,271,2026-04-17 04:29:14.088
28fe554e-860e-400b-b0c1-56f186b890cd,efd20b75-2320-448a-98ef-5dfb9f06429d,f57ac10f-a520-407c-85aa-31f052ea6ed5,272,2026-04-17 04:29:14.65
2a74e14f-0979-4e84-8665-cf13ac0f138e,af00367f-7486-494d-9ad6-fc14d12b1be5,f57ac10f-a520-407c-85aa-31f052ea6ed5,273,2026-04-17 04:29:15.163
038c0401-c8ff-4630-ac49-4f7dfa99d41c,2b3ef407-4db1-4f33-af04-71e0b6c9841f,f57ac10f-a520-407c-85aa-31f052ea6ed5,274,2026-04-17 04:29:18.758
6085fec0-5020-4ecb-a37f-e4908e147cf3,4421eaa7-fc88-443f-b933-fb1feea75f14,f57ac10f-a520-407c-85aa-31f052ea6ed5,275,2026-04-17 04:29:19.309
50d90e42-1795-4fe8-89ce-3b51a59d987b,5528ac60-398d-45aa-9388-7ac369fe12f2,f57ac10f-a520-407c-85aa-31f052ea6ed5,276,2026-04-17 04:29:22.888
b24df912-1c09-41b3-a75f-4373f03906be,3c422615-b8c0-43fa-a3b3-989660afaee8,f57ac10f-a520-407c-85aa-31f052ea6ed5,277,2026-04-17 04:29:23.536
ead98145-c702-4d61-a600-2092812aa8a8,e69bd144-2923-49f8-b842-eadfe70293b8,f57ac10f-a520-407c-85aa-31f052ea6ed5,278,2026-04-17 04:29:24.129
7527ab07-1950-4a7a-aac5-565763b19205,5df4a304-5a17-4913-ab08-f8ea2651202c,f57ac10f-a520-407c-85aa-31f052ea6ed5,279,2026-04-17 04:29:24.843
3ccfa420-75a7-4f05-9f47-b34d17fbd87e,965176a1-ece0-4cb0-843e-fcc47b113d39,f57ac10f-a520-407c-85aa-31f052ea6ed5,280,2026-04-17 04:29:25.421
8f678046-fd0d-4267-8aff-833c6e5ba3b0,799d6107-858b-4259-8d89-e17a2f428804,f57ac10f-a520-407c-85aa-31f052ea6ed5,281,2026-04-17 04:29:26.052
ba5d0f89-9ac8-4fea-a927-3336bd13fe45,a0e3b440-2144-4c77-9fdc-382202e48b0f,f57ac10f-a520-407c-85aa-31f052ea6ed5,282,2026-04-17 04:29:26.609
dcc585d6-fbdc-489a-af4b-a02416c06f78,7a58d1c5-b645-48fe-95f2-cfc03404fd1d,f57ac10f-a520-407c-85aa-31f052ea6ed5,283,2026-04-17 04:29:27.166
8187cf8f-8bc4-4d6a-93a5-c2c280fd3a07,08ffa16d-5fda-48dc-97ba-0fa8ad2ec214,f57ac10f-a520-407c-85aa-31f052ea6ed5,284,2026-04-17 04:29:27.851
28294d98-dc71-4951-8e27-91f6bfb94d6d,c3ac1670-f197-4065-88b7-abb8a3f55e05,f57ac10f-a520-407c-85aa-31f052ea6ed5,285,2026-04-17 04:29:28.436
68e2c54a-f48c-4a5a-a5e1-4cf0c3284bcf,adcb01d6-e0ce-4c21-8a01-03a331d3d5aa,f57ac10f-a520-407c-85aa-31f052ea6ed5,286,2026-04-17 04:29:28.973
16cfeea8-06db-4ddc-9f7d-807c65353e99,9720f0d0-a1b0-4397-894d-bf44c2c6a167,f57ac10f-a520-407c-85aa-31f052ea6ed5,287,2026-04-17 04:29:32.54
51924e34-3ef7-412f-9cb6-777097d053a8,923f7d06-2a43-4ab4-bd4f-c33b765fd9d3,f57ac10f-a520-407c-85aa-31f052ea6ed5,288,2026-04-17 04:29:33.376
d8796438-fd3b-4db4-bec5-8861635a0d25,e3df140d-6f1a-46d8-a921-befdf3be8266,f57ac10f-a520-407c-85aa-31f052ea6ed5,289,2026-04-17 04:29:33.929
3218f3b8-01e8-42be-9cb3-e0a99a7ae96b,0ab4e418-1d9e-41e0-b113-9d69ff54a2a7,f57ac10f-a520-407c-85aa-31f052ea6ed5,290,2026-04-17 04:29:34.484
e3891020-0ccc-4eae-9b79-22a25cb9d58f,24d2edcc-c889-4e1b-8b85-857d7c6a2b4e,f57ac10f-a520-407c-85aa-31f052ea6ed5,291,2026-04-17 04:29:35.13
34c3679b-a30a-4e90-8203-f3438ec0a723,c6063c08-b1d8-4a33-882c-6431d079bd70,f57ac10f-a520-407c-85aa-31f052ea6ed5,292,2026-04-17 04:29:40.65
86a86d20-e789-4a1f-990c-d9ad0237b312,72d2f574-59b4-4e81-b1b6-c6bf46d66eb2,f57ac10f-a520-407c-85aa-31f052ea6ed5,293,2026-04-17 04:29:41.329
96dbd91e-306b-48c7-b041-c7c633e89f1f,00e05954-4303-4f5e-a0ba-efdcebe2e0fb,f57ac10f-a520-407c-85aa-31f052ea6ed5,294,2026-04-17 04:29:41.889
d876883b-e4e0-4208-89b8-f90c29f468c4,d52e7e29-850a-492d-bf99-f316b04c7710,f57ac10f-a520-407c-85aa-31f052ea6ed5,295,2026-04-17 04:29:42.57
dc8d461e-0d68-4662-9f75-9c59dc8b899c,47b0f20a-9552-46ce-9f73-9fa3a76d22bf,f57ac10f-a520-407c-85aa-31f052ea6ed5,296,2026-04-17 04:29:43.214
807a7ee8-e602-4e09-a412-e2c4536d54f7,7793722b-f284-4bb2-b057-4385c4fc6a9f,f57ac10f-a520-407c-85aa-31f052ea6ed5,297,2026-04-17 04:29:43.771
a9b4afea-f29c-473f-9f23-953bb6145910,eb4ed7f6-e1dd-486e-afc2-43dcedbfe64b,f57ac10f-a520-407c-85aa-31f052ea6ed5,298,2026-04-17 04:29:44.311
cf7a4d8d-af04-49f5-8cf3-5c19fd0e9d5d,47268282-adb1-4cab-b7c9-48d6ebe81f97,f57ac10f-a520-407c-85aa-31f052ea6ed5,299,2026-04-17 04:29:44.909
56776527-5173-422c-a9da-d98defa67e35,d046f7bb-6c8b-4921-bd3a-a1787d4a85aa,f57ac10f-a520-407c-85aa-31f052ea6ed5,300,2026-04-17 04:29:45.419
97dc42fa-c83a-47a8-8cad-53026b2590a0,d7464694-cf28-49ad-9baa-2caab6d4a29d,f57ac10f-a520-407c-85aa-31f052ea6ed5,301,2026-04-17 04:29:45.933
2c77beaa-3671-44c1-93a9-952205f59c3d,6077991f-156c-447c-a69b-4e2d765b115b,f57ac10f-a520-407c-85aa-31f052ea6ed5,302,2026-04-17 04:29:46.568
76f77f3a-d548-4972-a231-46db2b274c88,7772d5f7-abb4-47ba-bc8b-d47c412e807a,f57ac10f-a520-407c-85aa-31f052ea6ed5,303,2026-04-17 04:29:47.208
734dae97-ed24-4cb9-bd0b-052b57d681e2,8d0012d2-7ad0-45c3-9775-88525b65c5a6,f57ac10f-a520-407c-85aa-31f052ea6ed5,304,2026-04-17 04:29:47.849
5e175ef6-7da9-43e0-8886-839a6626783c,109819a0-cd37-4c71-8db1-d5c9d490a5f7,f57ac10f-a520-407c-85aa-31f052ea6ed5,305,2026-04-17 04:29:48.649
1252525a-e87d-4ca0-ab1a-d68e49e412fe,fb712d44-ab94-48e2-8548-1144205eb581,f57ac10f-a520-407c-85aa-31f052ea6ed5,306,2026-04-17 04:29:49.23
bed439ba-5406-40b9-a1eb-559668b46e6f,dafa66ec-d66e-4e78-81c0-18163c4768c9,f57ac10f-a520-407c-85aa-31f052ea6ed5,307,2026-04-17 04:29:49.891
4b42c700-8546-4c38-a6e2-7166bfbc1113,a5f0dbbf-8f52-4dba-8cfe-f9380f1dd904,f57ac10f-a520-407c-85aa-31f052ea6ed5,308,2026-04-17 04:29:50.45
f686d78e-5ff5-4125-b7ba-6cc17deb5d35,8417893f-8741-4c11-99cf-a7f3f4111358,f57ac10f-a520-407c-85aa-31f052ea6ed5,309,2026-04-17 04:29:51.026
72e7908c-cd8a-4f9e-b6da-e1b3d32d2249,5cd68e5e-40c7-4593-a8e9-9ee89538ccff,f57ac10f-a520-407c-85aa-31f052ea6ed5,310,2026-04-17 04:29:51.548
fef05b64-572f-4962-b654-1da01e2481da,24eac769-6cb5-45be-a147-81584b0c3661,f57ac10f-a520-407c-85aa-31f052ea6ed5,311,2026-04-17 04:29:52.173
8d07ebc5-0950-4fc9-a14c-9e85cb1ecb3e,f9fa9b3a-1fc9-45fc-8ff3-e1cec7157c07,f57ac10f-a520-407c-85aa-31f052ea6ed5,312,2026-04-17 04:29:52.752
f30d523a-3f9d-4b7e-badb-25940bb79cf1,14c88034-f5c1-4455-8b1a-ccfcffb86a31,f57ac10f-a520-407c-85aa-31f052ea6ed5,313,2026-04-17 04:29:53.449
a6deb7c1-bedd-438f-8c0f-088e8c8c5f11,ee1ddb42-de6a-49f7-aa87-acabfa831b8c,f57ac10f-a520-407c-85aa-31f052ea6ed5,314,2026-04-17 04:29:54.051
977af6c9-c375-4897-aa87-85e408f84a0b,9a5dd319-7f52-44e3-a8e5-41dea86e80db,f57ac10f-a520-407c-85aa-31f052ea6ed5,315,2026-04-17 04:29:54.739
9db68358-66d5-49e4-8349-842fb6bef73c,9083c549-095d-4e81-9dfb-394c712ae770,f57ac10f-a520-407c-85aa-31f052ea6ed5,316,2026-04-17 04:29:55.392
3bb34599-9aa9-4b8a-bc06-2fc21c12bc0a,256d4acd-1891-4ae4-a35f-20468f225bea,f57ac10f-a520-407c-85aa-31f052ea6ed5,317,2026-04-17 04:29:56.012
945f1e84-2c9b-4cde-a648-a98489da5413,0ff9973f-4597-43ee-bb87-975152c88d6c,f57ac10f-a520-407c-85aa-31f052ea6ed5,318,2026-04-17 04:29:56.658
33c873e1-95e9-4f2c-a5b0-d783cbaac72f,ab13ef04-58e1-4218-8444-e601f4f26e84,f57ac10f-a520-407c-85aa-31f052ea6ed5,319,2026-04-17 04:29:57.295
376c700f-014a-4cb8-acbd-dbe0ee35ebf8,79861957-de90-4a8c-bce9-d0d995c9860a,f57ac10f-a520-407c-85aa-31f052ea6ed5,320,2026-04-17 04:29:57.932
32320805-8d85-4f79-aaca-855009f05a9d,40f0d5d8-3a63-46d8-bf41-9b1b78937812,f57ac10f-a520-407c-85aa-31f052ea6ed5,321,2026-04-17 04:29:58.584
49285f66-453f-404c-9157-8e9670146cf3,14c643b2-9fef-4d63-8279-e56c75d5ee49,f57ac10f-a520-407c-85aa-31f052ea6ed5,322,2026-04-17 04:29:59.131
40f835cf-e17e-486c-a601-20af2e0e3686,cb4d93c7-7547-4cf7-88c4-fd969fdb090a,f57ac10f-a520-407c-85aa-31f052ea6ed5,323,2026-04-17 04:29:59.691
205b162f-2c93-4ffd-97e2-882e1130ebb4,3574454d-9b4d-405f-a009-7c58473df711,f57ac10f-a520-407c-85aa-31f052ea6ed5,324,2026-04-17 04:30:00.256
bc8974a2-b6ee-41ba-a123-7386df38a140,ec80cbaf-df31-4e85-92d6-a2e9d0d8fd08,f57ac10f-a520-407c-85aa-31f052ea6ed5,325,2026-04-17 04:30:00.82
29ec4976-b922-4dd9-a3c4-6f3490b1c67c,2b8e121d-6660-4971-b514-d55a5ff3b6bc,f57ac10f-a520-407c-85aa-31f052ea6ed5,326,2026-04-17 04:30:01.369
db692c2c-ff3b-4c41-9609-b919f268800f,27c9b426-bbfa-4f74-b733-37e4e75d3e10,f57ac10f-a520-407c-85aa-31f052ea6ed5,327,2026-04-17 04:30:01.928
eeff8730-7e62-4405-aa44-09d994fd3e7c,4868945e-d1c2-4895-946c-d603709e8edf,f57ac10f-a520-407c-85aa-31f052ea6ed5,328,2026-04-17 04:30:02.464
590b2a7d-09d7-4952-9906-a0255898a9bd,f44a21be-caea-4540-9d00-dd02a870f154,f57ac10f-a520-407c-85aa-31f052ea6ed5,329,2026-04-17 04:30:03.029
b280e44b-4482-4a80-99e9-84869bdd2178,1545b7f2-2a7b-4355-b97c-111a6091093e,f57ac10f-a520-407c-85aa-31f052ea6ed5,330,2026-04-17 04:30:04.044
e18d0c4e-f5b4-4946-8160-47a08a408432,5663fefd-383e-49e3-bcd7-1f674cd95c7d,f57ac10f-a520-407c-85aa-31f052ea6ed5,331,2026-04-17 04:30:04.596
494a51b7-9601-4466-85aa-dff52e858c21,6e3d1f5e-26fe-4e3d-a8af-c39583f2fce2,f57ac10f-a520-407c-85aa-31f052ea6ed5,332,2026-04-17 04:30:05.13
bfc4d939-1aec-473d-90d0-8bb5947f9703,b85831fc-729d-438e-ad48-2c5b42a4b482,f57ac10f-a520-407c-85aa-31f052ea6ed5,333,2026-04-17 04:30:05.725
945dc0eb-226a-4c69-9ee8-a38165fcba7d,853a8dae-65c1-4c3b-aa1a-3d082cc81d82,f57ac10f-a520-407c-85aa-31f052ea6ed5,334,2026-04-17 04:30:06.32
00cccb77-ebd6-48dc-ad7c-65b6f9a7be23,dcc976be-efb6-42e4-8847-7d244359e554,f57ac10f-a520-407c-85aa-31f052ea6ed5,335,2026-04-17 04:30:06.868
0874795e-2c27-452f-a523-d44a4ff88fff,c7b2955c-39cc-4229-8d66-1d2b48231cd0,f57ac10f-a520-407c-85aa-31f052ea6ed5,336,2026-04-17 04:30:07.478
de3870af-72ed-4b63-80c1-5ba282d91834,64694f7f-4d81-4207-b068-faa34b26e793,f57ac10f-a520-407c-85aa-31f052ea6ed5,337,2026-04-17 04:30:07.968
b61ccfdd-6ce8-4ed1-9e4b-93f0503e3d6d,898dbad1-1cdd-4af8-9c02-2bd3e137e931,f57ac10f-a520-407c-85aa-31f052ea6ed5,338,2026-04-17 04:30:08.488
5460a839-5da1-4ac9-a211-5f1934740866,ba4fc8de-42f0-49e4-9f0a-1d8fbe4e7c38,f57ac10f-a520-407c-85aa-31f052ea6ed5,339,2026-04-17 04:30:09.128
e9f37c5d-dacd-4c8b-a02c-806be5ec4e24,383a40ee-740d-4607-aa85-568404652f1a,f57ac10f-a520-407c-85aa-31f052ea6ed5,340,2026-04-17 04:30:09.779
46c57642-951b-4ed0-a21b-5129df01916e,0f852e78-adf9-4c3a-a440-0b842d35d22e,f57ac10f-a520-407c-85aa-31f052ea6ed5,341,2026-04-17 04:30:12.01
4d480864-fdf3-4c8d-910d-5440163e7c3e,c696162d-add8-4d23-812d-b07e7b17d6a6,f57ac10f-a520-407c-85aa-31f052ea6ed5,342,2026-04-17 04:30:19.386
ce6f7d3d-4006-4ecd-b3a8-52cdb909ef29,b4c5c04b-ee8f-4aba-95d4-0b2ca4146623,f57ac10f-a520-407c-85aa-31f052ea6ed5,343,2026-04-17 04:30:19.958
14452bad-e847-4c63-908b-28e1d11b7e28,a2dfb5d8-c9ca-4757-b2a8-f13e7dee26b2,f57ac10f-a520-407c-85aa-31f052ea6ed5,344,2026-04-17 04:30:20.55
a7551a83-f1f6-464f-9423-e24bbe783249,fa756c53-780a-4bf9-8913-0c4c9e277df3,f57ac10f-a520-407c-85aa-31f052ea6ed5,345,2026-04-17 04:30:21.111
fb7b3458-8947-46f6-907a-069a90fce8ba,3de4071d-6ac3-4ee3-a5c2-9b21e67ff4b5,f57ac10f-a520-407c-85aa-31f052ea6ed5,346,2026-04-17 04:30:21.728
44103b99-9de0-4872-a2b6-b4881bc0c8ec,1cb8fb30-5d58-42e9-aeb9-e6d3478e7295,f57ac10f-a520-407c-85aa-31f052ea6ed5,347,2026-04-17 04:30:22.274
9fb819d1-9b0a-497a-9a2a-fcf6abb13141,86cf59e4-e80e-41c6-9b0e-7c0b184ab0fc,f57ac10f-a520-407c-85aa-31f052ea6ed5,348,2026-04-17 04:30:22.855
abaab5dc-e0c6-4c4e-9441-836c321ef81a,b36faffd-430e-4c0c-ac9a-4dba748e85a8,f57ac10f-a520-407c-85aa-31f052ea6ed5,349,2026-04-17 04:30:23.529
cc8758ff-0eeb-4b65-8f98-6ac109dfebd4,7428391c-79d7-4f38-961c-2eae701e9b59,f57ac10f-a520-407c-85aa-31f052ea6ed5,350,2026-04-17 04:30:24.096
dbf67e5d-7b63-4af4-a780-db2f8334e799,22413047-2f23-4dc9-861c-024171bcfe51,f57ac10f-a520-407c-85aa-31f052ea6ed5,351,2026-04-17 04:30:24.614
59a7297e-bfef-4f48-a222-1df8be3c59d1,e3a08443-dd2c-43bf-894d-e428f9cdb716,f57ac10f-a520-407c-85aa-31f052ea6ed5,352,2026-04-17 04:30:25.288
6995056d-fa1d-4042-8a50-14a2b415be18,4a1eecad-0ac4-40d1-9f3d-d1b6815a3247,f57ac10f-a520-407c-85aa-31f052ea6ed5,353,2026-04-17 04:30:25.929
d1c088ec-f65a-4f9b-b516-9d059fe76ae1,cfcb0c94-546d-4aea-b51f-6523e622e10f,f57ac10f-a520-407c-85aa-31f052ea6ed5,354,2026-04-17 04:30:26.576
337ecdd3-2518-4b3b-8834-152400670c30,c7cebb6f-4ce3-4ec5-8846-3ed1bf6c8dbe,f57ac10f-a520-407c-85aa-31f052ea6ed5,355,2026-04-17 04:30:27.173
d9e3f3fd-0c80-4101-a9bf-092547d68f7d,46592f64-4847-4dd0-b9d4-9a8736d9b75e,f57ac10f-a520-407c-85aa-31f052ea6ed5,356,2026-04-17 04:30:27.848
cb243683-5462-4e35-af04-9fc1bb5dad76,8ee0c564-0f11-4ba9-b34e-cac68081767c,f57ac10f-a520-407c-85aa-31f052ea6ed5,357,2026-04-17 04:30:28.476
135d66c6-d41e-4702-ad86-56ee88269da1,985ae1b0-6dbe-493b-a5bc-20516e53dbbe,f57ac10f-a520-407c-85aa-31f052ea6ed5,358,2026-04-17 04:30:29.134
a33a94f3-acfc-411d-a610-6fd20345711b,f499e6e9-1ef7-4fce-b385-25fb1fc992f6,f57ac10f-a520-407c-85aa-31f052ea6ed5,359,2026-04-17 04:30:29.771
ce01b91d-6359-4464-b16d-0f668ce77a0a,ccfa1e3b-55c9-4102-9146-6e5cc30549b7,f57ac10f-a520-407c-85aa-31f052ea6ed5,360,2026-04-17 04:30:30.339
70d89f9d-3050-4a81-8a7d-bd62aefbe087,f2c67931-ab51-4f09-a434-df3cc4d0f3c9,f57ac10f-a520-407c-85aa-31f052ea6ed5,361,2026-04-17 04:30:31.008
53bfe030-fa8a-4cd3-8666-b649fcb2ea87,c14ef5db-05f5-4aac-b1d5-95491a5cc2b5,f57ac10f-a520-407c-85aa-31f052ea6ed5,362,2026-04-17 04:30:31.647
577daaaf-5358-4c0c-9a99-04efd018810b,aa79aaac-b075-422b-b9be-a4ba8ac21137,f57ac10f-a520-407c-85aa-31f052ea6ed5,363,2026-04-17 04:30:32.329
2f3ada82-2289-477e-9a47-1f8ac4fe3ea4,ff0940b7-fb81-45fe-927f-16da0c9c4811,f57ac10f-a520-407c-85aa-31f052ea6ed5,364,2026-04-17 04:30:32.968
2645f6e5-f4ea-40bd-b235-9932c9637663,2e13985a-37c2-46b1-a116-d696630cc868,f57ac10f-a520-407c-85aa-31f052ea6ed5,365,2026-04-17 04:30:33.488
194e09a1-b435-4085-aa7b-8dec40a0b602,3ed8fc13-d8f6-4f15-a66d-be11fce71626,f57ac10f-a520-407c-85aa-31f052ea6ed5,366,2026-04-17 04:30:34.088
a146d55a-7f31-4b8f-83bd-8df3b8dcfa77,68b684ba-2da5-4ed2-ac06-111b78a23568,f57ac10f-a520-407c-85aa-31f052ea6ed5,367,2026-04-17 04:30:35.048
b1e6a42b-1015-4d18-8dc5-a5deff3d2211,9fbae194-6ae8-4f9d-82b8-efe60c2de378,f57ac10f-a520-407c-85aa-31f052ea6ed5,368,2026-04-17 04:30:35.649
b4069379-f7d8-4a1f-b973-cb4583f5dc31,bebf3401-3417-48f1-a3cb-dbaf147cb297,f57ac10f-a520-407c-85aa-31f052ea6ed5,369,2026-04-17 04:30:36.328
5f5a8cc8-cb7f-441c-b8a4-c2e389dc3069,d810aa8b-2e6d-4258-97cb-1872d911e916,f57ac10f-a520-407c-85aa-31f052ea6ed5,370,2026-04-17 04:30:37.004
a461603b-e0ba-4a48-9d41-87ca5e086325,3ae02e13-c575-4d19-8f56-26cf29c42768,f57ac10f-a520-407c-85aa-31f052ea6ed5,371,2026-04-17 04:30:37.571
952d8296-6812-4ccd-8a0d-596ce2164fb4,3c63949e-a037-42b9-87b9-5861735dc3ea,f57ac10f-a520-407c-85aa-31f052ea6ed5,372,2026-04-17 04:30:38.249
4d1fe75a-05ef-454e-b4d5-b750c9732ff4,dd06df73-9413-4079-a02a-bf2ca8cc7548,f57ac10f-a520-407c-85aa-31f052ea6ed5,373,2026-04-17 04:30:38.852
2b57408c-93a8-4d89-80a5-87a5fe744ac3,e8fbe795-ef25-4d0c-98c0-be35fffe6b50,f57ac10f-a520-407c-85aa-31f052ea6ed5,374,2026-04-17 04:30:39.369
2236aabf-8ed4-4be0-97cd-b60891bc8525,3aca3a95-3944-46d4-8994-95584b423788,f57ac10f-a520-407c-85aa-31f052ea6ed5,375,2026-04-17 04:30:39.968
9126cb20-e95d-4cad-86b6-8ea5d74180fd,4d2752ef-b567-4dae-9204-7690e7a23d90,f57ac10f-a520-407c-85aa-31f052ea6ed5,376,2026-04-17 04:30:40.464
4fd5d555-b356-49ff-93ba-3e50966e69a1,3e558d2f-935d-4406-811a-651dc69cd6d0,f57ac10f-a520-407c-85aa-31f052ea6ed5,377,2026-04-17 04:30:41.094
d3c82a1f-6f2b-4d75-b206-b1732d1e9e54,a2542ae3-6418-4acc-b582-c612706dd9c6,f57ac10f-a520-407c-85aa-31f052ea6ed5,378,2026-04-17 04:30:41.74
f890f4df-c71f-4d8a-afef-5de2491eba87,89f3807f-dd13-4895-9f42-61aab40f51ef,f57ac10f-a520-407c-85aa-31f052ea6ed5,379,2026-04-17 04:30:42.266
025181d2-fa39-463a-bcdc-eb825f1b25ee,6c9af11c-864f-4cc7-9e05-bd732e00764f,f57ac10f-a520-407c-85aa-31f052ea6ed5,380,2026-04-17 04:30:42.888
4cd47c24-5131-4c98-b9fb-b6a6dcee043d,a051447d-a025-45c9-9651-5db3e0ed1ca1,f57ac10f-a520-407c-85aa-31f052ea6ed5,381,2026-04-17 04:30:43.529
af5c0f1c-d97c-4302-bbef-f8f18ba21a20,76cfd6ed-8dad-4b70-8339-fa9f2fab3aa7,f57ac10f-a520-407c-85aa-31f052ea6ed5,382,2026-04-17 04:30:44.117
c1975779-554b-4481-ba71-d3ab2c56b9c1,83c64b4f-31d8-45be-88ad-44cbf8395884,f57ac10f-a520-407c-85aa-31f052ea6ed5,383,2026-04-17 04:30:44.649
571840c8-36a0-4e92-a495-8f1a5e0c53f3,60d3499a-115f-4650-b7ae-4ccf5f16dac4,f57ac10f-a520-407c-85aa-31f052ea6ed5,384,2026-04-17 04:30:45.25
38799c4a-c21d-4640-b5a2-d0492e352621,cbe0ad90-34bb-416d-a095-e7a77d7a439e,f57ac10f-a520-407c-85aa-31f052ea6ed5,385,2026-04-17 04:30:45.929
723a7c3c-69fa-44fb-90ae-f142ebe66ced,ad6f35fd-7271-4c5e-a4d6-0e2a57f4fbfc,f57ac10f-a520-407c-85aa-31f052ea6ed5,386,2026-04-17 04:30:46.528
7aa5f3a0-5529-49bc-9d08-6913bbbb17e6,5873ab9a-f10e-4a81-8745-0ca3b678dfb4,f57ac10f-a520-407c-85aa-31f052ea6ed5,387,2026-04-17 04:30:47.166
4d4dda03-e7a8-4822-b8c0-f195cf1b6b23,fe0fac29-ef3b-4e6e-8bf5-f178f6b8fc16,f57ac10f-a520-407c-85aa-31f052ea6ed5,388,2026-04-17 04:30:47.849
7ebaa99a-8d59-4d0b-8ccc-2e4f76197dd7,2a0bbb71-454f-4fea-bdc7-bc54fd8eb59c,f57ac10f-a520-407c-85aa-31f052ea6ed5,389,2026-04-17 04:30:48.489
ee244622-7213-4fdb-97f7-28e73250bf1b,c9aa0ac1-2be7-4242-bdb9-cbdcd2e304b9,f57ac10f-a520-407c-85aa-31f052ea6ed5,390,2026-04-17 04:30:49.102
1abcf154-0576-426d-8004-c17d9530fb8b,5ebc0f0e-8d8d-499e-8074-07b14553dfec,f57ac10f-a520-407c-85aa-31f052ea6ed5,391,2026-04-17 04:30:49.769
89951855-070d-411e-909a-1f6dc90d5178,c154bfb8-f765-4362-b929-868fca859cb3,f57ac10f-a520-407c-85aa-31f052ea6ed5,392,2026-04-17 04:30:50.742
40b9a0fe-5ad2-462a-b466-862f79758a6a,1390c275-05a8-451b-a47a-8010fc8b4eed,f57ac10f-a520-407c-85aa-31f052ea6ed5,393,2026-04-17 04:30:51.389
5c3da17a-892f-4895-ada1-7f07cbfd1aa6,9813f5e0-e435-4507-a056-bc30c97edc39,f57ac10f-a520-407c-85aa-31f052ea6ed5,394,2026-04-17 04:30:51.946
35fe5de4-e350-499e-9702-ba4b774cef25,a2e3a62b-cd83-4213-8040-2807cb5c62e5,f57ac10f-a520-407c-85aa-31f052ea6ed5,395,2026-04-17 04:30:52.494
cd1d8df9-375a-4ba9-8dbb-251297b667ca,efb86581-3b4f-41a1-8e53-e65491a5b096,f57ac10f-a520-407c-85aa-31f052ea6ed5,396,2026-04-17 04:30:53.131
101ba4dc-12a5-4fe2-a358-69d8f63af39d,3d28097a-8ca1-4c1c-a5da-f112d629a3ee,f57ac10f-a520-407c-85aa-31f052ea6ed5,397,2026-04-17 04:30:53.728
7db0ff0c-7435-4082-bda4-beb2694bdaa1,f60012f6-9851-4e55-985a-ec6175dd404c,f57ac10f-a520-407c-85aa-31f052ea6ed5,398,2026-04-17 04:30:54.444
13bd3c4d-5b49-461a-bab8-79f84a8c1f11,c7efd17d-9ea1-4f77-b740-762be9ec535c,f57ac10f-a520-407c-85aa-31f052ea6ed5,399,2026-04-17 04:30:55.05
8277a02f-6144-425d-92c5-43a68215d596,ef207197-162b-4243-a3b4-3fa7b6c10ced,f57ac10f-a520-407c-85aa-31f052ea6ed5,400,2026-04-17 04:30:57.427
25d41701-6206-439d-8bad-3ab7d3a3dd34,3fc1d6d8-f233-4747-9d30-d71bc86ce051,f57ac10f-a520-407c-85aa-31f052ea6ed5,401,2026-04-17 04:30:58.092
b5c0c94e-1c95-4ac0-b371-5088a0c5d5d9,9faf28ff-cca3-43fc-888b-13310640f191,f57ac10f-a520-407c-85aa-31f052ea6ed5,402,2026-04-17 04:31:04.65
767aea56-a11e-4c6d-992e-d187ea9cb4e0,a57c2f4a-4224-4da8-8026-fc6f6253c6d0,f57ac10f-a520-407c-85aa-31f052ea6ed5,403,2026-04-17 04:31:05.289
9a5a080a-2453-449b-8bf3-090ca1d648e1,bad969bd-28dc-4962-9a3f-3cc809904b38,f57ac10f-a520-407c-85aa-31f052ea6ed5,404,2026-04-17 04:31:05.931
7ab3fec1-2ab5-4ef4-a5e1-bd4268ee80bd,a037f741-a910-48c8-9024-37930d7b2190,f57ac10f-a520-407c-85aa-31f052ea6ed5,405,2026-04-17 04:31:06.507
92a12894-8685-479b-b231-75d818495535,255cbdde-4549-4a4e-8d1d-3bf6b3dc20d6,f57ac10f-a520-407c-85aa-31f052ea6ed5,406,2026-04-17 04:31:07.167
ea08280c-248b-4739-85e9-7c2e03164059,73c6ca88-43dd-4ac2-8702-e2f3a216c63b,f57ac10f-a520-407c-85aa-31f052ea6ed5,407,2026-04-17 04:31:07.85
01560ef0-d42a-49d3-9ae9-89bb4f44bb34,4a305817-4234-43de-bf20-e82d8682dc20,f57ac10f-a520-407c-85aa-31f052ea6ed5,408,2026-04-17 04:31:08.421
54a40cc3-b0b9-4162-b1e4-0c44bb305439,d4ecfa36-8cae-4f49-bb89-7cdcd67cb290,f57ac10f-a520-407c-85aa-31f052ea6ed5,409,2026-04-17 04:31:08.981
747c5c15-77eb-4d20-b164-254468c3052e,d027a5a4-42fd-4396-a3e5-afb28a7f78cc,f57ac10f-a520-407c-85aa-31f052ea6ed5,410,2026-04-17 04:31:09.565
f66007d3-1eaa-4571-a67e-f0c06e7fd9e4,6706dc6d-2366-466b-a5d2-030aa1c7af67,f57ac10f-a520-407c-85aa-31f052ea6ed5,411,2026-04-17 04:31:10.249
e2cfcb00-65b1-4785-89eb-a62d5f5cd149,9247697d-a4d3-440c-ac9e-7d562bfb8641,f57ac10f-a520-407c-85aa-31f052ea6ed5,412,2026-04-17 04:31:10.909
9d558962-cae3-499f-bab8-dba961fa0974,5b4e2bda-41b9-4c53-8729-22570f1e2ea0,f57ac10f-a520-407c-85aa-31f052ea6ed5,413,2026-04-17 04:31:11.531
08faa339-1645-4b0e-bf3c-0a6fb859bf7c,7e2c84b1-7c4e-4e3e-8d0e-a398718e8b2f,f57ac10f-a520-407c-85aa-31f052ea6ed5,414,2026-04-17 04:31:12.489
3a3deaa4-8ef5-41ae-8afc-6c091c9cdeba,d130faf7-1af2-415c-8c43-1b9a8c688fe2,f57ac10f-a520-407c-85aa-31f052ea6ed5,415,2026-04-17 04:31:13.062
0f698c16-6bea-4b33-9a78-0801b36834c7,7b350d11-7774-4d4f-9b2d-3721b7c4c72d,f57ac10f-a520-407c-85aa-31f052ea6ed5,416,2026-04-17 04:31:13.746
5f049df2-3b8b-4950-9fce-3f47f84d52e7,ea4f0316-df7a-437a-b8ce-63548e33cc5a,f57ac10f-a520-407c-85aa-31f052ea6ed5,417,2026-04-17 04:31:14.409
03328df1-ec70-42b3-894d-9b6bb138af02,086e1e89-a0e0-4d8a-9100-51817a4f8a12,f57ac10f-a520-407c-85aa-31f052ea6ed5,418,2026-04-17 04:31:15.049
d02ae83e-a1fb-4a66-9f49-10763a4a6154,e8fef25b-6fac-446b-99f2-8c5c576edeb0,f57ac10f-a520-407c-85aa-31f052ea6ed5,419,2026-04-17 04:31:15.6
ffc3dffe-db73-4e8b-b8af-e7f06cd93b22,d0a16bc7-5216-41a0-a7d2-5b677730534e,f57ac10f-a520-407c-85aa-31f052ea6ed5,420,2026-04-17 04:31:16.171
8d283bce-74b6-4e44-90e0-580ae7267a07,53730efb-9c1c-45df-8310-e921dd8d67b7,f57ac10f-a520-407c-85aa-31f052ea6ed5,421,2026-04-17 04:31:16.81
a3f2fe97-96dc-46e2-9da9-21a219aeefbc,f5e2ef8c-4e28-4665-b659-8de68ae205cd,f57ac10f-a520-407c-85aa-31f052ea6ed5,422,2026-04-17 04:31:17.45
6dac5056-317d-448c-a3f3-41a070d77ab4,5c1ba350-68fa-49bc-b16c-92e3a31ce189,f57ac10f-a520-407c-85aa-31f052ea6ed5,423,2026-04-17 04:31:18.061
588fe73b-18f2-4030-9730-2911bed5c46a,f0ab63a2-2e97-4a4a-ace4-8715bb448f47,f57ac10f-a520-407c-85aa-31f052ea6ed5,424,2026-04-17 04:31:18.63
9591f754-8762-4900-95f7-a4d62552ef75,2cd8d4c7-3ce7-413b-b1bc-f06ca673a1c7,f57ac10f-a520-407c-85aa-31f052ea6ed5,425,2026-04-17 04:31:19.21
48a80e0f-e1c3-4c13-9231-e73355f3fbc1,6a03f5b7-2aa5-4359-ae9a-4e994a14363e,f57ac10f-a520-407c-85aa-31f052ea6ed5,426,2026-04-17 04:31:23.263
eb665b75-1ac5-4b78-b93e-706cc21c4b5e,d34cebeb-d6e2-4f6e-bf65-cc118d4e996e,f57ac10f-a520-407c-85aa-31f052ea6ed5,427,2026-04-17 04:31:23.82
153e4bb9-4aeb-4d9b-888d-44f1d03c3384,5e4114ec-5aeb-4660-a01c-28194d8c68c6,f57ac10f-a520-407c-85aa-31f052ea6ed5,428,2026-04-17 04:31:24.495
1a5ef042-267b-42c4-b117-2403aa345da2,3ab607f7-a0dc-4fe7-9962-162700c52251,f57ac10f-a520-407c-85aa-31f052ea6ed5,429,2026-04-17 04:31:25.148
58425766-64d2-4ade-8d10-3977c0d4b9a3,bb853852-9b60-4bd7-88a3-63012845d3c9,f57ac10f-a520-407c-85aa-31f052ea6ed5,430,2026-04-17 04:31:25.807
0d453c96-c5b2-4d56-8087-b9cd2f282279,7e427b2a-9406-4473-a854-547395a4f8df,f57ac10f-a520-407c-85aa-31f052ea6ed5,431,2026-04-17 04:31:26.38
4d56a2d1-667c-4942-aec4-35019b39dc0f,17a5a449-32db-47c3-a5e8-5f7368815036,f57ac10f-a520-407c-85aa-31f052ea6ed5,432,2026-04-17 04:31:26.902
8050270b-2dce-4fe5-baee-0790c1dcac35,350c0da5-bf10-4e99-849b-6566f7ff9eaf,f57ac10f-a520-407c-85aa-31f052ea6ed5,433,2026-04-17 04:31:27.819
61533640-38c5-4e31-8cb3-760d66ac8e36,aebd5ab0-d995-48cc-9ce2-257757499d18,f57ac10f-a520-407c-85aa-31f052ea6ed5,434,2026-04-17 04:31:28.384
383560c1-aca4-49d2-9a7c-f9bc2a671ee8,23224d87-2a2b-4e43-b601-671930d2ad0c,f57ac10f-a520-407c-85aa-31f052ea6ed5,435,2026-04-17 04:31:28.981
bace8054-84b7-49e4-a348-316554bd14ac,71af5200-8305-4525-b2fc-af68aaeee385,f57ac10f-a520-407c-85aa-31f052ea6ed5,436,2026-04-17 04:31:29.617
73ae1fec-5bbb-4b4f-b96e-2a6bc81696ef,b7e44a9b-4078-4f36-a93b-20994cc9f0de,f57ac10f-a520-407c-85aa-31f052ea6ed5,437,2026-04-17 04:31:30.409
1877f3a1-17ed-412f-9fcf-6bc91a49e71b,f5f129b1-b17d-4de5-b3e6-6c9121202927,f57ac10f-a520-407c-85aa-31f052ea6ed5,438,2026-04-17 04:31:31.049
0c9ade43-6f5d-4b39-b236-dcdc19377d28,8eacf413-c251-4506-b63c-8b2960144356,f57ac10f-a520-407c-85aa-31f052ea6ed5,439,2026-04-17 04:31:31.689
a41183ea-8eca-46fb-9c00-24121241ca2f,2157b182-d26f-4929-9ea0-d14b0461db32,f57ac10f-a520-407c-85aa-31f052ea6ed5,440,2026-04-17 04:31:35.87
87c81dbb-ec70-4e82-9a0b-c4998ce4e993,44c86309-3836-4229-a747-e4bd365ac093,f57ac10f-a520-407c-85aa-31f052ea6ed5,441,2026-04-17 04:31:36.489
a9015d57-0d04-41a1-964b-e698b37d0550,0dac11b6-9631-4184-a1c8-fb09702135e9,f57ac10f-a520-407c-85aa-31f052ea6ed5,442,2026-04-17 04:31:37.163
c42fc4b8-f6be-424b-aa70-aaf4c8db7e44,19369cc7-101f-4580-a45c-d3a728230d91,f57ac10f-a520-407c-85aa-31f052ea6ed5,443,2026-04-17 04:31:37.935
f2d3dc5d-c6b1-4845-b3d6-f2ebb4f69a21,0ef56b5f-5e3d-4ad0-9d83-24e11c5c2e26,f57ac10f-a520-407c-85aa-31f052ea6ed5,444,2026-04-17 04:31:38.571
a4d6bd54-2f77-4f21-a04b-bc632c18ca18,5c4e6825-9393-45a5-82f2-bbfa1789b3c1,f57ac10f-a520-407c-85aa-31f052ea6ed5,445,2026-04-17 04:31:39.209
d79a9c88-2788-4c23-94c6-1b2480634ea2,d90b640e-7008-4861-8197-64e64a901462,f57ac10f-a520-407c-85aa-31f052ea6ed5,446,2026-04-17 04:31:39.872
e7a4725b-3ac5-4b0b-bb35-e80e113f3f60,3ba4307f-c0ed-4239-bbda-f35ba419d93a,f57ac10f-a520-407c-85aa-31f052ea6ed5,447,2026-04-17 04:31:40.511
5c80e80e-84a0-4232-b7e7-69f1fb41da25,ead70ca2-d28d-4b61-bcb9-4ef84c465d57,f57ac10f-a520-407c-85aa-31f052ea6ed5,448,2026-04-17 04:31:41.099
dea741c3-7460-4a8f-b36f-160cb45b6341,0f87f5ca-90be-407a-a6fe-4bdea6c80f5a,f57ac10f-a520-407c-85aa-31f052ea6ed5,449,2026-04-17 04:31:41.642
e73e66df-7e10-4c0e-a390-6125b178a215,3201a497-4a53-41cf-8c80-7953d79d37c5,f57ac10f-a520-407c-85aa-31f052ea6ed5,450,2026-04-17 04:31:42.268
576bb08c-31e5-47be-af99-b89422518a2a,5f297ad6-4f5c-4a11-b0c4-ff94caaa89bf,f57ac10f-a520-407c-85aa-31f052ea6ed5,451,2026-04-17 04:31:43.209
99192049-23dc-4872-bea5-c4e8dd391156,abe25cb7-cd1a-468c-b012-83d3b6052f26,f57ac10f-a520-407c-85aa-31f052ea6ed5,452,2026-04-17 04:31:47.602
57ff7151-b3a4-4c4b-b570-411383632181,ee5ab438-fa9f-43ce-88bf-1ad79d6fda42,f57ac10f-a520-407c-85aa-31f052ea6ed5,453,2026-04-17 04:31:48.138
5eb8250a-2f95-46b7-a44c-ce18550c4cee,7928bd8f-719e-4964-a213-83ad1c372dd8,f57ac10f-a520-407c-85aa-31f052ea6ed5,454,2026-04-17 04:31:48.667
0a3124c9-1361-443b-a7b2-af6d401e52e9,c45c5cf7-dcb8-4e2c-bad6-300befa8e399,f57ac10f-a520-407c-85aa-31f052ea6ed5,455,2026-04-17 04:31:49.189
1f44abfa-411c-426f-91d3-1eec5b3372dc,775f8a37-2858-42fe-a253-5336a9183bd9,f57ac10f-a520-407c-85aa-31f052ea6ed5,456,2026-04-17 04:31:49.788
0fe57265-f2b7-40b1-aaba-442b16c5c273,2203422e-29bb-488a-9083-af667800af35,f57ac10f-a520-407c-85aa-31f052ea6ed5,457,2026-04-17 04:31:50.384
db7b4143-2a25-409d-a00c-3b07f421756e,57e26e34-d7ba-4710-ac2e-0c19d7901d33,f57ac10f-a520-407c-85aa-31f052ea6ed5,458,2026-04-17 04:31:51.067
9eace69f-5faf-4b2b-aa2e-262e49265649,ba3016d0-a950-4471-9fa9-c166422ead34,f57ac10f-a520-407c-85aa-31f052ea6ed5,459,2026-04-17 04:31:51.713
58273973-3453-45fb-b983-7c16b4f1d015,27404b00-16be-4986-bfc6-734c80c12af8,f57ac10f-a520-407c-85aa-31f052ea6ed5,460,2026-04-17 04:31:52.351
6c7edc1e-d9ca-42ab-aa77-97d6dd5b048c,40f6d192-39a7-46f7-af4a-ec30fe9cb5c8,f57ac10f-a520-407c-85aa-31f052ea6ed5,461,2026-04-17 04:31:52.87
7d8f0eb9-4e14-42b8-89e1-bea74434d5a6,1bec32e0-30be-46ce-86e4-2c63ff944ea1,f57ac10f-a520-407c-85aa-31f052ea6ed5,462,2026-04-17 04:31:53.422
0446268e-d203-4cd2-b84b-abea00741f64,7b19e7ba-e131-443d-8e27-ebc0028e17de,f57ac10f-a520-407c-85aa-31f052ea6ed5,463,2026-04-17 04:31:53.947
574621f6-2bb2-42d3-99c6-37dabacf5a7c,4d3f423a-c600-42d2-86f0-0de47d3456dc,f57ac10f-a520-407c-85aa-31f052ea6ed5,464,2026-04-17 04:31:54.586
6d1cbad9-e37b-425c-848b-2c436305b52c,7b791075-1c18-4b3f-936e-37550be2f8eb,f57ac10f-a520-407c-85aa-31f052ea6ed5,465,2026-04-17 04:31:55.227
98379656-23cd-4975-b0c2-ac00b4932601,22b4795d-5617-4a05-82bf-553780520d5a,f57ac10f-a520-407c-85aa-31f052ea6ed5,466,2026-04-17 04:31:55.867
d298d32d-a11e-4fab-bee3-bc24d6eba999,84e66aa5-c93f-4576-b6a9-3b6024de6944,f57ac10f-a520-407c-85aa-31f052ea6ed5,467,2026-04-17 04:31:56.511
e57bfa64-b67f-4776-b44c-b362eb80bfd7,4d28d2f3-e8bd-48c8-be53-f6e02a6070f1,f57ac10f-a520-407c-85aa-31f052ea6ed5,468,2026-04-17 04:31:57.15
ba99c00d-068a-4584-8688-62cf30dba5b2,47cb8b3b-62b5-459a-887e-da8944d4b945,f57ac10f-a520-407c-85aa-31f052ea6ed5,469,2026-04-17 04:31:57.787
d79392f1-8b61-4259-bc88-e17b82847e43,aa15cec1-d810-44a6-8c22-b1c26513f846,f57ac10f-a520-407c-85aa-31f052ea6ed5,470,2026-04-17 04:31:58.766
bbefb5ba-4701-4eca-a267-e800c754caaa,326de6c7-a5b3-4f31-97df-6e4fbff750c8,f57ac10f-a520-407c-85aa-31f052ea6ed5,471,2026-04-17 04:31:59.301
54f7abb8-fdc7-48e0-a60f-6093958da6af,9b8668b1-041a-4193-94b7-e689aa591474,f57ac10f-a520-407c-85aa-31f052ea6ed5,472,2026-04-17 04:32:03.077
f74b5a2f-3bdb-4657-a214-603d0567f0fb,12f07921-83d4-4029-b9f0-0897b7c4abe9,f57ac10f-a520-407c-85aa-31f052ea6ed5,473,2026-04-17 04:32:03.709
b33370b7-3d68-4837-a05e-da59f893d835,81cd4a09-bab2-4f79-8a7b-4ffcad903e4f,f57ac10f-a520-407c-85aa-31f052ea6ed5,474,2026-04-17 04:32:04.351
a96e5209-73f3-46d1-879b-2809a661b72c,c61c19e1-d60a-4f35-a113-97ee86c81071,f57ac10f-a520-407c-85aa-31f052ea6ed5,475,2026-04-17 04:32:05
da845b19-9aa0-4935-9c79-c0edcd3d755f,8509b13c-e904-4623-a1cb-239c24e9ec41,f57ac10f-a520-407c-85aa-31f052ea6ed5,476,2026-04-17 04:32:05.627
8485f2a6-46ca-4cf3-a44c-2f06bb5c03bc,6c16aba8-4cc7-4d11-8121-3178a8de1659,f57ac10f-a520-407c-85aa-31f052ea6ed5,477,2026-04-17 04:32:06.222
795ec1a9-4b38-4a6d-be95-4077f21030df,e691efa7-d7b7-493d-9a07-64415b0953da,f57ac10f-a520-407c-85aa-31f052ea6ed5,478,2026-04-17 04:32:06.75
eabf7631-5ef6-43e4-a11a-2ebe66b22004,f6c99088-8b12-4bb0-a68c-2d2bcb90282b,f57ac10f-a520-407c-85aa-31f052ea6ed5,479,2026-04-17 04:32:07.389
883645f7-d6d2-4369-b8b3-d1bc360cd471,06e481bf-ddf2-4c37-a992-b0442fe3a25a,f57ac10f-a520-407c-85aa-31f052ea6ed5,480,2026-04-17 04:32:11.665
0a5c1267-6f15-4cb8-bc05-0fea66243da3,661fbf1b-0c92-4247-a436-769300c03a1c,f57ac10f-a520-407c-85aa-31f052ea6ed5,481,2026-04-17 04:32:12.188
c83f77fe-5d3e-44ee-9ff1-74644b9cb1da,70bfaf36-1e7d-4897-9b26-f87e4295d390,f57ac10f-a520-407c-85aa-31f052ea6ed5,482,2026-04-17 04:32:12.711
3854ea4e-91bf-4163-bb21-6864b2de7ccb,ebc9f42e-626e-4692-b7b7-a54b95fca969,f57ac10f-a520-407c-85aa-31f052ea6ed5,483,2026-04-17 04:32:13.274
6844f644-7439-4cfc-834b-edf0cb60660d,6f338d94-781d-476d-beb8-d7e612e1eb54,f57ac10f-a520-407c-85aa-31f052ea6ed5,484,2026-04-17 04:32:14.151
5f57a9c4-2c3e-4d20-acc4-6d64cb4add5b,797785c1-0048-4a72-922d-f3d73a57cf81,f57ac10f-a520-407c-85aa-31f052ea6ed5,485,2026-04-17 04:32:14.684
cccca755-fddd-4865-879c-82c518cc4ed9,44e95580-eb6e-4819-8246-b2f9f7835c10,f57ac10f-a520-407c-85aa-31f052ea6ed5,486,2026-04-17 04:32:15.2
56919838-a1b7-47b6-8c29-5ebc1c321630,3fda844e-1482-4143-874c-1e252dbc3e62,f57ac10f-a520-407c-85aa-31f052ea6ed5,487,2026-04-17 04:32:15.874
a05a1874-2857-4ffd-bdfc-6462d357ef60,b66ee3c7-3a78-4687-9886-df1e51a8a5b3,f57ac10f-a520-407c-85aa-31f052ea6ed5,488,2026-04-17 04:32:16.511
dad45d6e-8f4a-4566-8c87-0363903b9c13,56da1301-7819-4f2c-a921-26f81bb5cb2f,f57ac10f-a520-407c-85aa-31f052ea6ed5,489,2026-04-17 04:32:17.106
c7061701-f404-4c4e-bc0d-bae7fe29a0be,e1374a6f-e15d-465f-b1bc-e0d9cef7dbdd,f57ac10f-a520-407c-85aa-31f052ea6ed5,490,2026-04-17 04:32:17.788
72c4d961-73be-4d14-98db-17dade78324e,d0e1aac6-3877-42ad-971e-1710731398e8,f57ac10f-a520-407c-85aa-31f052ea6ed5,491,2026-04-17 04:32:18.433
b781be5b-a2f1-4605-a33f-3e3fb0075869,d6b0496e-528c-4565-a988-e3ecbe0691bb,f57ac10f-a520-407c-85aa-31f052ea6ed5,492,2026-04-17 04:32:19.068
6c9d849d-5058-427b-b7d9-bff4c4fb8439,6ad3775b-cd58-4e86-a600-489ee6fe37a5,f57ac10f-a520-407c-85aa-31f052ea6ed5,493,2026-04-17 04:32:19.711
ddbc0d27-6da9-489c-a232-8975714c8629,45c6ebdf-785d-41a9-adf3-50cc19616d0a,f57ac10f-a520-407c-85aa-31f052ea6ed5,494,2026-04-17 04:32:20.349
3bdae856-77ba-4208-bbb4-c3a2809a0fdc,431a8d30-1f53-47e6-a1e1-0f97b25681a0,f57ac10f-a520-407c-85aa-31f052ea6ed5,495,2026-04-17 04:32:27.89
f21961ac-e871-4aa2-af47-0794240c2530,d81bb077-8f15-4163-ad65-5abe3c7e6366,f57ac10f-a520-407c-85aa-31f052ea6ed5,496,2026-04-17 04:32:28.509
31a23260-24a5-41a4-a0c5-9b1d625c25e2,457ee9e8-d1f0-4dbc-8827-8d621b51ad51,f57ac10f-a520-407c-85aa-31f052ea6ed5,497,2026-04-17 04:32:29.449
e6e7f16e-8111-4ae6-ad0d-7fe6332fc21b,739b9181-f4e6-44f3-9f82-b8dc34c81fa5,f57ac10f-a520-407c-85aa-31f052ea6ed5,498,2026-04-17 04:32:30.111
8b1edcb0-43f8-4035-ba5a-e95a99a34d3e,5d323ee8-704c-46ed-82c5-9df7a330e597,f57ac10f-a520-407c-85aa-31f052ea6ed5,499,2026-04-17 04:32:30.75
370825a1-3610-4c48-9b96-d00e78bb04e3,3c6306dc-eec2-41c2-8d8b-f95096887ac8,f57ac10f-a520-407c-85aa-31f052ea6ed5,500,2026-04-17 04:32:31.389
747407f5-54c6-429e-a17b-f9648bcfe8c4,afd93135-e8fc-4d52-a2b5-2a4df955e146,f57ac10f-a520-407c-85aa-31f052ea6ed5,501,2026-04-17 04:32:32.031
6f629af8-29ce-4dfc-8b9e-e6acea31eff3,168d9ac5-fe98-4413-89ca-c7521f7238d3,f57ac10f-a520-407c-85aa-31f052ea6ed5,502,2026-04-17 04:32:32.67
7a95f168-851e-4511-a2b1-7911dbdbd6fd,95b4713c-2d16-4eca-8fe7-b71e4ebdc3db,f57ac10f-a520-407c-85aa-31f052ea6ed5,503,2026-04-17 04:32:33.308
9442f1db-e60c-4220-8c5f-13edfb79356f,92af54ba-834a-4ec2-986c-d65485fe45c1,f57ac10f-a520-407c-85aa-31f052ea6ed5,504,2026-04-17 04:32:33.949
00101d39-f222-4c0b-b404-3c2b92e145b1,37283279-e148-441d-a0bc-41aa8d55629d,f57ac10f-a520-407c-85aa-31f052ea6ed5,505,2026-04-17 04:32:34.592
0147210d-aa66-421b-b417-f5285751b811,bda87e9c-8e4a-420b-8e9d-5b1dc1485648,f57ac10f-a520-407c-85aa-31f052ea6ed5,506,2026-04-17 04:32:35.205
e8868e87-1e61-48e8-af9c-d9d7ae366a63,34b9808d-e4cc-445e-a140-14627ed72ebe,f57ac10f-a520-407c-85aa-31f052ea6ed5,507,2026-04-17 04:32:35.875
4bade9ba-0446-4cb5-8604-e298e9086a23,0a1c2caf-5fab-4238-934a-49f53a889a64,f57ac10f-a520-407c-85aa-31f052ea6ed5,508,2026-04-17 04:32:36.51
7f0f74b2-8e18-4231-9fb8-34fabc230a16,20fa5705-5dac-4748-9f9d-6986571e65f1,f57ac10f-a520-407c-85aa-31f052ea6ed5,509,2026-04-17 04:32:37.078
b058d5f9-c08d-454b-bf83-fb2a48d61436,af396e60-26b6-432a-8422-e4deb7c06937,f57ac10f-a520-407c-85aa-31f052ea6ed5,510,2026-04-17 04:32:37.666
74525e84-c4e6-4b49-b40b-dead0fa30c25,1ed84c7f-bd11-4b40-9172-e909f4dee579,f57ac10f-a520-407c-85aa-31f052ea6ed5,511,2026-04-17 04:32:38.275
0bcc719f-1440-4f60-9d61-9efad4e10ede,d09d7e68-5479-4db3-85c6-55ce2229906f,f57ac10f-a520-407c-85aa-31f052ea6ed5,512,2026-04-17 04:32:38.916
edfb654a-dd44-4024-9de3-0b894eddba28,a74fd65e-7534-4370-bf76-1cfe574c979e,f57ac10f-a520-407c-85aa-31f052ea6ed5,513,2026-04-17 04:32:39.568
d2f63c5c-0a5e-45ec-acaf-74e78773254f,7e3014e9-738a-4303-8d75-236784381677,f57ac10f-a520-407c-85aa-31f052ea6ed5,514,2026-04-17 04:32:40.172
234aee60-3683-44ff-a703-9698c256117c,2cc5268c-e4a4-4858-802a-18d99ac7db6c,f57ac10f-a520-407c-85aa-31f052ea6ed5,515,2026-04-17 04:32:40.83
9fc74717-cd27-4b66-b9eb-79dd57273b11,c1bc0737-5727-48a5-976b-ff325e0759b0,f57ac10f-a520-407c-85aa-31f052ea6ed5,516,2026-04-17 04:32:41.488
93c59e7f-8029-46b6-be5d-80d23815e900,6492e27e-18a2-4530-9fd1-f768b90de974,f57ac10f-a520-407c-85aa-31f052ea6ed5,517,2026-04-17 04:32:42.11
397ae25c-5539-4567-ac8a-dc506f03fbe0,4a1fb319-3822-49ea-bb67-a86475dcf016,f57ac10f-a520-407c-85aa-31f052ea6ed5,518,2026-04-17 04:32:42.73
1bdb84e7-2436-44eb-bb49-52659ed5bfee,c911db06-64b2-4c1c-8bba-608ca0ea47b9,f57ac10f-a520-407c-85aa-31f052ea6ed5,519,2026-04-17 04:32:43.372
401ba156-c5d2-4756-993b-a63f8f69c5e4,0c5b4f44-e4f9-4107-bb8e-bf014b0d027f,f57ac10f-a520-407c-85aa-31f052ea6ed5,520,2026-04-17 04:32:44.032
53be6373-4ca9-4972-97bc-f660c3a740a2,47121ac9-cfb4-4581-bf9f-b4b0514d8e06,f57ac10f-a520-407c-85aa-31f052ea6ed5,521,2026-04-17 04:32:44.989
90b75a96-ae34-406b-b0ac-c13b92a1dd54,facdd17d-69e0-4834-bcd8-7fbab035bd59,f57ac10f-a520-407c-85aa-31f052ea6ed5,522,2026-04-17 04:32:45.591
48cc8c01-88ea-4df2-b2c1-998eb3d1a08d,ed7ad5a5-3898-4bb8-99f8-b2310693d059,f57ac10f-a520-407c-85aa-31f052ea6ed5,523,2026-04-17 04:32:46.269
8371fe07-929d-418b-b74c-9b991a8cf4a9,ca4cf04e-6d5e-459a-bf1c-b353e87e7b4a,f57ac10f-a520-407c-85aa-31f052ea6ed5,524,2026-04-17 04:32:46.841
6129e466-e7b5-4bf7-9077-b2a6330f7678,6fc6cc64-1f81-4c6e-9889-ab6d00284ecc,f57ac10f-a520-407c-85aa-31f052ea6ed5,525,2026-04-17 04:32:47.526
26c747eb-7ceb-4b43-b03e-cfac0d147d7f,b5e0c9ac-efc2-4d8a-9787-28221dc8dc5a,f57ac10f-a520-407c-85aa-31f052ea6ed5,526,2026-04-17 04:32:48.075
cb5437a8-7082-40b9-a795-8a54745f7c41,c882bcae-2d07-44fb-a602-428831bfd424,f57ac10f-a520-407c-85aa-31f052ea6ed5,527,2026-04-17 04:32:48.637
bc6c6515-c7b0-45b5-8852-15e8e7660431,ded07eb9-2d8f-4359-a58f-b3314901dd65,f57ac10f-a520-407c-85aa-31f052ea6ed5,528,2026-04-17 04:32:49.198
1a9da0b9-9a30-490a-b812-1acbf0d15295,e32afdb9-b0f9-4c8a-ba12-0fd31b85549e,f57ac10f-a520-407c-85aa-31f052ea6ed5,529,2026-04-17 04:32:49.788
4d4cbd0a-e2c8-497e-aa43-19d0bc94736f,b2a14606-cc69-4491-935d-21474120febd,f57ac10f-a520-407c-85aa-31f052ea6ed5,530,2026-04-17 04:32:50.398
c666de36-f017-4d0d-9d6a-e20b88a85cdf,98e9ba6b-86ec-4ca6-8ec9-7185fb934523,f57ac10f-a520-407c-85aa-31f052ea6ed5,531,2026-04-17 04:32:51.043
98ba2255-8d14-49d1-9bc7-b60e65c74e69,aa5b0880-4be5-4046-8abd-4dc20479813a,f57ac10f-a520-407c-85aa-31f052ea6ed5,532,2026-04-17 04:32:51.707
7d37b349-46de-4c7b-88ac-17fffb7b77dc,2b3cb9ba-8133-4fa1-81eb-935ecd4fe40b,f57ac10f-a520-407c-85aa-31f052ea6ed5,533,2026-04-17 04:32:52.347
55ad9d22-3239-42d2-a4e2-034a7e2c8d1b,111e79c6-5d1a-44d4-80b3-cba8fd09d5cb,f57ac10f-a520-407c-85aa-31f052ea6ed5,534,2026-04-17 04:32:52.986
72e054ab-28db-466f-b815-b9498984cccb,ac8e6410-6737-4aa1-8eae-313e89e5e64a,f57ac10f-a520-407c-85aa-31f052ea6ed5,535,2026-04-17 04:32:53.623
ed755c63-807e-4a61-8d6f-0c5f6aacc2d7,ee93a66d-c290-40a7-9d8b-53d4dc183971,f57ac10f-a520-407c-85aa-31f052ea6ed5,536,2026-04-17 04:32:54.244
d4b99039-0498-4157-97da-d7f23ad7aab5,497b6be7-1208-4b3c-903b-8bab547dd0f1,f57ac10f-a520-407c-85aa-31f052ea6ed5,537,2026-04-17 04:32:54.764
bb79961e-1ba2-4620-b8ef-1d98724998ae,b819c518-2b5b-4ec7-b429-4cb65eabf45c,f57ac10f-a520-407c-85aa-31f052ea6ed5,538,2026-04-17 04:32:55.387
3dc65204-2524-4bf9-a6cb-13cf58af20a0,3cf1a459-da2f-49b8-8ebb-0123b50b47f0,f57ac10f-a520-407c-85aa-31f052ea6ed5,539,2026-04-17 04:32:56.034
b8cafd4c-cbc4-4882-83f7-4315fb8d6cf7,d405a943-bf43-4fb0-978e-9a9835f8a9a5,f57ac10f-a520-407c-85aa-31f052ea6ed5,540,2026-04-17 04:32:56.568
cf2369ea-269f-4b41-a9fd-ff8caee5156d,a5d9579c-899a-452a-a043-8e64668558e2,f57ac10f-a520-407c-85aa-31f052ea6ed5,541,2026-04-17 04:32:57.094
9153499a-43cb-46ec-9770-074e0712303c,3fcfcf97-8ee9-4189-8346-91d4941d68d8,f57ac10f-a520-407c-85aa-31f052ea6ed5,542,2026-04-17 04:32:57.734
3b0f3b64-bc8b-4d5a-877c-1a2ab1dd3e57,5ddafe67-d4a6-48ad-908b-d641070cf0f1,f57ac10f-a520-407c-85aa-31f052ea6ed5,543,2026-04-17 04:32:58.431
0766a7a1-9a19-4c32-8106-1fbb7eaf49cb,defd7f86-bcf7-4fb9-b84a-2618053280cb,f57ac10f-a520-407c-85aa-31f052ea6ed5,544,2026-04-17 04:32:59.073
362333cd-e8f1-4634-8785-4566063905cc,465b53f9-b239-4c49-a637-22b4d423e4b1,f57ac10f-a520-407c-85aa-31f052ea6ed5,545,2026-04-17 04:32:59.708
a900db2d-ac7b-4468-839b-65f019877398,5baa4199-f690-42c7-991f-31d0646a38d9,f57ac10f-a520-407c-85aa-31f052ea6ed5,546,2026-04-17 04:33:00.67
c0259429-59a4-40fe-b024-19cbbcc39b78,e9ce6a43-ca43-4754-ac6e-3c0c6cb32692,f57ac10f-a520-407c-85aa-31f052ea6ed5,547,2026-04-17 04:33:01.311
7f01cb48-233b-45cd-a93e-c073ccf7aeda,259106ed-1eae-4fe8-9c4b-383e40260584,f57ac10f-a520-407c-85aa-31f052ea6ed5,548,2026-04-17 04:33:01.954
9e9b4dab-d7af-466f-8ccd-3ff49f04d16d,5d890ebe-d47f-403b-969e-f4e222c29c22,f57ac10f-a520-407c-85aa-31f052ea6ed5,549,2026-04-17 04:33:02.588
3df34420-a9b0-4c11-a50a-8bddc9c606b1,e8a33cee-af55-4118-b509-ddfd03230674,f57ac10f-a520-407c-85aa-31f052ea6ed5,550,2026-04-17 04:33:03.173
3b5c2bc7-f5c2-4f0d-8151-24e0925cce18,565f018b-22e8-421b-ad68-844d85f8e5e5,f57ac10f-a520-407c-85aa-31f052ea6ed5,551,2026-04-17 04:33:03.871
29425334-22aa-46dd-bfcf-28c355a70f7c,0ad19c41-e1bb-4f72-85ba-e9831152740d,f57ac10f-a520-407c-85aa-31f052ea6ed5,552,2026-04-17 04:33:04.511
05268889-ad94-404c-a330-e7c190fc1efe,c8aae197-315d-45a8-b7c9-3558994c1831,f57ac10f-a520-407c-85aa-31f052ea6ed5,553,2026-04-17 04:33:05.123
adb41d5c-d38b-46db-8eac-9677f6b9bce1,3f35d82d-8219-48ac-8c4b-26f8bcb2a6bc,f57ac10f-a520-407c-85aa-31f052ea6ed5,554,2026-04-17 04:33:05.791
8ba21170-d4bf-40c4-bf1b-d5c7b27a4504,660726cf-c9de-4bad-bb9a-e11d7d2c46cc,f57ac10f-a520-407c-85aa-31f052ea6ed5,555,2026-04-17 04:33:06.377
702d8ebe-c31d-490d-b2b7-eeba4cebe091,d18b547b-ebb5-4909-87b9-36848e277d54,f57ac10f-a520-407c-85aa-31f052ea6ed5,556,2026-04-17 04:33:07.069
f98d74d9-a4f7-4274-9cdc-e3e9b9fa7a9e,27c34a83-1d97-4669-8d9e-fee4a3cba296,f57ac10f-a520-407c-85aa-31f052ea6ed5,557,2026-04-17 04:33:07.71
58efb48c-f1ae-481e-8fd9-9f0785814c24,68649233-4378-4025-853e-3bfdf1feadb1,f57ac10f-a520-407c-85aa-31f052ea6ed5,558,2026-04-17 04:33:08.306
71128384-c43d-4752-9a57-0429cd166c2c,1f2d449e-33f1-41b6-9707-e577c2f84aa5,f57ac10f-a520-407c-85aa-31f052ea6ed5,559,2026-04-17 04:33:08.825
18eade32-4f3a-40f5-aabb-53bf0ae2c94e,074627b4-02d5-4c95-a3ac-5fa0b7a8583c,f57ac10f-a520-407c-85aa-31f052ea6ed5,560,2026-04-17 04:33:09.347
7fa6d0eb-3c3f-4306-91a5-a7dbd3c244eb,72b552d9-c7b3-4632-b3ca-9d90f3406f78,f57ac10f-a520-407c-85aa-31f052ea6ed5,561,2026-04-17 04:33:09.941
3f4b4aa4-cd59-4147-bc67-ef0a4e9f2a03,6d888d91-2a67-40bf-9a8c-049484856677,f57ac10f-a520-407c-85aa-31f052ea6ed5,562,2026-04-17 04:33:10.59
41fb92db-e912-4fee-b868-37f5d6aa6f21,f10642fb-f989-4614-b086-067ddf239150,f57ac10f-a520-407c-85aa-31f052ea6ed5,563,2026-04-17 04:33:11.226
87c154ce-ea70-40e5-8c9f-37df06e6c88f,8e22e569-7e6d-405b-ab7c-1e37deaab668,f57ac10f-a520-407c-85aa-31f052ea6ed5,564,2026-04-17 04:33:11.892
76b922f5-c9e7-4b69-8181-262ce9e2b3fd,98797811-22c4-4314-af1c-5f56d9c30599,f57ac10f-a520-407c-85aa-31f052ea6ed5,565,2026-04-17 04:33:12.478
48a44a85-e71c-48cb-bb95-ea70c3d1ab77,877720a5-e1dc-432f-9f47-f5386a7b9705,f57ac10f-a520-407c-85aa-31f052ea6ed5,566,2026-04-17 04:33:13.142
50655999-7a48-46fe-a27e-f1560a6d55c3,116fbde3-d81a-4d0a-a537-39fa3a78dffd,f57ac10f-a520-407c-85aa-31f052ea6ed5,567,2026-04-17 04:33:13.708
070cac6e-a5d1-40e1-99c2-de416f345003,c41a1e2c-1543-4737-af75-caa3cea73de6,f57ac10f-a520-407c-85aa-31f052ea6ed5,568,2026-04-17 04:33:14.243
dfedb0a3-b8fa-4aee-875c-8c2945670eb8,5ca8cf18-027c-47da-a94d-85108ccc3503,f57ac10f-a520-407c-85aa-31f052ea6ed5,569,2026-04-17 04:33:14.796
0718b26a-2fd8-4e96-83e0-f1c8da2be3e0,517abf64-f692-41a3-aa57-199f17b7150a,f57ac10f-a520-407c-85aa-31f052ea6ed5,570,2026-04-17 04:33:15.605
78010c4f-84a0-4a54-ab8a-be71ae68550c,1f142946-f833-40a5-b63f-3001c3f72f4d,f57ac10f-a520-407c-85aa-31f052ea6ed5,571,2026-04-17 04:33:16.148
4850a678-2011-4144-b078-0c1b6fc62956,359f8bb4-be81-4ca6-97ff-580bc13be414,f57ac10f-a520-407c-85aa-31f052ea6ed5,572,2026-04-17 04:33:16.7
9fd02be4-042e-4fe8-b73a-9f35b89bce7f,9ebb7038-11ab-438f-baef-23aff65325cb,f57ac10f-a520-407c-85aa-31f052ea6ed5,573,2026-04-17 04:33:17.295
ef793a74-ad08-447a-88ca-6a39289e3d8a,0daea515-b946-4a2b-aab3-6ab6d96c0be9,f57ac10f-a520-407c-85aa-31f052ea6ed5,574,2026-04-17 04:33:17.824
6a577c4b-b6a8-4de4-897c-c697450557fc,17e8d699-c0a0-46d6-a26d-9137bcfd9c5a,f57ac10f-a520-407c-85aa-31f052ea6ed5,575,2026-04-17 04:33:18.407
2ca90569-2c03-4a20-bc34-7819a3cb42f5,a093824f-0569-46ef-9823-4bbccdd6aa41,f57ac10f-a520-407c-85aa-31f052ea6ed5,576,2026-04-17 04:33:18.933
33d7ec04-6570-4f1a-9694-53b568c7944e,f7e88f42-b0d4-4999-8a5c-e50064ed0ee5,f57ac10f-a520-407c-85aa-31f052ea6ed5,577,2026-04-17 04:33:19.471
ecc471ca-2a78-429e-a401-ee173e1db541,fad6dba6-af87-465e-b625-c5818010936b,f57ac10f-a520-407c-85aa-31f052ea6ed5,578,2026-04-17 04:33:20.02
46eb7970-becb-4d6b-8a75-8cb5b58d62a2,30091420-6752-41e5-89ee-2251f89ae05b,f57ac10f-a520-407c-85aa-31f052ea6ed5,579,2026-04-17 04:33:20.56
a76ca2f0-1552-4aca-92bc-f65d4c7af4be,2d6b6626-038e-45ac-b337-005acf831731,f57ac10f-a520-407c-85aa-31f052ea6ed5,580,2026-04-17 04:33:21.125
b56efbb1-df59-49be-bc61-a4ad1c29f79d,663a5248-8bbc-45e7-8507-40b07a25cdbb,f57ac10f-a520-407c-85aa-31f052ea6ed5,581,2026-04-17 04:33:21.669
a6c36d6d-7d7c-43af-ba6e-e9ad0b9f01f9,2a9eaf3c-34cd-4aa0-b97a-a56de1fa1bca,f57ac10f-a520-407c-85aa-31f052ea6ed5,582,2026-04-17 04:33:22.231
a4496d40-64c7-4dcc-a84b-129eaee05089,e8ae3a59-af56-4f95-b1d3-84f83bd64667,f57ac10f-a520-407c-85aa-31f052ea6ed5,583,2026-04-17 04:33:22.77
e409f6f4-d79f-4f80-bf8e-61bc23b0db5f,8821d07e-08a5-40e3-afe7-464f17ebdb7f,f57ac10f-a520-407c-85aa-31f052ea6ed5,584,2026-04-17 04:33:23.311
4f3dcbca-6df3-4ce7-b6f8-f34602518fed,a308d64e-a683-48c5-b2a8-601ec2450e19,f57ac10f-a520-407c-85aa-31f052ea6ed5,585,2026-04-17 04:33:23.843
bc142233-f523-455d-9fcc-2a1665a08a41,e41d9c3d-d076-4e58-960a-aa31d0e90b47,f57ac10f-a520-407c-85aa-31f052ea6ed5,586,2026-04-17 04:33:24.385
372bb6f1-a8ff-4472-9996-6909e023aafd,09616f14-bdbc-4a08-81a4-460e529179a2,f57ac10f-a520-407c-85aa-31f052ea6ed5,587,2026-04-17 04:33:25.027
00ada1af-c801-415b-987d-2a8e189fecf1,8746ac05-8a8c-4f13-973b-9d3588b114ff,f57ac10f-a520-407c-85aa-31f052ea6ed5,588,2026-04-17 04:33:25.59
cd323e4c-f15b-4f80-a568-f1a986645e9d,1ea25203-f0cf-4df2-9c93-50f24187f149,f57ac10f-a520-407c-85aa-31f052ea6ed5,589,2026-04-17 04:33:26.108
1ce462f2-6bcc-421d-a3e9-430a337a74a8,68a6bd4e-abc7-4144-bbb0-c3d20bd26ccc,f57ac10f-a520-407c-85aa-31f052ea6ed5,590,2026-04-17 04:33:26.751
1197422c-7e7f-4d4f-8648-31f30e5adf06,2685f831-e1b0-4ad2-a7ef-cf48ff212488,f57ac10f-a520-407c-85aa-31f052ea6ed5,591,2026-04-17 04:33:27.35
09f3567f-9131-42ca-ad5a-36adcc77d816,0fe6c4b2-51f6-4335-8018-6048d4d289a1,f57ac10f-a520-407c-85aa-31f052ea6ed5,592,2026-04-17 04:33:27.924
9e4d43b4-8815-45b3-bbda-2a7e4d018eb6,b8271d41-7b1b-4543-ac28-08427e21a012,f57ac10f-a520-407c-85aa-31f052ea6ed5,593,2026-04-17 04:33:28.507
403eb8de-9eca-404f-8b72-d8f00650c5ae,ba1b79f1-b218-42e0-90c9-515c590bfb5c,f57ac10f-a520-407c-85aa-31f052ea6ed5,594,2026-04-17 04:33:29.112
48f0574e-589d-4c3a-b283-f521ed170a11,0fae6e06-cdbd-4916-912b-1b5686e37eb1,f57ac10f-a520-407c-85aa-31f052ea6ed5,595,2026-04-17 04:33:29.789
40e3e955-bd55-4f92-803b-b29d012920ce,52fb53ed-992a-40b7-a284-d0ef206d8b3b,f57ac10f-a520-407c-85aa-31f052ea6ed5,596,2026-04-17 04:33:30.422
fddd0cc3-5dc3-49d2-8e0a-f0bfcd93ee66,c9ffd548-293a-4eb4-8a72-16b3ea5f6071,f57ac10f-a520-407c-85aa-31f052ea6ed5,597,2026-04-17 04:33:31.381
7b43934c-5a8a-446e-b653-f1e5dab1bb38,129f2a12-36ee-4f40-8504-029cfb337c03,f57ac10f-a520-407c-85aa-31f052ea6ed5,598,2026-04-17 04:33:32.027
31eef580-249c-42f0-b722-b7f79ed0acf2,7afa437d-92ff-461c-a526-7bcc284e9e63,f57ac10f-a520-407c-85aa-31f052ea6ed5,599,2026-04-17 04:33:32.663
fdef14f0-3767-4f58-aa96-99ab5c19248e,ee1ce29b-7c86-48cd-850f-f5a8ee856031,f57ac10f-a520-407c-85aa-31f052ea6ed5,600,2026-04-17 04:33:33.3
2982c113-8dee-4a64-9ed9-61a3c17d9d2d,4aa59ff8-da67-4892-bffb-557d6cccf237,f57ac10f-a520-407c-85aa-31f052ea6ed5,601,2026-04-17 04:33:33.942
f0f5c0e9-bb77-40bf-a05c-ba859994b30e,302626cc-4563-4b71-954e-25f240a89c48,f57ac10f-a520-407c-85aa-31f052ea6ed5,602,2026-04-17 04:33:34.581
148c830b-7309-4b0c-815d-f9f6bc4bf8ec,25496d33-4ff4-4289-8b2a-938186aff52c,f57ac10f-a520-407c-85aa-31f052ea6ed5,603,2026-04-17 04:33:39.351
c868be1f-d0e8-47ad-a78b-44f643a562d1,bf87387d-942c-419b-82ae-53d332793dde,f57ac10f-a520-407c-85aa-31f052ea6ed5,604,2026-04-17 04:33:39.995
fd5b415a-dc54-48d2-b6b9-702deac90643,59941341-9846-4321-8821-f0eaa8f5e1d2,f57ac10f-a520-407c-85aa-31f052ea6ed5,605,2026-04-17 04:33:40.69
6ea6d969-a6dc-46c2-ac37-4b7b3995367d,eb91535a-7a49-4274-ae12-72b9d659701a,f57ac10f-a520-407c-85aa-31f052ea6ed5,606,2026-04-17 04:33:41.246
1db54d4a-ae42-470f-979b-d8f2475e17c7,0869a06e-cb17-4a50-a684-d9035dbf8e1d,f57ac10f-a520-407c-85aa-31f052ea6ed5,607,2026-04-17 04:33:41.951
f00370da-a50c-49dd-b5ab-6fff4bff73f6,e922a8ae-0187-4f08-8063-c13bf64596d5,f57ac10f-a520-407c-85aa-31f052ea6ed5,608,2026-04-17 04:33:42.585
62f0401e-9363-48c8-860e-c6c3cf0372c0,94e0a1ce-4e5c-42f7-ac8b-81fe5a73d092,f57ac10f-a520-407c-85aa-31f052ea6ed5,609,2026-04-17 04:33:43.183
c416b76e-08c4-48cf-8936-1dcb60b6f2ab,5e8526ad-950e-42b8-a620-127c9d3a8e1f,f57ac10f-a520-407c-85aa-31f052ea6ed5,610,2026-04-17 04:33:43.887
04380587-eb42-486d-b135-a4669269d948,cb51c4b6-a4f7-4f1b-afa1-3f7bb4cad28b,f57ac10f-a520-407c-85aa-31f052ea6ed5,611,2026-04-17 04:33:44.419
e46c860e-19ce-4de9-ab9e-6bb1f103b3d3,b3869c5a-224b-4de6-a0b7-274956f6f151,f57ac10f-a520-407c-85aa-31f052ea6ed5,612,2026-04-17 04:33:44.99
2a857333-31c2-406c-ad91-25c5e4713ea1,18f92e5f-fecc-4dd4-8ee7-2e07fa3c333c,f57ac10f-a520-407c-85aa-31f052ea6ed5,613,2026-04-17 04:33:45.579
598fbb39-3ed8-4beb-8461-7084e1fc316e,225085e3-8666-49df-b5a8-c7324a65d593,f57ac10f-a520-407c-85aa-31f052ea6ed5,614,2026-04-17 04:33:46.58
fc28a14e-b97a-427b-984a-e313c928cd82,8d1d649d-097a-4464-9bcd-a5d62957395a,f57ac10f-a520-407c-85aa-31f052ea6ed5,615,2026-04-17 04:33:47.198
f786ee0d-fdab-4c5a-8cb3-24d5065586a3,8af9683e-23dc-46d7-be10-1a60f73db618,f57ac10f-a520-407c-85aa-31f052ea6ed5,616,2026-04-17 04:33:47.75
c1644e12-31ff-4c69-86a8-8b732b5c9b6a,82a0a7ec-c490-4171-9873-36d8cee8c75a,f57ac10f-a520-407c-85aa-31f052ea6ed5,617,2026-04-17 04:33:48.311
e076d1f2-50fe-412a-90b9-90e466d7ee92,3af64616-321f-4bb3-ae52-5d26e4882017,f57ac10f-a520-407c-85aa-31f052ea6ed5,618,2026-04-17 04:33:48.87
30d4ad2b-4b28-4c31-a383-685f0aa3bfc8,18cf4c3b-7af3-46c0-9727-e496dab0ff31,f57ac10f-a520-407c-85aa-31f052ea6ed5,619,2026-04-17 04:33:49.383
06e456b7-d1a1-45b3-9557-5ef590e911ca,225cdc74-4a73-45df-96ce-c26fb678a98c,f57ac10f-a520-407c-85aa-31f052ea6ed5,620,2026-04-17 04:33:49.967
a0ad7b25-81c2-4450-9e3c-62ca4890cb45,3426c61d-ecb7-4b7a-9257-4260fc213358,f57ac10f-a520-407c-85aa-31f052ea6ed5,621,2026-04-17 04:33:50.586
f8b62631-afe7-4cd8-882b-509cc055af39,3876e3c3-2a12-42c0-adff-4fd8d449b392,f57ac10f-a520-407c-85aa-31f052ea6ed5,622,2026-04-17 04:33:51.126
e477a0b3-7116-422d-81ff-2bd5b747803f,e99c136d-543f-446a-80b6-d2f0a4565806,f57ac10f-a520-407c-85aa-31f052ea6ed5,623,2026-04-17 04:33:51.699
5a7e3d85-abb0-461e-8c43-afe8e56fbd6b,b3a1d6cd-f6bb-436d-a865-3a71585b2a0d,f57ac10f-a520-407c-85aa-31f052ea6ed5,624,2026-04-17 04:33:52.339
a6c2e20b-362e-4b2d-a2b5-c73b90358fab,cbc20a98-ad63-43a9-83db-45552faa74ef,f57ac10f-a520-407c-85aa-31f052ea6ed5,625,2026-04-17 04:33:52.951
2c4fedfd-e83d-4193-b59e-b702b8e9b0c0,e2cf1b62-0b70-4306-ba34-105ca76608ba,f57ac10f-a520-407c-85aa-31f052ea6ed5,626,2026-04-17 04:33:53.624
9fc435b5-1830-49cd-8591-a77b35df9dfb,a6273f2e-938e-47c9-9e0b-0b191fe04bbc,f57ac10f-a520-407c-85aa-31f052ea6ed5,627,2026-04-17 04:33:54.268
03f60581-766c-4e54-a664-2f78c44dbfbf,81a2fd92-198a-4605-996e-9e0b2ad828e8,f57ac10f-a520-407c-85aa-31f052ea6ed5,628,2026-04-17 04:33:54.899
e261ef48-9693-4d09-965c-f547bff600f2,9e0a8e24-d791-4c2e-a11e-c037946a0bf5,f57ac10f-a520-407c-85aa-31f052ea6ed5,629,2026-04-17 04:33:55.54
e16ecff9-5360-495c-bed6-92375a3603a5,9a180759-f7be-4da8-b739-b40688b5853b,f57ac10f-a520-407c-85aa-31f052ea6ed5,630,2026-04-17 04:33:56.179
18b5f968-8022-498e-a061-313279486bb1,0152092e-a65d-4561-9f45-b0fa5655c830,f57ac10f-a520-407c-85aa-31f052ea6ed5,631,2026-04-17 04:34:01.461
90c4af8a-8ab1-46fc-a748-c597077f8dc1,e8b2eea4-f5c6-4d10-8f95-9c6ccc124ed7,f57ac10f-a520-407c-85aa-31f052ea6ed5,632,2026-04-17 04:34:02.441
1e9421ea-fc52-4577-808c-dfdf3dfb61bc,b8ebf3ec-b6c7-4648-a49a-af83302cab8c,f57ac10f-a520-407c-85aa-31f052ea6ed5,633,2026-04-17 04:34:03.064
037d0ce8-32a7-403d-8e5a-b86e2dcb193b,3f0a381a-a20d-48fc-b091-06633e64919d,f57ac10f-a520-407c-85aa-31f052ea6ed5,634,2026-04-17 04:34:03.707
3a619854-591d-437d-a106-fc72fa78f798,2acd739c-84d0-493a-af20-356b7e5227c3,f57ac10f-a520-407c-85aa-31f052ea6ed5,635,2026-04-17 04:34:04.343
2607cd0c-4b3b-474e-a087-8e79a227ae42,f7d29ed9-87f2-4c4b-83d4-34a3ab861e33,f57ac10f-a520-407c-85aa-31f052ea6ed5,636,2026-04-17 04:34:04.981
1a22fa7b-7a95-4bc6-8672-c28b7552947b,48c8f076-a469-4be1-b31f-a51a38bc1270,f57ac10f-a520-407c-85aa-31f052ea6ed5,637,2026-04-17 04:34:05.622
88112e90-d593-415f-acbe-f74a3c4c3e66,4d7a063e-b78d-4118-8279-2bee325991cb,f57ac10f-a520-407c-85aa-31f052ea6ed5,638,2026-04-17 04:34:06.29
13b8cd03-c8a1-45e1-86f1-dfb2aad8b6c3,4245889d-9a61-47a6-8c71-34631e8b5988,f57ac10f-a520-407c-85aa-31f052ea6ed5,639,2026-04-17 04:34:06.898
ca2d999d-c531-4c8e-8761-3604da962c1a,48b668b0-e22c-432b-a743-4d08bea9823b,f57ac10f-a520-407c-85aa-31f052ea6ed5,640,2026-04-17 04:34:07.542
1a14faef-9cc3-4ea2-9e11-5f3a2a77a26f,80c96f37-3a57-4a90-a78a-bfea3714e947,f57ac10f-a520-407c-85aa-31f052ea6ed5,641,2026-04-17 04:34:08.191
d2e27c40-e1a6-41be-a6c1-1dd9f141171b,6deba58a-75a7-4482-9fdd-1c15a3cb56e4,f57ac10f-a520-407c-85aa-31f052ea6ed5,642,2026-04-17 04:34:08.779
e8ad1462-caea-47c3-8dc4-2ec7ea6cdfe8,45d2530f-ae48-4c45-a93e-180df12e7619,f57ac10f-a520-407c-85aa-31f052ea6ed5,643,2026-04-17 04:34:09.458
c465496d-745e-42f7-9852-12feabfda9da,c2334429-fa59-48fa-9109-31a03e4e475b,f57ac10f-a520-407c-85aa-31f052ea6ed5,644,2026-04-17 04:34:10.1
68c1aa6e-61d2-4b23-aa3f-7fb03f38f2be,4b1dfc6d-72e2-43dd-9379-fc14405faef0,f57ac10f-a520-407c-85aa-31f052ea6ed5,645,2026-04-17 04:34:10.672
8a26c753-b98d-4cb2-be49-e81d2ec9181e,21e35136-9cee-4d52-ae17-4a5469715d23,f57ac10f-a520-407c-85aa-31f052ea6ed5,646,2026-04-17 04:34:11.228
c5dab50c-2d1f-411f-a55e-b7f82d0947ea,1e6e4242-21d1-4124-9ed6-783e999c3e38,f57ac10f-a520-407c-85aa-31f052ea6ed5,647,2026-04-17 04:34:11.861
2681a95e-be03-43c8-b8a8-d01c15a9d231,e32949f6-43f0-4cf2-b634-790ac4dd934d,f57ac10f-a520-407c-85aa-31f052ea6ed5,648,2026-04-17 04:34:12.637
3c4aee03-798a-4b08-a940-385c50532fbe,6931081c-3206-4973-9a5e-b5068a73e4f4,f57ac10f-a520-407c-85aa-31f052ea6ed5,649,2026-04-17 04:34:13.331
96dc692b-1879-4944-9919-3184e926fed0,75df72ec-d335-40c3-ab20-3d017d4b9241,f57ac10f-a520-407c-85aa-31f052ea6ed5,650,2026-04-17 04:34:13.942
8feb3e39-64b1-4368-824f-a33fdf378635,f88312f6-fe65-4b39-806e-6c8511f826f6,f57ac10f-a520-407c-85aa-31f052ea6ed5,651,2026-04-17 04:34:14.579
929f9ae0-ddd3-4a16-b96d-e7b7be76a192,f6af9a1c-b651-4756-81be-bb78380c2bcb,f57ac10f-a520-407c-85aa-31f052ea6ed5,652,2026-04-17 04:34:15.185
37e95eb6-44d1-4769-b4e3-4930c5edb4dd,273c5a32-3806-4ebf-bedd-56ad0f50c61d,f57ac10f-a520-407c-85aa-31f052ea6ed5,653,2026-04-17 04:34:15.858
4b1d650d-5933-4e33-a8ac-a0cd1261225c,ae668d44-242b-4610-ae27-26399a5f64bd,f57ac10f-a520-407c-85aa-31f052ea6ed5,654,2026-04-17 04:34:16.499
d31a1b7a-5c18-4a9c-ad6b-d0f5e61e32f7,f7bba0b2-be7b-4062-81a6-c85cfc91c69b,f57ac10f-a520-407c-85aa-31f052ea6ed5,655,2026-04-17 04:34:17.348
f9bb6ee9-19e3-4fad-a711-7153f9213276,3620ee77-307c-4613-b980-473ec2a7993c,f57ac10f-a520-407c-85aa-31f052ea6ed5,656,2026-04-17 04:34:17.921
bc0d517b-ec32-49e2-949d-8b5a92630db1,8945559a-2ee7-494a-a731-9ac05c4dad8f,f57ac10f-a520-407c-85aa-31f052ea6ed5,657,2026-04-17 04:34:18.439
63c5a9ed-00e0-4f2e-857a-b6d9ab730428,7254ea81-947c-4281-8c87-20180ade7d10,f57ac10f-a520-407c-85aa-31f052ea6ed5,658,2026-04-17 04:34:18.994
6c889f43-36ba-49d2-ab07-17b4e3d0a173,6d0d2ccc-0a0d-4ec6-882b-7f79393a6aed,f57ac10f-a520-407c-85aa-31f052ea6ed5,659,2026-04-17 04:34:19.55
6138b9fb-e36e-4588-a7ab-75c05ebe6f7f,41381924-e27e-4530-9a9c-d8e32f9c1f21,f57ac10f-a520-407c-85aa-31f052ea6ed5,660,2026-04-17 04:34:20.18
a405ec95-226c-4608-b390-9211aec65f1d,8a75a075-a148-4c61-aa92-b475c2c819c4,f57ac10f-a520-407c-85aa-31f052ea6ed5,661,2026-04-17 04:34:20.829
696bb0c6-8a61-4cd5-a8c0-540f181eb804,5c1c1b08-ad4f-4952-840e-cc58de5aee40,f57ac10f-a520-407c-85aa-31f052ea6ed5,662,2026-04-17 04:34:21.466
f65c73fd-c4f3-43e1-bcf1-72e2d07cff8b,c7a78f51-0646-4f94-a39a-e0b803b8fff7,f57ac10f-a520-407c-85aa-31f052ea6ed5,663,2026-04-17 04:34:22.028
d8c86248-ac75-4e56-80bb-b19007a85db1,43b58b90-a814-4efd-8874-a8c662e6b307,f57ac10f-a520-407c-85aa-31f052ea6ed5,664,2026-04-17 04:34:22.579
a4b27e61-fa9a-4fb7-ab10-920d0f6b8199,452b6b0a-5422-42a3-a3ea-d9da3ab53a39,f57ac10f-a520-407c-85aa-31f052ea6ed5,665,2026-04-17 04:34:23.169
8f7969a4-cba5-41cf-9175-ee5542793a17,11ac051d-e50b-4de3-9253-981b8a526928,f57ac10f-a520-407c-85aa-31f052ea6ed5,666,2026-04-17 04:34:23.831
5816877d-dda2-4a38-8f60-28bd0f07771d,6c08cb63-873e-4859-b5f1-04224de2cc68,f57ac10f-a520-407c-85aa-31f052ea6ed5,667,2026-04-17 04:34:24.391
b27178ae-8c94-4204-bd82-dfec1da86629,cf48e95c-ccd3-4508-839c-a0c78ad5d6af,f57ac10f-a520-407c-85aa-31f052ea6ed5,668,2026-04-17 04:34:24.978
01b2acf3-bea9-4abd-8097-7c48a5f9bc03,6efda4cf-4eb4-4811-b12a-8d1fb218f1b5,f57ac10f-a520-407c-85aa-31f052ea6ed5,669,2026-04-17 04:34:25.618
6892e148-316a-4f2e-8c8a-b4a6f8d00a1e,110b144f-49c6-4389-956c-8da441b92de7,f57ac10f-a520-407c-85aa-31f052ea6ed5,670,2026-04-17 04:34:26.31
d088785e-6236-4b6d-9a28-400914a52135,02a5f640-7742-4622-a181-86ce4bf7afdc,f57ac10f-a520-407c-85aa-31f052ea6ed5,671,2026-04-17 04:34:26.898
275523f6-3f43-4105-bd97-4781467bd52c,e4ea90f6-083e-47fb-bf16-6234938c6dd5,f57ac10f-a520-407c-85aa-31f052ea6ed5,672,2026-04-17 04:34:27.565
a4b71b69-fa38-46f4-afdd-947fbb0d5e5c,a7ea9885-a0e9-429d-a123-86fd1d284936,f57ac10f-a520-407c-85aa-31f052ea6ed5,673,2026-04-17 04:51:31.388
b189dc7f-edae-48e6-88b7-359164ce8d5f,2b4d89f5-ef05-41f0-a8c2-1ae2c2738ce4,f57ac10f-a520-407c-85aa-31f052ea6ed5,674,2026-04-17 04:51:32.949
ca72f3af-a9b5-4f57-9530-e880186d55a5,2f2975e7-43f5-486f-8219-e1715b4ee539,f57ac10f-a520-407c-85aa-31f052ea6ed5,675,2026-04-17 05:05:29.627
21430982-1700-4756-9f37-20f1e7215191,bc02266e-78ce-4a25-964c-974dc84affca,f57ac10f-a520-407c-85aa-31f052ea6ed5,676,2026-04-17 05:05:30.435
4c23df88-7822-4e8f-a0fe-9d25c2910b39,526f66f7-fc87-40b8-bdfa-8387b8452d16,f57ac10f-a520-407c-85aa-31f052ea6ed5,677,2026-04-17 05:05:31.039
4bcbb0d4-8320-41c4-b169-0de472b047ab,9011e0d7-5b00-4f4a-8b12-5af5d6d0e0a7,f57ac10f-a520-407c-85aa-31f052ea6ed5,678,2026-04-17 05:05:31.706
57b3b953-f619-4036-94bf-3c9b48a27f98,c64b9907-39f1-49ff-9180-676cd2ef091e,f57ac10f-a520-407c-85aa-31f052ea6ed5,679,2026-04-17 05:05:32.321
8887d992-4526-45fe-a3a5-13baf072916f,7cec589b-5fc8-4f64-9cda-395495399298,f57ac10f-a520-407c-85aa-31f052ea6ed5,680,2026-04-17 05:05:32.994
96cacef0-d915-46dc-9f5c-dfe131c75af2,1412767c-3115-41ed-8f21-41310cb264fd,f57ac10f-a520-407c-85aa-31f052ea6ed5,681,2026-04-17 05:05:33.628
eadf2947-ac78-4571-b3e7-2135b5669f0f,de3ff6b8-3451-42be-abc6-cf91f7ffe348,f57ac10f-a520-407c-85aa-31f052ea6ed5,682,2026-04-17 05:05:34.198
c5dea183-16e8-4660-aa76-fc183c0d0b64,4e36fdd4-88f8-4814-9d01-be775e6bc0dc,f57ac10f-a520-407c-85aa-31f052ea6ed5,683,2026-04-17 05:05:34.873
2261d952-0300-4b16-9e0f-ca429349b29b,a46303aa-c344-471a-b771-c7d6963048a9,f57ac10f-a520-407c-85aa-31f052ea6ed5,684,2026-04-17 05:05:35.547
c145810c-d75c-4ea9-b32c-dcb14e063120,a46c856b-5d98-4dff-a8cb-167a3980aa74,f57ac10f-a520-407c-85aa-31f052ea6ed5,685,2026-04-17 05:05:36.44
cde00074-31a4-4a8d-a2a3-d5e38efc265e,14f5e49b-d78a-4b35-93a4-c14dd523a2cb,f57ac10f-a520-407c-85aa-31f052ea6ed5,686,2026-04-17 05:05:37.17
0e0d4433-3255-4eb2-8a49-91fc531121a1,306784ba-a4aa-4dd4-a0a6-5b439490c046,f57ac10f-a520-407c-85aa-31f052ea6ed5,687,2026-04-17 05:05:37.792
9744a510-410a-404f-a6da-caaea170563b,919a0be4-6a3a-44c2-bfa8-a6525503987a,f57ac10f-a520-407c-85aa-31f052ea6ed5,688,2026-04-17 05:05:38.436
3a2ae30e-67dd-4df2-9d6e-b189cd0b7377,6ebc5776-b77e-4e6c-8bc9-0072594f1c07,f57ac10f-a520-407c-85aa-31f052ea6ed5,689,2026-04-17 05:05:39.077
3a7dc601-bc0b-4cdd-acb5-dfbc4bbcd29b,41de605a-5ab7-4bbb-8c2a-28deb3c57f39,f57ac10f-a520-407c-85aa-31f052ea6ed5,690,2026-04-17 05:05:39.741
9aa66d10-b7d6-48b0-8dcf-dfb487dab748,22306e0a-2c6b-4d7b-a097-3caa87ead621,f57ac10f-a520-407c-85aa-31f052ea6ed5,691,2026-04-17 05:05:40.313
1bd30a81-d534-40ca-9a80-cf17cb1df3cf,8b774b79-9a72-4329-bafe-579085afe857,f57ac10f-a520-407c-85aa-31f052ea6ed5,692,2026-04-17 05:05:40.842
a0625025-1249-4091-ab5d-0ee67e4e9ec0,d5d92b86-bd62-49ed-97b8-875e72052450,f57ac10f-a520-407c-85aa-31f052ea6ed5,693,2026-04-17 05:05:41.401
1e2551d0-3df2-4c68-aee0-546d3ae3c448,4a3472ef-4168-42ef-bd3e-75b067f3d9ae,f57ac10f-a520-407c-85aa-31f052ea6ed5,694,2026-04-17 05:05:41.966
7329c7b0-324b-4641-a06c-f6bc868f5c60,75cae15e-6132-4669-90c5-99767aea6400,f57ac10f-a520-407c-85aa-31f052ea6ed5,695,2026-04-17 05:05:42.554
79dfec4b-0f69-4ca9-909a-bc14f5999ae6,29adae6c-652a-4bb8-9e69-5b52573dbda0,f57ac10f-a520-407c-85aa-31f052ea6ed5,696,2026-04-17 05:05:43.091
03ff434c-2362-4eec-8181-c5ff3a1bc30f,42b10180-eb73-4415-ba4d-00a54ac1d790,f57ac10f-a520-407c-85aa-31f052ea6ed5,697,2026-04-17 05:05:43.708
f8917a74-c1a4-43ef-ac56-e12f072af048,7c24664f-2c5e-4883-a66c-0bc3798693b5,f57ac10f-a520-407c-85aa-31f052ea6ed5,698,2026-04-17 05:05:44.313
558b86e7-0579-47dd-b018-e966ce94ac5a,67020039-958b-47ea-92fb-8440e69e788d,f57ac10f-a520-407c-85aa-31f052ea6ed5,699,2026-04-17 05:05:44.988
d36ec550-2959-4ebe-af5e-4f3ad86e8768,70cc4a4d-99eb-4423-8c03-9ed6f07ac880,f57ac10f-a520-407c-85aa-31f052ea6ed5,700,2026-04-17 05:05:45.63
62e41a04-77dc-4d5c-b7a9-f0537d8b206a,bbf30bbe-45d5-4dec-b2b3-f903b2d10658,f57ac10f-a520-407c-85aa-31f052ea6ed5,701,2026-04-17 05:05:46.283
c7ea8a45-c862-4d01-a180-16dd31c708b3,f1543c0f-e180-4ae9-b500-ac7774808b85,f57ac10f-a520-407c-85aa-31f052ea6ed5,702,2026-04-17 05:05:46.874
898cb0ee-0c69-4880-be80-0d03a8ea3898,7e3a8998-e364-4f72-8ea3-b32814dc7a81,f57ac10f-a520-407c-85aa-31f052ea6ed5,703,2026-04-17 05:05:47.463
a8171a51-a123-4b75-8244-80ed578827d9,496bd772-d8bc-4884-a212-75e4f9ecfd30,f57ac10f-a520-407c-85aa-31f052ea6ed5,704,2026-04-17 05:05:48.192
11dc92d1-8c29-41d1-a553-ee75935fddf4,dcdda9e0-304b-44cd-8079-3d1d7bfe088a,f57ac10f-a520-407c-85aa-31f052ea6ed5,705,2026-04-17 05:05:48.828
bfcbc763-d496-4623-87e3-87da554617c9,26c39532-d5d1-4f2b-b4b1-be92e391b5d3,f57ac10f-a520-407c-85aa-31f052ea6ed5,706,2026-04-17 05:05:49.399
46a0ad43-e46e-4660-93eb-ce2545dc9968,a8b4b170-9e9a-4433-a6d9-4d26d1f4d697,f57ac10f-a520-407c-85aa-31f052ea6ed5,707,2026-04-17 05:05:49.959
5612e095-a2eb-4276-a759-092c187e1820,1e4d7928-481a-4e8d-ad61-a9ffbbaa5374,f57ac10f-a520-407c-85aa-31f052ea6ed5,708,2026-04-17 05:05:50.59
3f4f57ba-7fa8-4231-a761-a3d3b0677c5c,128b10a4-d01c-4e8e-8601-664820c379e9,f57ac10f-a520-407c-85aa-31f052ea6ed5,709,2026-04-17 05:05:51.196
937493f0-b3da-4e55-a3c0-b3a1b0d7b245,9fad1346-db17-4e69-9f23-78eebc0077db,f57ac10f-a520-407c-85aa-31f052ea6ed5,710,2026-04-17 05:05:52.035
4453b3b8-efa2-4c94-b2c8-9ea57ece7137,976db7d1-71ac-4b46-9871-48fd7f6980dc,f57ac10f-a520-407c-85aa-31f052ea6ed5,711,2026-04-17 05:05:52.702
2046fb09-071a-4900-9416-cd0c8eab9a9b,8e56a4a5-a012-4d03-a49b-1fbbca1953f7,f57ac10f-a520-407c-85aa-31f052ea6ed5,712,2026-04-17 05:05:53.392
056e6136-c3b0-4573-85d0-af505439c0ad,1d17fe91-ffce-4ba1-bd26-f4cbc4c03ab5,f57ac10f-a520-407c-85aa-31f052ea6ed5,713,2026-04-17 05:05:54.114
40ab5206-7398-450f-bc1c-0f000111fe10,e2dabc7c-955e-44b7-b230-97640bea013e,f57ac10f-a520-407c-85aa-31f052ea6ed5,714,2026-04-17 05:05:54.75
e93e1a56-8569-4ffc-b5d7-3674b4f2094a,e0429249-d96d-48e2-ad56-cc8198adb3fb,f57ac10f-a520-407c-85aa-31f052ea6ed5,715,2026-04-17 05:05:55.391
4ce1e6a3-a738-4eb7-a1e5-16ce4d044248,bda9e2c9-c3fd-45d4-b272-0224a1776439,f57ac10f-a520-407c-85aa-31f052ea6ed5,716,2026-04-17 05:05:56.034
ba4c261a-6473-428c-b1bc-3a47c0b38496,60f514c4-c7b7-498a-ac4d-72eb6ecb7de4,f57ac10f-a520-407c-85aa-31f052ea6ed5,717,2026-04-17 05:05:56.668
4b1e3a50-4787-47e0-8a1a-a711b2299aae,751d3a53-8e22-4423-93fe-e22da4330af9,f57ac10f-a520-407c-85aa-31f052ea6ed5,718,2026-04-17 05:05:57.308
1a9ec7a8-b2f8-4209-bb11-66b74ab8e247,1df7744c-4296-4a4a-a293-6431531fce9a,f57ac10f-a520-407c-85aa-31f052ea6ed5,719,2026-04-17 05:05:57.946
f732170c-23ba-44c6-9a14-4e8b9aa46dd3,00692797-40c5-4e3a-8bc9-f642cc8c3845,f57ac10f-a520-407c-85aa-31f052ea6ed5,720,2026-04-17 05:05:58.587
a088407d-f5e3-4501-897c-49d8c90f4ba2,1c81e191-a57e-415c-8fbe-d214bb1df9d0,f57ac10f-a520-407c-85aa-31f052ea6ed5,721,2026-04-17 05:05:59.262
05fc0535-4f3e-4904-b533-97c3f99ed0e0,51bf8b84-0573-47bc-8ae9-056c9b8819c7,f57ac10f-a520-407c-85aa-31f052ea6ed5,722,2026-04-17 05:06:00.033
4f5fb4d8-12b0-4f04-9b8e-e4f3c3f1ae4d,e7e38e51-1483-4357-adcf-3f1c317e311e,f57ac10f-a520-407c-85aa-31f052ea6ed5,723,2026-04-17 05:06:00.668
c7287cb1-8f49-423b-81fe-fe43ecfba8b9,9bb6df29-5afa-4a41-aa19-f45af6d0b8b5,f57ac10f-a520-407c-85aa-31f052ea6ed5,724,2026-04-17 05:06:01.288
00bd8e75-743f-4710-a875-3306e54a4fcc,ebcdfc0b-766b-4fe8-aacb-5b970b569445,f57ac10f-a520-407c-85aa-31f052ea6ed5,725,2026-04-17 05:06:01.951
f6ea2e46-e192-435b-8d42-58cd05b09b2f,5c2703f1-c588-4abe-9a48-8c4d20a94b61,f57ac10f-a520-407c-85aa-31f052ea6ed5,726,2026-04-17 05:06:02.588
54ff1aed-0ca9-4d88-868e-96a88155746a,6a804deb-cef1-4cdc-95c7-6574a1e7577a,f57ac10f-a520-407c-85aa-31f052ea6ed5,727,2026-04-17 05:06:03.23
c1fd39ab-9f8e-4647-afa0-2778ab2db4df,c7a99cd4-732d-4be5-a154-7e0a18bb343a,f57ac10f-a520-407c-85aa-31f052ea6ed5,728,2026-04-17 05:06:03.872
8878b788-fa6e-4a30-8379-cc636b95bff9,849d061e-404b-4062-b4de-1b19045b10be,f57ac10f-a520-407c-85aa-31f052ea6ed5,729,2026-04-17 05:06:04.508
7bc9946a-c11c-472b-9966-01ad5be358f8,a7731f21-6ce1-4d01-914b-1d25018210bc,f57ac10f-a520-407c-85aa-31f052ea6ed5,730,2026-04-17 05:06:05.133
cc3b2695-f015-4945-a436-6f9a47fd67a5,37d1cf92-6aa6-46cd-b53e-43c0476e2fdc,f57ac10f-a520-407c-85aa-31f052ea6ed5,731,2026-04-17 05:06:05.786
e874eb9a-0ddd-41e9-ba25-8e3972f68a82,d7593afd-7fdb-4676-8c8b-502d45069b44,f57ac10f-a520-407c-85aa-31f052ea6ed5,732,2026-04-17 05:06:06.406
9a393af8-7229-4881-ba24-fa850eba46f4,ff0050af-b573-4178-a75c-7c6480e584a3,f57ac10f-a520-407c-85aa-31f052ea6ed5,733,2026-04-17 05:06:07.206
525534b1-9791-4943-9a03-9fcb9e35c9c3,3b87423f-faa3-41f0-8c7a-842466473516,f57ac10f-a520-407c-85aa-31f052ea6ed5,734,2026-04-17 05:06:07.799
551ce6cc-30ac-4588-99d4-3be62a9fc267,defb9b04-645d-4e2a-a97f-58fc2d5f84f5,f57ac10f-a520-407c-85aa-31f052ea6ed5,735,2026-04-17 05:13:43.115
30ad38d9-d9d3-49ef-ae7e-088f0c2b6ca8,9dcb1b86-168d-4ba6-a5e4-0257a3a65e4c,f57ac10f-a520-407c-85aa-31f052ea6ed5,736,2026-04-17 05:53:09.189
f3923793-c442-4c7e-b26f-0cf519d00ec9,d89ee134-9473-4eea-881c-1ec872654ab4,f57ac10f-a520-407c-85aa-31f052ea6ed5,737,2026-04-17 05:53:10.051
fc26e933-dceb-4ba9-af24-a1bd53e2bbea,e6d7ee0b-b0e9-4b4a-b23c-48094f02b7d8,f57ac10f-a520-407c-85aa-31f052ea6ed5,738,2026-04-17 05:53:10.629
a1f6273f-a48b-4481-a7f8-96c25045421c,7e782d69-0177-4a33-a080-0c58374383c5,f57ac10f-a520-407c-85aa-31f052ea6ed5,739,2026-04-17 05:53:11.203
0f0922f0-5715-471a-bd34-ba0767ac27fd,837e7d4f-2651-4ffb-a1b3-601785e3c345,f57ac10f-a520-407c-85aa-31f052ea6ed5,740,2026-04-17 05:53:11.762
49bf1f18-e5c9-43c9-80a0-b6d54f1edf46,0db8d10d-79ce-4253-9639-488da4094a73,f57ac10f-a520-407c-85aa-31f052ea6ed5,741,2026-04-17 05:53:12.339
339fba76-cc2f-4bc2-b77e-fa531278b9bc,060d9424-1f32-4822-b620-5caa40841fb4,f57ac10f-a520-407c-85aa-31f052ea6ed5,742,2026-04-17 05:53:12.954
f6d7387b-5a20-421f-99e5-5da4a581f128,0ebe36d8-47bf-4648-ab03-59b6caaee59a,f57ac10f-a520-407c-85aa-31f052ea6ed5,743,2026-04-17 05:53:13.618
df3e1dbf-6568-49cd-bf9e-1e5ef29bdaea,b1b3c2be-1d59-4fd2-bff2-b074249854e6,f57ac10f-a520-407c-85aa-31f052ea6ed5,744,2026-04-17 05:53:14.265
6da0a466-fc44-4ac7-94a1-cc71259c1fdd,df20b142-975c-421c-9132-243abd040d2d,f57ac10f-a520-407c-85aa-31f052ea6ed5,745,2026-04-17 05:53:14.87
38594ab8-86ce-42ec-a0e7-3d97dbd3c44c,9037d8f9-30c9-4038-a038-c25bd7b5f63e,f57ac10f-a520-407c-85aa-31f052ea6ed5,746,2026-04-17 05:53:15.447
2cea1af6-e7fb-40f2-bfb8-14672027e155,3b67a4ff-8097-4afb-996a-18120f258386,f57ac10f-a520-407c-85aa-31f052ea6ed5,747,2026-04-17 05:53:16.04
d51cd730-23ad-4a8f-a410-135cb1a25dbc,767b53bb-a9c8-4585-bd29-5b6039e43ce8,f57ac10f-a520-407c-85aa-31f052ea6ed5,748,2026-04-17 05:53:16.587
7dc72455-557e-48ec-9518-5f580439bb92,2b5b2d73-1f49-4c39-825a-9fadb5583c4c,f57ac10f-a520-407c-85aa-31f052ea6ed5,749,2026-04-17 05:53:17.155
aea9c91f-21f4-4680-8021-5d8bfb54e2c7,c7df7d9d-e17f-440f-88e3-ce2e10fae286,f57ac10f-a520-407c-85aa-31f052ea6ed5,750,2026-04-17 05:53:17.778
c8aba661-9922-4151-9e41-63d212d0d67b,0d7df0d3-7223-4b74-8c6c-3aa5b26af7bd,f57ac10f-a520-407c-85aa-31f052ea6ed5,751,2026-04-17 05:53:18.344
f6f234bd-7616-47a6-b4ca-5429d50eb2f3,77908823-cb4b-4bfa-ab63-d7343b498d2d,f57ac10f-a520-407c-85aa-31f052ea6ed5,752,2026-04-17 05:53:19.159
42d83192-cd6e-48a5-8a53-7b385161ad22,692de8c1-35fd-4909-82e5-2623be0d44e2,f57ac10f-a520-407c-85aa-31f052ea6ed5,753,2026-04-17 05:53:19.713
6ed70f7e-6cc2-48a5-b2d6-0eaa4ebceb5f,58d5389c-1959-4798-bcef-0dc9725155e7,f57ac10f-a520-407c-85aa-31f052ea6ed5,754,2026-04-17 05:53:20.331
2d24b4a2-556d-48bc-93ab-6b1ffec455da,3fff2433-715d-4fe4-aab7-199ddf86a2c6,f57ac10f-a520-407c-85aa-31f052ea6ed5,755,2026-04-17 05:53:21.217
8856bbc8-579b-46db-a6ce-5db83036adb7,d5a43674-cb2d-4a80-b7ca-fc2f65d50307,f57ac10f-a520-407c-85aa-31f052ea6ed5,756,2026-04-17 05:53:21.965
10e92d34-b29a-4fb2-90ea-46b2180a3f62,cc3b5e66-5ca2-4dff-acd7-2d18893053b5,f57ac10f-a520-407c-85aa-31f052ea6ed5,757,2026-04-17 05:53:22.58
6e77ee5b-92ff-410b-ab3b-30f5dc880981,8ad07b93-d0f2-4e82-b453-519fa66e7bdb,f57ac10f-a520-407c-85aa-31f052ea6ed5,758,2026-04-17 05:53:23.2
26696481-0b81-4b7d-9c11-4558737a8301,37609e0d-8088-41d9-89bb-cdd5b35b65e0,f57ac10f-a520-407c-85aa-31f052ea6ed5,759,2026-04-17 05:53:23.869
ce31a1aa-ca0f-411c-8388-280cd372e668,36183a2b-f72b-4de4-8ce9-4531a9915218,f57ac10f-a520-407c-85aa-31f052ea6ed5,760,2026-04-17 05:53:24.499
7bd2b27d-be1a-465a-bcfa-8d761852b567,b19ea4f2-d871-4cf2-9ab8-5fae0cee605a,f57ac10f-a520-407c-85aa-31f052ea6ed5,761,2026-04-17 05:53:25.144
493caa49-a53c-4db2-a114-63595e7d9b5a,1cbc6b8c-aa81-4a61-8455-7b78fba9462c,f57ac10f-a520-407c-85aa-31f052ea6ed5,762,2026-04-17 05:53:25.737
7555184a-4edb-422b-ace0-1daad760a5f4,ff9d8827-56fa-4994-befb-4b6aa67a76a9,f57ac10f-a520-407c-85aa-31f052ea6ed5,763,2026-04-17 05:53:26.425
3d14a235-5dd3-4ee4-ab31-90d17f68ecf2,068cfea7-9ab3-48cb-a3e0-a861312cec6b,f57ac10f-a520-407c-85aa-31f052ea6ed5,764,2026-04-17 05:53:27.038
00c2a09c-f98b-4664-8ba8-d8b8d1880348,da0aed5b-5f53-43fb-ba2a-cdc731072ed2,f57ac10f-a520-407c-85aa-31f052ea6ed5,765,2026-04-17 05:53:27.579
159fc14d-9d96-4ac7-aea3-24c5fbf50900,6a66103b-91e7-44ad-9a40-9e70c1139348,f57ac10f-a520-407c-85aa-31f052ea6ed5,766,2026-04-17 05:53:28.179
a1098907-590d-47a1-9c2b-1fc8bb09018b,4626347f-a937-4b7f-8da9-b4a98783e145,f57ac10f-a520-407c-85aa-31f052ea6ed5,767,2026-04-17 05:53:28.84
e35edfcb-c1d9-4210-a027-b97f33472d22,256dab29-a5eb-4813-a7fb-5012a0018326,f57ac10f-a520-407c-85aa-31f052ea6ed5,768,2026-04-17 05:53:29.645
55f2bf4a-9b73-42f2-9430-06f5d0038a23,eb619daf-557a-4c68-82e2-4a6ff854a296,f57ac10f-a520-407c-85aa-31f052ea6ed5,769,2026-04-17 05:53:30.198
47d7e6a7-e43f-4995-ab20-bfb99b6e8a0f,83a2b10d-b981-401c-a152-48d55021c12c,f57ac10f-a520-407c-85aa-31f052ea6ed5,770,2026-04-17 05:53:30.898
95c8def0-d5d0-4833-9621-4ca749143d90,4cf7f052-1d34-4442-9347-3eab9ed2fd67,f57ac10f-a520-407c-85aa-31f052ea6ed5,771,2026-04-17 05:53:31.704
e6397bb1-2ced-4a98-8e04-2d0784fed6df,0c2e22f1-ec07-4168-ab77-4d9f7e33ee5c,f57ac10f-a520-407c-85aa-31f052ea6ed5,772,2026-04-17 05:53:32.349
45cf4c1e-8bab-4519-95b6-64710c52a918,ffd023e5-607a-49b4-a0c2-b22dfb62b4f5,f57ac10f-a520-407c-85aa-31f052ea6ed5,773,2026-04-17 05:53:32.984
45c77ed9-3f55-463d-b90c-8d0d3259b1d3,f5fdfd4c-391b-4a79-96ef-b8e06bf433f9,f57ac10f-a520-407c-85aa-31f052ea6ed5,774,2026-04-17 05:53:33.55
05b5be74-1eea-41b6-9213-50c1ad0b589b,9ffc7d28-7893-4792-86e7-63b775b131e1,f57ac10f-a520-407c-85aa-31f052ea6ed5,775,2026-04-17 05:53:34.103
24ca1e94-6091-46b8-b851-f3dec4b20d3e,af984ed6-5ebe-4928-aeee-4eb089df6418,f57ac10f-a520-407c-85aa-31f052ea6ed5,776,2026-04-17 05:53:35.07
5a4dd9cf-360d-4887-a0d0-dcc14f57d94d,35c4bdb5-6cdc-4de7-97a2-f4bf69c20be3,f57ac10f-a520-407c-85aa-31f052ea6ed5,777,2026-04-17 05:53:35.729
4b8da512-45c3-44dd-8807-37c19ddbfc6a,e810366e-1e77-47e9-878d-baae7e38ecfa,f57ac10f-a520-407c-85aa-31f052ea6ed5,778,2026-04-17 05:53:36.376
7d0d6850-e7df-404d-aa6c-f19ab6e21d37,7f4ea30c-0d28-4ced-8a71-7a2907e54f73,f57ac10f-a520-407c-85aa-31f052ea6ed5,779,2026-04-17 05:53:36.989
2f937f2d-f75c-4ef2-b9a8-f9feba02ece2,decd2492-d031-48cf-a4cb-ff2ce28c7aeb,f57ac10f-a520-407c-85aa-31f052ea6ed5,780,2026-04-17 05:53:37.629
8e310cc1-65b9-4784-b687-58d8763f92af,baa0e4d3-eb70-41ed-b0fa-96f41d37a903,f57ac10f-a520-407c-85aa-31f052ea6ed5,781,2026-04-17 05:53:38.4
1e0f83da-bcd4-4225-9056-07fee55720e0,afc95810-8ff4-495b-9031-274ac8712db1,f57ac10f-a520-407c-85aa-31f052ea6ed5,782,2026-04-17 05:53:39.069
4ed83312-36a7-4dec-b3ef-0c20a66724d5,a72a16c3-7e45-4c5c-bc7a-fb32f2945989,f57ac10f-a520-407c-85aa-31f052ea6ed5,783,2026-04-17 05:53:39.702
dba13917-a24a-4e05-9543-0997eaf7c21c,a2767da0-29f6-4cb3-bed4-a07fc7e86a21,f57ac10f-a520-407c-85aa-31f052ea6ed5,784,2026-04-17 05:53:40.283
f9afe0cd-ddf3-48db-a9d8-301186725571,6f0a013c-1bed-4ae0-8be0-35311d720f55,f57ac10f-a520-407c-85aa-31f052ea6ed5,785,2026-04-17 05:53:40.915
800986df-57df-4c09-8e41-cc9b721a87de,4d8bb69d-3f26-4ad0-ab62-8a6eb4d5d9e3,f57ac10f-a520-407c-85aa-31f052ea6ed5,786,2026-04-17 05:53:41.64
3e564c2c-4dfc-4167-ab77-5437cc7d2aa1,11c602f7-5177-4514-a2c9-d3943f17bd54,f57ac10f-a520-407c-85aa-31f052ea6ed5,787,2026-04-17 05:53:42.262
551f3305-dca8-44e3-8a1a-9704084f34bc,5a1fe7fd-03f7-477a-a192-bde6923131ea,f57ac10f-a520-407c-85aa-31f052ea6ed5,788,2026-04-17 05:53:42.904
db9e7af5-c7c2-4ef2-b9fb-941d8ef175f3,92d69187-161f-4969-b7c3-9da7c9417398,f57ac10f-a520-407c-85aa-31f052ea6ed5,789,2026-04-17 05:53:43.507
ee6988a9-0851-4779-bc4f-327ce0271e6c,959f4845-abe6-4746-9d9d-b79850cab487,f57ac10f-a520-407c-85aa-31f052ea6ed5,790,2026-04-17 05:53:44.186
000d8237-3723-4d00-93d3-2e6cf53d8912,91ba02e8-ee23-4576-b34a-fe6ba5fd304d,f57ac10f-a520-407c-85aa-31f052ea6ed5,791,2026-04-17 05:53:44.825
6d3a4468-750c-4deb-b009-f4a3a1ce7175,6a1445fc-1e08-4809-adc9-96e953d178f8,f57ac10f-a520-407c-85aa-31f052ea6ed5,792,2026-04-17 05:53:45.38
c85f7baf-27ca-458b-85ad-7a3e73a87e51,2b02077b-b9ad-47be-9c24-10a02dd49e13,f57ac10f-a520-407c-85aa-31f052ea6ed5,793,2026-04-17 05:53:45.976
2819b833-30bc-498a-a331-408bc1ec4921,89f21211-eb98-4f18-82ad-3230e9f0ff2b,f57ac10f-a520-407c-85aa-31f052ea6ed5,794,2026-04-17 05:53:46.59
bf1e8c68-d437-4741-a645-dc375fa7a75c,35fd59c5-bfd2-4154-9ccd-398d0d1cbd2b,f57ac10f-a520-407c-85aa-31f052ea6ed5,795,2026-04-17 05:53:47.234
aca9784a-75c5-43ee-9efb-51e2c6e9edd2,9a55e2ae-caea-48c8-8437-7fa6d560c28d,f57ac10f-a520-407c-85aa-31f052ea6ed5,796,2026-04-17 05:53:47.899
e0963a48-e619-4b99-bc08-4bdf792112fc,bf8cb210-2156-4f2e-86e1-09980a851559,f57ac10f-a520-407c-85aa-31f052ea6ed5,797,2026-04-17 05:53:48.404
1f367ea7-ea82-477b-9491-96b1a01a26b2,99591e75-8017-4d97-aa79-183d057cde08,f57ac10f-a520-407c-85aa-31f052ea6ed5,798,2026-04-17 05:53:48.945
bc2f4a0f-5561-44ba-afdd-23c497f43d46,7b2fc2f3-7bed-4c31-81a9-2ec17d2a01ed,f57ac10f-a520-407c-85aa-31f052ea6ed5,799,2026-04-17 05:53:49.507
e37d8f08-68bf-45e0-8d42-5133752441b9,782f8c98-2ddc-46d2-8d5e-6b2f51d9fdd9,f57ac10f-a520-407c-85aa-31f052ea6ed5,800,2026-04-17 05:53:50.263
e29d8033-d6ea-4b8e-8eb8-c89edb887075,17b4401a-3fb1-49e2-acb4-c9414dd7220b,f57ac10f-a520-407c-85aa-31f052ea6ed5,801,2026-04-17 05:53:50.899
fee839be-1864-49ac-b200-18430b26a52c,7dac2b78-d1dc-4d0d-a35b-f409490bf072,f57ac10f-a520-407c-85aa-31f052ea6ed5,802,2026-04-17 05:53:51.545
984b6a81-af37-4cd8-ad88-7c8305fb7a9f,8603a916-f768-48c5-bd12-67d3d6381c89,f57ac10f-a520-407c-85aa-31f052ea6ed5,803,2026-04-17 05:53:52.184
4ada42fa-34a9-4502-99ae-3e67fbc36098,9de2c79d-c314-4bd2-9b5e-e1cdc1e58b6c,f57ac10f-a520-407c-85aa-31f052ea6ed5,804,2026-04-17 05:53:52.836
8c6f39eb-1f80-4b48-bce5-0e08ee998c6d,89e5b1f2-d712-4b90-89b1-1a1c0f033129,f57ac10f-a520-407c-85aa-31f052ea6ed5,805,2026-04-17 05:53:53.425
4e6bd7e7-1e78-4a65-a1c7-5686c375661f,19e30c98-45e2-4c69-aa7a-c935bac980c8,f57ac10f-a520-407c-85aa-31f052ea6ed5,806,2026-04-17 05:53:54.106
b392228c-6160-4a95-be97-478f4c0c0a35,32690833-59f9-430b-9176-44c118b57904,f57ac10f-a520-407c-85aa-31f052ea6ed5,807,2026-04-17 05:53:54.748
671b34bb-d92b-4206-84cc-eb2f03998630,43421c77-3011-4fec-a66d-26554ba1bd78,f57ac10f-a520-407c-85aa-31f052ea6ed5,808,2026-04-17 05:53:55.393
7b0fc9aa-77ac-4fb8-a3ea-857ea6d6c514,1f1c85c8-5c03-4bc2-95a1-a6ee24ae3e2e,f57ac10f-a520-407c-85aa-31f052ea6ed5,809,2026-04-17 05:53:55.93
11de8fbb-73c2-4664-bd61-269b7b30cc38,66f5caa7-bea5-4422-836e-1070fc5e0cbb,f57ac10f-a520-407c-85aa-31f052ea6ed5,810,2026-04-17 05:53:56.513
28c559a4-8bda-4fb2-beba-385f98e2bf9c,33743ba9-3388-48aa-9d68-4a022f127a6e,f57ac10f-a520-407c-85aa-31f052ea6ed5,811,2026-04-17 05:53:57.145
2be2cd0d-2b3f-41e0-9cf3-27efd872da89,7e1289eb-5ee1-4695-aab3-647721240979,f57ac10f-a520-407c-85aa-31f052ea6ed5,812,2026-04-17 05:53:57.788
9f26177f-800a-482c-87f4-cf17efdbcba2,afae6400-5499-4665-b453-8f8e2633c3f7,f57ac10f-a520-407c-85aa-31f052ea6ed5,813,2026-04-17 05:53:58.424
cd9b42d8-b6f9-406b-8285-6b7ff0687b2b,3c946f5a-0316-4fb3-910b-ae20a72b6353,f57ac10f-a520-407c-85aa-31f052ea6ed5,814,2026-04-17 05:53:59.024
fb86ae30-fc2e-432e-b7a5-75524531123d,c383b066-0127-4d80-9886-494d083f9c2f,f57ac10f-a520-407c-85aa-31f052ea6ed5,815,2026-04-17 05:53:59.665
7d00b8a5-80c0-46a8-823b-1a7f115b0964,0ddb8c29-dfc9-4481-a4e7-f624080ccb65,f57ac10f-a520-407c-85aa-31f052ea6ed5,816,2026-04-17 05:54:00.25
ee34de75-cf9d-4617-afde-8e5849ddfce6,0ccc6644-115b-470f-9663-d087ace5f02c,f57ac10f-a520-407c-85aa-31f052ea6ed5,817,2026-04-17 05:54:00.848
5a8ba991-144e-49c8-98ef-15e940ac9bca,050493f1-a5d8-4716-bb53-15b0337d6101,f57ac10f-a520-407c-85aa-31f052ea6ed5,818,2026-04-17 05:54:01.474
d79c6855-45db-4e9e-8ca8-a7d0c74e8481,25d6cbe9-ff0e-448e-87ea-62da98fe4677,f57ac10f-a520-407c-85aa-31f052ea6ed5,819,2026-04-17 05:54:02.029
ab75c060-7314-4ff1-ab32-7e78b8397e3b,d0248b0a-2d99-4057-bc47-8de2b317d841,f57ac10f-a520-407c-85aa-31f052ea6ed5,820,2026-04-17 05:54:02.746
a6120581-8706-4d8b-bc56-e07c595af5bf,b4b098bd-438e-49a9-ad66-57cfc51fd272,f57ac10f-a520-407c-85aa-31f052ea6ed5,821,2026-04-17 05:54:03.386
b733adad-0e51-4a32-874c-679ecce8a2ce,00c3d904-7332-4f92-a05d-748e20cee538,f57ac10f-a520-407c-85aa-31f052ea6ed5,822,2026-04-17 05:54:04.027
1fd9c2be-a01a-4d79-99fc-fe07870087fa,450824cf-0870-4049-bd95-ac39de676836,f57ac10f-a520-407c-85aa-31f052ea6ed5,823,2026-04-17 05:54:04.635
43475989-c1f5-4f98-8556-ef7d6381cd56,ce804507-c44e-42d0-b491-8873798ef103,f57ac10f-a520-407c-85aa-31f052ea6ed5,824,2026-04-17 05:54:05.626
4600b38e-4f66-4d6b-96b9-fdfdb86ba2eb,f2387ff0-95e3-4abc-a6f7-8eeb207c5483,f57ac10f-a520-407c-85aa-31f052ea6ed5,825,2026-04-17 05:54:06.252
d6774d95-b51d-4862-942a-ed7927746de2,f54a660d-83a1-407b-9a08-f15627458487,f57ac10f-a520-407c-85aa-31f052ea6ed5,826,2026-04-17 05:54:06.908
fc1e3744-8c5b-42ac-bffc-6cfc72e98f40,c56814a8-5850-4e89-9a56-97c5f2f9739c,f57ac10f-a520-407c-85aa-31f052ea6ed5,827,2026-04-17 05:54:07.449
7f0ac323-2cd9-40e7-8912-12768b48c40f,065f2830-bb36-469c-96b1-307c9c3d6e15,f57ac10f-a520-407c-85aa-31f052ea6ed5,828,2026-04-17 05:54:08.025
80fb3665-e262-4adf-82a5-9130a4f845f4,5e5baa61-5785-48eb-8394-a282bb9dfc2e,f57ac10f-a520-407c-85aa-31f052ea6ed5,829,2026-04-17 05:54:08.697
b9a36291-e43f-42b6-a50b-c05932bfe62e,9275ad65-cb84-4eaa-9c4e-8c86fc00444b,f57ac10f-a520-407c-85aa-31f052ea6ed5,830,2026-04-17 05:54:09.304
db361914-91fa-48cf-ba6c-9d06a3ccff10,b22ecc24-b1f5-4f3a-a9ea-3c7e0544c3ac,f57ac10f-a520-407c-85aa-31f052ea6ed5,831,2026-04-17 05:54:09.909
94f630c7-940d-4d22-b2d0-34f7c8b09f2f,fac7a99b-7497-43e2-875c-9ba87e149401,f57ac10f-a520-407c-85aa-31f052ea6ed5,832,2026-04-17 05:54:10.584
c013f8a1-9357-4b48-9551-c701ef5c4791,c3d2cd20-eb61-4445-85df-293e211264a1,f57ac10f-a520-407c-85aa-31f052ea6ed5,833,2026-04-17 05:54:11.153
00c5e194-8489-4b11-883b-348e81144e46,d275c224-ac98-4e60-9d11-358e3181c89b,f57ac10f-a520-407c-85aa-31f052ea6ed5,834,2026-04-17 05:54:11.707
0330ec92-4c39-40ec-9d3c-7e25ce08a2c4,cb633346-6161-4243-8d2c-b2f7db338fb6,f57ac10f-a520-407c-85aa-31f052ea6ed5,835,2026-04-17 05:54:12.268
7254a270-2530-4241-8759-f90dd07714dd,d9af9fff-ec60-4f3a-ae7e-11e7a6c01f90,f57ac10f-a520-407c-85aa-31f052ea6ed5,836,2026-04-17 05:54:12.805
aab6ef7e-220d-45e2-8a26-e2a96b18dd9a,2f86813f-1aac-4617-9891-1f8c83a07a5e,f57ac10f-a520-407c-85aa-31f052ea6ed5,837,2026-04-17 07:21:22.081
e4f62cf5-ef4a-42d7-9b77-b4ae12d4f558,c58ae849-1f23-49a4-9610-2baff8230a05,f57ac10f-a520-407c-85aa-31f052ea6ed5,838,2026-04-17 07:21:23.046
0b4ce21d-8676-406c-85ef-cc315c3c17aa,1ce6b635-4d3e-4686-85eb-e55015dbb9d1,f57ac10f-a520-407c-85aa-31f052ea6ed5,839,2026-04-17 07:21:23.69
a74fe672-8649-457f-8742-4fbe92f649e3,c548286b-96aa-471f-9953-63a1453af78e,f57ac10f-a520-407c-85aa-31f052ea6ed5,840,2026-04-17 07:21:24.338
04319fa4-d53e-4de6-9bf4-913a3e77961d,437552c3-dd8a-442d-9fe7-26547a1e7995,f57ac10f-a520-407c-85aa-31f052ea6ed5,841,2026-04-17 07:21:24.965
474a6283-81ae-4eac-9f9c-c6a3560ae357,068ace86-8dd5-4d46-ad2a-db1ca089ceaa,f57ac10f-a520-407c-85aa-31f052ea6ed5,842,2026-04-17 07:21:25.634
29dab7d6-ff52-4753-bf8a-64dcfeff374c,a7d55219-3a56-4459-ab06-848c1a483037,f57ac10f-a520-407c-85aa-31f052ea6ed5,843,2026-04-17 07:21:26.251
d6a3be7d-af62-4d52-9cf4-21a408a1e5eb,f84dc7fd-d4c2-4e25-9d9f-14afebc9ad17,f57ac10f-a520-407c-85aa-31f052ea6ed5,844,2026-04-17 07:21:26.838
d5e85722-c775-4d6d-988f-7000ab42c433,23e7680d-44ec-4c81-a8e0-a217af0db21c,f57ac10f-a520-407c-85aa-31f052ea6ed5,845,2026-04-17 07:21:27.53
7964887b-fa2e-43f2-9a25-45117c375c62,c3602a51-1e5e-4155-9236-80ac9f4eb974,f57ac10f-a520-407c-85aa-31f052ea6ed5,846,2026-04-17 07:21:28.161
f9320859-77a2-4edf-9620-61f6fdc0ceb2,7ed13b91-200d-43c2-ad9e-6ab09842430d,f57ac10f-a520-407c-85aa-31f052ea6ed5,847,2026-04-17 07:21:28.761
96eeec83-8649-4958-915d-b92f5135de1c,c590bbb6-233c-428e-ba79-dfbfcb024d69,f57ac10f-a520-407c-85aa-31f052ea6ed5,848,2026-04-17 07:21:29.446
d624399a-1885-45d0-826a-f59cfaeedfce,7ef6d63a-b0af-4be2-a8e0-3784fd609017,f57ac10f-a520-407c-85aa-31f052ea6ed5,849,2026-04-17 07:21:30.024
a30f1731-e9b4-4feb-92d8-4d3a582c89a7,7b2f5f37-d75f-42c7-a64b-e7d6da909f2e,f57ac10f-a520-407c-85aa-31f052ea6ed5,850,2026-04-17 07:21:30.885
8b097a95-4cd2-4edf-b313-5b1a42515181,897d03b4-4f5e-4d77-b19e-f7aee227197e,f57ac10f-a520-407c-85aa-31f052ea6ed5,851,2026-04-17 07:21:31.519
2ea8ce00-dc55-47d9-a089-1eb539455fe8,4975effd-c5f3-42c2-8e98-7a5eca5004b6,f57ac10f-a520-407c-85aa-31f052ea6ed5,852,2026-04-17 07:21:32.159
740cf754-1ec6-481d-96ad-eaff2d4a2af1,6a2053e0-87ba-489f-a3c8-4a2b6ff8f1f4,f57ac10f-a520-407c-85aa-31f052ea6ed5,853,2026-04-17 07:21:33.137
c73f65e8-f652-4fee-b1c4-dbe71853f469,681a0041-3f56-4baf-9f99-de49e187b870,f57ac10f-a520-407c-85aa-31f052ea6ed5,854,2026-04-17 07:21:33.76
a8d0a183-e52c-46db-8f3e-1bd1c49741d0,8c965050-a932-4536-9444-4170909450b3,f57ac10f-a520-407c-85aa-31f052ea6ed5,855,2026-04-17 07:21:34.401
71a6189c-938d-4b52-b7ff-01b1941718ef,5d48f615-bb08-49d7-9d29-de098d96d55c,f57ac10f-a520-407c-85aa-31f052ea6ed5,856,2026-04-17 07:21:35.043
569e748c-cd6c-4b37-96a2-e96c404ffd3e,bf3be56f-d262-4b5c-b920-b3cd94204e7b,f57ac10f-a520-407c-85aa-31f052ea6ed5,857,2026-04-17 07:21:35.681
96d569d5-ab21-4030-a783-6c96326683d7,319d9117-957e-472c-ae32-07a254740eab,f57ac10f-a520-407c-85aa-31f052ea6ed5,858,2026-04-17 07:21:36.327
57450a6c-7a1d-4680-915f-d56c6bf1a358,cfc602b7-76c8-40fe-8a3f-0227e7ae7f9d,f57ac10f-a520-407c-85aa-31f052ea6ed5,859,2026-04-17 07:21:36.924
54ff5287-3871-4df3-8b45-05fc45c5166c,cb6aa604-8827-4b80-b4ae-7ac9ab41e323,f57ac10f-a520-407c-85aa-31f052ea6ed5,860,2026-04-17 07:21:37.644
db2abe78-2ddc-43ad-81c7-ff1115ffc5cb,a3d745bf-e3f4-411c-97b5-2cd475f193f6,f57ac10f-a520-407c-85aa-31f052ea6ed5,861,2026-04-17 07:21:38.401
61bce041-806e-4386-b9e2-e67249384aaa,9b2bfc86-cd9e-48cc-affa-2645a1b65bd1,f57ac10f-a520-407c-85aa-31f052ea6ed5,862,2026-04-17 07:21:39.046
b39197e5-73fe-4186-a581-c587d038f77a,a90cc6ed-473d-44c4-b771-109130f5a335,f57ac10f-a520-407c-85aa-31f052ea6ed5,863,2026-04-17 07:21:39.638
e94c52b9-4ceb-4b00-b5ee-a99acf62f4a9,10210c31-b852-44a3-a0d2-dc76f7728bc9,f57ac10f-a520-407c-85aa-31f052ea6ed5,864,2026-04-17 07:21:40.245
86756994-8ab3-40d9-97b2-711fc0c1e285,c350e513-ace9-47c0-89b3-c48b08a6552d,f57ac10f-a520-407c-85aa-31f052ea6ed5,865,2026-04-17 07:21:40.985
e58707d1-7fce-4521-985b-65ae6949271c,58d01453-bdf3-462d-b2cc-cc8e0a11f4bd,f57ac10f-a520-407c-85aa-31f052ea6ed5,866,2026-04-17 07:21:41.609
0a13a82f-44f7-4e28-92f0-9f4e0ceb72bc,4c7a6362-8ee7-4572-8f54-ecc4d0cb10b9,f57ac10f-a520-407c-85aa-31f052ea6ed5,867,2026-04-17 07:56:00.294
38b288fe-029d-48d6-9c92-15f732131b4c,37d9e26e-10fd-435d-b337-a843a3c2e7e8,f57ac10f-a520-407c-85aa-31f052ea6ed5,868,2026-04-17 07:56:01.132
5696ebd1-85b1-42ba-a405-dab9e8da3f37,835fa953-1c2f-45a5-a661-9679158bc35a,f57ac10f-a520-407c-85aa-31f052ea6ed5,869,2026-04-17 08:37:14.166
8db03025-d2a4-4dda-948c-647f23ef0f9c,495d6ec5-2846-4068-b1a9-afa26ece5ac9,f57ac10f-a520-407c-85aa-31f052ea6ed5,870,2026-04-17 09:14:22.848
